Workbook

Sheet 統合マスタ値
C3: 棚卸 | N3: マスタ | AD3: 合計 | AE3: 8723165 | AF3: 7615000.5 | AG3: 1108164.5
B4: no | C4: 名称 | D4: 2025年度卸 | E4: 包装形態 | F4: 容量 | G4: メーカー | H4: 新単位薬価 | I4: 2025年度薬価 | J4: 単位数量 | K4: 薬価単位 | L4: 2025年納入価格 | M4: 単位納入価 | N4: コード(区分値) | O4: コード | P4: 名称 | Q4: ホストコード | R4: 採用区分（区分値）(区分値) | S4: 採用区分（区分値） | T4: 薬価 | U4: カナ名称 | V4: 剤形(区分値) | W4: 剤形 | X4: 毒劇薬（区分値）(区分値) | Y4: 毒劇薬（区分値） | Z4: 場所番号 | AA4: 非採用/処置薬 | AB4: Excelシート | AC4: ソートキー | AD4: 数量合計 | AE4: 薬価×数量 | AF4: 納入価×数量 | AG4: 差益
A5: 640 | B5: 751 | C5: レキサルティＯＤ錠２ｍｇ | D5: スズケン | E5: ＰＴＰ | F5: １００Ｔ | G5: 大塚製薬 | H5: 461.9 | I5: 46190 | J5: 100 | K5: 錠 | L5: 40555 | M5: 405.55 | N5: ﾚｷｻ002 | O5: ﾚｷｻ002 | P5: レキサルティＯＤ錠２ｍｇ | Q5: ﾚｷｻﾙ2 | R5: 1 | T5: 461.9 | U5: ﾚｷｻﾙﾃｨODｼﾞｮｳ2mg | V5: 1 | W5: 錠剤 | X5: 2 | Z5: 26 | AB5: 錠剤 | AC5: 200751 | AD5: 1097 | AE5: 506704.3 | AF5: 444888.35 | AG5: =AE5-AF5 -> 61815.95
A6: 583 | B6: 671 | C6: ラゲブリオカプセル２００ｍｇ | D6: スズケン | E6: バラ | F6: ４０ｃａｐ | G6: MSD | H6: 2164.9 | I6: 86596 | J6: 40 | K6: cap | L6: 77149 | M6: 1928.725 | N6: ﾗｹﾌ001 | O6: ﾗｹﾌ001 | P6: ラゲブリオカプセル２００ｍｇ | Q6: ﾗｹﾞﾌﾞ | R6: 1 | T6: 2164.9 | U6: ﾗｹﾞﾌﾞﾘｵｶﾌﾟｾﾙ200mg | V6: 2 | W6: カプセル | X6: 2 | Z6: 6 | AB6: 錠剤 | AC6: 200671 | AD6: 156 | AE6: 337724.4 | AF6: 300881.1 | AG6: =AE6-AF6 -> 36843.3
A7: 591 | B7: 681 | C7: ラツーダ錠４０ｍｇ | D7: メディセオ | E7: ＰＴＰ | F7: １００Ｔ | G7: 住友ファーマ | H7: 295.8 | I7: 29580 | J7: 100 | K7: 錠 | L7: 25400 | M7: 254 | N7: ﾗﾂﾀ002 | O7: ﾗﾂﾀ002 | P7: ラツーダ錠４０ｍｇ | Q7: ﾗﾂｰ | R7: 1 | T7: 295.8 | U7: ﾗﾂｰﾀﾞｼﾞｮｳ40mg | V7: 1 | W7: 錠剤 | X7: 2 | Z7: 26 | AB7: 錠剤 | AC7: 200681 | AD7: 1084 | AE7: 320647.2 | AF7: 275336 | AG7: =AE7-AF7 -> 45311.2
A8: 252 | B8: 315 | C8: ゾフルーザ錠２０ｍｇ | E8: ＰＴＰ | F8: １０Ｔ | G8: 塩野義製薬 | H8: 2438.8 | I8: 24388 | J8: 10 | K8: 錠 | L8: 21709 | M8: 2170.9 | N8: ｿﾌﾙ001 | O8: ｿﾌﾙ001 | P8: ゾフルーザ錠２０ｍｇ | Q8: ｿﾞﾌﾙ | R8: 1 | T8: 2438.8 | U8: ｿﾞﾌﾙｰｻﾞｼﾞｮｳ20mg | V8: 1 | W8: 錠剤 | X8: 0 | Z8: 1 | AB8: 錠剤 | AC8: 315 | AD8: 122 | AE8: 297533.6 | AF8: 264849.8 | AG8: =AE8-AF8 -> 32683.8
A9: 66 | B9: 114 | C9: インヴェガ錠６ｍｇ | D9: メディセオ | E9: ＰＴＰ | F9: １００Ｔ | G9: ヤンセン | H9: 419.7 | I9: 41970 | J9: 100 | K9: 錠 | L9: 35200 | M9: 352 | N9: ｲﾝｳ002 | O9: ｲﾝｳ002 | P9: インヴェガ錠６ｍｇ | Q9: ｲﾝｳﾞｪ6 | R9: 1 | T9: 419.7 | U9: ｲﾝｳﾞｪｶﾞｼﾞｮｳ6mg | V9: 1 | W9: 錠剤 | X9: 2 | Z9: 26 | AB9: 錠剤 | AC9: 200114 | AD9: 602 | AE9: 252659.4 | AF9: 211904 | AG9: =AE9-AF9 -> 40755.4
A10: 639 | B10: 749 | C10: レキサルティＯＤ錠１ｍｇ | D10: スズケン | E10: ＰＴＰ | F10: １００Ｔ | G10: 大塚製薬 | H10: 241.8 | I10: 24180 | J10: 100 | K10: 錠 | L10: 21230 | M10: 212.3 | N10: ﾚｷｻ001 | O10: ﾚｷｻ001 | P10: レキサルティＯＤ錠１ｍｇ | Q10: ﾚｷｻﾙ1 | R10: 1 | T10: 241.8 | U10: ﾚｷｻﾙﾃｨODｼﾞｮｳ1mg | V10: 1 | W10: 錠剤 | X10: 2 | Z10: 26 | AB10: 錠剤 | AC10: 200749 | AD10: 817 | AE10: 197550.6 | AF10: 173449.1 | AG10: =AE10-AF10 -> 24101.5
A11: 506 | B11: 585 | C11: ベクルリー点滴静注用１００ｍｇ | D11: スズケン | F11: １Ｖ | G11: ギリアド | H11: 46498 | I11: 46498 | J11: 1 | K11: 瓶 | L11: 41108 | M11: 41108 | N11: ﾍｸﾙ001 | O11: ﾍｸﾙ001 | P11: ベクルリー点滴静注用１００ｍｇ | Q11: ﾍﾞｸﾙ | R11: 1 | T11: 46498 | U11: ﾍﾞｸﾙﾘｰﾃﾝﾃｷｼﾞｮｳﾁｭｳﾖｳ100mg | V11: 25 | W11: 注射剤 | X11: 0 | Z11: 6 | AB11: 注射 | AC11: 585 | AD11: 4 | AE11: 185992 | AF11: 164432 | AG11: =AE11-AF11 -> 21560
A12: 590 | B12: 679 | C12: ラツーダ錠２０ｍｇ | D12: メディセオ | E12: ＰＴＰ | F12: １００Ｔ | G12: 住友ファーマ | H12: 159.1 | I12: 15910 | J12: 100 | K12: 錠 | L12: 13691 | M12: 136.91 | N12: ﾗﾂﾀ001 | O12: ﾗﾂﾀ001 | P12: ラツーダ錠２０ｍｇ | Q12: ﾗﾂｰ2 | R12: 1 | T12: 159.1 | U12: ﾗﾂｰﾀﾞｼﾞｮｳ20mg | V12: 1 | W12: 錠剤 | X12: 2 | Z12: 26 | AB12: 錠剤 | AC12: 200679 | AD12: 972 | AE12: 154645.2 | AF12: 133076.52 | AG12: =AE12-AF12 -> 21568.68
A13: 515 | B13: 593 | C13: ヘパリン類似物質外用スプレー０．３％「サトウ」 | D13: アルフレッサ | F13: １００ｇｘ１０ | G13: 佐藤製薬 | H13: 7.4 | I13: 7400 | J13: 1000 | K13: ｇ | L13: 6592 | M13: 6.592 | N13: ﾍﾊﾘ004 | O13: ﾍﾊﾘ004 | P13: ヘパリン類似物質外用スプレー０．３％「サトウ」 | Q13: ﾍﾊﾟﾘ1 | R13: 1 | T13: 7.4 | U13: ﾍﾊﾟﾘﾝﾙｲｼﾞﾌﾞｯｼﾂｶﾞｲﾖｳｽﾌﾟﾚｰ0.3%｢ｻﾄｳ｣ | V13: 18 | W13: 噴霧剤 | X13: 0 | Z13: 5 | AB13: 外用 | AC13: 593 | AD13: 16600 | AE13: 122840 | AF13: 109427.2 | AG13: =AE13-AF13 -> 13412.8
A14: 459 | B14: 538 | C14: フォシーガ錠５ｍｇ | D14: アルフレッサ | E14: ＰＴＰ | F14: １００Ｔ | G14: 小野薬品 | H14: 149.3 | I14: 14930 | J14: 100 | K14: 錠 | L14: 12765 | M14: 127.65 | N14: ﾌｵｼ001 | O14: ﾌｵｼ001 | P14: フォシーガ錠５ｍｇ | Q14: ﾌｫｼ | R14: 1 | T14: 149.3 | U14: ﾌｫｼｰｶﾞｼﾞｮｳ5mg | V14: 1 | W14: 錠剤 | X14: 0 | Z14: 25 | AB14: 錠剤 | AC14: 538 | AD14: 841 | AE14: 125561.3 | AF14: 107353.65 | AG14: =AE14-AF14 -> 18207.65
A15: 659 | B15: 773 | C15: レボレード錠１２．５ｍｇ | E15: ＰＴＰ | F15: ７０Ｔ | G15: ノバルティス | H15: 2377.3 | I15: 166411 | J15: 70 | K15: 錠 | L15: 148189 | M15: 2116.9857 | N15: ﾚﾎﾚ001 | O15: ﾚﾎﾚ001 | P15: レボレード錠１２．５ｍｇ | Q15: ﾚﾎﾞﾚ | R15: 2 | T15: 2377.3 | U15: ﾚﾎﾞﾚｰﾄﾞｼﾞｮｳ12.5mg | V15: 1 | W15: 錠剤 | X15: 2 | Z15: 15 | AB15: 臨時 | AC15: 200773 | AD15: 47 | AE15: 111733.1 | AF15: 99498.329 | AG15: =AE15-AF15 -> 12234.771
A16: 641 | B16: 747 | C16: レキサルティＯＤ錠０．５ｍｇ | D16: スズケン | E16: ＰＴＰ | F16: １００Ｔ | G16: 大塚製薬 | H16: 128.7 | I16: 12870 | J16: 100 | K16: 錠 | L16: 11300 | M16: 113 | N16: ﾚｷｻ003 | O16: ﾚｷｻ003 | P16: レキサルティＯＤ錠０．５ｍｇ | R16: 1 | T16: 128.7 | U16: ﾚｷｻﾙﾃｲODｼﾞﾖｳ0.5MG | V16: 1 | W16: 錠剤 | X16: 2 | Z16: 26 | AB16: 錠剤 | AC16: 200747 | AD16: 800 | AE16: 102960 | AF16: 90400 | AG16: =AE16-AF16 -> 12560
A17: 687 | B17: 814 | C17: 生食注シリンジ「ＮＰ」中口１０ｍｌ | D17: スズケン | F17: １０ｍｌｘ１０ | G17: ニプロ | H17: 100 | I17: 1000 | J17: 10 | K17: 10ｍｌ | L17: 900 | M17: 90 | N17: ｾｲｼ004 | O17: ｾｲｼ004 | P17: 生食注シリンジ「オーツカ」１０ｍＬ | Q17: ｾｲｼｮｸ8 | R17: 0 | T17: 100 | U17: ｾｲｼｮｸﾁｭｳｼﾘﾝｼﾞ｢ｵｰﾂｶ｣10mL | V17: 25 | W17: 注射剤 | X17: 0 | Z17: 9 | AB17: 注射 | AC17: 814 | AD17: 920 | AE17: 92000 | AF17: 82800 | AG17: =AE17-AF17 -> 9200
A18: 136 | B18: 188 | C18: グーフィス錠５ｍｇ | D18: スズケン | E18: ＰＴＰ | F18: ５００Ｔ | G18: 持田製薬 | H18: 80.2 | I18: 40100 | J18: 500 | K18: 錠 | L18: 34309 | M18: 68.618 | N18: ｸﾌｲ001 | O18: ｸﾌｲ001 | P18: グーフィス錠５ｍｇ | Q18: ｸﾞｰﾌｨ | R18: 1 | T18: 80.2 | U18: ｸﾞｰﾌｨｽｼﾞｮｳ5mg | V18: 1 | W18: 錠剤 | X18: 0 | Z18: 25 | AB18: 錠剤 | AC18: 188 | AD18: 1194 | AE18: 95758.8 | AF18: 81929.892 | AG18: =AE18-AF18 -> 13828.908
A19: 571 | B19: 659 | C19: メロペネム点滴静注用０．５ｇ「サワイ」 | D19: 東邦 | F19: ５００ｍｇｘ１０Ｖ | G19: 沢井製薬 | H19: 656 | I19: 6560 | J19: 10 | K19: V | L19: 5921 | M19: 592.1 | N19: ﾒﾛﾍ003 | O19: ﾒﾛﾍ003 | P19: メロペネム点滴静注用０．５ｇ「サワイ」 | R19: 1 | T19: 656 | U19: ﾒﾛﾍﾟﾈﾑﾃﾝﾃｷｼﾞﾖｳﾁﾕｳﾖｳ0.5Gｻﾜｲ | V19: 25 | W19: 注射剤 | X19: 0 | Z19: 8 | AB19: 注射 | AC19: 659 | AD19: 131 | AE19: 85936 | AF19: 77565.1 | AG19: =AE19-AF19 -> 8370.9
A20: 599 | B20: 696 | C20: リクシアナＯＤ錠３０ｍｇ | D20: メディセオ | E20: バラ | F20: １００Ｔ | G20: 第一三共 | H20: 411.3 | I20: 41130 | J20: 100 | K20: 錠 | L20: 35730 | M20: 357.3 | N20: ﾘｸｼ001 | O20: ﾘｸｼ001 | P20: リクシアナＯＤ錠３０ｍｇ | Q20: ﾘｸｼ1 | R20: 1 | T20: 411.3 | U20: ﾘｸｼｱﾅODｼﾞｮｳ30mg | V20: 1 | W20: 錠剤 | X20: 0 | Z20: 25 | AB20: 錠剤 | AC20: 696 | AD20: 214 | AE20: 88018.2 | AF20: 76462.2 | AG20: =AE20-AF20 -> 11556
A21: 674 | B21: 793 | C21: ロナセンテープ４０ｍｇ | D21: メディセオ | F21: ７０枚 | G21: 住友ファーマ | H21: 429.1 | I21: 30037 | J21: 70 | K21: 枚 | L21: 25980 | M21: 371.14286 | N21: ﾛﾅｾ002 | O21: ﾛﾅｾ002 | P21: ロナセンテープ４０ｍｇ | Q21: ﾛﾅｾ5 | R21: 1 | T21: 429.1 | U21: ﾛﾅｾﾝﾃｰﾌﾟ40mg | V21: 19 | W21: 貼付剤 | X21: 2 | Z21: 3 | AB21: 外用 | AC21: 200793 | AD21: 203 | AE21: 87107.3 | AF21: 75342 | AG21: =AE21-AF21 -> 11765.3
A22: 86 | B22: 140 | C22: エビリファイ持続性水懸筋注用４００ｍｇ シリンジ | D22: メディセオ | F22: １キット | G22: 大塚製薬 | H22: 41300 | I22: 41300 | J22: 1 | K22: kit | L22: 35700 | M22: 35700 | N22: ｴﾋﾘ007 | O22: ｴﾋﾘ007 | P22: エビリファイ持続性水懸筋注用４００ｍｇシリンジ外来用 | Q22: ｴﾋﾞﾘ10 | R22: 1 | T22: 41300 | U22: ｴﾋﾞﾘﾌｧｲ持続ｾｲｽｲ懸ｷﾝﾁｭｳﾖｳ400mgｼﾘﾝｼﾞ | V22: 25 | W22: 注射剤 | X22: 2 | Z22: 9 | AB22: 注射 | AC22: 200140 | AD22: 2 | AE22: 82600 | AF22: 71400 | AG22: =AE22-AF22 -> 11200
A23: 356 | B23: 417 | C23: トリンテリックス錠１０ｍｇ | D23: メディセオ | E23: ＰＴＰ | F23: １００Ｔ | G23: 武田薬品工業 | H23: 161.7 | I23: 16170 | J23: 100 | K23: 錠 | L23: 14387 | M23: 143.87 | N23: ﾄﾘﾝ001 | O23: ﾄﾘﾝ001 | P23: トリンテリックス錠１０ｍｇ | Q23: ﾄﾘﾝ | R23: 1 | T23: 161.7 | U23: ﾄﾘﾝﾃﾘｯｸｽｼﾞｮｳ10mg | V23: 1 | W23: 錠剤 | X23: 2 | Z23: 26 | AB23: 錠剤 | AC23: 200417 | AD23: 480 | AE23: 77616 | AF23: 69057.6 | AG23: =AE23-AF23 -> 8558.4
A24: 400 | B24: 457 | C24: ハベカシン注射液７５ｍｇ | D24: アルフレッサ | F24: １．５ｍｌｘ１０Ａ | G24: meijiseika | H24: 4691 | I24: 46910 | J24: 10 | K24: Ａ | L24: 42420 | M24: 4242 | N24: ﾊﾍｶ001 | O24: ﾊﾍｶ001 | P24: ハベカシン注射液７５ｍｇ | Q24: ﾊﾍﾞｶｼﾝ | R24: 1 | T24: 4691 | U24: ﾊﾍﾞｶｼﾝﾁｭｳｼｬｴｷ75mg | V24: 25 | W24: 注射剤 | X24: 2 | Z24: 8 | AB24: 注射 | AC24: 200457 | AD24: 16 | AE24: 75056 | AF24: 67872 | AG24: =AE24-AF24 -> 7184
A25: 683 | B25: 802 | C25: ワンパル２号輸液（１） | D25: スズケン | F25: ８００ｍｌｘ１０袋 | G25: 陽進堂 | H25: 1399 | I25: 13990 | J25: 10 | K25: 袋 | L25: 12717 | M25: 1271.7 | N25: ﾜﾝﾊ002 | O25: ﾜﾝﾊ002 | P25: ワンパル２号輸液 | Q25: ﾜﾝﾊﾟ2 | R25: 1 | T25: 1399 | U25: ﾜﾝﾊﾟﾙ2ｺﾞｳﾕｴｷ | V25: 25 | W25: 注射剤 | X25: 0 | Z25: 10 | AB25: 注射 | AC25: 802 | AD25: 53 | AE25: 74147 | AF25: 67400.1 | AG25: =AE25-AF25 -> 6746.9
A26: 60 | B26: 107 | C26: イフェクサーＳＲカプセル３７．５ｍｇ | D26: アルフレッサ | E26: ＰＴＰ | F26: １００Ｔ | G26: ヴィアトリス | H26: 101.9 | I26: 10190 | J26: 100 | K26: 錠 | L26: 8763 | M26: 87.63 | N26: ｲﾌｴ001 | O26: ｲﾌｴ001 | P26: イフェクサーＳＲカプセル３７．５ｍｇ | Q26: ｲﾌｪｸ | R26: 1 | T26: 101.9 | U26: ｲﾌｪｸｻｰSRｶﾌﾟｾﾙ37.5mg | V26: 2 | W26: カプセル | X26: 2 | Z26: 6 | AB26: 錠剤 | AC26: 200107 | AD26: 727 | AE26: 74081.3 | AF26: 63707.01 | AG26: =AE26-AF26 -> 10374.29
A27: 非採用特別 | B27: 63 | C27: アトモキセチンカプセル１０ｍｇ 「ＶＴＲＳ」 | D27: メディセオ | E27: ＰＴＰ | F27: １４０Ｐ | G27: ヴィアトリス製薬 | H27: 50.3 | I27: 7042 | J27: 140 | K27: cap | L27: 6273 | M27: 44.807143 | N27: #VALUE! | O27: #VALUE! | P27: #VALUE! | Q27: #VALUE! | R27: 0 | S27: #VALUE! | T27: #VALUE! | U27: #VALUE! | V27: #VALUE! | W27: #VALUE! | X27: #VALUE! | Y27: #VALUE! | Z27: #VALUE! | AB27: 非採用特別 | AC27: #VALUE! | AD27: 1400 | AE27: 70420 | AF27: 62730 | AG27: =AE27-AF27 -> 7690
A28: 247 | B28: 309 | C28: ゾシン静注用４．５ | D28: メディセオ | F28: １０Ｖ | G28: 大鵬薬品 | H28: 1144 | I28: 11440 | J28: 10 | K28: V | L28: 10191 | M28: 1019.1 | N28: ｿｼﾝ001 | O28: ｿｼﾝ001 | P28: ゾシン静注用４．５ | Q28: ｿﾞｼﾝ | R28: 1 | T28: 1144 | U28: ｿﾞｼﾝｼﾞｮｳﾁｭｳﾖｳ4.5 | V28: 25 | W28: 注射剤 | X28: 0 | Z28: 8 | AB28: 注射 | AC28: 309 | AD28: 60 | AE28: 68640 | AF28: 61146 | AG28: =AE28-AF28 -> 7494
A29: 37 | B29: 75 | C29: アミティーザカプセル２４μｇ | D29: アルフレッサ | E29: ＰＴＰ | F29: ５００Ｐ | G29: ヴィアトリス | H29: 96.9 | I29: 48450 | J29: 500 | K29: cap | L29: 41183 | M29: 82.366 | N29: ｱﾐﾃ001 | O29: ｱﾐﾃ001 | P29: アミティーザカプセル２４μｇ | Q29: ｱﾐﾃ | R29: 1 | T29: 96.9 | U29: ｱﾐﾃｨｰｻﾞｶﾌﾟｾﾙ24μg | V29: 2 | W29: カプセル | X29: 0 | Z29: 5 | AB29: 錠剤 | AC29: 75 | AD29: 706 | AE29: 68411.4 | AF29: 58150.396 | AG29: =AE29-AF29 -> 10261.004
A30: 505 | B30: 584 | C30: ベオーパ錠５０ｍｇ | D30: スズケン | E30: ＰＴＰ | F30: １００Ｔ | G30: 杏林製薬 | H30: 146.1 | I30: 14610 | J30: 100 | L30: 12478 | M30: 124.78 | N30: ﾍｵﾊ001 | O30: ﾍｵﾊ001 | P30: ベオーバ錠５０ｍｇ | R30: 1 | T30: 146.1 | U30: ﾍﾞｵ-ﾊﾞｼﾞﾖｳ50MG | V30: 1 | W30: 錠剤 | X30: 0 | Z30: 25 | AB30: 錠剤 | AC30: 584 | AD30: 435 | AE30: 63553.5 | AF30: 54279.3 | AG30: =AE30-AF30 -> 9274.2
A31: 67 | B31: 115 | C31: インチュニブ錠１ｍｇ | D31: メディセオ | E31: ＰＴＰ | F31: １００Ｔ | G31: 武田薬品工業 | H31: 398.8 | I31: 39880 | J31: 100 | K31: 錠 | L31: 35500 | M31: 355 | N31: ｲﾝﾁ001 | O31: ｲﾝﾁ001 | P31: インチュニブ錠１ｍｇ | Q31: ｲﾝﾁｭ | R31: 2 | T31: 398.8 | U31: ｲﾝﾁｭﾆﾌﾞｼﾞｮｳ1mg | V31: 1 | W31: 錠剤 | X31: 2 | Z31: 3 | AB31: 臨時 | AC31: 200115 | AD31: 142 | AE31: 56629.6 | AF31: 50410 | AG31: =AE31-AF31 -> 6219.6
A32: 224 | B32: 816 | C32: 生理食塩液「ＶＴＲＳ」１００ｍｌ | D32: メディセオ | F32: １００ｍｌｘ１０Ｖ | G32: ヴィアトリス | H32: 147 | I32: 1470 | J32: 10 | K32: 瓶 | L32: 1300 | M32: 130 | N32: ｾｲﾘ001 | O32: ｾｲﾘ001 | P32: 生理食塩液「ＶＴＲＳ」 | Q32: ｾｲｼｮｸ9 | R32: 1 | T32: 147 | U32: ｾｲﾘｼｮｸｴﾝｴｷ｢VTRS｣ | V32: 25 | W32: 注射剤 | X32: 0 | Z32: 9 | AB32: 注射 | AC32: 816 | AD32: 368 | AE32: 54096 | AF32: 47840 | AG32: =AE32-AF32 -> 6256
A33: 42 | B33: 81 | C33: アリドネパッチ５５ｍｇ | D33: スズケン | F33: ２８枚 | G33: 興和 | H33: 437.6 | I33: 12252.8 | J33: 28 | K33: 枚 | L33: 10608 | M33: 378.85714 | N33: ｱﾘﾄ002 | O33: ｱﾘﾄ002 | P33: アリドネパッチ５５ｍｇ | R33: 1 | T33: 437.6 | U33: ｱﾘﾄﾞﾈﾊﾟﾂﾁ55MG | V33: 19 | W33: 貼付剤 | X33: 2 | Z33: 3 | AB33: 外用 | AC33: 200081 | AD33: 123 | AE33: 53824.8 | AF33: 46599.429 | AG33: =AE33-AF33 -> 7225.3714
A34: 61 | B34: 108 | C34: イフェクサーＳＲカプセル７５ｍｇ | D34: アルフレッサ | E34: ＰＴＰ | F34: １００Ｔ | G34: ヴィアトリス | H34: 167.6 | I34: 16760 | J34: 100 | K34: 錠 | L34: 14414 | M34: 144.14 | N34: ｲﾌｴ002 | O34: ｲﾌｴ002 | P34: イフェクサーＳＲカプセル７５ｍｇ | Q34: ｲﾌｪｸ1 | R34: 1 | T34: 167.6 | U34: ｲﾌｪｸｻｰSRｶﾌﾟｾﾙ75mg | V34: 2 | W34: カプセル | X34: 2 | Z34: 6 | AB34: 錠剤 | AC34: 200108 | AD34: 318 | AE34: 53296.8 | AF34: 45836.52 | AG34: =AE34-AF34 -> 7460.28
A35: 531 | B35: 613 | C35: ホスホマイシンナトリウム静注用２ｇ「日医工」 | F35: ２ｇ×１０Ｖ | G35: 日医工 | H35: 863 | I35: 8630 | J35: 10 | K35: V | L35: 7845 | M35: 784.5 | N35: ﾎｽﾎ001 | O35: ﾎｽﾎ001 | P35: ホスホマイシンナトリウム静注用２ｇ「日医工」 | Q35: ﾎｽﾎﾏｲｼ | R35: 1 | T35: 863 | U35: ﾎｽﾎﾏｲｼﾝﾅﾄﾘｳﾑｼﾞｮｳﾁｭｳﾖｳ2g｢ﾆﾁｲｺｳ｣ | V35: 25 | W35: 注射剤 | X35: 0 | Z35: 8 | AB35: 注射 | AC35: 613 | AD35: 57 | AE35: 49191 | AF35: 44716.5 | AG35: =AE35-AF35 -> 4474.5
A36: 62 | B36: 109 | C36: イベニティ皮下注１０５ｍｇシリンジ | D36: アルフレッサ | F36: ２筒 | G36: アステラス製薬 | H36: 25061 | I36: 50122 | J36: 2 | K36: 本 | L36: 43706 | M36: 21853 | N36: ｲﾍﾆ001 | O36: ｲﾍﾆ001 | P36: イベニティ皮下注１０５ｍｇシリンジ | Q36: ｲﾍﾞﾆ | R36: 1 | T36: 25061 | U36: ｲﾍﾞﾆﾃｨﾋｶﾁｭｳ105mgｼﾘﾝｼﾞ | V36: 25 | W36: 注射剤 | X36: 0 | Z36: 11 | AB36: 注射 | AC36: 109 | AD36: 2 | AE36: 50122 | AF36: 43706 | AG36: =AE36-AF36 -> 6416
A37: 非採用 | B37: 448 | C37: ノウリアスト錠２０ｍｇ | D37: メディセオ | E37: ＰＴＰ | F37: １００Ｔ | G37: 協和キリン | H37: 770.6 | I37: 77060 | J37: 100 | K37: 錠 | L37: 68652 | M37: 686.52 | N37: #VALUE! | O37: #VALUE! | P37: #VALUE! | Q37: #VALUE! | R37: 0 | S37: #VALUE! | T37: #VALUE! | U37: #VALUE! | V37: #VALUE! | W37: #VALUE! | X37: #VALUE! | Y37: #VALUE! | Z37: #VALUE! | AA37: 非採用 | AB37: 無し | AC37: #VALUE! | AD37: 62 | AE37: 47777.2 | AF37: 42564.24 | AG37: =AE37-AF37 -> 5212.96
A38: 212 | B38: 272 | C38: ストロメクトール錠３ｍｇ | D38: アルフレッサ | E38: ＰＴＰ | F38: １０Ｔ | G38: マルホ | H38: 574.8 | I38: 5748 | J38: 10 | K38: 錠 | L38: 5058 | M38: 505.8 | N38: ｽﾄﾛ001 | O38: ｽﾄﾛ001 | P38: ストロメクトール錠３ｍｇ | Q38: ｽﾄﾛﾒｸﾄ | R38: 2 | T38: 574.8 | U38: ｽﾄﾛﾒｸﾄｰﾙｼﾞｮｳ3mg | V38: 1 | W38: 錠剤 | X38: 2 | Z38: 3 | AB38: 臨時 | AC38: 200272 | AD38: 83 | AE38: 47708.4 | AF38: 41981.4 | AG38: =AE38-AF38 -> 5727
A39: 651 | B39: 767 | C39: レベチラセタム点滴静注５００ｍｇ「明治」 | D39: アルフレッサ | F39: ５ｍｌｘ１０Ａ | G39: meijiseika | H39: 669 | I39: 6690 | J39: 10 | K39: A | L39: 5887 | M39: 588.7 | N39: ﾚﾍﾁ003 | O39: ﾚﾍﾁ003 | P39: レベチラセタム点滴静注５００ｍｇ「明治」 | Q39: ﾚﾍﾞﾁﾁ | R39: 1 | T39: 669 | U39: ﾚﾍﾞﾁﾗｾﾀﾑﾃﾝﾃｷｼﾞｮｳﾁｭｳ500mg｢ﾒｲｼﾞ｣ | V39: 25 | W39: 注射剤 | X39: 0 | Z39: 9 | AB39: 注射 | AC39: 767 | AD39: 68 | AE39: 45492 | AF39: 40031.6 | AG39: =AE39-AF39 -> 5460.4
A40: 302 | B40: 9 | C40: ０５４ ツムラ ヨクカンサン | D40: メディセオ | E40: 粉 | F40: ２．５ｇＸ１８９ | G40: ツムラ | H40: 16.1 | I40: 7607.25 | J40: 472.5 | K40: g | L40: 6849 | M40: 14.495238 | N40: ﾂﾑﾗ054 | O40: ﾂﾑﾗ054 | P40: ツムラ抑肝散エキス顆粒（医療用） | Q40: ﾖｸｶ | R40: 1 | T40: 16.1 | U40: ﾂﾑﾗﾖｸｶﾝｻﾝｴｷｽｶﾘｭｳ(ｲﾘｮｳﾖｳ) | V40: 3 | W40: 散 | X40: 0 | Z40: 4 | AB40: 散剤 | AC40: 9 | AD40: 2752.5 | AE40: 44315.25 | AF40: 39898.143 | AG40: =AE40-AF40 -> 4417.1071
A41: 264 | B41: 332 | C41: タケキャブＯＤ錠２０ｍｇ | D41: メディセオ | E41: ＰＴＰ | F41: １００Ｔ | G41: 武田薬品工業 | H41: 141 | I41: 14100 | J41: 100 | K41: 錠 | L41: 12490 | M41: 124.9 | N41: ﾀｹｷ004 | O41: ﾀｹｷ004 | P41: タケキャブＯＤ錠２０ｍｇ | R41: 1 | T41: 141 | U41: ﾀｹｷﾔﾌﾞODｼﾞﾖｳ20MG | V41: 1 | W41: 錠剤 | X41: 0 | Z41: 25 | AB41: 錠剤 | AC41: 332 | AD41: 306 | AE41: 43146 | AF41: 38219.4 | AG41: =AE41-AF41 -> 4926.6
A42: 263 | B42: 330 | C42: タケキャブＯＤ錠１０ｍｇ | D42: メディセオ | E42: ＰＴＰ | F42: １００Ｔ | G42: 武田薬品工業 | H42: 94.3 | I42: 9430 | J42: 100 | K42: 錠 | L42: 8355 | M42: 83.55 | N42: ﾀｹｷ003 | O42: ﾀｹｷ003 | P42: タケキャブＯＤ錠１０ｍｇ | R42: 1 | T42: 94.3 | U42: ﾀｹｷﾔﾌﾞODｼﾞﾖｳ10MG | V42: 1 | W42: 錠剤 | X42: 0 | Z42: 25 | AB42: 錠剤 | AC42: 330 | AD42: 449 | AE42: 42340.7 | AF42: 37513.95 | AG42: =AE42-AF42 -> 4826.75
A43: 312 | B43: 359 | C43: デエビゴ錠５ｍｇ | D43: メディセオ | E43: ＰＴＰ | F43: ５００Ｔ | G43: エーザイ | H43: 71.3 | I43: 35650 | J43: 500 | K43: 錠 | L43: 30650 | M43: 61.3 | N43: ﾃｴﾋ002 | O43: ﾃｴﾋ002 | P43: デエビゴ錠５ｍｇ | Q43: ﾃﾞｴﾋﾞ | R43: 1 | T43: 71.3 | U43: ﾃﾞｴﾋﾞｺﾞｼﾞｮｳ5mg | V43: 1 | W43: 錠剤 | X43: 0 | Z43: 25 | AB43: 錠剤 | AC43: 359 | AD43: 607 | AE43: 43279.1 | AF43: 37209.1 | AG43: =AE43-AF43 -> 6070
A44: 199 | B44: 260 | C44: ジプレキサ ザイディス錠１０ｍｇ | D44: アルフレッサ | E44: ＰＴＰ | F44: ３５０Ｔ | G44: チェプラファーム | H44: 178.5 | I44: 62475 | J44: 350 | K44: 錠 | L44: 51479 | M44: 147.08286 | N44: ｼﾌﾚ003 | O44: ｼﾌﾚ003 | P44: ジプレキサザイディス錠１０ｍｇ | Q44: ｼﾞﾌﾟﾚ5 | R44: 1 | T44: 178.5 | U44: ｼﾞﾌﾟﾚｷｻｻﾞｲﾃﾞｨｽｼﾞｮｳ10mg | V44: 1 | W44: 錠剤 | X44: 2 | Z44: 1 | AB44: 錠剤 | AC44: 200260 | AD44: 250 | AE44: 44625 | AF44: 36770.714 | AG44: =AE44-AF44 -> 7854.2857
A45: 138 | B45: 199 | C45: グラクティブ錠５０ｍｇ | D45: アルフレッサ | E45: バラ | F45: １００Ｔ | G45: 小野薬品 | H45: 85.2 | I45: 8520 | J45: 100 | K45: 錠 | L45: 7285 | M45: 72.85 | N45: ｸﾗｸ001 | O45: ｸﾗｸ001 | P45: グラクティブ錠５０ｍｇ | Q45: ｸﾞﾗｸ | R45: 1 | T45: 85.2 | U45: ｸﾞﾗｸﾃｨﾌﾞｼﾞｮｳ50mg | V45: 1 | W45: 錠剤 | X45: 0 | Z45: 25 | AB45: 錠剤 | AC45: 199 | AD45: 499 | AE45: 42514.8 | AF45: 36352.15 | AG45: =AE45-AF45 -> 6162.65
A46: 190 | B46: 254 | C46: シクレスト舌下錠５ｍｇ | D46: アルフレッサ | E46: ＰＴＰ | F46: １００Ｔ | G46: Meijiseika | H46: 199.6 | I46: 19960 | J46: 100 | K46: 錠 | L46: 17565 | M46: 175.65 | N46: ｼｸﾚ001 | O46: ｼｸﾚ001 | P46: シクレスト舌下錠５ｍｇ | Q46: ｼｸﾚ5 | R46: 1 | T46: 199.6 | U46: ｼｸﾚｽﾄｾﾞｯｶｼﾞｮｳ5mg | V46: 1 | W46: 錠剤 | X46: 2 | Z46: 1 | AB46: 錠剤 | AC46: 200254 | AD46: 205 | AE46: 40918 | AF46: 36008.25 | AG46: =AE46-AF46 -> 4909.75
A47: 440 | B47: 514 | C47: ビラノアＯＤ錠２０ｍｇ | D47: スズケン | E47: ＰＴＰ | F47: １００Ｔ | G47: meijiseika | H47: 49.1 | I47: 4910 | J47: 100 | K47: 錠 | L47: 4152 | M47: 41.52 | N47: ﾋﾗﾉ002 | O47: ﾋﾗﾉ002 | P47: ビラノアＯＤ錠２０ｍｇ | R47: 1 | T47: 49.1 | U47: ﾋﾞﾗﾉｱODｼﾞﾖｳ20MG | V47: 1 | W47: 錠剤 | X47: 0 | Z47: 25 | AB47: 錠剤 | AC47: 514 | AD47: 852 | AE47: 41833.2 | AF47: 35375.04 | AG47: =AE47-AF47 -> 6458.16
A48: 333 | B48: 387 | C48: デルモゾールＧ軟膏 | D48: メディセオ | F48: ５００ｇ | G48: イワキ | H48: 27.7 | I48: 13850 | J48: 500 | K48: ｇ | L48: 12338 | M48: 24.676 | N48: ﾃﾙﾓ002 | O48: ﾃﾙﾓ002 | P48: デルモゾールＧ軟膏 | Q48: ﾃﾞﾙﾓｿ | R48: 1 | T48: 27.7 | U48: ﾃﾞﾙﾓｿﾞｰﾙGﾅﾝｺｳ | V48: 14 | W48: 軟膏 | X48: 0 | Z48: 3 | AB48: 外用 | AC48: 387 | AD48: 1360 | AE48: 37672 | AF48: 33559.36 | AG48: =AE48-AF48 -> 4112.64
A49: 285 | B49: 348 | C49: チエナム点滴静注用０．５ｇ | F49: １０瓶 | G49: MSD | H49: 960 | I49: 9600 | J49: 10 | K49: 瓶 | L49: 8160 | M49: 816 | N49: ﾁｴﾅ001 | O49: ﾁｴﾅ001 | P49: チエナム点滴静注用０．５ｇ | Q49: ﾁｴﾅ | R49: 2 | T49: 960 | U49: ﾁｴﾅﾑﾃﾝﾃｷｼﾞｮｳﾁｭｳﾖｳ0.5g | V49: 25 | W49: 注射剤 | X49: 0 | Z49: 8 | AB49: 臨時 | AC49: 348 | AD49: 40 | AE49: 38400 | AF49: 32640 | AG49: =AE49-AF49 -> 5760
A50: 235 | B50: 296 | C50: ゼプリオン水懸筋注７５ｍｇシリンジ | D50: アルフレッサ | F50: １シリンジ | G50: 住友ファーマ | H50: 36826 | I50: 36826 | J50: 1 | K50: kit | L50: 32112 | M50: 32112 | N50: ｾﾌﾘ003 | O50: ｾﾌﾘ003 | P50: ゼプリオン水懸筋注７５ｍｇシリンジ | Q50: ｾﾞﾌﾟﾘ3 | R50: 1 | T50: 36826 | U50: ｾﾞﾌﾟﾘｵﾝｽｲ懸ｷﾝﾁｭｳ75mgｼﾘﾝｼﾞ | V50: 25 | W50: 注射剤 | X50: 2 | Z50: 9 | AB50: 注射 | AC50: 200296 | AD50: 1 | AE50: 36826 | AF50: 32112 | AG50: =AE50-AF50 -> 4714
A51: 517 | B51: 596 | C51: ヘブスブリンＩＨ静注１０００単位 | F51: ５ｍｌｘ１Ｖ | G51: 日本血液製剤 | H51: 35976 | I51: 35976 | J51: 1 | K51: V | L51: 32018 | M51: 32018 | N51: ﾍﾌｽ001 | O51: ﾍﾌｽ001 | P51: ヘブスブリンＩＨ静注１０００単位 | Q51: ﾍﾌﾞｽﾌﾞ | R51: 1 | T51: 35976 | U51: ﾍﾌﾞｽﾌﾞﾘﾝIHｼﾞｮｳﾁｭｳ1000ﾀﾝｲ | V51: 25 | W51: 注射剤 | X51: 0 | Z51: 11 | AB51: 注射 | AC51: 596 | AD51: 1 | AE51: 35976 | AF51: 32018 | AG51: =AE51-AF51 -> 3958
A52: 522 | B52: 601 | C52: ベルソムラ錠２０ｍｇ | D52: アルフレッサ | E52: ＰＴＰ | F52: １００Ｔ | G52: 第一三共 | H52: 109.9 | I52: 10990 | J52: 100 | K52: 錠 | L52: 9396 | M52: 93.96 | N52: ﾍﾙｿ002 | O52: ﾍﾙｿ002 | P52: ベルソムラ錠２０ｍｇ | Q52: ﾍﾞﾙｿ20 | R52: 1 | T52: 109.9 | U52: ﾍﾞﾙｿﾑﾗｼﾞｮｳ20mg | V52: 1 | W52: 錠剤 | X52: 0 | Z52: 1 | AB52: 錠剤 | AC52: 601 | AD52: 335 | AE52: 36816.5 | AF52: 31476.6 | AG52: =AE52-AF52 -> 5339.9
A53: 93 | B53: 148 | C53: エリキュース錠２．５ｍｇ | D53: アルフレッサ | E53: ＰＴＰ | F53: １００Ｔ | G53: ファイザー | H53: 114.7 | I53: 11470 | J53: 100 | K53: 錠 | L53: 10151 | M53: 101.51 | N53: ｴﾘｷ001 | O53: ｴﾘｷ001 | P53: エリキュース錠２．５ｍｇ | Q53: ｴﾘｽ | R53: 2 | T53: 114.7 | U53: ｴﾘｷｭｰｽｼﾞｮｳ2.5mg | V53: 1 | W53: 錠剤 | X53: 0 | Z53: 3 | AB53: 臨時 | AC53: 148 | AD53: 300 | AE53: 34410 | AF53: 30453 | AG53: =AE53-AF53 -> 3957
A54: 338 | B54: 395 | C54: ドネペジル塩酸塩ＯＤ錠５ｍｇ「トーワ」 | D54: 東和薬品 | E54: ＰＴＰ | F54: １４０Ｔ | G54: 東和薬品 | H54: 43.4 | I54: 6076 | J54: 140 | K54: 錠 | L54: 4585 | M54: 32.75 | N54: ﾄﾈﾍ009 | O54: ﾄﾈﾍ009 | P54: ドネペジル塩酸塩ＯＤ錠５ｍｇ「トーワ」 | R54: 1 | T54: 43.4 | U54: ﾄﾞﾈﾍﾟｼﾞﾙｴﾝｻﾝｴﾝODｼﾞﾖｳ5MGﾄ-ﾜ | V54: 1 | W54: 錠剤 | X54: 2 | Z54: 26 | AB54: 錠剤 | AC54: 200395 | AD54: 916 | AE54: 39754.4 | AF54: 29999 | AG54: =AE54-AF54 -> 9755.4
A55: 85 | B55: 139 | C55: エビリファイ持続性水懸筋注用３００ｍｇ シリンジ | F55: １キット | G55: 大塚製薬 | H55: 34376 | I55: 34376 | J55: 1 | K55: kit | L55: 29800 | M55: 29800 | N55: ｴﾋﾘ006 | O55: ｴﾋﾘ006 | P55: エビリファイ持続性水懸筋注用３００ｍｇシリンジ | Q55: ｴﾋﾞﾘ11 | R55: 1 | T55: 34376 | U55: ｴﾋﾞﾘﾌｧｲ持続ｾｲｽｲ懸ｷﾝﾁｭｳﾖｳ300mgｼﾘﾝｼﾞ | V55: 25 | W55: 注射剤 | X55: 2 | Z55: 9 | AB55: 注射 | AC55: 200139 | AD55: 1 | AE55: 34376 | AF55: 29800 | AG55: =AE55-AF55 -> 4576
A56: 575 | B56: 663 | C56: モディオダール錠１００ｍｇ | D56: アルフレッサ | E56: ＰＴＰ | F56: １００Ｔ | G56: アルフレッサファーマ | H56: 303.6 | I56: 30360 | J56: 100 | K56: 錠 | L56: 26110 | M56: 261.1 | N56: ﾓﾃｲ001 | O56: ﾓﾃｲ001 | P56: モディオダール錠１００ｍｇ | R56: 1 | T56: 303.6 | U56: ﾓﾃﾞｲｵﾀﾞ-ﾙｼﾞﾖｳ100MG | V56: 1 | W56: 錠剤 | X56: 2 | Z56: 3 | AB56: 錠剤 | AC56: 200663 | AD56: 114 | AE56: 34610.4 | AF56: 29765.4 | AG56: =AE56-AF56 -> 4845
A57: 600 | B57: 697 | C57: リクラスト点滴静注液５ｍｇ | F57: １袋 | G57: 旭化成ファーマ | H57: 33070 | I57: 33070 | J57: 1 | K57: 袋 | L57: 29704 | M57: 29704 | N57: ﾘｸﾗ001 | O57: ﾘｸﾗ001 | P57: リクラスト点滴静注液５ｍｇ（用時購入） | Q57: ﾘｸﾗ | R57: 2 | T57: 33070 | U57: ﾘｸﾗｽﾄﾃﾝﾃｷｼﾞｮｳﾁｭｳｴｷ5mg | V57: 25 | W57: 注射剤 | X57: 2 | Z57: 9 | AB57: 臨時 | AC57: 200697 | AD57: 1 | AE57: 33070 | AF57: 29704 | AG57: =AE57-AF57 -> 3366
A58: 18 | B58: 52 | C58: アセレンド注１００μｇ | F58: ２ｍｌｘ１０Ａ | G58: 藤本製薬 | H58: 1646 | I58: 16460 | J58: 10 | K58: 瓶 | L58: 14830 | M58: 1483 | N58: ｱｾﾚ001 | O58: ｱｾﾚ001 | P58: アセレンド注１００μｇ | Q58: ｱｾﾚ | R58: 2 | T58: 1646 | U58: ｱｾﾚﾝﾄﾞﾁｭｳ100μg | V58: 25 | W58: 注射剤 | X58: 2 | Z58: 9 | AB58: 臨時 | AC58: 200052 | AD58: 19 | AE58: 31274 | AF58: 28177 | AG58: =AE58-AF58 -> 3097
A59: 191 | B59: 253 | C59: シクレスト舌下錠１０ｍｇ | D59: アルフレッサ | E59: ＰＴＰ | F59: １００Ｔ | G59: Meijiseika | H59: 307 | I59: 30700 | J59: 100 | K59: 錠 | L59: 27016 | M59: 270.16 | N59: ｼｸﾚ002 | O59: ｼｸﾚ002 | P59: シクレスト舌下錠１０ｍｇ | Q59: ｼｸﾚ10 | R59: 1 | T59: 307 | U59: ｼｸﾚｽﾄｾﾞｯｶｼﾞｮｳ10mg | V59: 1 | W59: 錠剤 | X59: 2 | Z59: 1 | AB59: 錠剤 | AC59: 200253 | AD59: 103 | AE59: 31621 | AF59: 27826.48 | AG59: =AE59-AF59 -> 3794.52
A60: 413 | B60: 473 | C60: バンコマイシン塩酸塩点滴静注用０．５ｇ「ＶＴＲＳ」 | F60: １０Ｖ | G60: ヴィアトリス | H60: 754 | I60: 7540 | J60: 10 | K60: V | L60: 6703 | M60: 670.3 | N60: ﾊﾝｺ001 | O60: ﾊﾝｺ001 | P60: バンコマイシン塩酸塩点滴静注用０．５ｇ「ＶＴＲＳ」 | Q60: ﾊﾞﾝｺ1 | R60: 1 | T60: 754 | U60: ﾊﾞﾝｺﾏｲｼﾝｴﾝｻﾝｴﾝﾃﾝﾃｷｼﾞｮｳﾁｭｳﾖｳ0.5g｢VTRS｣ | V60: 25 | W60: 注射剤 | X60: 0 | Z60: 8 | AB60: 注射 | AC60: 473 | AD60: 41 | AE60: 30914 | AF60: 27482.3 | AG60: =AE60-AF60 -> 3431.7
A61: 353 | B61: 413 | C61: トリフリード輸液（１） | D61: スズケン | F61: ５００ｍｌｘ２０ | G61: 大塚製薬 | H61: 256 | I61: 5120 | J61: 20 | K61: 袋 | L61: 4560 | M61: 228 | N61: ﾄﾘﾌ002 | O61: ﾄﾘﾌ002 | P61: トリフリード輸液 | Q61: ﾄﾘﾌﾘｰﾄ | R61: 1 | T61: 256 | U61: ﾄﾘﾌﾘｰﾄﾞﾕｴｷ | V61: 25 | W61: 注射剤 | X61: 0 | Z61: 10 | AB61: 注射 | AC61: 413 | AD61: 119 | AE61: 30464 | AF61: 27132 | AG61: =AE61-AF61 -> 3332
A62: 242 | B62: 303 | C62: セレニカＲ顆粒４０％ | D62: アルフレッサ | E62: 粉 | F62: ５００ｇ | G62: 興和 | H62: 36.7 | I62: 18350 | J62: 500 | K62: ｇ | L62: 16348 | M62: 32.696 | N62: ｾﾚﾆ001 | O62: ｾﾚﾆ001 | P62: セレニカＲ顆粒４０％ | R62: 1 | T62: 36.7 | U62: ｾﾚﾆｶRｶﾘﾕｳ40% | V62: 5 | W62: 顆粒 | X62: 0 | Z62: 2 | AB62: 散剤 | AC62: 303 | AD62: 826 | AE62: 30314.2 | AF62: 27006.896 | AG62: =AE62-AF62 -> 3307.304
A63: 174 | B63: 234 | C63: コンサータ錠１８ｍｇ | D63: アルフレッサ | E63: ＰＴＰ | F63: １００Ｔ | G63: ヤンセン | H63: 235.8 | I63: 23580 | J63: 100 | K63: 錠 | L63: 20562 | M63: 205.62 | N63: ｺﾝｻ001 | O63: ｺﾝｻ001 | P63: コンサータ錠１８ｍｇ | Q63: ｺﾝｻ | R63: 2 | T63: 235.8 | U63: ｺﾝｻｰﾀｼﾞｮｳ18mg | V63: 1 | W63: 錠剤 | X63: 2 | Z63: 3 | AB63: 臨時 | AC63: 200234 | AD63: 131 | AE63: 30889.8 | AF63: 26936.22 | AG63: =AE63-AF63 -> 3953.58
A64: 165 | B64: 224 | C64: ケトプロフェンパップ３０ｍｇ 「三和」 １０ｘ１４ｃｍ | D64: スズケン | F64: ７枚ｘ１００ | G64: 三和化学 | H64: 12.3 | I64: 8610 | J64: 700 | K64: 枚 | L64: 7766 | M64: 11.094286 | N64: ｹﾄﾌ001 | O64: ｹﾄﾌ001 | P64: ケトプロフェンパップ３０ｍｇ「三和」 | Q64: ｹﾄﾌﾟ | R64: 1 | T64: 12.3 | U64: ｹﾄﾌﾟﾛﾌｪﾝﾊﾟｯﾌﾟ30mg｢ｻﾝﾜ｣ | V64: 19 | W64: 貼付剤 | X64: 0 | Z64: 12 | AB64: 外用 | AC64: 224 | AD64: 2422 | AE64: 29790.6 | AF64: 26870.36 | AG64: =AE64-AF64 -> 2920.24
A65: 451 | B65: 528 | C65: フィコンパ錠２ｍｇ | D65: アルフレッサ | E65: ＰＴＰ | F65: ５６Ｔ | G65: エーザイ | H65: 195.7 | I65: 10959.2 | J65: 56 | K65: 錠 | L65: 9480 | M65: 169.28571 | N65: ﾌｲｺ001 | O65: ﾌｲｺ001 | P65: フィコンパ錠２ｍｇ | Q65: ﾌｨｺ | R65: 1 | T65: 195.7 | U65: ﾌｨｺﾝﾊﾟｼﾞｮｳ2mg | V65: 1 | W65: 錠剤 | X65: 0 | Z65: 1 | AB65: 錠剤 | AC65: 528 | AD65: 155 | AE65: 30333.5 | AF65: 26239.286 | AG65: =AE65-AF65 -> 4094.2143
A66: 607 | B66: 705 | C66: リスパダール錠３ｍｇ | D66: アルフレッサ | E66: ＰＴＰ | F66: １００Ｔ | G66: ヤンセン | H66: 26.2 | I66: 2620 | J66: 100 | K66: 錠 | L66: 2148 | M66: 21.48 | N66: ﾘｽﾊ006 | O66: ﾘｽﾊ006 | P66: リスパダール錠３ｍｇ | Q66: ﾘｽﾊﾟ3 | R66: 1 | T66: 26.2 | U66: ﾘｽﾊﾟﾀﾞｰﾙｼﾞｮｳ3mg | V66: 1 | W66: 錠剤 | X66: 2 | Z66: 26 | AB66: 錠剤 | AC66: 200705 | AD66: 1173 | AE66: 30732.6 | AF66: 25196.04 | AG66: =AE66-AF66 -> 5536.56
A67: 234 | B67: 295 | C67: ゼプリオン水懸筋注５０ｍｇシリンジ | D67: アルフレッサ | F67: １シリンジ | G67: 住友ファーマ | H67: 27994 | I67: 27994 | J67: 1 | K67: kit | L67: 24411 | M67: 24411 | N67: ｾﾌﾘ002 | O67: ｾﾌﾘ002 | P67: ゼプリオン水懸筋注５０ｍｇシリンジ | Q67: ｾﾞﾌﾟﾘ2 | R67: 1 | T67: 27994 | U67: ｾﾞﾌﾟﾘｵﾝｽｲ懸ｷﾝﾁｭｳ50mgｼﾘﾝｼﾞ | V67: 25 | W67: 注射剤 | X67: 2 | Z67: 9 | AB67: 注射 | AC67: 200295 | AD67: 1 | AE67: 27994 | AF67: 24411 | AG67: =AE67-AF67 -> 3583
A68: 74 | B68: 123 | C68: エスシタロプラムＯＤ錠１０ｍｇ「トーワ」 | D68: 東和薬品 | E68: ＰＴＰ | F68: １００Ｔ | G68: 東和薬品 | H68: 51.9 | I68: 5190 | J68: 100 | K68: 錠 | L68: 4050 | M68: 40.5 | N68: ｴｽｼ001 | O68: ｴｽｼ001 | P68: エスシタロプラムＯＤ錠１０ｍｇ「トーワ」 | Q68: ｴｽｼ | R68: 1 | T68: 51.9 | U68: ｴｽｼﾀﾛﾌﾟﾗﾑODｼﾞｮｳ10mg｢ﾄｰﾜ｣ | V68: 1 | W68: 錠剤 | X68: 2 | Z68: 26 | AB68: 錠剤 | AC68: 200123 | AD68: 601 | AE68: 31191.9 | AF68: 24340.5 | AG68: =AE68-AF68 -> 6851.4
A69: 207 | B69: 269 | C69: シングレア錠１０ｍｇ | D69: アルフレッサ | E69: ＰＴＰ | F69: １００Ｔ | G69: オルガノン | H69: 60.9 | I69: 6090 | J69: 100 | K69: 錠 | L69: 5237 | M69: 52.37 | N69: ｼﾝｸ001 | O69: ｼﾝｸ001 | P69: シングレア錠１０ｍｇ | Q69: ｼﾝｸﾞﾚｱ | R69: 1 | T69: 60.9 | U69: ｼﾝｸﾞﾚｱｼﾞｮｳ10mg | V69: 1 | W69: 錠剤 | X69: 0 | Z69: 25 | AB69: 錠剤 | AC69: 269 | AD69: 463 | AE69: 28196.7 | AF69: 24247.31 | AG69: =AE69-AF69 -> 3949.39
A70: 216 | B70: 277 | C70: スルバシリン静注用１．５ｇ | D70: KSK | F70: １０瓶 | G70: meijiseika | H70: 597 | I70: 5970 | J70: 10 | K70: V | L70: 5383 | M70: 538.3 | N70: ｽﾙﾊ001 | O70: ｽﾙﾊ001 | P70: スルバシリン静注用１．５ｇ | Q70: ｽﾙﾊﾞ | R70: 1 | T70: 597 | U70: ｽﾙﾊﾞｼﾘﾝｼﾞｮｳﾁｭｳﾖｳ1.5g | V70: 25 | W70: 注射剤 | X70: 0 | Z70: 8 | AB70: 注射 | AC70: 277 | AD70: 44 | AE70: 26268 | AF70: 23685.2 | AG70: =AE70-AF70 -> 2582.8
A71: 232 | B71: 292 | C71: セフトリアキソンＮａ静注１Ｇ「ニチイコウ」 | D71: メディセオ | F71: １Ｇ １０Ｖ | G71: 日医工 | H71: 422 | I71: 4220 | J71: 10 | K71: V | L71: 3835 | M71: 383.5 | N71: ｾﾌﾄ001 | O71: ｾﾌﾄ001 | P71: セフトリアキソンナトリウム静注用１ｇ「日医工」 | Q71: ｾﾌﾄ | R71: 1 | T71: 422 | U71: ｾﾌﾄﾘｱｷｿﾝﾅﾄﾘｳﾑｼﾞｮｳﾁｭｳﾖｳ1g｢ﾆﾁｲｺｳ｣ | V71: 25 | W71: 注射剤 | X71: 0 | Z71: 8 | AB71: 注射 | AC71: 292 | AD71: 61 | AE71: 25742 | AF71: 23393.5 | AG71: =AE71-AF71 -> 2348.5
A72: 250 | B72: 311 | C72: ゾニサミドＯＤ錠２５ｍｇＴＲＥ「ＤＳＥＰ」 | D72: メディセオ | E72: バラ | F72: １００Ｔ | G72: 第一三共 | H72: 275 | I72: 27500 | J72: 100 | K72: 錠 | L72: 22013 | M72: 220.13 | N72: ｿﾆｻ003 | O72: ｿﾆｻ003 | P72: ゾニサミドＯＤ錠２５ｍｇＴＲＥ「ＤＳＥＰ」 | R72: 1 | T72: 275 | U72: ｿﾞﾆｻﾐﾄﾞODｼﾞﾖｳ25MGTREDSEP | V72: 1 | W72: 錠剤 | X72: 2 | Z72: 26 | AB72: 錠剤 | AC72: 200311 | AD72: 106 | AE72: 29150 | AF72: 23333.78 | AG72: =AE72-AF72 -> 5816.22
A73: 231 | B73: 291 | C73: セフタジジム静注用１ｇ「ＶＴＲＳ」 | D73: メディセオ | F73: １０Ｖ | G73: ヴィアトリス | H73: 686 | I73: 6860 | J73: 10 | K73: V | L73: 6111 | M73: 611.1 | N73: ｾﾌﾀ002 | O73: ｾﾌﾀ002 | P73: セフタジジム静注用１ｇ「ＶＴＲＳ」 | R73: 1 | T73: 686 | U73: ｾﾌﾀｼﾞｼﾞﾑｼﾞﾖｳﾁﾕｳﾖｳ1GVTRS | V73: 25 | W73: 注射剤 | X73: 0 | Z73: 8 | AB73: 注射 | AC73: 291 | AD73: 36 | AE73: 24696 | AF73: 21999.6 | AG73: =AE73-AF73 -> 2696.4
A74: 609 | B74: 698 | C74: リスパダールコンスタ筋注用２５ｍｇ | D74: アルフレッサ | F74: １キット | G74: ヤンセン | H74: 13032 | I74: 13032 | J74: 1 | K74: kit | L74: 10895 | M74: 10895 | N74: ﾘｽﾊ008 | O74: ﾘｽﾊ008 | P74: リスパダール コンスタ筋注用２５ｍｇ | Q74: ﾘｽﾊﾟｺ1 | R74: 1 | T74: 13032 | U74: ﾘｽﾊﾟﾀﾞｰﾙ ｺﾝｽﾀｷﾝﾁｭｳﾖｳ25mg | V74: 25 | W74: 注射剤 | X74: 2 | Z74: 11 | AB74: 注射 | AC74: 200698 | AD74: 2 | AE74: 26064 | AF74: 21790 | AG74: =AE74-AF74 -> 4274
A75: 521 | B75: 600 | C75: ベルソムラ錠１５ｍｇ | D75: アルフレッサ | E75: ＰＴＰ | F75: ５００Ｔ | G75: MSD | H75: 90.8 | I75: 45400 | J75: 500 | K75: 錠 | L75: 38817 | M75: 77.634 | N75: ﾍﾙｿ001 | O75: ﾍﾙｿ001 | P75: ベルソムラ錠１５ｍｇ | Q75: ﾍﾞﾙｿ15 | R75: 1 | T75: 90.8 | U75: ﾍﾞﾙｿﾑﾗｼﾞｮｳ15mg | V75: 1 | W75: 錠剤 | X75: 0 | Z75: 1 | AB75: 錠剤 | AC75: 600 | AD75: 280 | AE75: 25424 | AF75: 21737.52 | AG75: =AE75-AF75 -> 3686.48
A76: 168 | B76: 227 | C76: ケルロング錠１０ｍｇ | D76: アルフレッサ | E76: ＰＴＰ | F76: １００Ｔ | G76: チェプラファーム | H76: 45.9 | I76: 4590 | J76: 100 | K76: 錠 | L76: 4049 | M76: 40.49 | N76: ｹﾙﾛ001 | O76: ｹﾙﾛ001 | P76: ケルロング錠１０ｍｇ | Q76: ｹﾙﾛﾝｸﾞ | R76: 1 | T76: 45.9 | U76: ｹﾙﾛﾝｸﾞｼﾞｮｳ10mg | V76: 1 | W76: 錠剤 | X76: 0 | Z76: 5 | AB76: 錠剤 | AC76: 227 | AD76: 519 | AE76: 23822.1 | AF76: 21014.31 | AG76: =AE76-AF76 -> 2807.79
A77: 311 | B77: 357 | C77: デエビゴ錠２．５ｍｇ | D77: メディセオ | E77: ＰＴＰ | F77: １００Ｔ | G77: エーザイ | H77: 44.9 | I77: 4490 | J77: 100 | K77: 錠 | L77: 3860 | M77: 38.6 | N77: ﾃｴﾋ001 | O77: ﾃｴﾋ001 | P77: デエビゴ錠２．５ｍｇ | Q77: ﾃﾞｴﾋﾞ2 | R77: 1 | T77: 44.9 | U77: ﾃﾞｴﾋﾞｺﾞｼﾞｮｳ2.5mg | V77: 1 | W77: 錠剤 | X77: 0 | Z77: 25 | AB77: 錠剤 | AC77: 357 | AD77: 536 | AE77: 24066.4 | AF77: 20689.6 | AG77: =AE77-AF77 -> 3376.8
A78: 249 | B78: 312 | C78: ゾニサミド錠１００ＭＧ「アメル」 | E78: バラ | F78: １０００Ｔ | G78: 共和薬品 | H78: 11.7 | I78: 11700 | J78: 1000 | K78: 錠 | L78: 10423 | M78: 10.423 | N78: ｿﾆｻ001 | O78: ｿﾆｻ001 | P78: ゾニサミド錠１００ｍｇ「アメル」 | Q78: ｿﾞﾆｻ | R78: 1 | T78: 11.7 | U78: ｿﾞﾆｻﾐﾄﾞｼﾞｮｳ100mg｢ｱﾒﾙ｣ | V78: 1 | W78: 錠剤 | X78: 2 | Z78: 26 | AB78: 錠剤 | AC78: 200312 | AD78: 1967 | AE78: 23013.9 | AF78: 20502.041 | AG78: =AE78-AF78 -> 2511.859
A79: 65 | B79: 113 | C79: インヴェガ錠３ｍｇ | D79: メディセオ | E79: ＰＴＰ | F79: １００Ｔ | G79: ヤンセン | H79: 227.8 | I79: 22780 | J79: 100 | K79: 錠 | L79: 19130 | M79: 191.3 | N79: ｲﾝｳ001 | O79: ｲﾝｳ001 | P79: インヴェガ錠３ｍｇ | Q79: ｲﾝｳﾞｪ3 | R79: 1 | T79: 227.8 | U79: ｲﾝｳﾞｪｶﾞｼﾞｮｳ3mg | V79: 1 | W79: 錠剤 | X79: 2 | Z79: 26 | AB79: 錠剤 | AC79: 200113 | AD79: 107 | AE79: 24374.6 | AF79: 20469.1 | AG79: =AE79-AF79 -> 3905.5
A80: 493 | B80: 573 | C80: ブロナンセリン錠４ｍｇ「ＤＳＰＢ」 | D80: メディセオ | E80: ＰＴＰ | F80: １００Ｔ | G80: 住友ファーマ | H80: 18 | I80: 1800 | J80: 100 | K80: 錠 | L80: 1355 | M80: 13.55 | N80: ﾌﾛﾅ002 | O80: ﾌﾛﾅ002 | P80: ブロナンセリン錠４ｍｇ「ＤＳＰＢ」 | Q80: ﾌﾞﾛ4 | R80: 1 | T80: 18 | U80: ﾌﾞﾛﾅﾝｾﾘﾝｼﾞｮｳ4mg｢DSPB｣ | V80: 1 | W80: 錠剤 | X80: 2 | Z80: 26 | AB80: 錠剤 | AC80: 200573 | AD80: 1506 | AE80: 27108 | AF80: 20406.3 | AG80: =AE80-AF80 -> 6701.7
A81: 645 | B81: 757 | C81: レグテクト錠３３３ｍｇ | D81: メディセオ | E81: ＰＴＰ | F81: １００Ｔ | G81: 日本新薬 | H81: 34.2 | I81: 3420 | J81: 100 | K81: 錠 | L81: 2970 | M81: 29.7 | N81: ﾚｸﾃ001 | O81: ﾚｸﾃ001 | P81: レグテクト錠３３３ｍｇ | Q81: ﾚｸﾞﾃ | R81: 1 | T81: 34.2 | U81: ﾚｸﾞﾃｸﾄｼﾞｮｳ333mg | V81: 1 | W81: 錠剤 | X81: 0 | Z81: 25 | AB81: 錠剤 | AC81: 757 | AD81: 683 | AE81: 23358.6 | AF81: 20285.1 | AG81: =AE81-AF81 -> 3073.5
A82: 535 | B82: 617 | C82: ポタコールＲ輸液 ５００ｍｌ | D82: スズケン | F82: ５００ｍｌｘ２０ | G82: 大塚製薬 | H82: 279 | I82: 5580 | J82: 20 | K82: 袋 | L82: 4960 | M82: 248 | N82: ﾎﾀｺ002 | O82: ﾎﾀｺ002 | P82: ポタコールＲ輸液500? | Q82: ﾎﾟﾀ500 | R82: 1 | T82: 279 | U82: ﾎﾟﾀｺｰﾙRﾕｴｷ | V82: 25 | W82: 注射剤 | X82: 0 | Z82: 10 | AB82: 注射 | AC82: 617 | AD82: 80 | AE82: 22320 | AF82: 19840 | AG82: =AE82-AF82 -> 2480
A83: 390 | B83: 449 | C83: ノベルジン錠２５ｍｇ | D83: メディセオ | E83: ＰＴＰ | F83: １００Ｔ | G83: ノーベル | H83: 201.1 | I83: 20110 | J83: 100 | K83: 錠 | L83: 18279 | M83: 182.79 | N83: ﾉﾍﾙ001 | O83: ﾉﾍﾙ001 | P83: ノベルジン錠２５ｍｇ | Q83: ﾉﾍﾞﾙ | R83: 2 | T83: 201.1 | U83: ﾉﾍﾞﾙｼﾞﾝｼﾞｮｳ25mg | V83: 1 | W83: 錠剤 | X83: 2 | Z83: 3 | AB83: 臨時 | AC83: 200449 | AD83: 107 | AE83: 21517.7 | AF83: 19558.53 | AG83: =AE83-AF83 -> 1959.17
A84: 632 | B84: 739 | C84: リンゼス錠０．２５ｍｇ | D84: メディセオ | E84: ＰＴＰ | F84: １００Ｔ | G84: アステラス製薬 | H84: 64.5 | I84: 6450 | J84: 100 | K84: 錠 | L84: 5550 | M84: 55.5 | N84: ﾘﾝｾ001 | O84: ﾘﾝｾ001 | P84: リンゼス錠０．２５ｍｇ | Q84: ﾘﾝｾﾞ | R84: 1 | T84: 64.5 | U84: ﾘﾝｾﾞｽｼﾞｮｳ0.25mg | V84: 1 | W84: 錠剤 | X84: 0 | Z84: 1 | AB84: 錠剤 | AC84: 739 | AD84: 352 | AE84: 22704 | AF84: 19536 | AG84: =AE84-AF84 -> 3168
A85: 187 | B85: 250 | C85: ジェニナック錠２００ＭＧ | E85: ＰＴＰ | F85: １００Ｔ | G85: アステラス製薬 | H85: 139.4 | I85: 13940 | J85: 100 | K85: 錠 | L85: 12671 | M85: 126.71 | N85: ｼｴﾆ001 | O85: ｼｴﾆ001 | P85: ジェニナック錠２００ｍｇ | Q85: ｼﾞｪﾆﾅ | R85: 1 | T85: 139.4 | U85: ｼﾞｴﾆﾅﾂｸｼﾞﾖｳ200MG | V85: 1 | W85: 錠剤 | X85: 0 | Z85: 1 | AB85: 錠剤 | AC85: 250 | AD85: 154 | AE85: 21467.6 | AF85: 19513.34 | AG85: =AE85-AF85 -> 1954.26
A86: 682 | B86: 803 | C86: ワンパル２号輸液１２００ｍｌ | D86: スズケン | F86: １２００ｍｌｘ７ | G86: 陽進堂 | H86: 1825 | I86: 12775 | J86: 7 | K86: 袋 | L86: 11613 | M86: 1659 | N86: ﾜﾝﾊ001 | O86: ﾜﾝﾊ001 | P86: ワンパル２号輸液1200 | Q86: ﾜﾝﾊﾟ | R86: 1 | T86: 1825 | U86: ﾜﾝﾊﾟﾙ2ｺﾞｳﾕｴｷ | V86: 25 | W86: 注射剤 | X86: 0 | Z86: 10 | AB86: 注射 | AC86: 803 | AD86: 11 | AE86: 20075 | AF86: 18249 | AG86: =AE86-AF86 -> 1826
A87: 342 | B87: 399 | C87: トピロリック錠４０ｍｇ | D87: メディセオ | E87: ＰＴＰ | F87: １００Ｔ | G87: 富士薬品 | H87: 29.7 | I87: 2970 | J87: 100 | K87: 錠 | L87: 2600 | M87: 26 | N87: ﾄﾋﾛ001 | O87: ﾄﾋﾛ001 | P87: トピロリック錠４０ｍｇ | Q87: ﾄﾋﾟﾛ2 | R87: 1 | T87: 29.7 | U87: ﾄﾋﾟﾛﾘｯｸｼﾞｮｳ40mg | V87: 1 | W87: 錠剤 | X87: 0 | Z87: 25 | AB87: 錠剤 | AC87: 399 | AD87: 699 | AE87: 20760.3 | AF87: 18174 | AG87: =AE87-AF87 -> 2586.3
A88: 7 | B88: 36 | C88: アシクロビル点滴静注用２５０ｍｇ「サワイ」 | F88: １０Ｖ | G88: 沢井製薬 | H88: 368 | I88: 3680 | J88: 10 | K88: V | L88: 3238 | M88: 323.8 | N88: ｱｼｸ001 | O88: ｱｼｸ001 | P88: アシクロビル点滴静注用２５０ｍｇ「サワイ」 | Q88: ｱｼｸﾛ | R88: 2 | T88: 368 | U88: ｱｼｸﾛﾋﾞﾙﾃﾝﾃｷｼﾞｮｳﾁｭｳﾖｳ250mg｢ｻﾜｲ｣ | V88: 25 | W88: 注射剤 | X88: 0 | Z88: 9 | AB88: 臨時 | AC88: 36 | AD88: 56 | AE88: 20608 | AF88: 18132.8 | AG88: =AE88-AF88 -> 2475.2
A89: 335 | B89: 822 | C89: 大塚糖液５％ | D89: アルフレッサ | F89: ５００ｍｌｘ２０袋 | G89: 大塚製薬 | H89: 332 | I89: 6640 | J89: 20 | K89: 袋 | L89: 5890 | M89: 294.5 | N89: ﾄｳｴ002 | O89: ﾄｳｴ002 | P89: 大塚糖液５％ | Q89: ﾄｳｴｷ | R89: 1 | T89: 332 | U89: ｵｵﾂｶﾄｳｴｷ5% | V89: 25 | W89: 注射剤 | X89: 0 | Z89: 10 | AB89: 注射 | AC89: 822 | AD89: 61 | AE89: 20252 | AF89: 17964.5 | AG89: =AE89-AF89 -> 2287.5
A90: 84 | B90: 137 | C90: エピナスチン塩酸塩錠２０ｍｇ「トーワ」 | D90: 東和薬品 | E90: ＰＴＰ | F90: １０００Ｔ | G90: 東和薬品 | H90: 18.2 | I90: 18200 | J90: 1000 | K90: 錠 | L90: 15843 | M90: 15.843 | N90: ｴﾋﾅ002 | O90: ｴﾋﾅ002 | P90: エピナスチン塩酸塩錠２０ｍｇ「トーワ」 | Q90: ｴﾋﾟﾅｽ | R90: 1 | T90: 18.2 | U90: ｴﾋﾟﾅｽﾁﾝｴﾝｻﾝｴﾝｼﾞｮｳ20mg｢ﾄｰﾜ｣ | V90: 1 | W90: 錠剤 | X90: 0 | Z90: 25 | AB90: 錠剤 | AC90: 137 | AD90: 1133 | AE90: 20620.6 | AF90: 17950.119 | AG90: =AE90-AF90 -> 2670.481
A91: 672 | B91: 787 | C91: ロドピン細粒５０％ | D91: メディセオ | F91: １００ｇ | G91: ＬＴＬファーマ | H91: 202.6 | I91: 20260 | J91: 100 | K91: ｇ | L91: 17728 | M91: 177.28 | N91: ﾛﾄﾋ003 | O91: ﾛﾄﾋ003 | P91: ロドピン細粒５０％ | Q91: ﾛﾄﾞﾋﾟ4 | R91: 1 | T91: 202.6 | U91: ﾛﾄﾞﾋﾟﾝｻｲﾘｭｳ50% | V91: 3 | W91: 散 | X91: 2 | Z91: 2 | AB91: 散剤 | AC91: 200787 | AD91: 100.4 | AE91: 20341.04 | AF91: 17798.912 | AG91: =AE91-AF91 -> 2542.128
A92: 631 | B92: 738 | C92: リルゾール錠５０ｍｇ「ニプロ」 | E92: ＰＴＰ | F92: ５６Ｔ | G92: ニプロ | H92: 383.5 | I92: 21476 | J92: 56 | K92: 錠 | L92: 18899 | M92: 337.48214 | N92: ﾘﾙｿ001 | O92: ﾘﾙｿ001 | P92: リルゾール錠５０ｍｇ「ニプロ」 | R92: 2 | T92: 383.5 | U92: ﾘﾙｿﾞ-ﾙｼﾞﾖｳ50MGﾆﾌﾟﾛ | V92: 1 | W92: 錠剤 | X92: 0 | Z92: 15 | AB92: 臨時 | AC92: 738 | AD92: 52 | AE92: 19942 | AF92: 17549.071 | AG92: =AE92-AF92 -> 2392.9286
A93: 329 | B93: 381 | C93: テリボン皮下注用５６．５μｇ 溶解液付 | F93: １瓶 | G93: 旭化成ファーマ | H93: 10045 | I93: 10045 | J93: 1 | K93: 瓶 | L93: 8639 | M93: 8639 | N93: ﾃﾘﾎ001 | O93: ﾃﾘﾎ001 | P93: テリボン皮下注用５６．５μｇ | Q93: ﾃﾘﾎﾞ | R93: 2 | T93: 10045 | U93: ﾃﾘﾎﾞﾝﾋｶﾁｭｳﾖｳ56.5μg | V93: 25 | W93: 注射剤 | X93: 0 | Z93: 15 | AB93: 臨時 | AC93: 381 | AD93: 2 | AE93: 20090 | AF93: 17278 | AG93: =AE93-AF93 -> 2812
A94: 306 | B94: 13 | C94: １００ ツムラ ダイケンチユウトウ | D94: メディセオ | E94: 粉 | F94: ２．５ｇＸ１８９ | G94: ツムラ | H94: 13.7 | I94: 6473.25 | J94: 472.5 | K94: g | L94: 5828 | M94: 12.334392 | N94: ﾂﾑﾗ100 | O94: ﾂﾑﾗ100 | P94: ツムラ大建中湯エキス顆粒（医療用） | Q94: ﾀﾞｲｹﾝﾁ | R94: 1 | T94: 13.7 | U94: ﾂﾑﾗﾀﾞｲｹﾝﾁｭｳﾄｳｴｷｽｶﾘｭｳ(ｲﾘｮｳﾖｳ) | V94: 3 | W94: 散 | X94: 0 | Z94: 4 | AB94: 散剤 | AC94: 13 | AD94: 1400 | AE94: 19180 | AF94: 17268.148 | AG94: =AE94-AF94 -> 1911.8519
A95: 103 | B95: 155 | C95: オセルタミビルカプセル７５ｍｇ「サワイ」 | E95: ＰＴＰ | F95: １０Ｐ | G95: 沢井製薬 | H95: 111.6 | I95: 1116 | J95: 10 | K95: cap | L95: 1007 | M95: 100.7 | N95: ｵｾﾙ001 | O95: ｵｾﾙ001 | P95: オセルタミビルカプセル７５ｍｇ「サワイ」 | Q95: ｵｾﾙ | R95: 1 | T95: 111.6 | U95: ｵｾﾙﾀﾐﾋﾞﾙｶﾌﾟｾﾙ75mg｢ｻﾜｲ｣ | V95: 2 | W95: カプセル | X95: 0 | Z95: 6 | AB95: 錠剤 | AC95: 155 | AD95: 170 | AE95: 18972 | AF95: 17119 | AG95: =AE95-AF95 -> 1853
A96: 494 | B96: 575 | C96: ブロナンセリン錠８ｍｇ「ＤＳＰＢ」 | D96: メディセオ | E96: ＰＴＰ | F96: １００Ｔ | G96: 住友ファーマ | H96: 32 | I96: 3200 | J96: 100 | K96: 錠 | L96: 2410 | M96: 24.1 | N96: ﾌﾛﾅ003 | O96: ﾌﾛﾅ003 | P96: ブロナンセリン錠８ｍｇ「ＤＳＰＢ」 | Q96: ﾌﾞﾛ8 | R96: 1 | T96: 32 | U96: ﾌﾞﾛﾅﾝｾﾘﾝｼﾞｮｳ8mg｢DSPB｣ | V96: 1 | W96: 錠剤 | X96: 2 | Z96: 26 | AB96: 錠剤 | AC96: 200575 | AD96: 696 | AE96: 22272 | AF96: 16773.6 | AG96: =AE96-AF96 -> 5498.4
A97: 533 | B97: 615 | C97: ホスリボン配合顆粒 | E97: 粉 | F97: ２００包 | G97: ゼリア | H97: 71.1 | I97: 14220 | J97: 200 | K97: 包 | L97: 12669 | M97: 63.345 | N97: ﾎｽﾘ001 | O97: ﾎｽﾘ001 | P97: ホスリボン配合顆粒 | Q97: ﾎｽﾘ | R97: 2 | T97: 71.1 | U97: ﾎｽﾘﾎﾞﾝﾊｲｺﾞｳｶﾘｭｳ | V97: 3 | W97: 散 | X97: 0 | Z97: 15 | AB97: 臨時 | AC97: 615 | AD97: 264 | AE97: 18770.4 | AF97: 16723.08 | AG97: =AE97-AF97 -> 2047.32
A98: 145 | B98: 202 | C98: グラマリール錠２５ｍｇ | D98: アルフレッサ | E98: バラ | F98: １０００Ｔ | G98: 日医工 | H98: 12.5 | I98: 12500 | J98: 1000 | K98: 錠 | L98: 10750 | M98: 10.75 | N98: ｸﾗﾏ001 | O98: ｸﾗﾏ001 | P98: グラマリール錠２５ｍｇ | Q98: ｸﾞﾗﾏ | R98: 1 | T98: 12.5 | U98: ｸﾞﾗﾏﾘｰﾙｼﾞｮｳ25mg | V98: 1 | W98: 錠剤 | X98: 0 | Z98: 25 | AB98: 錠剤 | AC98: 202 | AD98: 1531 | AE98: 19137.5 | AF98: 16458.25 | AG98: =AE98-AF98 -> 2679.25
A99: 611 | B99: 699 | C99: リスパダールコンスタ筋注用５０ｍｇ | D99: アルフレッサ | F99: １ キット | G99: ヤンセン | H99: 19680 | I99: 19680 | J99: 1 | K99: kit | L99: 16452 | M99: 16452 | N99: ﾘｽﾊ010 | O99: ﾘｽﾊ010 | P99: リスパダール コンスタ筋注用５０ｍｇ | Q99: ﾘｽﾊﾟｺ3 | R99: 1 | T99: 19680 | U99: ﾘｽﾊﾟﾀﾞｰﾙ ｺﾝｽﾀｷﾝﾁｭｳﾖｳ50mg | V99: 25 | W99: 注射剤 | X99: 2 | Z99: 11 | AB99: 注射 | AC99: 200699 | AD99: 1 | AE99: 19680 | AF99: 16452 | AG99: =AE99-AF99 -> 3228
A100: 262 | B100: 329 | C100: タクロリムスカプセル１ｍｇ「ニプロ」 | E100: ＰＴＰ | F100: １００ｃａｐ | G100: ニプロ | H100: 153.5 | I100: 15350 | J100: 100 | K100: cap | L100: 13675 | M100: 136.75 | N100: ﾀｸﾛ001 | O100: ﾀｸﾛ001 | P100: タクロリムスカプセル１ｍｇ「ニプロ」 | R100: 2 | T100: 153.5 | U100: ﾀｸﾛﾘﾑｽｶﾌﾟｾﾙ1MGﾆﾌﾟﾛ | V100: 2 | W100: カプセル | X100: 2 | Z100: 15 | AB100: 臨時 | AC100: 200329 | AD100: 119 | AE100: 18266.5 | AF100: 16273.25 | AG100: =AE100-AF100 -> 1993.25
A101: 89 | B101: 143 | C101: エフィエント錠２．５ｍｇ | D101: メディセオ | E101: ＰＴＰ | F101: １００Ｔ | G101: 第一三共 | H101: 178 | I101: 17800 | J101: 100 | K101: 錠 | L101: 15468 | M101: 154.68 | N101: ｴﾌｲ001 | O101: ｴﾌｲ001 | P101: エフィエント錠２．５ｍｇ | Q101: ｴﾌｨ | R101: 2 | T101: 178 | U101: ｴﾌｨｴﾝﾄｼﾞｮｳ2.5mg | V101: 1 | W101: 錠剤 | X101: 0 | Z101: 15 | AB101: 臨時 | AC101: 143 | AD101: 105 | AE101: 18690 | AF101: 16241.4 | AG101: =AE101-AF101 -> 2448.6
A102: 152 | B102: 208 | C102: グリセリン浣腸液５０％「ムネ」 ６０ｍｌ | D102: メディセオ | F102: ６０ｍｌｘ１０ | G102: 丸石製薬 | H102: 124.2 | I102: 1242 | J102: 10 | K102: 本 | L102: 1096 | M102: 109.6 | N102: ｸﾘｾ002 | O102: ｸﾘｾ002 | P102: グリセリン浣腸液５０％「ムネ」６０ｍＬ | Q102: ｸﾞﾘｾ2 | R102: 1 | T102: 124.2 | U102: ｸﾞﾘｾﾘﾝｶﾝﾁｮｳｴｷ50%｢ﾑﾈ｣60mL | V102: 13 | W102: 浣腸 | X102: 0 | Z102: 14 | AB102: 外用 | AC102: 208 | AD102: 146 | AE102: 18133.2 | AF102: 16001.6 | AG102: =AE102-AF102 -> 2131.6
...

Sheet 統合マスタ
C3: 棚卸 | N3: マスタ | AD3: 合計 | AE3: =_xlfn.AGGREGATE(9,7,AE5:AE843) -> 8723165 | AF3: =_xlfn.AGGREGATE(9,7,AF5:AF843) -> 7615000.5 | AG3: =AE3-AF3 -> 1108164.5
B4: no | C4: 名称 | D4: 2025年度卸 | E4: 包装形態 | F4: 容量 | G4: メーカー | H4: 新単位薬価 | I4: 2025年度薬価 | J4: 単位数量 | K4: 薬価単位 | L4: 2025年納入価格 | M4: 単位納入価 | N4: コード(区分値) | O4: コード | P4: 名称 | Q4: ホストコード | R4: 採用区分（区分値）(区分値) | S4: 採用区分（区分値） | T4: 薬価 | U4: カナ名称 | V4: 剤形(区分値) | W4: 剤形 | X4: 毒劇薬（区分値）(区分値) | Y4: 毒劇薬（区分値） | Z4: 場所番号 | AA4: 非採用/処置薬 | AB4: Excelシート | AC4: ソートキー | AD4: 数量合計 | AE4: 薬価×数量 | AF4: 納入価×数量
A5: =元データ!P2 -> 295 | B5: 1 | C5: =DBCS(元データ!A2) -> ００７ ツムラ ハチミジオウガン | D5: =元データ!B2 -> メディセオ | E5: =DBCS(元データ!C2) -> 粉 | F5: =DBCS(元データ!D2) -> ２．５ｇｘ１８９ | G5: =元データ!E2 -> ツムラ | H5: =元データ!F2 -> 9.8 | I5: =元データ!G2 -> 4630.5 | J5: =元データ!H2 -> 472.5 | K5: =元データ!I2 -> ｇ | L5: =元データ!J2 -> 4093 | M5: =元データ!K2 -> 8.6624339 | N5: =IF(OFFSET(マスタ非採用削除!A$4,統合マスタ!$A5,0)="","",OFFSET(マスタ非採用削除!A$4,統合マスタ!$A5,0)) -> ﾂﾑﾗ007 | O5: =IF(OFFSET(マスタ非採用削除!B$4,統合マスタ!$A5,0)="","",OFFSET(マスタ非採用削除!B$4,統合マスタ!$A5,0)) -> ﾂﾑﾗ007 | P5: =IF(OFFSET(マスタ非採用削除!C$4,統合マスタ!$A5,0)="","",OFFSET(マスタ非採用削除!C$4,統合マスタ!$A5,0)) -> ツムラ八味地黄丸エキス顆粒（医療用） | Q5: =IF(OFFSET(マスタ非採用削除!D$4,統合マスタ!$A5,0)="","",OFFSET(マスタ非採用削除!D$4,統合マスタ!$A5,0)) -> ﾊﾁﾐ | R5: =IF(OR(A5="非採用",A5="処置薬",A5="非採用特別"),0,IF(OFFSET(マスタ非採用削除!E$4,統合マスタ!$A5,0)="","",OFFSET(マスタ非採用削除!E$4,統合マスタ!$A5,0))) -> 2 | S5: =IF(OFFSET(マスタ非採用削除!F$4,統合マスタ!$A5,0)="","",OFFSET(マスタ非採用削除!F$4,統合マスタ!$A5,0)) | T5: =IF(OFFSET(マスタ非採用削除!G$4,統合マスタ!$A5,0)="","",OFFSET(マスタ非採用削除!G$4,統合マスタ!$A5,0)) -> 9.8 | U5: =IF(OFFSET(マスタ非採用削除!H$4,統合マスタ!$A5,0)="","",OFFSET(マスタ非採用削除!H$4,統合マスタ!$A5,0)) -> ﾂﾑﾗﾊﾁﾐｼﾞｵｳｶﾞﾝｴｷｽｶﾘｭｳ(ｲﾘｮｳﾖｳ) | V5: =IF(OFFSET(マスタ非採用削除!I$4,統合マスタ!$A5,0)="","",OFFSET(マスタ非採用削除!I$4,統合マスタ!$A5,0)) -> 3 | W5: =IF(OFFSET(マスタ非採用削除!J$4,統合マスタ!$A5,0)="","",OFFSET(マスタ非採用削除!J$4,統合マスタ!$A5,0)) -> 散 | X5: =IF(OFFSET(マスタ非採用削除!K$4,統合マスタ!$A5,0)="","",OFFSET(マスタ非採用削除!K$4,統合マスタ!$A5,0)) -> 0 | Y5: =IF(OFFSET(マスタ非採用削除!L$4,統合マスタ!$A5,0)="","",OFFSET(マスタ非採用削除!L$4,統合マスタ!$A5,0)) | Z5: =IF(OFFSET(マスタ非採用削除!M$4,統合マスタ!$A5,0)="","",OFFSET(マスタ非採用削除!M$4,統合マスタ!$A5,0)) -> 4 | AA5: =IF(A5="非採用","非採用",IF(A5="処置薬","処置薬","")) | AB5: =IF(A5="非採用特別","非採用特別",IF(R5=2,"臨時", IF(COUNTIF(分類!$H$8:$H$25, 統合マスタ!V5)>0, 分類!$G$7, IF(COUNTIF(分類!$K$8:$K$25, 統合マスタ!V5)>0, 分類!$J$7, IF(COUNTIF(分類!$N$8:$N$25, 統合マスタ!V5)>0, 分類!$M$7, IF(COUNTIF(分類!$Q$8:$Q$25, 統合マスタ!V5)>0, 分類!$P$7, IF(COUNTIF(分類!$T$8:$T$25, 統合マスタ!V5)>0, 分類!$S$7, "無し"))))))) -> 臨時 | AC5: =X5*100000+B5 -> 1 | AD5: {=IF(A5="非採用","非採用",OFFSET( INDIRECT("'" & AB5 & "'!A4"), MATCH(B5, INDIRECT("'" & AB5 & "'!C5:C1000"), 0), MATCH("合計", INDIRECT("'" & AB5 & "'!4:4"), 0) - 1 ))} -> 395 | AE5: =H5*AD5 -> 3871 | AF5: =M5*AD5 -> 3421.6614
A6: =元データ!P3 -> 295 | B6: =B5+1 -> 2 | C6: =DBCS(元データ!A3) -> ００７ ツムラ ハチミジオウガン | D6: =元データ!B3 | E6: =DBCS(元データ!C3) -> 粉 | F6: =DBCS(元データ!D3) -> ２．５ｇｘ４２ | G6: =元データ!E3 -> ツムラ | H6: =元データ!F3 -> 9.8 | I6: =元データ!G3 -> 1029 | J6: =元データ!H3 -> 105 | K6: =元データ!I3 -> ｇ | L6: =元データ!J3 -> 935 | M6: =元データ!K3 -> 8.9047619 | N6: =IF(OFFSET(マスタ非採用削除!A$4,統合マスタ!$A6,0)="","",OFFSET(マスタ非採用削除!A$4,統合マスタ!$A6,0)) -> ﾂﾑﾗ007 | O6: =IF(OFFSET(マスタ非採用削除!B$4,統合マスタ!$A6,0)="","",OFFSET(マスタ非採用削除!B$4,統合マスタ!$A6,0)) -> ﾂﾑﾗ007 | P6: =IF(OFFSET(マスタ非採用削除!C$4,統合マスタ!$A6,0)="","",OFFSET(マスタ非採用削除!C$4,統合マスタ!$A6,0)) -> ツムラ八味地黄丸エキス顆粒（医療用） | Q6: =IF(OFFSET(マスタ非採用削除!D$4,統合マスタ!$A6,0)="","",OFFSET(マスタ非採用削除!D$4,統合マスタ!$A6,0)) -> ﾊﾁﾐ | R6: =IF(OR(A6="非採用",A6="処置薬",A6="非採用特別"),0,IF(OFFSET(マスタ非採用削除!E$4,統合マスタ!$A6,0)="","",OFFSET(マスタ非採用削除!E$4,統合マスタ!$A6,0))) -> 2 | S6: =IF(OFFSET(マスタ非採用削除!F$4,統合マスタ!$A6,0)="","",OFFSET(マスタ非採用削除!F$4,統合マスタ!$A6,0)) | T6: =IF(OFFSET(マスタ非採用削除!G$4,統合マスタ!$A6,0)="","",OFFSET(マスタ非採用削除!G$4,統合マスタ!$A6,0)) -> 9.8 | U6: =IF(OFFSET(マスタ非採用削除!H$4,統合マスタ!$A6,0)="","",OFFSET(マスタ非採用削除!H$4,統合マスタ!$A6,0)) -> ﾂﾑﾗﾊﾁﾐｼﾞｵｳｶﾞﾝｴｷｽｶﾘｭｳ(ｲﾘｮｳﾖｳ) | V6: =IF(OFFSET(マスタ非採用削除!I$4,統合マスタ!$A6,0)="","",OFFSET(マスタ非採用削除!I$4,統合マスタ!$A6,0)) -> 3 | W6: =IF(OFFSET(マスタ非採用削除!J$4,統合マスタ!$A6,0)="","",OFFSET(マスタ非採用削除!J$4,統合マスタ!$A6,0)) -> 散 | X6: =IF(OFFSET(マスタ非採用削除!K$4,統合マスタ!$A6,0)="","",OFFSET(マスタ非採用削除!K$4,統合マスタ!$A6,0)) -> 0 | Y6: =IF(OFFSET(マスタ非採用削除!L$4,統合マスタ!$A6,0)="","",OFFSET(マスタ非採用削除!L$4,統合マスタ!$A6,0)) | Z6: =IF(OFFSET(マスタ非採用削除!M$4,統合マスタ!$A6,0)="","",OFFSET(マスタ非採用削除!M$4,統合マスタ!$A6,0)) -> 4 | AA6: =IF(A6="非採用","非採用",IF(A6="処置薬","処置薬","")) | AB6: =IF(A6="非採用特別","非採用特別",IF(R6=2,"臨時", IF(COUNTIF(分類!$H$8:$H$25, 統合マスタ!V6)>0, 分類!$G$7, IF(COUNTIF(分類!$K$8:$K$25, 統合マスタ!V6)>0, 分類!$J$7, IF(COUNTIF(分類!$N$8:$N$25, 統合マスタ!V6)>0, 分類!$M$7, IF(COUNTIF(分類!$Q$8:$Q$25, 統合マスタ!V6)>0, 分類!$P$7, IF(COUNTIF(分類!$T$8:$T$25, 統合マスタ!V6)>0, 分類!$S$7, "無し"))))))) -> 臨時 | AC6: =X6*100000+B6 -> 2 | AD6: {=IF(A6="非採用","非採用",OFFSET( INDIRECT("'" & AB6 & "'!A4"), MATCH(B6, INDIRECT("'" & AB6 & "'!C5:C1000"), 0), MATCH("合計", INDIRECT("'" & AB6 & "'!4:4"), 0) - 1 ))} -> 0 | AE6: =H6*AD6 -> 0 | AF6: =M6*AD6 -> 0
A7: =元データ!P4 -> 296 | B7: =B6+1 -> 3 | C7: =DBCS(元データ!A4) -> ０１２ ツムラ サイコカリュウコツボレイトウ | D7: =元データ!B4 -> メディセオ | E7: =DBCS(元データ!C4) -> 粉 | F7: =DBCS(元データ!D4) -> ２．５ｇｘ１８９ | G7: =元データ!E4 -> ツムラ | H7: =元データ!F4 -> 20.3 | I7: =元データ!G4 -> 9591.75 | J7: =元データ!H4 -> 472.5 | K7: =元データ!I4 -> g | L7: =元データ!J4 -> 8544 | M7: =元データ!K4 -> 18.08254 | N7: =IF(OFFSET(マスタ非採用削除!A$4,統合マスタ!$A7,0)="","",OFFSET(マスタ非採用削除!A$4,統合マスタ!$A7,0)) -> ﾂﾑﾗ012 | O7: =IF(OFFSET(マスタ非採用削除!B$4,統合マスタ!$A7,0)="","",OFFSET(マスタ非採用削除!B$4,統合マスタ!$A7,0)) -> ﾂﾑﾗ012 | P7: =IF(OFFSET(マスタ非採用削除!C$4,統合マスタ!$A7,0)="","",OFFSET(マスタ非採用削除!C$4,統合マスタ!$A7,0)) -> ツムラ柴胡加竜骨牡蛎湯エキス顆粒（医療用） | Q7: =IF(OFFSET(マスタ非採用削除!D$4,統合マスタ!$A7,0)="","",OFFSET(マスタ非採用削除!D$4,統合マスタ!$A7,0)) -> ｻｲｺ | R7: =IF(OR(A7="非採用",A7="処置薬",A7="非採用特別"),0,IF(OFFSET(マスタ非採用削除!E$4,統合マスタ!$A7,0)="","",OFFSET(マスタ非採用削除!E$4,統合マスタ!$A7,0))) -> 2 | S7: =IF(OFFSET(マスタ非採用削除!F$4,統合マスタ!$A7,0)="","",OFFSET(マスタ非採用削除!F$4,統合マスタ!$A7,0)) | T7: =IF(OFFSET(マスタ非採用削除!G$4,統合マスタ!$A7,0)="","",OFFSET(マスタ非採用削除!G$4,統合マスタ!$A7,0)) -> 20.3 | U7: =IF(OFFSET(マスタ非採用削除!H$4,統合マスタ!$A7,0)="","",OFFSET(マスタ非採用削除!H$4,統合マスタ!$A7,0)) -> ﾂﾑﾗｻｲｺｶﾘｭｳｺﾂﾎﾞﾚｲﾄｳｴｷｽｶﾘｭｳ(ｲﾘｮｳﾖｳ) | V7: =IF(OFFSET(マスタ非採用削除!I$4,統合マスタ!$A7,0)="","",OFFSET(マスタ非採用削除!I$4,統合マスタ!$A7,0)) -> 3 | W7: =IF(OFFSET(マスタ非採用削除!J$4,統合マスタ!$A7,0)="","",OFFSET(マスタ非採用削除!J$4,統合マスタ!$A7,0)) -> 散 | X7: =IF(OFFSET(マスタ非採用削除!K$4,統合マスタ!$A7,0)="","",OFFSET(マスタ非採用削除!K$4,統合マスタ!$A7,0)) -> 0 | Y7: =IF(OFFSET(マスタ非採用削除!L$4,統合マスタ!$A7,0)="","",OFFSET(マスタ非採用削除!L$4,統合マスタ!$A7,0)) | Z7: =IF(OFFSET(マスタ非採用削除!M$4,統合マスタ!$A7,0)="","",OFFSET(マスタ非採用削除!M$4,統合マスタ!$A7,0)) -> 4 | AA7: =IF(A7="非採用","非採用",IF(A7="処置薬","処置薬","")) | AB7: =IF(A7="非採用特別","非採用特別",IF(R7=2,"臨時", IF(COUNTIF(分類!$H$8:$H$25, 統合マスタ!V7)>0, 分類!$G$7, IF(COUNTIF(分類!$K$8:$K$25, 統合マスタ!V7)>0, 分類!$J$7, IF(COUNTIF(分類!$N$8:$N$25, 統合マスタ!V7)>0, 分類!$M$7, IF(COUNTIF(分類!$Q$8:$Q$25, 統合マスタ!V7)>0, 分類!$P$7, IF(COUNTIF(分類!$T$8:$T$25, 統合マスタ!V7)>0, 分類!$S$7, "無し"))))))) -> 臨時 | AC7: =X7*100000+B7 -> 3 | AD7: {=IF(A7="非採用","非採用",OFFSET( INDIRECT("'" & AB7 & "'!A4"), MATCH(B7, INDIRECT("'" & AB7 & "'!C5:C1000"), 0), MATCH("合計", INDIRECT("'" & AB7 & "'!4:4"), 0) - 1 ))} -> 247.5 | AE7: =H7*AD7 -> 5024.25 | AF7: =M7*AD7 -> 4475.4286
A8: =元データ!P5 -> 297 | B8: =B7+1 -> 4 | C8: =DBCS(元データ!A5) -> ０１６ ツムラ ハンゲコウボクトウ | D8: =元データ!B5 -> メディセオ | E8: =DBCS(元データ!C5) -> 粉 | F8: =DBCS(元データ!D5) -> ２．５ｇｘ１８９ | G8: =元データ!E5 -> ツムラ | H8: =元データ!F5 -> 14.6 | I8: =元データ!G5 -> 6898.5 | J8: =元データ!H5 -> 472.5 | K8: =元データ!I5 -> ｇ | L8: =元データ!J5 -> 6211 | M8: =元データ!K5 -> 13.144974 | N8: =IF(OFFSET(マスタ非採用削除!A$4,統合マスタ!$A8,0)="","",OFFSET(マスタ非採用削除!A$4,統合マスタ!$A8,0)) -> ﾂﾑﾗ016 | O8: =IF(OFFSET(マスタ非採用削除!B$4,統合マスタ!$A8,0)="","",OFFSET(マスタ非採用削除!B$4,統合マスタ!$A8,0)) -> ﾂﾑﾗ016 | P8: =IF(OFFSET(マスタ非採用削除!C$4,統合マスタ!$A8,0)="","",OFFSET(マスタ非採用削除!C$4,統合マスタ!$A8,0)) -> ツムラ半夏厚朴湯エキス顆粒（医療用） | Q8: =IF(OFFSET(マスタ非採用削除!D$4,統合マスタ!$A8,0)="","",OFFSET(マスタ非採用削除!D$4,統合マスタ!$A8,0)) -> ﾊﾝｹﾞｺ | R8: =IF(OR(A8="非採用",A8="処置薬",A8="非採用特別"),0,IF(OFFSET(マスタ非採用削除!E$4,統合マスタ!$A8,0)="","",OFFSET(マスタ非採用削除!E$4,統合マスタ!$A8,0))) -> 2 | S8: =IF(OFFSET(マスタ非採用削除!F$4,統合マスタ!$A8,0)="","",OFFSET(マスタ非採用削除!F$4,統合マスタ!$A8,0)) | T8: =IF(OFFSET(マスタ非採用削除!G$4,統合マスタ!$A8,0)="","",OFFSET(マスタ非採用削除!G$4,統合マスタ!$A8,0)) -> 14.6 | U8: =IF(OFFSET(マスタ非採用削除!H$4,統合マスタ!$A8,0)="","",OFFSET(マスタ非採用削除!H$4,統合マスタ!$A8,0)) -> ﾂﾑﾗﾊﾝｹﾞｺｳﾎﾞｸﾄｳｴｷｽｶﾘｭｳ(ｲﾘｮｳﾖｳ) | V8: =IF(OFFSET(マスタ非採用削除!I$4,統合マスタ!$A8,0)="","",OFFSET(マスタ非採用削除!I$4,統合マスタ!$A8,0)) -> 3 | W8: =IF(OFFSET(マスタ非採用削除!J$4,統合マスタ!$A8,0)="","",OFFSET(マスタ非採用削除!J$4,統合マスタ!$A8,0)) -> 散 | X8: =IF(OFFSET(マスタ非採用削除!K$4,統合マスタ!$A8,0)="","",OFFSET(マスタ非採用削除!K$4,統合マスタ!$A8,0)) -> 0 | Y8: =IF(OFFSET(マスタ非採用削除!L$4,統合マスタ!$A8,0)="","",OFFSET(マスタ非採用削除!L$4,統合マスタ!$A8,0)) | Z8: =IF(OFFSET(マスタ非採用削除!M$4,統合マスタ!$A8,0)="","",OFFSET(マスタ非採用削除!M$4,統合マスタ!$A8,0)) -> 4 | AA8: =IF(A8="非採用","非採用",IF(A8="処置薬","処置薬","")) | AB8: =IF(A8="非採用特別","非採用特別",IF(R8=2,"臨時", IF(COUNTIF(分類!$H$8:$H$25, 統合マスタ!V8)>0, 分類!$G$7, IF(COUNTIF(分類!$K$8:$K$25, 統合マスタ!V8)>0, 分類!$J$7, IF(COUNTIF(分類!$N$8:$N$25, 統合マスタ!V8)>0, 分類!$M$7, IF(COUNTIF(分類!$Q$8:$Q$25, 統合マスタ!V8)>0, 分類!$P$7, IF(COUNTIF(分類!$T$8:$T$25, 統合マスタ!V8)>0, 分類!$S$7, "無し"))))))) -> 臨時 | AC8: =X8*100000+B8 -> 4 | AD8: {=IF(A8="非採用","非採用",OFFSET( INDIRECT("'" & AB8 & "'!A4"), MATCH(B8, INDIRECT("'" & AB8 & "'!C5:C1000"), 0), MATCH("合計", INDIRECT("'" & AB8 & "'!4:4"), 0) - 1 ))} -> 372.5 | AE8: =H8*AD8 -> 5438.5 | AF8: =M8*AD8 -> 4896.5026
A9: =元データ!P6 -> 298 | B9: =B8+1 -> 5 | C9: =DBCS(元データ!A6) -> ０１７ ツムラ ゴレイサン | D9: =元データ!B6 -> メディセオ | E9: =DBCS(元データ!C6) -> 粉 | F9: =DBCS(元データ!D6) -> ２．５ｇｘ１８９ | G9: =元データ!E6 -> ツムラ | H9: =元データ!F6 -> 13.6 | I9: =元データ!G6 -> 6426 | J9: =元データ!H6 -> 472.5 | K9: =元データ!I6 -> g | L9: =元データ!J6 -> 5728 | M9: =元データ!K6 -> 12.122751 | N9: =IF(OFFSET(マスタ非採用削除!A$4,統合マスタ!$A9,0)="","",OFFSET(マスタ非採用削除!A$4,統合マスタ!$A9,0)) -> ﾂﾑﾗ017 | O9: =IF(OFFSET(マスタ非採用削除!B$4,統合マスタ!$A9,0)="","",OFFSET(マスタ非採用削除!B$4,統合マスタ!$A9,0)) -> ﾂﾑﾗ017 | P9: =IF(OFFSET(マスタ非採用削除!C$4,統合マスタ!$A9,0)="","",OFFSET(マスタ非採用削除!C$4,統合マスタ!$A9,0)) -> ツムラ五苓散エキス顆粒（医療用） | Q9: =IF(OFFSET(マスタ非採用削除!D$4,統合マスタ!$A9,0)="","",OFFSET(マスタ非採用削除!D$4,統合マスタ!$A9,0)) -> ｺﾞﾚｲ | R9: =IF(OR(A9="非採用",A9="処置薬",A9="非採用特別"),0,IF(OFFSET(マスタ非採用削除!E$4,統合マスタ!$A9,0)="","",OFFSET(マスタ非採用削除!E$4,統合マスタ!$A9,0))) -> 1 | S9: =IF(OFFSET(マスタ非採用削除!F$4,統合マスタ!$A9,0)="","",OFFSET(マスタ非採用削除!F$4,統合マスタ!$A9,0)) | T9: =IF(OFFSET(マスタ非採用削除!G$4,統合マスタ!$A9,0)="","",OFFSET(マスタ非採用削除!G$4,統合マスタ!$A9,0)) -> 13.6 | U9: =IF(OFFSET(マスタ非採用削除!H$4,統合マスタ!$A9,0)="","",OFFSET(マスタ非採用削除!H$4,統合マスタ!$A9,0)) -> ﾂﾑﾗｺﾞﾚｲｻﾝｴｷｽｶﾘｭｳ(ｲﾘｮｳﾖｳ) | V9: =IF(OFFSET(マスタ非採用削除!I$4,統合マスタ!$A9,0)="","",OFFSET(マスタ非採用削除!I$4,統合マスタ!$A9,0)) -> 3 | W9: =IF(OFFSET(マスタ非採用削除!J$4,統合マスタ!$A9,0)="","",OFFSET(マスタ非採用削除!J$4,統合マスタ!$A9,0)) -> 散 | X9: =IF(OFFSET(マスタ非採用削除!K$4,統合マスタ!$A9,0)="","",OFFSET(マスタ非採用削除!K$4,統合マスタ!$A9,0)) -> 0 | Y9: =IF(OFFSET(マスタ非採用削除!L$4,統合マスタ!$A9,0)="","",OFFSET(マスタ非採用削除!L$4,統合マスタ!$A9,0)) | Z9: =IF(OFFSET(マスタ非採用削除!M$4,統合マスタ!$A9,0)="","",OFFSET(マスタ非採用削除!M$4,統合マスタ!$A9,0)) -> 4 | AA9: =IF(A9="非採用","非採用",IF(A9="処置薬","処置薬","")) | AB9: =IF(A9="非採用特別","非採用特別",IF(R9=2,"臨時", IF(COUNTIF(分類!$H$8:$H$25, 統合マスタ!V9)>0, 分類!$G$7, IF(COUNTIF(分類!$K$8:$K$25, 統合マスタ!V9)>0, 分類!$J$7, IF(COUNTIF(分類!$N$8:$N$25, 統合マスタ!V9)>0, 分類!$M$7, IF(COUNTIF(分類!$Q$8:$Q$25, 統合マスタ!V9)>0, 分類!$P$7, IF(COUNTIF(分類!$T$8:$T$25, 統合マスタ!V9)>0, 分類!$S$7, "無し"))))))) -> 散剤 | AC9: =X9*100000+B9 -> 5 | AD9: {=IF(A9="非採用","非採用",OFFSET( INDIRECT("'" & AB9 & "'!A4"), MATCH(B9, INDIRECT("'" & AB9 & "'!C5:C1000"), 0), MATCH("合計", INDIRECT("'" & AB9 & "'!4:4"), 0) - 1 ))} -> 237.5 | AE9: =H9*AD9 -> 3230 | AF9: =M9*AD9 -> 2879.1534
A10: =元データ!P7 -> 299 | B10: =B9+1 -> 6 | C10: =DBCS(元データ!A7) -> ０１９ ツムラ ショウセイリュウトウ | D10: =元データ!B7 -> メディセオ | E10: =DBCS(元データ!C7) -> 粉 | F10: =DBCS(元データ!D7) -> ３ｇＸ４２ | G10: =元データ!E7 -> ツムラ | H10: =元データ!F7 -> 12.8 | I10: =元データ!G7 -> 1612.8 | J10: =元データ!H7 -> 126 | K10: =元データ!I7 -> g | L10: =元データ!J7 -> 1465 | M10: =元データ!K7 -> 11.626984 | N10: =IF(OFFSET(マスタ非採用削除!A$4,統合マスタ!$A10,0)="","",OFFSET(マスタ非採用削除!A$4,統合マスタ!$A10,0)) -> ﾂﾑﾗ019 | O10: =IF(OFFSET(マスタ非採用削除!B$4,統合マスタ!$A10,0)="","",OFFSET(マスタ非採用削除!B$4,統合マスタ!$A10,0)) -> ﾂﾑﾗ019 | P10: =IF(OFFSET(マスタ非採用削除!C$4,統合マスタ!$A10,0)="","",OFFSET(マスタ非採用削除!C$4,統合マスタ!$A10,0)) -> ツムラ小青竜湯エキス顆粒（医療用） | Q10: =IF(OFFSET(マスタ非採用削除!D$4,統合マスタ!$A10,0)="","",OFFSET(マスタ非採用削除!D$4,統合マスタ!$A10,0)) | R10: =IF(OR(A10="非採用",A10="処置薬",A10="非採用特別"),0,IF(OFFSET(マスタ非採用削除!E$4,統合マスタ!$A10,0)="","",OFFSET(マスタ非採用削除!E$4,統合マスタ!$A10,0))) -> 2 | S10: =IF(OFFSET(マスタ非採用削除!F$4,統合マスタ!$A10,0)="","",OFFSET(マスタ非採用削除!F$4,統合マスタ!$A10,0)) | T10: =IF(OFFSET(マスタ非採用削除!G$4,統合マスタ!$A10,0)="","",OFFSET(マスタ非採用削除!G$4,統合マスタ!$A10,0)) -> 12.8 | U10: =IF(OFFSET(マスタ非採用削除!H$4,統合マスタ!$A10,0)="","",OFFSET(マスタ非採用削除!H$4,統合マスタ!$A10,0)) -> ﾂﾑﾗｼﾖｳｾｲﾘﾕｳﾄｳｴｷｽｶﾘﾕｳｲﾘﾖｳﾖｳ | V10: =IF(OFFSET(マスタ非採用削除!I$4,統合マスタ!$A10,0)="","",OFFSET(マスタ非採用削除!I$4,統合マスタ!$A10,0)) -> 5 | W10: =IF(OFFSET(マスタ非採用削除!J$4,統合マスタ!$A10,0)="","",OFFSET(マスタ非採用削除!J$4,統合マスタ!$A10,0)) -> 顆粒 | X10: =IF(OFFSET(マスタ非採用削除!K$4,統合マスタ!$A10,0)="","",OFFSET(マスタ非採用削除!K$4,統合マスタ!$A10,0)) -> 0 | Y10: =IF(OFFSET(マスタ非採用削除!L$4,統合マスタ!$A10,0)="","",OFFSET(マスタ非採用削除!L$4,統合マスタ!$A10,0)) | Z10: =IF(OFFSET(マスタ非採用削除!M$4,統合マスタ!$A10,0)="","",OFFSET(マスタ非採用削除!M$4,統合マスタ!$A10,0)) -> 4 | AA10: =IF(A10="非採用","非採用",IF(A10="処置薬","処置薬","")) | AB10: =IF(A10="非採用特別","非採用特別",IF(R10=2,"臨時", IF(COUNTIF(分類!$H$8:$H$25, 統合マスタ!V10)>0, 分類!$G$7, IF(COUNTIF(分類!$K$8:$K$25, 統合マスタ!V10)>0, 分類!$J$7, IF(COUNTIF(分類!$N$8:$N$25, 統合マスタ!V10)>0, 分類!$M$7, IF(COUNTIF(分類!$Q$8:$Q$25, 統合マスタ!V10)>0, 分類!$P$7, IF(COUNTIF(分類!$T$8:$T$25, 統合マスタ!V10)>0, 分類!$S$7, "無し"))))))) -> 臨時 | AC10: =X10*100000+B10 -> 6 | AD10: {=IF(A10="非採用","非採用",OFFSET( INDIRECT("'" & AB10 & "'!A4"), MATCH(B10, INDIRECT("'" & AB10 & "'!C5:C1000"), 0), MATCH("合計", INDIRECT("'" & AB10 & "'!4:4"), 0) - 1 ))} -> 15 | AE10: =H10*AD10 -> 192 | AF10: =M10*AD10 -> 174.40476
A11: =元データ!P8 -> 301 | B11: =B10+1 -> 7 | C11: =DBCS(元データ!A8) -> ０４３ ツムラ リツクンシトウ | D11: =元データ!B8 -> メディセオ | E11: =DBCS(元データ!C8) -> 粉 | F11: =DBCS(元データ!D8) -> ２．５ｇｘ１８９ | G11: =元データ!E8 -> ツムラ | H11: =元データ!F8 -> 18 | I11: =元データ!G8 -> 8505 | J11: =元データ!H8 -> 472.5 | K11: =元データ!I8 -> g | L11: =元データ!J8 -> 7576 | M11: =元データ!K8 -> 16.033862 | N11: =IF(OFFSET(マスタ非採用削除!A$4,統合マスタ!$A11,0)="","",OFFSET(マスタ非採用削除!A$4,統合マスタ!$A11,0)) -> ﾂﾑﾗ043 | O11: =IF(OFFSET(マスタ非採用削除!B$4,統合マスタ!$A11,0)="","",OFFSET(マスタ非採用削除!B$4,統合マスタ!$A11,0)) -> ﾂﾑﾗ043 | P11: =IF(OFFSET(マスタ非採用削除!C$4,統合マスタ!$A11,0)="","",OFFSET(マスタ非採用削除!C$4,統合マスタ!$A11,0)) -> ツムラ六君子湯エキス顆粒（医療用） | Q11: =IF(OFFSET(マスタ非採用削除!D$4,統合マスタ!$A11,0)="","",OFFSET(マスタ非採用削除!D$4,統合マスタ!$A11,0)) -> ﾘｯｸ | R11: =IF(OR(A11="非採用",A11="処置薬",A11="非採用特別"),0,IF(OFFSET(マスタ非採用削除!E$4,統合マスタ!$A11,0)="","",OFFSET(マスタ非採用削除!E$4,統合マスタ!$A11,0))) -> 2 | S11: =IF(OFFSET(マスタ非採用削除!F$4,統合マスタ!$A11,0)="","",OFFSET(マスタ非採用削除!F$4,統合マスタ!$A11,0)) | T11: =IF(OFFSET(マスタ非採用削除!G$4,統合マスタ!$A11,0)="","",OFFSET(マスタ非採用削除!G$4,統合マスタ!$A11,0)) -> 18 | U11: =IF(OFFSET(マスタ非採用削除!H$4,統合マスタ!$A11,0)="","",OFFSET(マスタ非採用削除!H$4,統合マスタ!$A11,0)) -> ﾂﾑﾗﾘｯｸﾝｼﾄｳｴｷｽｶﾘｭｳ(ｲﾘｮｳﾖｳ) | V11: =IF(OFFSET(マスタ非採用削除!I$4,統合マスタ!$A11,0)="","",OFFSET(マスタ非採用削除!I$4,統合マスタ!$A11,0)) -> 3 | W11: =IF(OFFSET(マスタ非採用削除!J$4,統合マスタ!$A11,0)="","",OFFSET(マスタ非採用削除!J$4,統合マスタ!$A11,0)) -> 散 | X11: =IF(OFFSET(マスタ非採用削除!K$4,統合マスタ!$A11,0)="","",OFFSET(マスタ非採用削除!K$4,統合マスタ!$A11,0)) -> 0 | Y11: =IF(OFFSET(マスタ非採用削除!L$4,統合マスタ!$A11,0)="","",OFFSET(マスタ非採用削除!L$4,統合マスタ!$A11,0)) | Z11: =IF(OFFSET(マスタ非採用削除!M$4,統合マスタ!$A11,0)="","",OFFSET(マスタ非採用削除!M$4,統合マスタ!$A11,0)) -> 4 | AA11: =IF(A11="非採用","非採用",IF(A11="処置薬","処置薬","")) | AB11: =IF(A11="非採用特別","非採用特別",IF(R11=2,"臨時", IF(COUNTIF(分類!$H$8:$H$25, 統合マスタ!V11)>0, 分類!$G$7, IF(COUNTIF(分類!$K$8:$K$25, 統合マスタ!V11)>0, 分類!$J$7, IF(COUNTIF(分類!$N$8:$N$25, 統合マスタ!V11)>0, 分類!$M$7, IF(COUNTIF(分類!$Q$8:$Q$25, 統合マスタ!V11)>0, 分類!$P$7, IF(COUNTIF(分類!$T$8:$T$25, 統合マスタ!V11)>0, 分類!$S$7, "無し"))))))) -> 臨時 | AC11: =X11*100000+B11 -> 7 | AD11: {=IF(A11="非採用","非採用",OFFSET( INDIRECT("'" & AB11 & "'!A4"), MATCH(B11, INDIRECT("'" & AB11 & "'!C5:C1000"), 0), MATCH("合計", INDIRECT("'" & AB11 & "'!4:4"), 0) - 1 ))} -> 495 | AE11: =H11*AD11 -> 8910 | AF11: =M11*AD11 -> 7936.7619
A12: =元データ!P9 -> 非採用 | B12: =B11+1 -> 8 | C12: =DBCS(元データ!A9) -> ０４８ ツムラ ジュウゼンタイホトウ | D12: =元データ!B9 | E12: =DBCS(元データ!C9) -> 粉 | F12: =DBCS(元データ!D9) -> ２．５ｇｘ１８９包 | G12: =元データ!E9 -> ツムラ | H12: =元データ!F9 -> 18.4 | I12: =元データ!G9 -> 8694 | J12: =元データ!H9 -> 472.5 | K12: =元データ!I9 -> g | L12: =元データ!J9 -> 7750 | M12: =元データ!K9 -> 16.402116 | N12: =IF(OFFSET(マスタ非採用削除!A$4,統合マスタ!$A12,0)="","",OFFSET(マスタ非採用削除!A$4,統合マスタ!$A12,0)) -> #VALUE! | O12: =IF(OFFSET(マスタ非採用削除!B$4,統合マスタ!$A12,0)="","",OFFSET(マスタ非採用削除!B$4,統合マスタ!$A12,0)) -> #VALUE! | P12: =IF(OFFSET(マスタ非採用削除!C$4,統合マスタ!$A12,0)="","",OFFSET(マスタ非採用削除!C$4,統合マスタ!$A12,0)) -> #VALUE! | Q12: =IF(OFFSET(マスタ非採用削除!D$4,統合マスタ!$A12,0)="","",OFFSET(マスタ非採用削除!D$4,統合マスタ!$A12,0)) -> #VALUE! | R12: =IF(OR(A12="非採用",A12="処置薬",A12="非採用特別"),0,IF(OFFSET(マスタ非採用削除!E$4,統合マスタ!$A12,0)="","",OFFSET(マスタ非採用削除!E$4,統合マスタ!$A12,0))) -> 0 | S12: =IF(OFFSET(マスタ非採用削除!F$4,統合マスタ!$A12,0)="","",OFFSET(マスタ非採用削除!F$4,統合マスタ!$A12,0)) -> #VALUE! | T12: =IF(OFFSET(マスタ非採用削除!G$4,統合マスタ!$A12,0)="","",OFFSET(マスタ非採用削除!G$4,統合マスタ!$A12,0)) -> #VALUE! | U12: =IF(OFFSET(マスタ非採用削除!H$4,統合マスタ!$A12,0)="","",OFFSET(マスタ非採用削除!H$4,統合マスタ!$A12,0)) -> #VALUE! | V12: =IF(OFFSET(マスタ非採用削除!I$4,統合マスタ!$A12,0)="","",OFFSET(マスタ非採用削除!I$4,統合マスタ!$A12,0)) -> #VALUE! | W12: =IF(OFFSET(マスタ非採用削除!J$4,統合マスタ!$A12,0)="","",OFFSET(マスタ非採用削除!J$4,統合マスタ!$A12,0)) -> #VALUE! | X12: =IF(OFFSET(マスタ非採用削除!K$4,統合マスタ!$A12,0)="","",OFFSET(マスタ非採用削除!K$4,統合マスタ!$A12,0)) -> #VALUE! | Y12: =IF(OFFSET(マスタ非採用削除!L$4,統合マスタ!$A12,0)="","",OFFSET(マスタ非採用削除!L$4,統合マスタ!$A12,0)) -> #VALUE! | Z12: =IF(OFFSET(マスタ非採用削除!M$4,統合マスタ!$A12,0)="","",OFFSET(マスタ非採用削除!M$4,統合マスタ!$A12,0)) -> #VALUE! | AA12: =IF(A12="非採用","非採用",IF(A12="処置薬","処置薬","")) -> 非採用 | AB12: =IF(A12="非採用特別","非採用特別",IF(R12=2,"臨時", IF(COUNTIF(分類!$H$8:$H$25, 統合マスタ!V12)>0, 分類!$G$7, IF(COUNTIF(分類!$K$8:$K$25, 統合マスタ!V12)>0, 分類!$J$7, IF(COUNTIF(分類!$N$8:$N$25, 統合マスタ!V12)>0, 分類!$M$7, IF(COUNTIF(分類!$Q$8:$Q$25, 統合マスタ!V12)>0, 分類!$P$7, IF(COUNTIF(分類!$T$8:$T$25, 統合マスタ!V12)>0, 分類!$S$7, "無し"))))))) -> 無し | AC12: =X12*100000+B12 -> #VALUE! | AD12: {=IF(A12="非採用","非採用",OFFSET( INDIRECT("'" & AB12 & "'!A4"), MATCH(B12, INDIRECT("'" & AB12 & "'!C5:C1000"), 0), MATCH("合計", INDIRECT("'" & AB12 & "'!4:4"), 0) - 1 ))} -> 非採用 | AE12: =H12*AD12 -> #VALUE! | AF12: =M12*AD12 -> #VALUE!
A13: =元データ!P10 -> 302 | B13: =B12+1 -> 9 | C13: =DBCS(元データ!A10) -> ０５４ ツムラ ヨクカンサン | D13: =元データ!B10 -> メディセオ | E13: =DBCS(元データ!C10) -> 粉 | F13: =DBCS(元データ!D10) -> ２．５ｇＸ１８９ | G13: =元データ!E10 -> ツムラ | H13: =元データ!F10 -> 16.1 | I13: =元データ!G10 -> 7607.25 | J13: =元データ!H10 -> 472.5 | K13: =元データ!I10 -> g | L13: =元データ!J10 -> 6849 | M13: =元データ!K10 -> 14.495238 | N13: =IF(OFFSET(マスタ非採用削除!A$4,統合マスタ!$A13,0)="","",OFFSET(マスタ非採用削除!A$4,統合マスタ!$A13,0)) -> ﾂﾑﾗ054 | O13: =IF(OFFSET(マスタ非採用削除!B$4,統合マスタ!$A13,0)="","",OFFSET(マスタ非採用削除!B$4,統合マスタ!$A13,0)) -> ﾂﾑﾗ054 | P13: =IF(OFFSET(マスタ非採用削除!C$4,統合マスタ!$A13,0)="","",OFFSET(マスタ非採用削除!C$4,統合マスタ!$A13,0)) -> ツムラ抑肝散エキス顆粒（医療用） | Q13: =IF(OFFSET(マスタ非採用削除!D$4,統合マスタ!$A13,0)="","",OFFSET(マスタ非採用削除!D$4,統合マスタ!$A13,0)) -> ﾖｸｶ | R13: =IF(OR(A13="非採用",A13="処置薬",A13="非採用特別"),0,IF(OFFSET(マスタ非採用削除!E$4,統合マスタ!$A13,0)="","",OFFSET(マスタ非採用削除!E$4,統合マスタ!$A13,0))) -> 1 | S13: =IF(OFFSET(マスタ非採用削除!F$4,統合マスタ!$A13,0)="","",OFFSET(マスタ非採用削除!F$4,統合マスタ!$A13,0)) | T13: =IF(OFFSET(マスタ非採用削除!G$4,統合マスタ!$A13,0)="","",OFFSET(マスタ非採用削除!G$4,統合マスタ!$A13,0)) -> 16.1 | U13: =IF(OFFSET(マスタ非採用削除!H$4,統合マスタ!$A13,0)="","",OFFSET(マスタ非採用削除!H$4,統合マスタ!$A13,0)) -> ﾂﾑﾗﾖｸｶﾝｻﾝｴｷｽｶﾘｭｳ(ｲﾘｮｳﾖｳ) | V13: =IF(OFFSET(マスタ非採用削除!I$4,統合マスタ!$A13,0)="","",OFFSET(マスタ非採用削除!I$4,統合マスタ!$A13,0)) -> 3 | W13: =IF(OFFSET(マスタ非採用削除!J$4,統合マスタ!$A13,0)="","",OFFSET(マスタ非採用削除!J$4,統合マスタ!$A13,0)) -> 散 | X13: =IF(OFFSET(マスタ非採用削除!K$4,統合マスタ!$A13,0)="","",OFFSET(マスタ非採用削除!K$4,統合マスタ!$A13,0)) -> 0 | Y13: =IF(OFFSET(マスタ非採用削除!L$4,統合マスタ!$A13,0)="","",OFFSET(マスタ非採用削除!L$4,統合マスタ!$A13,0)) | Z13: =IF(OFFSET(マスタ非採用削除!M$4,統合マスタ!$A13,0)="","",OFFSET(マスタ非採用削除!M$4,統合マスタ!$A13,0)) -> 4 | AA13: =IF(A13="非採用","非採用",IF(A13="処置薬","処置薬","")) | AB13: =IF(A13="非採用特別","非採用特別",IF(R13=2,"臨時", IF(COUNTIF(分類!$H$8:$H$25, 統合マスタ!V13)>0, 分類!$G$7, IF(COUNTIF(分類!$K$8:$K$25, 統合マスタ!V13)>0, 分類!$J$7, IF(COUNTIF(分類!$N$8:$N$25, 統合マスタ!V13)>0, 分類!$M$7, IF(COUNTIF(分類!$Q$8:$Q$25, 統合マスタ!V13)>0, 分類!$P$7, IF(COUNTIF(分類!$T$8:$T$25, 統合マスタ!V13)>0, 分類!$S$7, "無し"))))))) -> 散剤 | AC13: =X13*100000+B13 -> 9 | AD13: {=IF(A13="非採用","非採用",OFFSET( INDIRECT("'" & AB13 & "'!A4"), MATCH(B13, INDIRECT("'" & AB13 & "'!C5:C1000"), 0), MATCH("合計", INDIRECT("'" & AB13 & "'!4:4"), 0) - 1 ))} -> 2752.5 | AE13: =H13*AD13 -> 44315.25 | AF13: =M13*AD13 -> 39898.143
A14: =元データ!P11 -> 303 | B14: =B13+1 -> 10 | C14: =DBCS(元データ!A11) -> ０６２ ツムラ ボウフウツウシヨウサン | D14: =元データ!B11 -> メディセオ | E14: =DBCS(元データ!C11) -> 粉 | F14: =DBCS(元データ!D11) -> ２．５ｇｘ１８９ | G14: =元データ!E11 -> ツムラ | H14: =元データ!F11 -> 13.8 | I14: =元データ!G11 -> 6520.5 | J14: =元データ!H11 -> 472.5 | K14: =元データ!I11 -> g | L14: =元データ!J11 -> 5871 | M14: =元データ!K11 -> 12.425397 | N14: =IF(OFFSET(マスタ非採用削除!A$4,統合マスタ!$A14,0)="","",OFFSET(マスタ非採用削除!A$4,統合マスタ!$A14,0)) -> ﾂﾑﾗ062 | O14: =IF(OFFSET(マスタ非採用削除!B$4,統合マスタ!$A14,0)="","",OFFSET(マスタ非採用削除!B$4,統合マスタ!$A14,0)) -> ﾂﾑﾗ062 | P14: =IF(OFFSET(マスタ非採用削除!C$4,統合マスタ!$A14,0)="","",OFFSET(マスタ非採用削除!C$4,統合マスタ!$A14,0)) -> ツムラ防風通聖散エキス顆粒（医療用） | Q14: =IF(OFFSET(マスタ非採用削除!D$4,統合マスタ!$A14,0)="","",OFFSET(マスタ非採用削除!D$4,統合マスタ!$A14,0)) -> ﾎﾞｳﾌｳ | R14: =IF(OR(A14="非採用",A14="処置薬",A14="非採用特別"),0,IF(OFFSET(マスタ非採用削除!E$4,統合マスタ!$A14,0)="","",OFFSET(マスタ非採用削除!E$4,統合マスタ!$A14,0))) -> 1 | S14: =IF(OFFSET(マスタ非採用削除!F$4,統合マスタ!$A14,0)="","",OFFSET(マスタ非採用削除!F$4,統合マスタ!$A14,0)) | T14: =IF(OFFSET(マスタ非採用削除!G$4,統合マスタ!$A14,0)="","",OFFSET(マスタ非採用削除!G$4,統合マスタ!$A14,0)) -> 13.8 | U14: =IF(OFFSET(マスタ非採用削除!H$4,統合マスタ!$A14,0)="","",OFFSET(マスタ非採用削除!H$4,統合マスタ!$A14,0)) -> ﾂﾑﾗﾎﾞｳﾌｳﾂｳｼｮｳｻﾝｴｷｽｶﾘｭｳ(ｲﾘｮｳﾖｳ) | V14: =IF(OFFSET(マスタ非採用削除!I$4,統合マスタ!$A14,0)="","",OFFSET(マスタ非採用削除!I$4,統合マスタ!$A14,0)) -> 3 | W14: =IF(OFFSET(マスタ非採用削除!J$4,統合マスタ!$A14,0)="","",OFFSET(マスタ非採用削除!J$4,統合マスタ!$A14,0)) -> 散 | X14: =IF(OFFSET(マスタ非採用削除!K$4,統合マスタ!$A14,0)="","",OFFSET(マスタ非採用削除!K$4,統合マスタ!$A14,0)) -> 0 | Y14: =IF(OFFSET(マスタ非採用削除!L$4,統合マスタ!$A14,0)="","",OFFSET(マスタ非採用削除!L$4,統合マスタ!$A14,0)) | Z14: =IF(OFFSET(マスタ非採用削除!M$4,統合マスタ!$A14,0)="","",OFFSET(マスタ非採用削除!M$4,統合マスタ!$A14,0)) -> 4 | AA14: =IF(A14="非採用","非採用",IF(A14="処置薬","処置薬","")) | AB14: =IF(A14="非採用特別","非採用特別",IF(R14=2,"臨時", IF(COUNTIF(分類!$H$8:$H$25, 統合マスタ!V14)>0, 分類!$G$7, IF(COUNTIF(分類!$K$8:$K$25, 統合マスタ!V14)>0, 分類!$J$7, IF(COUNTIF(分類!$N$8:$N$25, 統合マスタ!V14)>0, 分類!$M$7, IF(COUNTIF(分類!$Q$8:$Q$25, 統合マスタ!V14)>0, 分類!$P$7, IF(COUNTIF(分類!$T$8:$T$25, 統合マスタ!V14)>0, 分類!$S$7, "無し"))))))) -> 散剤 | AC14: =X14*100000+B14 -> 10 | AD14: {=IF(A14="非採用","非採用",OFFSET( INDIRECT("'" & AB14 & "'!A4"), MATCH(B14, INDIRECT("'" & AB14 & "'!C5:C1000"), 0), MATCH("合計", INDIRECT("'" & AB14 & "'!4:4"), 0) - 1 ))} -> 427.5 | AE14: =H14*AD14 -> 5899.5 | AF14: =M14*AD14 -> 5311.8571
A15: =元データ!P12 -> 304 | B15: =B14+1 -> 11 | C15: =DBCS(元データ!A12) -> ０６８ ツムラ シャクヤクカンゾウトウ | D15: =元データ!B12 -> メディセオ | E15: =DBCS(元データ!C12) -> 粉 | F15: =DBCS(元データ!D12) -> ２．５ｇｘ４２ | G15: =元データ!E12 -> ツムラ | H15: =元データ!F12 -> 10.4 | I15: =元データ!G12 -> 1092 | J15: =元データ!H12 -> 105 | K15: =元データ!I12 -> g | L15: =元データ!J12 -> 992 | M15: =元データ!K12 -> 9.447619 | N15: =IF(OFFSET(マスタ非採用削除!A$4,統合マスタ!$A15,0)="","",OFFSET(マスタ非採用削除!A$4,統合マスタ!$A15,0)) -> ﾂﾑﾗ068 | O15: =IF(OFFSET(マスタ非採用削除!B$4,統合マスタ!$A15,0)="","",OFFSET(マスタ非採用削除!B$4,統合マスタ!$A15,0)) -> ﾂﾑﾗ068 | P15: =IF(OFFSET(マスタ非採用削除!C$4,統合マスタ!$A15,0)="","",OFFSET(マスタ非採用削除!C$4,統合マスタ!$A15,0)) -> ツムラ芍薬甘草湯エキス顆粒（医療用） | Q15: =IF(OFFSET(マスタ非採用削除!D$4,統合マスタ!$A15,0)="","",OFFSET(マスタ非採用削除!D$4,統合マスタ!$A15,0)) -> ｼｬｸ | R15: =IF(OR(A15="非採用",A15="処置薬",A15="非採用特別"),0,IF(OFFSET(マスタ非採用削除!E$4,統合マスタ!$A15,0)="","",OFFSET(マスタ非採用削除!E$4,統合マスタ!$A15,0))) -> 1 | S15: =IF(OFFSET(マスタ非採用削除!F$4,統合マスタ!$A15,0)="","",OFFSET(マスタ非採用削除!F$4,統合マスタ!$A15,0)) | T15: =IF(OFFSET(マスタ非採用削除!G$4,統合マスタ!$A15,0)="","",OFFSET(マスタ非採用削除!G$4,統合マスタ!$A15,0)) -> 10.4 | U15: =IF(OFFSET(マスタ非採用削除!H$4,統合マスタ!$A15,0)="","",OFFSET(マスタ非採用削除!H$4,統合マスタ!$A15,0)) -> ﾂﾑﾗｼｬｸﾔｸｶﾝｿﾞｳﾄｳｴｷｽｶﾘｭｳ(ｲﾘｮｳﾖｳ) | V15: =IF(OFFSET(マスタ非採用削除!I$4,統合マスタ!$A15,0)="","",OFFSET(マスタ非採用削除!I$4,統合マスタ!$A15,0)) -> 3 | W15: =IF(OFFSET(マスタ非採用削除!J$4,統合マスタ!$A15,0)="","",OFFSET(マスタ非採用削除!J$4,統合マスタ!$A15,0)) -> 散 | X15: =IF(OFFSET(マスタ非採用削除!K$4,統合マスタ!$A15,0)="","",OFFSET(マスタ非採用削除!K$4,統合マスタ!$A15,0)) -> 0 | Y15: =IF(OFFSET(マスタ非採用削除!L$4,統合マスタ!$A15,0)="","",OFFSET(マスタ非採用削除!L$4,統合マスタ!$A15,0)) | Z15: =IF(OFFSET(マスタ非採用削除!M$4,統合マスタ!$A15,0)="","",OFFSET(マスタ非採用削除!M$4,統合マスタ!$A15,0)) -> 4 | AA15: =IF(A15="非採用","非採用",IF(A15="処置薬","処置薬","")) | AB15: =IF(A15="非採用特別","非採用特別",IF(R15=2,"臨時", IF(COUNTIF(分類!$H$8:$H$25, 統合マスタ!V15)>0, 分類!$G$7, IF(COUNTIF(分類!$K$8:$K$25, 統合マスタ!V15)>0, 分類!$J$7, IF(COUNTIF(分類!$N$8:$N$25, 統合マスタ!V15)>0, 分類!$M$7, IF(COUNTIF(分類!$Q$8:$Q$25, 統合マスタ!V15)>0, 分類!$P$7, IF(COUNTIF(分類!$T$8:$T$25, 統合マスタ!V15)>0, 分類!$S$7, "無し"))))))) -> 散剤 | AC15: =X15*100000+B15 -> 11 | AD15: {=IF(A15="非採用","非採用",OFFSET( INDIRECT("'" & AB15 & "'!A4"), MATCH(B15, INDIRECT("'" & AB15 & "'!C5:C1000"), 0), MATCH("合計", INDIRECT("'" & AB15 & "'!4:4"), 0) - 1 ))} -> 5 | AE15: =H15*AD15 -> 52 | AF15: =M15*AD15 -> 47.238095
A16: =元データ!P13 -> 305 | B16: =B15+1 -> 12 | C16: =DBCS(元データ!A13) -> ０８３ ツムラ ヨクカンサンカチンピハンゲ | D16: =元データ!B13 -> メディセオ | E16: =DBCS(元データ!C13) -> 粉 | F16: =DBCS(元データ!D13) -> ２．５ｇｘ１８９ | G16: =元データ!E13 -> ツムラ | H16: =元データ!F13 -> 14.4 | I16: =元データ!G13 -> 6804 | J16: =元データ!H13 -> 472.5 | K16: =元データ!I13 -> g | L16: =元データ!J13 -> 6065 | M16: =元データ!K13 -> 12.835979 | N16: =IF(OFFSET(マスタ非採用削除!A$4,統合マスタ!$A16,0)="","",OFFSET(マスタ非採用削除!A$4,統合マスタ!$A16,0)) -> ﾂﾑﾗ083 | O16: =IF(OFFSET(マスタ非採用削除!B$4,統合マスタ!$A16,0)="","",OFFSET(マスタ非採用削除!B$4,統合マスタ!$A16,0)) -> ﾂﾑﾗ083 | P16: =IF(OFFSET(マスタ非採用削除!C$4,統合マスタ!$A16,0)="","",OFFSET(マスタ非採用削除!C$4,統合マスタ!$A16,0)) -> ツムラ抑肝散加陳皮半夏エキス顆粒（医療用） | Q16: =IF(OFFSET(マスタ非採用削除!D$4,統合マスタ!$A16,0)="","",OFFSET(マスタ非採用削除!D$4,統合マスタ!$A16,0)) -> ﾖｸｶﾁﾝ | R16: =IF(OR(A16="非採用",A16="処置薬",A16="非採用特別"),0,IF(OFFSET(マスタ非採用削除!E$4,統合マスタ!$A16,0)="","",OFFSET(マスタ非採用削除!E$4,統合マスタ!$A16,0))) -> 1 | S16: =IF(OFFSET(マスタ非採用削除!F$4,統合マスタ!$A16,0)="","",OFFSET(マスタ非採用削除!F$4,統合マスタ!$A16,0)) | T16: =IF(OFFSET(マスタ非採用削除!G$4,統合マスタ!$A16,0)="","",OFFSET(マスタ非採用削除!G$4,統合マスタ!$A16,0)) -> 14.4 | U16: =IF(OFFSET(マスタ非採用削除!H$4,統合マスタ!$A16,0)="","",OFFSET(マスタ非採用削除!H$4,統合マスタ!$A16,0)) -> ﾂﾑﾗﾖｸｶﾝｻﾝｶﾁﾝﾋﾟﾊﾝｹﾞｴｷｽｶﾘｭｳ(ｲﾘｮｳﾖｳ) | V16: =IF(OFFSET(マスタ非採用削除!I$4,統合マスタ!$A16,0)="","",OFFSET(マスタ非採用削除!I$4,統合マスタ!$A16,0)) -> 3 | W16: =IF(OFFSET(マスタ非採用削除!J$4,統合マスタ!$A16,0)="","",OFFSET(マスタ非採用削除!J$4,統合マスタ!$A16,0)) -> 散 | X16: =IF(OFFSET(マスタ非採用削除!K$4,統合マスタ!$A16,0)="","",OFFSET(マスタ非採用削除!K$4,統合マスタ!$A16,0)) -> 0 | Y16: =IF(OFFSET(マスタ非採用削除!L$4,統合マスタ!$A16,0)="","",OFFSET(マスタ非採用削除!L$4,統合マスタ!$A16,0)) | Z16: =IF(OFFSET(マスタ非採用削除!M$4,統合マスタ!$A16,0)="","",OFFSET(マスタ非採用削除!M$4,統合マスタ!$A16,0)) -> 4 | AA16: =IF(A16="非採用","非採用",IF(A16="処置薬","処置薬","")) | AB16: =IF(A16="非採用特別","非採用特別",IF(R16=2,"臨時", IF(COUNTIF(分類!$H$8:$H$25, 統合マスタ!V16)>0, 分類!$G$7, IF(COUNTIF(分類!$K$8:$K$25, 統合マスタ!V16)>0, 分類!$J$7, IF(COUNTIF(分類!$N$8:$N$25, 統合マスタ!V16)>0, 分類!$M$7, IF(COUNTIF(分類!$Q$8:$Q$25, 統合マスタ!V16)>0, 分類!$P$7, IF(COUNTIF(分類!$T$8:$T$25, 統合マスタ!V16)>0, 分類!$S$7, "無し"))))))) -> 散剤 | AC16: =X16*100000+B16 -> 12 | AD16: {=IF(A16="非採用","非採用",OFFSET( INDIRECT("'" & AB16 & "'!A4"), MATCH(B16, INDIRECT("'" & AB16 & "'!C5:C1000"), 0), MATCH("合計", INDIRECT("'" & AB16 & "'!4:4"), 0) - 1 ))} -> 582.5 | AE16: =H16*AD16 -> 8388 | AF16: =M16*AD16 -> 7476.9577
A17: =元データ!P14 -> 306 | B17: =B16+1 -> 13 | C17: =DBCS(元データ!A14) -> １００ ツムラ ダイケンチユウトウ | D17: =元データ!B14 -> メディセオ | E17: =DBCS(元データ!C14) -> 粉 | F17: =DBCS(元データ!D14) -> ２．５ｇＸ１８９ | G17: =元データ!E14 -> ツムラ | H17: =元データ!F14 -> 13.7 | I17: =元データ!G14 -> 6473.25 | J17: =元データ!H14 -> 472.5 | K17: =元データ!I14 -> g | L17: =元データ!J14 -> 5828 | M17: =元データ!K14 -> 12.334392 | N17: =IF(OFFSET(マスタ非採用削除!A$4,統合マスタ!$A17,0)="","",OFFSET(マスタ非採用削除!A$4,統合マスタ!$A17,0)) -> ﾂﾑﾗ100 | O17: =IF(OFFSET(マスタ非採用削除!B$4,統合マスタ!$A17,0)="","",OFFSET(マスタ非採用削除!B$4,統合マスタ!$A17,0)) -> ﾂﾑﾗ100 | P17: =IF(OFFSET(マスタ非採用削除!C$4,統合マスタ!$A17,0)="","",OFFSET(マスタ非採用削除!C$4,統合マスタ!$A17,0)) -> ツムラ大建中湯エキス顆粒（医療用） | Q17: =IF(OFFSET(マスタ非採用削除!D$4,統合マスタ!$A17,0)="","",OFFSET(マスタ非採用削除!D$4,統合マスタ!$A17,0)) -> ﾀﾞｲｹﾝﾁ | R17: =IF(OR(A17="非採用",A17="処置薬",A17="非採用特別"),0,IF(OFFSET(マスタ非採用削除!E$4,統合マスタ!$A17,0)="","",OFFSET(マスタ非採用削除!E$4,統合マスタ!$A17,0))) -> 1 | S17: =IF(OFFSET(マスタ非採用削除!F$4,統合マスタ!$A17,0)="","",OFFSET(マスタ非採用削除!F$4,統合マスタ!$A17,0)) | T17: =IF(OFFSET(マスタ非採用削除!G$4,統合マスタ!$A17,0)="","",OFFSET(マスタ非採用削除!G$4,統合マスタ!$A17,0)) -> 13.7 | U17: =IF(OFFSET(マスタ非採用削除!H$4,統合マスタ!$A17,0)="","",OFFSET(マスタ非採用削除!H$4,統合マスタ!$A17,0)) -> ﾂﾑﾗﾀﾞｲｹﾝﾁｭｳﾄｳｴｷｽｶﾘｭｳ(ｲﾘｮｳﾖｳ) | V17: =IF(OFFSET(マスタ非採用削除!I$4,統合マスタ!$A17,0)="","",OFFSET(マスタ非採用削除!I$4,統合マスタ!$A17,0)) -> 3 | W17: =IF(OFFSET(マスタ非採用削除!J$4,統合マスタ!$A17,0)="","",OFFSET(マスタ非採用削除!J$4,統合マスタ!$A17,0)) -> 散 | X17: =IF(OFFSET(マスタ非採用削除!K$4,統合マスタ!$A17,0)="","",OFFSET(マスタ非採用削除!K$4,統合マスタ!$A17,0)) -> 0 | Y17: =IF(OFFSET(マスタ非採用削除!L$4,統合マスタ!$A17,0)="","",OFFSET(マスタ非採用削除!L$4,統合マスタ!$A17,0)) | Z17: =IF(OFFSET(マスタ非採用削除!M$4,統合マスタ!$A17,0)="","",OFFSET(マスタ非採用削除!M$4,統合マスタ!$A17,0)) -> 4 | AA17: =IF(A17="非採用","非採用",IF(A17="処置薬","処置薬","")) | AB17: =IF(A17="非採用特別","非採用特別",IF(R17=2,"臨時", IF(COUNTIF(分類!$H$8:$H$25, 統合マスタ!V17)>0, 分類!$G$7, IF(COUNTIF(分類!$K$8:$K$25, 統合マスタ!V17)>0, 分類!$J$7, IF(COUNTIF(分類!$N$8:$N$25, 統合マスタ!V17)>0, 分類!$M$7, IF(COUNTIF(分類!$Q$8:$Q$25, 統合マスタ!V17)>0, 分類!$P$7, IF(COUNTIF(分類!$T$8:$T$25, 統合マスタ!V17)>0, 分類!$S$7, "無し"))))))) -> 散剤 | AC17: =X17*100000+B17 -> 13 | AD17: {=IF(A17="非採用","非採用",OFFSET( INDIRECT("'" & AB17 & "'!A4"), MATCH(B17, INDIRECT("'" & AB17 & "'!C5:C1000"), 0), MATCH("合計", INDIRECT("'" & AB17 & "'!4:4"), 0) - 1 ))} -> 1400 | AE17: =H17*AD17 -> 19180 | AF17: =M17*AD17 -> 17268.148
... A37: =元データ!P34 -> 4 | B37: =B36+1 -> 33 | C37: =DBCS(元データ!A34) -> アクチット輸液 | D37: =元データ!B34 -> メディセオ | E37: =DBCS(元データ!C34) | F37: =DBCS(元データ!D34) -> ５００ｍｌｘ２０袋 | G37: =元データ!E34 -> 扶桑薬品 | H37: =元データ!F34 -> 341 | I37: =元データ!G34 -> 6820 | J37: =元データ!H34 -> 20 | K37: =元データ!I34 -> 袋 | L37: =元データ!J34 -> 6075 | M37: =元データ!K34 -> 303.75 | N37: =IF(OFFSET(マスタ非採用削除!A$4,統合マスタ!$A37,0)="","",OFFSET(マスタ非採用削除!A$4,統合マスタ!$A37,0)) -> ｱｸﾁ002 | O37: =IF(OFFSET(マスタ非採用削除!B$4,統合マスタ!$A37,0)="","",OFFSET(マスタ非採用削除!B$4,統合マスタ!$A37,0)) -> ｱｸﾁ002 | P37: =IF(OFFSET(マスタ非採用削除!C$4,統合マスタ!$A37,0)="","",OFFSET(マスタ非採用削除!C$4,統合マスタ!$A37,0)) -> アクチット輸液 | Q37: =IF(OFFSET(マスタ非採用削除!D$4,統合マスタ!$A37,0)="","",OFFSET(マスタ非採用削除!D$4,統合マスタ!$A37,0)) | R37: =IF(OR(A37="非採用",A37="処置薬",A37="非採用特別"),0,IF(OFFSET(マスタ非採用削除!E$4,統合マスタ!$A37,0)="","",OFFSET(マスタ非採用削除!E$4,統合マスタ!$A37,0))) -> 1 | S37: =IF(OFFSET(マスタ非採用削除!F$4,統合マスタ!$A37,0)="","",OFFSET(マスタ非採用削除!F$4,統合マスタ!$A37,0)) | T37: =IF(OFFSET(マスタ非採用削除!G$4,統合マスタ!$A37,0)="","",OFFSET(マスタ非採用削除!G$4,統合マスタ!$A37,0)) -> 341 | U37: =IF(OFFSET(マスタ非採用削除!H$4,統合マスタ!$A37,0)="","",OFFSET(マスタ非採用削除!H$4,統合マスタ!$A37,0)) -> ｱｸﾁﾂﾄﾕｴｷ | V37: =IF(OFFSET(マスタ非採用削除!I$4,統合マスタ!$A37,0)="","",OFFSET(マスタ非採用削除!I$4,統合マスタ!$A37,0)) -> 25 | W37: =IF(OFFSET(マスタ非採用削除!J$4,統合マスタ!$A37,0)="","",OFFSET(マスタ非採用削除!J$4,統合マスタ!$A37,0)) -> 注射剤 | X37: =IF(OFFSET(マスタ非採用削除!K$4,統合マスタ!$A37,0)="","",OFFSET(マスタ非採用削除!K$4,統合マスタ!$A37,0)) -> 0 | Y37: =IF(OFFSET(マスタ非採用削除!L$4,統合マスタ!$A37,0)="","",OFFSET(マスタ非採用削除!L$4,統合マスタ!$A37,0)) | Z37: =IF(OFFSET(マスタ非採用削除!M$4,統合マスタ!$A37,0)="","",OFFSET(マスタ非採用削除!M$4,統合マスタ!$A37,0)) -> 10 | AA37: =IF(A37="非採用","非採用",IF(A37="処置薬","処置薬","")) | AB37: =IF(A37="非採用特別","非採用特別",IF(R37=2,"臨時", IF(COUNTIF(分類!$H$8:$H$25, 統合マスタ!V37)>0, 分類!$G$7, IF(COUNTIF(分類!$K$8:$K$25, 統合マスタ!V37)>0, 分類!$J$7, IF(COUNTIF(分類!$N$8:$N$25, 統合マスタ!V37)>0, 分類!$M$7, IF(COUNTIF(分類!$Q$8:$Q$25, 統合マスタ!V37)>0, 分類!$P$7, IF(COUNTIF(分類!$T$8:$T$25, 統合マスタ!V37)>0, 分類!$S$7, "無し"))))))) -> 注射 | AC37: =X37*100000+B37 -> 33 | AD37: {=IF(A37="非採用","非採用",OFFSET( INDIRECT("'" & AB37 & "'!A4"), MATCH(B37, INDIRECT("'" & AB37 & "'!C5:C1000"), 0), MATCH("合計", INDIRECT("'" & AB37 & "'!4:4"), 0) - 1 ))} -> 7 | AE37: =H37*AD37 -> 2387 | AF37: =M37*AD37 -> 2126.25
A38: =元データ!P35 -> 5 | B38: =B37+1 -> 34 | C38: =DBCS(元データ!A35) -> アクトシン軟膏３％ | D38: =元データ!B35 -> アルフレッサ | E38: =DBCS(元データ!C35) | F38: =DBCS(元データ!D35) -> ３０ｇ | G38: =元データ!E35 -> マルホ | H38: =元データ!F35 -> 50 | I38: =元データ!G35 -> 1500 | J38: =元データ!H35 -> 30 | K38: =元データ!I35 -> g | L38: =元データ!J35 -> 1251 | M38: =元データ!K35 -> 41.7 | N38: =IF(OFFSET(マスタ非採用削除!A$4,統合マスタ!$A38,0)="","",OFFSET(マスタ非採用削除!A$4,統合マスタ!$A38,0)) -> ｱｸﾄ001 | O38: =IF(OFFSET(マスタ非採用削除!B$4,統合マスタ!$A38,0)="","",OFFSET(マスタ非採用削除!B$4,統合マスタ!$A38,0)) -> ｱｸﾄ001 | P38: =IF(OFFSET(マスタ非採用削除!C$4,統合マスタ!$A38,0)="","",OFFSET(マスタ非採用削除!C$4,統合マスタ!$A38,0)) -> アクトシン軟膏３％ | Q38: =IF(OFFSET(マスタ非採用削除!D$4,統合マスタ!$A38,0)="","",OFFSET(マスタ非採用削除!D$4,統合マスタ!$A38,0)) -> ｱｸﾄｼﾝ | R38: =IF(OR(A38="非採用",A38="処置薬",A38="非採用特別"),0,IF(OFFSET(マスタ非採用削除!E$4,統合マスタ!$A38,0)="","",OFFSET(マスタ非採用削除!E$4,統合マスタ!$A38,0))) -> 1 | S38: =IF(OFFSET(マスタ非採用削除!F$4,統合マスタ!$A38,0)="","",OFFSET(マスタ非採用削除!F$4,統合マスタ!$A38,0)) | T38: =IF(OFFSET(マスタ非採用削除!G$4,統合マスタ!$A38,0)="","",OFFSET(マスタ非採用削除!G$4,統合マスタ!$A38,0)) -> 50 | U38: =IF(OFFSET(マスタ非採用削除!H$4,統合マスタ!$A38,0)="","",OFFSET(マスタ非採用削除!H$4,統合マスタ!$A38,0)) -> ｱｸﾄｼﾝﾅﾝｺｳ3% | V38: =IF(OFFSET(マスタ非採用削除!I$4,統合マスタ!$A38,0)="","",OFFSET(マスタ非採用削除!I$4,統合マスタ!$A38,0)) -> 14 | W38: =IF(OFFSET(マスタ非採用削除!J$4,統合マスタ!$A38,0)="","",OFFSET(マスタ非採用削除!J$4,統合マスタ!$A38,0)) -> 軟膏 | X38: =IF(OFFSET(マスタ非採用削除!K$4,統合マスタ!$A38,0)="","",OFFSET(マスタ非採用削除!K$4,統合マスタ!$A38,0)) -> 0 | Y38: =IF(OFFSET(マスタ非採用削除!L$4,統合マスタ!$A38,0)="","",OFFSET(マスタ非採用削除!L$4,統合マスタ!$A38,0)) | Z38: =IF(OFFSET(マスタ非採用削除!M$4,統合マスタ!$A38,0)="","",OFFSET(マスタ非採用削除!M$4,統合マスタ!$A38,0)) -> 15 | AA38: =IF(A38="非採用","非採用",IF(A38="処置薬","処置薬","")) | AB38: =IF(A38="非採用特別","非採用特別",IF(R38=2,"臨時", IF(COUNTIF(分類!$H$8:$H$25, 統合マスタ!V38)>0, 分類!$G$7, IF(COUNTIF(分類!$K$8:$K$25, 統合マスタ!V38)>0, 分類!$J$7, IF(COUNTIF(分類!$N$8:$N$25, 統合マスタ!V38)>0, 分類!$M$7, IF(COUNTIF(分類!$Q$8:$Q$25, 統合マスタ!V38)>0, 分類!$P$7, IF(COUNTIF(分類!$T$8:$T$25, 統合マスタ!V38)>0, 分類!$S$7, "無し"))))))) -> 外用 | AC38: =X38*100000+B38 -> 34 | AD38: 91 | AE38: =H38*AD38 -> 4550 | AF38: =M38*AD38 -> 3794.7
A39: =元データ!P36 -> 6 | B39: =B38+1 -> 35 | C39: =DBCS(元データ!A36) -> アザルフィジンＥＮ錠５００ｍｇ | D39: =元データ!B36 -> KSK | E39: =DBCS(元データ!C36) -> ＰＴＰ | F39: =DBCS(元データ!D36) -> １００Ｔ | G39: =元データ!E36 -> ファイザー | H39: =元データ!F36 -> 25.9 | I39: =元データ!G36 -> 2590 | J39: =元データ!H36 -> 100 | K39: =元データ!I36 -> 錠 | L39: =元データ!J36 -> 2308 | M39: =元データ!K36 -> 23.08 | N39: =IF(OFFSET(マスタ非採用削除!A$4,統合マスタ!$A39,0)="","",OFFSET(マスタ非採用削除!A$4,統合マスタ!$A39,0)) -> ｱｻﾙ001 | O39: =IF(OFFSET(マスタ非採用削除!B$4,統合マスタ!$A39,0)="","",OFFSET(マスタ非採用削除!B$4,統合マスタ!$A39,0)) -> ｱｻﾙ001 | P39: =IF(OFFSET(マスタ非採用削除!C$4,統合マスタ!$A39,0)="","",OFFSET(マスタ非採用削除!C$4,統合マスタ!$A39,0)) -> アザルフィジンＥＮ錠５００ｍｇ | Q39: =IF(OFFSET(マスタ非採用削除!D$4,統合マスタ!$A39,0)="","",OFFSET(マスタ非採用削除!D$4,統合マスタ!$A39,0)) -> ｱｻﾞﾙ1 | R39: =IF(OR(A39="非採用",A39="処置薬",A39="非採用特別"),0,IF(OFFSET(マスタ非採用削除!E$4,統合マスタ!$A39,0)="","",OFFSET(マスタ非採用削除!E$4,統合マスタ!$A39,0))) -> 2 | S39: =IF(OFFSET(マスタ非採用削除!F$4,統合マスタ!$A39,0)="","",OFFSET(マスタ非採用削除!F$4,統合マスタ!$A39,0)) | T39: =IF(OFFSET(マスタ非採用削除!G$4,統合マスタ!$A39,0)="","",OFFSET(マスタ非採用削除!G$4,統合マスタ!$A39,0)) -> 25.9 | U39: =IF(OFFSET(マスタ非採用削除!H$4,統合マスタ!$A39,0)="","",OFFSET(マスタ非採用削除!H$4,統合マスタ!$A39,0)) -> ｱｻﾞﾙﾌｨｼﾞﾝENｼﾞｮｳ500mg | V39: =IF(OFFSET(マスタ非採用削除!I$4,統合マスタ!$A39,0)="","",OFFSET(マスタ非採用削除!I$4,統合マスタ!$A39,0)) -> 1 | W39: =IF(OFFSET(マスタ非採用削除!J$4,統合マスタ!$A39,0)="","",OFFSET(マスタ非採用削除!J$4,統合マスタ!$A39,0)) -> 錠剤 | X39: =IF(OFFSET(マスタ非採用削除!K$4,統合マスタ!$A39,0)="","",OFFSET(マスタ非採用削除!K$4,統合マスタ!$A39,0)) -> 0 | Y39: =IF(OFFSET(マスタ非採用削除!L$4,統合マスタ!$A39,0)="","",OFFSET(マスタ非採用削除!L$4,統合マスタ!$A39,0)) | Z39: =IF(OFFSET(マスタ非採用削除!M$4,統合マスタ!$A39,0)="","",OFFSET(マスタ非採用削除!M$4,統合マスタ!$A39,0)) -> 3 | AA39: =IF(A39="非採用","非採用",IF(A39="処置薬","処置薬","")) | AB39: =IF(A39="非採用特別","非採用特別",IF(R39=2,"臨時", IF(COUNTIF(分類!$H$8:$H$25, 統合マスタ!V39)>0, 分類!$G$7, IF(COUNTIF(分類!$K$8:$K$25, 統合マスタ!V39)>0, 分類!$J$7, IF(COUNTIF(分類!$N$8:$N$25, 統合マスタ!V39)>0, 分類!$M$7, IF(COUNTIF(分類!$Q$8:$Q$25, 統合マスタ!V39)>0, 分類!$P$7, IF(COUNTIF(分類!$T$8:$T$25, 統合マスタ!V39)>0, 分類!$S$7, "無し"))))))) -> 臨時 | AC39: =X39*100000+B39 -> 35 | AD39: {=IF(A39="非採用","非採用",OFFSET( INDIRECT("'" & AB39 & "'!A4"), MATCH(B39, INDIRECT("'" & AB39 & "'!C5:C1000"), 0), MATCH("合計", INDIRECT("'" & AB39 & "'!4:4"), 0) - 1 ))} -> 34 | AE39: =H39*AD39 -> 880.6 | AF39: =M39*AD39 -> 784.72
A40: =元データ!P37 -> 7 | B40: =B39+1 -> 36 | C40: =DBCS(元データ!A37) -> アシクロビル点滴静注用２５０ｍｇ「サワイ」 | D40: =元データ!B37 | E40: =DBCS(元データ!C37) | F40: =DBCS(元データ!D37) -> １０Ｖ | G40: =元データ!E37 -> 沢井製薬 | H40: =元データ!F37 -> 368 | I40: =元データ!G37 -> 3680 | J40: =元データ!H37 -> 10 | K40: =元データ!I37 -> V | L40: =元データ!J37 -> 3238 | M40: =元データ!K37 -> 323.8 | N40: =IF(OFFSET(マスタ非採用削除!A$4,統合マスタ!$A40,0)="","",OFFSET(マスタ非採用削除!A$4,統合マスタ!$A40,0)) -> ｱｼｸ001 | O40: =IF(OFFSET(マスタ非採用削除!B$4,統合マスタ!$A40,0)="","",OFFSET(マスタ非採用削除!B$4,統合マスタ!$A40,0)) -> ｱｼｸ001 | P40: =IF(OFFSET(マスタ非採用削除!C$4,統合マスタ!$A40,0)="","",OFFSET(マスタ非採用削除!C$4,統合マスタ!$A40,0)) -> アシクロビル点滴静注用２５０ｍｇ「サワイ」 | Q40: =IF(OFFSET(マスタ非採用削除!D$4,統合マスタ!$A40,0)="","",OFFSET(マスタ非採用削除!D$4,統合マスタ!$A40,0)) -> ｱｼｸﾛ | R40: =IF(OR(A40="非採用",A40="処置薬",A40="非採用特別"),0,IF(OFFSET(マスタ非採用削除!E$4,統合マスタ!$A40,0)="","",OFFSET(マスタ非採用削除!E$4,統合マスタ!$A40,0))) -> 2 | S40: =IF(OFFSET(マスタ非採用削除!F$4,統合マスタ!$A40,0)="","",OFFSET(マスタ非採用削除!F$4,統合マスタ!$A40,0)) | T40: =IF(OFFSET(マスタ非採用削除!G$4,統合マスタ!$A40,0)="","",OFFSET(マスタ非採用削除!G$4,統合マスタ!$A40,0)) -> 368 | U40: =IF(OFFSET(マスタ非採用削除!H$4,統合マスタ!$A40,0)="","",OFFSET(マスタ非採用削除!H$4,統合マスタ!$A40,0)) -> ｱｼｸﾛﾋﾞﾙﾃﾝﾃｷｼﾞｮｳﾁｭｳﾖｳ250mg｢ｻﾜｲ｣ | V40: =IF(OFFSET(マスタ非採用削除!I$4,統合マスタ!$A40,0)="","",OFFSET(マスタ非採用削除!I$4,統合マスタ!$A40,0)) -> 25 | W40: =IF(OFFSET(マスタ非採用削除!J$4,統合マスタ!$A40,0)="","",OFFSET(マスタ非採用削除!J$4,統合マスタ!$A40,0)) -> 注射剤 | X40: =IF(OFFSET(マスタ非採用削除!K$4,統合マスタ!$A40,0)="","",OFFSET(マスタ非採用削除!K$4,統合マスタ!$A40,0)) -> 0 | Y40: =IF(OFFSET(マスタ非採用削除!L$4,統合マスタ!$A40,0)="","",OFFSET(マスタ非採用削除!L$4,統合マスタ!$A40,0)) | Z40: =IF(OFFSET(マスタ非採用削除!M$4,統合マスタ!$A40,0)="","",OFFSET(マスタ非採用削除!M$4,統合マスタ!$A40,0)) -> 9 | AA40: =IF(A40="非採用","非採用",IF(A40="処置薬","処置薬","")) | AB40: =IF(A40="非採用特別","非採用特別",IF(R40=2,"臨時", IF(COUNTIF(分類!$H$8:$H$25, 統合マスタ!V40)>0, 分類!$G$7, IF(COUNTIF(分類!$K$8:$K$25, 統合マスタ!V40)>0, 分類!$J$7, IF(COUNTIF(分類!$N$8:$N$25, 統合マスタ!V40)>0, 分類!$M$7, IF(COUNTIF(分類!$Q$8:$Q$25, 統合マスタ!V40)>0, 分類!$P$7, IF(COUNTIF(分類!$T$8:$T$25, 統合マスタ!V40)>0, 分類!$S$7, "無し"))))))) -> 臨時 | AC40: =X40*100000+B40 -> 36 | AD40: {=IF(A40="非採用","非採用",OFFSET( INDIRECT("'" & AB40 & "'!A4"), MATCH(B40, INDIRECT("'" & AB40 & "'!C5:C1000"), 0), MATCH("合計", INDIRECT("'" & AB40 & "'!4:4"), 0) - 1 ))} -> 56 | AE40: =H40*AD40 -> 20608 | AF40: =M40*AD40 -> 18132.8
A41: =元データ!P38 -> 8 | B41: =B40+1 -> 37 | C41: =DBCS(元データ!A38) -> アジスロマイシン錠２５０ｍｇ「トーワ」 | D41: =元データ!B38 | E41: =DBCS(元データ!C38) -> ＰＴＰ | F41: =DBCS(元データ!D38) -> ６０Ｔ | G41: =元データ!E38 -> 東和薬品 | H41: =元データ!F38 -> 60.7 | I41: =元データ!G38 -> 3642 | J41: =元データ!H38 -> 60 | K41: =元データ!I38 -> 錠 | L41: =元データ!J38 -> 2952 | M41: =元データ!K38 -> 49.2 | N41: =IF(OFFSET(マスタ非採用削除!A$4,統合マスタ!$A41,0)="","",OFFSET(マスタ非採用削除!A$4,統合マスタ!$A41,0)) -> ｱｼｽ001 | O41: =IF(OFFSET(マスタ非採用削除!B$4,統合マスタ!$A41,0)="","",OFFSET(マスタ非採用削除!B$4,統合マスタ!$A41,0)) -> ｱｼｽ001 | P41: =IF(OFFSET(マスタ非採用削除!C$4,統合マスタ!$A41,0)="","",OFFSET(マスタ非採用削除!C$4,統合マスタ!$A41,0)) -> アジスロマイシン錠２５０ｍｇ「トーワ」 | Q41: =IF(OFFSET(マスタ非採用削除!D$4,統合マスタ!$A41,0)="","",OFFSET(マスタ非採用削除!D$4,統合マスタ!$A41,0)) -> ｱｼﾞｽ | R41: =IF(OR(A41="非採用",A41="処置薬",A41="非採用特別"),0,IF(OFFSET(マスタ非採用削除!E$4,統合マスタ!$A41,0)="","",OFFSET(マスタ非採用削除!E$4,統合マスタ!$A41,0))) -> 1 | S41: =IF(OFFSET(マスタ非採用削除!F$4,統合マスタ!$A41,0)="","",OFFSET(マスタ非採用削除!F$4,統合マスタ!$A41,0)) | T41: =IF(OFFSET(マスタ非採用削除!G$4,統合マスタ!$A41,0)="","",OFFSET(マスタ非採用削除!G$4,統合マスタ!$A41,0)) -> 60.7 | U41: =IF(OFFSET(マスタ非採用削除!H$4,統合マスタ!$A41,0)="","",OFFSET(マスタ非採用削除!H$4,統合マスタ!$A41,0)) -> ｱｼﾞｽﾛﾏｲｼﾝｼﾞｮｳ250mg｢ﾄｰﾜ｣ | V41: =IF(OFFSET(マスタ非採用削除!I$4,統合マスタ!$A41,0)="","",OFFSET(マスタ非採用削除!I$4,統合マスタ!$A41,0)) -> 1 | W41: =IF(OFFSET(マスタ非採用削除!J$4,統合マスタ!$A41,0)="","",OFFSET(マスタ非採用削除!J$4,統合マスタ!$A41,0)) -> 錠剤 | X41: =IF(OFFSET(マスタ非採用削除!K$4,統合マスタ!$A41,0)="","",OFFSET(マスタ非採用削除!K$4,統合マスタ!$A41,0)) -> 0 | Y41: =IF(OFFSET(マスタ非採用削除!L$4,統合マスタ!$A41,0)="","",OFFSET(マスタ非採用削除!L$4,統合マスタ!$A41,0)) | Z41: =IF(OFFSET(マスタ非採用削除!M$4,統合マスタ!$A41,0)="","",OFFSET(マスタ非採用削除!M$4,統合マスタ!$A41,0)) -> 1 | AA41: =IF(A41="非採用","非採用",IF(A41="処置薬","処置薬","")) | AB41: =IF(A41="非採用特別","非採用特別",IF(R41=2,"臨時", IF(COUNTIF(分類!$H$8:$H$25, 統合マスタ!V41)>0, 分類!$G$7, IF(COUNTIF(分類!$K$8:$K$25, 統合マスタ!V41)>0, 分類!$J$7, IF(COUNTIF(分類!$N$8:$N$25, 統合マスタ!V41)>0, 分類!$M$7, IF(COUNTIF(分類!$Q$8:$Q$25, 統合マスタ!V41)>0, 分類!$P$7, IF(COUNTIF(分類!$T$8:$T$25, 統合マスタ!V41)>0, 分類!$S$7, "無し"))))))) -> 錠剤 | AC41: =X41*100000+B41 -> 37 | AD41: {=IF(A41="非採用","非採用",OFFSET( INDIRECT("'" & AB41 & "'!A4"), MATCH(B41, INDIRECT("'" & AB41 & "'!C5:C1000"), 0), MATCH("合計", INDIRECT("'" & AB41 & "'!4:4"), 0) - 1 ))} -> 147 | AE41: =H41*AD41 -> 8922.9 | AF41: =M41*AD41 -> 7232.4
A42: =元データ!P39 -> 9 | B42: =B41+1 -> 38 | C42: =DBCS(元データ!A39) -> アジルサルタンＯＤ錠２０ｍｇ「サワイ」 | D42: =元データ!B39 -> アルフレッサ | E42: =DBCS(元データ!C39) -> ＰＴＰ | F42: =DBCS(元データ!D39) -> １００Ｔ | G42: =元データ!E39 -> 沢井製薬 | H42: =元データ!F39 -> 27.4 | I42: =元データ!G39 -> 2740 | J42: =元データ!H39 -> 100 | K42: =元データ!I39 -> 錠 | L42: =元データ!J39 -> 2082 | M42: =元データ!K39 -> 20.82 | N42: =IF(OFFSET(マスタ非採用削除!A$4,統合マスタ!$A42,0)="","",OFFSET(マスタ非採用削除!A$4,統合マスタ!$A42,0)) -> ｱｼﾙ003 | O42: =IF(OFFSET(マスタ非採用削除!B$4,統合マスタ!$A42,0)="","",OFFSET(マスタ非採用削除!B$4,統合マスタ!$A42,0)) -> ｱｼﾙ003 | P42: =IF(OFFSET(マスタ非採用削除!C$4,統合マスタ!$A42,0)="","",OFFSET(マスタ非採用削除!C$4,統合マスタ!$A42,0)) -> アジルサルタンＯＤ錠２０ｍｇ「サワイ」 | Q42: =IF(OFFSET(マスタ非採用削除!D$4,統合マスタ!$A42,0)="","",OFFSET(マスタ非採用削除!D$4,統合マスタ!$A42,0)) | R42: =IF(OR(A42="非採用",A42="処置薬",A42="非採用特別"),0,IF(OFFSET(マスタ非採用削除!E$4,統合マスタ!$A42,0)="","",OFFSET(マスタ非採用削除!E$4,統合マスタ!$A42,0))) -> 1 | S42: =IF(OFFSET(マスタ非採用削除!F$4,統合マスタ!$A42,0)="","",OFFSET(マスタ非採用削除!F$4,統合マスタ!$A42,0)) | T42: =IF(OFFSET(マスタ非採用削除!G$4,統合マスタ!$A42,0)="","",OFFSET(マスタ非採用削除!G$4,統合マスタ!$A42,0)) -> 27.4 | U42: =IF(OFFSET(マスタ非採用削除!H$4,統合マスタ!$A42,0)="","",OFFSET(マスタ非採用削除!H$4,統合マスタ!$A42,0)) -> ｱｼﾞﾙｻﾙﾀﾝODｼﾞﾖｳ20MGｻﾜｲ | V42: =IF(OFFSET(マスタ非採用削除!I$4,統合マスタ!$A42,0)="","",OFFSET(マスタ非採用削除!I$4,統合マスタ!$A42,0)) -> 1 | W42: =IF(OFFSET(マスタ非採用削除!J$4,統合マスタ!$A42,0)="","",OFFSET(マスタ非採用削除!J$4,統合マスタ!$A42,0)) -> 錠剤 | X42: =IF(OFFSET(マスタ非採用削除!K$4,統合マスタ!$A42,0)="","",OFFSET(マスタ非採用削除!K$4,統合マスタ!$A42,0)) -> 0 | Y42: =IF(OFFSET(マスタ非採用削除!L$4,統合マスタ!$A42,0)="","",OFFSET(マスタ非採用削除!L$4,統合マスタ!$A42,0)) | Z42: =IF(OFFSET(マスタ非採用削除!M$4,統合マスタ!$A42,0)="","",OFFSET(マスタ非採用削除!M$4,統合マスタ!$A42,0)) -> 25 | AA42: =IF(A42="非採用","非採用",IF(A42="処置薬","処置薬","")) | AB42: =IF(A42="非採用特別","非採用特別",IF(R42=2,"臨時", IF(COUNTIF(分類!$H$8:$H$25, 統合マスタ!V42)>0, 分類!$G$7, IF(COUNTIF(分類!$K$8:$K$25, 統合マスタ!V42)>0, 分類!$J$7, IF(COUNTIF(分類!$N$8:$N$25, 統合マスタ!V42)>0, 分類!$M$7, IF(COUNTIF(分類!$Q$8:$Q$25, 統合マスタ!V42)>0, 分類!$P$7, IF(COUNTIF(分類!$T$8:$T$25, 統合マスタ!V42)>0, 分類!$S$7, "無し"))))))) -> 錠剤 | AC42: =X42*100000+B42 -> 38 | AD42: {=IF(A42="非採用","非採用",OFFSET( INDIRECT("'" & AB42 & "'!A4"), MATCH(B42, INDIRECT("'" & AB42 & "'!C5:C1000"), 0), MATCH("合計", INDIRECT("'" & AB42 & "'!4:4"), 0) - 1 ))} -> 264 | AE42: =H42*AD42 -> 7233.6 | AF42: =M42*AD42 -> 5496.48
A43: =元データ!P40 -> 9 | B43: =B42+1 -> 39 | C43: =DBCS(元データ!A40) -> アジルサルタンＯＤ錠２０ｍｇ「サワイ」 | D43: =元データ!B40 -> アルフレッサ | E43: =DBCS(元データ!C40) -> バラ | F43: =DBCS(元データ!D40) -> ２００Ｔ | G43: =元データ!E40 -> 沢井製薬 | H43: =元データ!F40 -> 27.4 | I43: =元データ!G40 -> 5480 | J43: =元データ!H40 -> 200 | K43: =元データ!I40 -> 錠 | L43: =元データ!J40 -> 4165 | M43: =元データ!K40 -> 20.825 | N43: =IF(OFFSET(マスタ非採用削除!A$4,統合マスタ!$A43,0)="","",OFFSET(マスタ非採用削除!A$4,統合マスタ!$A43,0)) -> ｱｼﾙ003 | O43: =IF(OFFSET(マスタ非採用削除!B$4,統合マスタ!$A43,0)="","",OFFSET(マスタ非採用削除!B$4,統合マスタ!$A43,0)) -> ｱｼﾙ003 | P43: =IF(OFFSET(マスタ非採用削除!C$4,統合マスタ!$A43,0)="","",OFFSET(マスタ非採用削除!C$4,統合マスタ!$A43,0)) -> アジルサルタンＯＤ錠２０ｍｇ「サワイ」 | Q43: =IF(OFFSET(マスタ非採用削除!D$4,統合マスタ!$A43,0)="","",OFFSET(マスタ非採用削除!D$4,統合マスタ!$A43,0)) | R43: =IF(OR(A43="非採用",A43="処置薬",A43="非採用特別"),0,IF(OFFSET(マスタ非採用削除!E$4,統合マスタ!$A43,0)="","",OFFSET(マスタ非採用削除!E$4,統合マスタ!$A43,0))) -> 1 | S43: =IF(OFFSET(マスタ非採用削除!F$4,統合マスタ!$A43,0)="","",OFFSET(マスタ非採用削除!F$4,統合マスタ!$A43,0)) | T43: =IF(OFFSET(マスタ非採用削除!G$4,統合マスタ!$A43,0)="","",OFFSET(マスタ非採用削除!G$4,統合マスタ!$A43,0)) -> 27.4 | U43: =IF(OFFSET(マスタ非採用削除!H$4,統合マスタ!$A43,0)="","",OFFSET(マスタ非採用削除!H$4,統合マスタ!$A43,0)) -> ｱｼﾞﾙｻﾙﾀﾝODｼﾞﾖｳ20MGｻﾜｲ | V43: =IF(OFFSET(マスタ非採用削除!I$4,統合マスタ!$A43,0)="","",OFFSET(マスタ非採用削除!I$4,統合マスタ!$A43,0)) -> 1 | W43: =IF(OFFSET(マスタ非採用削除!J$4,統合マスタ!$A43,0)="","",OFFSET(マスタ非採用削除!J$4,統合マスタ!$A43,0)) -> 錠剤 | X43: =IF(OFFSET(マスタ非採用削除!K$4,統合マスタ!$A43,0)="","",OFFSET(マスタ非採用削除!K$4,統合マスタ!$A43,0)) -> 0 | Y43: =IF(OFFSET(マスタ非採用削除!L$4,統合マスタ!$A43,0)="","",OFFSET(マスタ非採用削除!L$4,統合マスタ!$A43,0)) | Z43: =IF(OFFSET(マスタ非採用削除!M$4,統合マスタ!$A43,0)="","",OFFSET(マスタ非採用削除!M$4,統合マスタ!$A43,0)) -> 25 | AA43: =IF(A43="非採用","非採用",IF(A43="処置薬","処置薬","")) | AB43: =IF(A43="非採用特別","非採用特別",IF(R43=2,"臨時", IF(COUNTIF(分類!$H$8:$H$25, 統合マスタ!V43)>0, 分類!$G$7, IF(COUNTIF(分類!$K$8:$K$25, 統合マスタ!V43)>0, 分類!$J$7, IF(COUNTIF(分類!$N$8:$N$25, 統合マスタ!V43)>0, 分類!$M$7, IF(COUNTIF(分類!$Q$8:$Q$25, 統合マスタ!V43)>0, 分類!$P$7, IF(COUNTIF(分類!$T$8:$T$25, 統合マスタ!V43)>0, 分類!$S$7, "無し"))))))) -> 錠剤 | AC43: =X43*100000+B43 -> 39 | AE43: =H43*AD43 -> 0 | AF43: =M43*AD43 -> 0
A44: =元データ!P41 -> 10 | B44: =B43+1 -> 40 | C44: =DBCS(元データ!A41) -> アスコルビン酸注５００ｍｇ「イセイ」 | D44: =元データ!B41 -> アルフレッサ | E44: =DBCS(元データ!C41) | F44: =DBCS(元データ!D41) -> ２ｍｌｘ５０Ａ | G44: =元データ!E41 -> 愛知イセイ | H44: =元データ!F41 -> 100 | I44: =元データ!G41 -> 5000 | J44: =元データ!H41 -> 50 | K44: =元データ!I41 -> A | L44: =元データ!J41 -> 4545 | M44: =元データ!K41 -> 90.9 | N44: =IF(OFFSET(マスタ非採用削除!A$4,統合マスタ!$A44,0)="","",OFFSET(マスタ非採用削除!A$4,統合マスタ!$A44,0)) -> ｱｽｺ003 | O44: =IF(OFFSET(マスタ非採用削除!B$4,統合マスタ!$A44,0)="","",OFFSET(マスタ非採用削除!B$4,統合マスタ!$A44,0)) -> ｱｽｺ003 | P44: =IF(OFFSET(マスタ非採用削除!C$4,統合マスタ!$A44,0)="","",OFFSET(マスタ非採用削除!C$4,統合マスタ!$A44,0)) -> アスコルビン酸注５００ｍｇ「イセイ」 | Q44: =IF(OFFSET(マスタ非採用削除!D$4,統合マスタ!$A44,0)="","",OFFSET(マスタ非採用削除!D$4,統合マスタ!$A44,0)) | R44: =IF(OR(A44="非採用",A44="処置薬",A44="非採用特別"),0,IF(OFFSET(マスタ非採用削除!E$4,統合マスタ!$A44,0)="","",OFFSET(マスタ非採用削除!E$4,統合マスタ!$A44,0))) -> 1 | S44: =IF(OFFSET(マスタ非採用削除!F$4,統合マスタ!$A44,0)="","",OFFSET(マスタ非採用削除!F$4,統合マスタ!$A44,0)) | T44: =IF(OFFSET(マスタ非採用削除!G$4,統合マスタ!$A44,0)="","",OFFSET(マスタ非採用削除!G$4,統合マスタ!$A44,0)) -> 100 | U44: =IF(OFFSET(マスタ非採用削除!H$4,統合マスタ!$A44,0)="","",OFFSET(マスタ非採用削除!H$4,統合マスタ!$A44,0)) -> ｱｽｺﾙﾋﾞﾝｻﾝﾁﾕｳ500MGｲｾｲ | V44: =IF(OFFSET(マスタ非採用削除!I$4,統合マスタ!$A44,0)="","",OFFSET(マスタ非採用削除!I$4,統合マスタ!$A44,0)) -> 25 | W44: =IF(OFFSET(マスタ非採用削除!J$4,統合マスタ!$A44,0)="","",OFFSET(マスタ非採用削除!J$4,統合マスタ!$A44,0)) -> 注射剤 | X44: =IF(OFFSET(マスタ非採用削除!K$4,統合マスタ!$A44,0)="","",OFFSET(マスタ非採用削除!K$4,統合マスタ!$A44,0)) -> 0 | Y44: =IF(OFFSET(マスタ非採用削除!L$4,統合マスタ!$A44,0)="","",OFFSET(マスタ非採用削除!L$4,統合マスタ!$A44,0)) | Z44: =IF(OFFSET(マスタ非採用削除!M$4,統合マスタ!$A44,0)="","",OFFSET(マスタ非採用削除!M$4,統合マスタ!$A44,0)) -> 11 | AA44: =IF(A44="非採用","非採用",IF(A44="処置薬","処置薬","")) | AB44: =IF(A44="非採用特別","非採用特別",IF(R44=2,"臨時", IF(COUNTIF(分類!$H$8:$H$25, 統合マスタ!V44)>0, 分類!$G$7, IF(COUNTIF(分類!$K$8:$K$25, 統合マスタ!V44)>0, 分類!$J$7, IF(COUNTIF(分類!$N$8:$N$25, 統合マスタ!V44)>0, 分類!$M$7, IF(COUNTIF(分類!$Q$8:$Q$25, 統合マスタ!V44)>0, 分類!$P$7, IF(COUNTIF(分類!$T$8:$T$25, 統合マスタ!V44)>0, 分類!$S$7, "無し"))))))) -> 注射 | AC44: =X44*100000+B44 -> 40 | AD44: {=IF(A44="非採用","非採用",OFFSET( INDIRECT("'" & AB44 & "'!A4"), MATCH(B44, INDIRECT("'" & AB44 & "'!C5:C1000"), 0), MATCH("合計", INDIRECT("'" & AB44 & "'!4:4"), 0) - 1 ))} -> 26 | AE44: =H44*AD44 -> 2600 | AF44: =M44*AD44 -> 2363.4
A45: =元データ!P42 -> 非採用 | B45: =B44+1 -> 41 | C45: =DBCS(元データ!A42) -> アスコルビン酸注射液５００ｍｇ「トーワ」 | D45: =元データ!B42 -> 東和薬品 | E45: =DBCS(元データ!C42) | F45: =DBCS(元データ!D42) -> ２ｍｌｘ１００Ａ | G45: =元データ!E42 -> 東和薬品 | H45: =元データ!F42 -> 100 | I45: =元データ!G42 -> 10000 | J45: =元データ!H42 -> 100 | K45: =元データ!I42 -> A | L45: =元データ!J42 -> 7220 | M45: =元データ!K42 -> 72.2 | N45: =IF(OFFSET(マスタ非採用削除!A$4,統合マスタ!$A45,0)="","",OFFSET(マスタ非採用削除!A$4,統合マスタ!$A45,0)) -> #VALUE! | O45: =IF(OFFSET(マスタ非採用削除!B$4,統合マスタ!$A45,0)="","",OFFSET(マスタ非採用削除!B$4,統合マスタ!$A45,0)) -> #VALUE! | P45: =IF(OFFSET(マスタ非採用削除!C$4,統合マスタ!$A45,0)="","",OFFSET(マスタ非採用削除!C$4,統合マスタ!$A45,0)) -> #VALUE! | Q45: =IF(OFFSET(マスタ非採用削除!D$4,統合マスタ!$A45,0)="","",OFFSET(マスタ非採用削除!D$4,統合マスタ!$A45,0)) -> #VALUE! | R45: =IF(OR(A45="非採用",A45="処置薬",A45="非採用特別"),0,IF(OFFSET(マスタ非採用削除!E$4,統合マスタ!$A45,0)="","",OFFSET(マスタ非採用削除!E$4,統合マスタ!$A45,0))) -> 0 | S45: =IF(OFFSET(マスタ非採用削除!F$4,統合マスタ!$A45,0)="","",OFFSET(マスタ非採用削除!F$4,統合マスタ!$A45,0)) -> #VALUE! | T45: =IF(OFFSET(マスタ非採用削除!G$4,統合マスタ!$A45,0)="","",OFFSET(マスタ非採用削除!G$4,統合マスタ!$A45,0)) -> #VALUE! | U45: =IF(OFFSET(マスタ非採用削除!H$4,統合マスタ!$A45,0)="","",OFFSET(マスタ非採用削除!H$4,統合マスタ!$A45,0)) -> #VALUE! | V45: =IF(OFFSET(マスタ非採用削除!I$4,統合マスタ!$A45,0)="","",OFFSET(マスタ非採用削除!I$4,統合マスタ!$A45,0)) -> #VALUE! | W45: =IF(OFFSET(マスタ非採用削除!J$4,統合マスタ!$A45,0)="","",OFFSET(マスタ非採用削除!J$4,統合マスタ!$A45,0)) -> #VALUE! | X45: =IF(OFFSET(マスタ非採用削除!K$4,統合マスタ!$A45,0)="","",OFFSET(マスタ非採用削除!K$4,統合マスタ!$A45,0)) -> #VALUE! | Y45: =IF(OFFSET(マスタ非採用削除!L$4,統合マスタ!$A45,0)="","",OFFSET(マスタ非採用削除!L$4,統合マスタ!$A45,0)) -> #VALUE! | Z45: =IF(OFFSET(マスタ非採用削除!M$4,統合マスタ!$A45,0)="","",OFFSET(マスタ非採用削除!M$4,統合マスタ!$A45,0)) -> #VALUE! | AA45: =IF(A45="非採用","非採用",IF(A45="処置薬","処置薬","")) -> 非採用 | AB45: =IF(A45="非採用特別","非採用特別",IF(R45=2,"臨時", IF(COUNTIF(分類!$H$8:$H$25, 統合マスタ!V45)>0, 分類!$G$7, IF(COUNTIF(分類!$K$8:$K$25, 統合マスタ!V45)>0, 分類!$J$7, IF(COUNTIF(分類!$N$8:$N$25, 統合マスタ!V45)>0, 分類!$M$7, IF(COUNTIF(分類!$Q$8:$Q$25, 統合マスタ!V45)>0, 分類!$P$7, IF(COUNTIF(分類!$T$8:$T$25, 統合マスタ!V45)>0, 分類!$S$7, "無し"))))))) -> 無し | AC45: =X45*100000+B45 -> #VALUE! | AD45: {=IF(A45="非採用","非採用",OFFSET( INDIRECT("'" & AB45 & "'!A4"), MATCH(B45, INDIRECT("'" & AB45 & "'!C5:C1000"), 0), MATCH("合計", INDIRECT("'" & AB45 & "'!4:4"), 0) - 1 ))} -> 非採用 | AE45: =H45*AD45 -> #VALUE! | AF45: =M45*AD45 -> #VALUE!
A46: =元データ!P43 -> 非採用 | B46: =B45+1 -> 42 | C46: =DBCS(元データ!A43) -> アズノール軟膏０．０３３％ | D46: =元データ!B43 -> メディセオ | E46: =DBCS(元データ!C43) | F46: =DBCS(元データ!D43) -> ２０ｇｘ１０ | G46: =元データ!E43 -> 日本新薬 | H46: =元データ!F43 -> 80.3 | I46: =元データ!G43 -> 1606 | J46: =元データ!H43 -> 20 | K46: =元データ!I43 -> 10ｇ | L46: =元データ!J43 -> 1431 | M46: =元データ!K43 -> 71.55 | N46: =IF(OFFSET(マスタ非採用削除!A$4,統合マスタ!$A46,0)="","",OFFSET(マスタ非採用削除!A$4,統合マスタ!$A46,0)) -> #VALUE! | O46: =IF(OFFSET(マスタ非採用削除!B$4,統合マスタ!$A46,0)="","",OFFSET(マスタ非採用削除!B$4,統合マスタ!$A46,0)) -> #VALUE! | P46: =IF(OFFSET(マスタ非採用削除!C$4,統合マスタ!$A46,0)="","",OFFSET(マスタ非採用削除!C$4,統合マスタ!$A46,0)) -> #VALUE! | Q46: =IF(OFFSET(マスタ非採用削除!D$4,統合マスタ!$A46,0)="","",OFFSET(マスタ非採用削除!D$4,統合マスタ!$A46,0)) -> #VALUE! | R46: =IF(OR(A46="非採用",A46="処置薬",A46="非採用特別"),0,IF(OFFSET(マスタ非採用削除!E$4,統合マスタ!$A46,0)="","",OFFSET(マスタ非採用削除!E$4,統合マスタ!$A46,0))) -> 0 | S46: =IF(OFFSET(マスタ非採用削除!F$4,統合マスタ!$A46,0)="","",OFFSET(マスタ非採用削除!F$4,統合マスタ!$A46,0)) -> #VALUE! | T46: =IF(OFFSET(マスタ非採用削除!G$4,統合マスタ!$A46,0)="","",OFFSET(マスタ非採用削除!G$4,統合マスタ!$A46,0)) -> #VALUE! | U46: =IF(OFFSET(マスタ非採用削除!H$4,統合マスタ!$A46,0)="","",OFFSET(マスタ非採用削除!H$4,統合マスタ!$A46,0)) -> #VALUE! | V46: =IF(OFFSET(マスタ非採用削除!I$4,統合マスタ!$A46,0)="","",OFFSET(マスタ非採用削除!I$4,統合マスタ!$A46,0)) -> #VALUE! | W46: =IF(OFFSET(マスタ非採用削除!J$4,統合マスタ!$A46,0)="","",OFFSET(マスタ非採用削除!J$4,統合マスタ!$A46,0)) -> #VALUE! | X46: =IF(OFFSET(マスタ非採用削除!K$4,統合マスタ!$A46,0)="","",OFFSET(マスタ非採用削除!K$4,統合マスタ!$A46,0)) -> #VALUE! | Y46: =IF(OFFSET(マスタ非採用削除!L$4,統合マスタ!$A46,0)="","",OFFSET(マスタ非採用削除!L$4,統合マスタ!$A46,0)) -> #VALUE! | Z46: =IF(OFFSET(マスタ非採用削除!M$4,統合マスタ!$A46,0)="","",OFFSET(マスタ非採用削除!M$4,統合マスタ!$A46,0)) -> #VALUE! | AA46: =IF(A46="非採用","非採用",IF(A46="処置薬","処置薬","")) -> 非採用 | AB46: =IF(A46="非採用特別","非採用特別",IF(R46=2,"臨時", IF(COUNTIF(分類!$H$8:$H$25, 統合マスタ!V46)>0, 分類!$G$7, IF(COUNTIF(分類!$K$8:$K$25, 統合マスタ!V46)>0, 分類!$J$7, IF(COUNTIF(分類!$N$8:$N$25, 統合マスタ!V46)>0, 分類!$M$7, IF(COUNTIF(分類!$Q$8:$Q$25, 統合マスタ!V46)>0, 分類!$P$7, IF(COUNTIF(分類!$T$8:$T$25, 統合マスタ!V46)>0, 分類!$S$7, "無し"))))))) -> 無し | AC46: =X46*100000+B46 -> #VALUE! | AD46: 91 | AE46: =H46*AD46 -> 7307.3 | AF46: =M46*AD46 -> 6511.05
A47: =元データ!P44 -> 12 | B47: =B46+1 -> 43 | C47: =DBCS(元データ!A44) -> アスパラ－ＣＡ錠２００ | D47: =元データ!B44 -> KSK | E47: =DBCS(元データ!C44) -> ＰＴＰ | F47: =DBCS(元データ!D44) -> １００Ｔ | G47: =元データ!E44 -> ニプロES | H47: =元データ!F44 -> 5.9 | I47: =元データ!G44 -> 590 | J47: =元データ!H44 -> 100 | K47: =元データ!I44 -> 錠 | L47: =元データ!J44 -> 525 | M47: =元データ!K44 -> 5.25 | N47: =IF(OFFSET(マスタ非採用削除!A$4,統合マスタ!$A47,0)="","",OFFSET(マスタ非採用削除!A$4,統合マスタ!$A47,0)) -> ｱｽﾊ001 | O47: =IF(OFFSET(マスタ非採用削除!B$4,統合マスタ!$A47,0)="","",OFFSET(マスタ非採用削除!B$4,統合マスタ!$A47,0)) -> ｱｽﾊ001 | P47: =IF(OFFSET(マスタ非採用削除!C$4,統合マスタ!$A47,0)="","",OFFSET(マスタ非採用削除!C$4,統合マスタ!$A47,0)) -> アスパラ－ＣＡ錠２００ | Q47: =IF(OFFSET(マスタ非採用削除!D$4,統合マスタ!$A47,0)="","",OFFSET(マスタ非採用削除!D$4,統合マスタ!$A47,0)) -> ｱｽﾊﾟ | R47: =IF(OR(A47="非採用",A47="処置薬",A47="非採用特別"),0,IF(OFFSET(マスタ非採用削除!E$4,統合マスタ!$A47,0)="","",OFFSET(マスタ非採用削除!E$4,統合マスタ!$A47,0))) -> 1 | S47: =IF(OFFSET(マスタ非採用削除!F$4,統合マスタ!$A47,0)="","",OFFSET(マスタ非採用削除!F$4,統合マスタ!$A47,0)) | T47: =IF(OFFSET(マスタ非採用削除!G$4,統合マスタ!$A47,0)="","",OFFSET(マスタ非採用削除!G$4,統合マスタ!$A47,0)) -> 5.9 | U47: =IF(OFFSET(マスタ非採用削除!H$4,統合マスタ!$A47,0)="","",OFFSET(マスタ非採用削除!H$4,統合マスタ!$A47,0)) -> ｱｽﾊﾟﾗ-CAｼﾞｮｳ200 | V47: =IF(OFFSET(マスタ非採用削除!I$4,統合マスタ!$A47,0)="","",OFFSET(マスタ非採用削除!I$4,統合マスタ!$A47,0)) -> 1 | W47: =IF(OFFSET(マスタ非採用削除!J$4,統合マスタ!$A47,0)="","",OFFSET(マスタ非採用削除!J$4,統合マスタ!$A47,0)) -> 錠剤 | X47: =IF(OFFSET(マスタ非採用削除!K$4,統合マスタ!$A47,0)="","",OFFSET(マスタ非採用削除!K$4,統合マスタ!$A47,0)) -> 0 | Y47: =IF(OFFSET(マスタ非採用削除!L$4,統合マスタ!$A47,0)="","",OFFSET(マスタ非採用削除!L$4,統合マスタ!$A47,0)) | Z47: =IF(OFFSET(マスタ非採用削除!M$4,統合マスタ!$A47,0)="","",OFFSET(マスタ非採用削除!M$4,統合マスタ!$A47,0)) -> 25 | AA47: =IF(A47="非採用","非採用",IF(A47="処置薬","処置薬","")) | AB47: =IF(A47="非採用特別","非採用特別",IF(R47=2,"臨時", IF(COUNTIF(分類!$H$8:$H$25, 統合マスタ!V47)>0, 分類!$G$7, IF(COUNTIF(分類!$K$8:$K$25, 統合マスタ!V47)>0, 分類!$J$7, IF(COUNTIF(分類!$N$8:$N$25, 統合マスタ!V47)>0, 分類!$M$7, IF(COUNTIF(分類!$Q$8:$Q$25, 統合マスタ!V47)>0, 分類!$P$7, IF(COUNTIF(分類!$T$8:$T$25, 統合マスタ!V47)>0, 分類!$S$7, "無し"))))))) -> 錠剤 | AC47: =X47*100000+B47 -> 43 | AD47: {=IF(A47="非採用","非採用",OFFSET( INDIRECT("'" & AB47 & "'!A4"), MATCH(B47, INDIRECT("'" & AB47 & "'!C5:C1000"), 0), MATCH("合計", INDIRECT("'" & AB47 & "'!4:4"), 0) - 1 ))} -> 321 | AE47: =H47*AD47 -> 1893.9 | AF47: =M47*AD47 -> 1685.25
A48: =元データ!P45 -> 12 | B48: =B47+1 -> 44 | C48: =DBCS(元データ!A45) -> アスパラ－ＣＡ錠２００ | D48: =元データ!B45 -> KSK | E48: =DBCS(元データ!C45) -> バラ | F48: =DBCS(元データ!D45) -> ５００Ｔ | G48: =元データ!E45 -> ニプロＥＳ | H48: =元データ!F45 -> 5.9 | I48: =元データ!G45 -> 2950 | J48: =元データ!H45 -> 500 | K48: =元データ!I45 -> 錠 | L48: =元データ!J45 -> 2629 | M48: =元データ!K45 -> 5.258 | N48: =IF(OFFSET(マスタ非採用削除!A$4,統合マスタ!$A48,0)="","",OFFSET(マスタ非採用削除!A$4,統合マスタ!$A48,0)) -> ｱｽﾊ001 | O48: =IF(OFFSET(マスタ非採用削除!B$4,統合マスタ!$A48,0)="","",OFFSET(マスタ非採用削除!B$4,統合マスタ!$A48,0)) -> ｱｽﾊ001 | P48: =IF(OFFSET(マスタ非採用削除!C$4,統合マスタ!$A48,0)="","",OFFSET(マスタ非採用削除!C$4,統合マスタ!$A48,0)) -> アスパラ－ＣＡ錠２００ | Q48: =IF(OFFSET(マスタ非採用削除!D$4,統合マスタ!$A48,0)="","",OFFSET(マスタ非採用削除!D$4,統合マスタ!$A48,0)) -> ｱｽﾊﾟ | R48: =IF(OR(A48="非採用",A48="処置薬",A48="非採用特別"),0,IF(OFFSET(マスタ非採用削除!E$4,統合マスタ!$A48,0)="","",OFFSET(マスタ非採用削除!E$4,統合マスタ!$A48,0))) -> 1 | S48: =IF(OFFSET(マスタ非採用削除!F$4,統合マスタ!$A48,0)="","",OFFSET(マスタ非採用削除!F$4,統合マスタ!$A48,0)) | T48: =IF(OFFSET(マスタ非採用削除!G$4,統合マスタ!$A48,0)="","",OFFSET(マスタ非採用削除!G$4,統合マスタ!$A48,0)) -> 5.9 | U48: =IF(OFFSET(マスタ非採用削除!H$4,統合マスタ!$A48,0)="","",OFFSET(マスタ非採用削除!H$4,統合マスタ!$A48,0)) -> ｱｽﾊﾟﾗ-CAｼﾞｮｳ200 | V48: =IF(OFFSET(マスタ非採用削除!I$4,統合マスタ!$A48,0)="","",OFFSET(マスタ非採用削除!I$4,統合マスタ!$A48,0)) -> 1 | W48: =IF(OFFSET(マスタ非採用削除!J$4,統合マスタ!$A48,0)="","",OFFSET(マスタ非採用削除!J$4,統合マスタ!$A48,0)) -> 錠剤 | X48: =IF(OFFSET(マスタ非採用削除!K$4,統合マスタ!$A48,0)="","",OFFSET(マスタ非採用削除!K$4,統合マスタ!$A48,0)) -> 0 | Y48: =IF(OFFSET(マスタ非採用削除!L$4,統合マスタ!$A48,0)="","",OFFSET(マスタ非採用削除!L$4,統合マスタ!$A48,0)) | Z48: =IF(OFFSET(マスタ非採用削除!M$4,統合マスタ!$A48,0)="","",OFFSET(マスタ非採用削除!M$4,統合マスタ!$A48,0)) -> 25 | AA48: =IF(A48="非採用","非採用",IF(A48="処置薬","処置薬","")) | AB48: =IF(A48="非採用特別","非採用特別",IF(R48=2,"臨時", IF(COUNTIF(分類!$H$8:$H$25, 統合マスタ!V48)>0, 分類!$G$7, IF(COUNTIF(分類!$K$8:$K$25, 統合マスタ!V48)>0, 分類!$J$7, IF(COUNTIF(分類!$N$8:$N$25, 統合マスタ!V48)>0, 分類!$M$7, IF(COUNTIF(分類!$Q$8:$Q$25, 統合マスタ!V48)>0, 分類!$P$7, IF(COUNTIF(分類!$T$8:$T$25, 統合マスタ!V48)>0, 分類!$S$7, "無し"))))))) -> 錠剤 | AC48: =X48*100000+B48 -> 44 | AE48: =H48*AD48 -> 0 | AF48: =M48*AD48 -> 0
A49: =元データ!P46 -> 14 | B49: =B48+1 -> 45 | C49: =DBCS(元データ!A46) -> アスパラカリウム散５０％ | D49: =元データ!B46 -> KSK | E49: =DBCS(元データ!C46) -> 粉 | F49: =DBCS(元データ!D46) -> ５００ｇ | G49: =元データ!E46 -> ニプロES | H49: =元データ!F46 -> 6.7 | I49: =元データ!G46 -> 3350 | J49: =元データ!H46 -> 500 | K49: =元データ!I46 -> ｇ | L49: =元データ!J46 -> 2985 | M49: =元データ!K46 -> 5.97 | N49: =IF(OFFSET(マスタ非採用削除!A$4,統合マスタ!$A49,0)="","",OFFSET(マスタ非採用削除!A$4,統合マスタ!$A49,0)) -> ｱｽﾊ003 | O49: =IF(OFFSET(マスタ非採用削除!B$4,統合マスタ!$A49,0)="","",OFFSET(マスタ非採用削除!B$4,統合マスタ!$A49,0)) -> ｱｽﾊ003 | P49: =IF(OFFSET(マスタ非採用削除!C$4,統合マスタ!$A49,0)="","",OFFSET(マスタ非採用削除!C$4,統合マスタ!$A49,0)) -> アスパラカリウム散５０％ | Q49: =IF(OFFSET(マスタ非採用削除!D$4,統合マスタ!$A49,0)="","",OFFSET(マスタ非採用削除!D$4,統合マスタ!$A49,0)) -> ｱｽﾊﾟ1 | R49: =IF(OR(A49="非採用",A49="処置薬",A49="非採用特別"),0,IF(OFFSET(マスタ非採用削除!E$4,統合マスタ!$A49,0)="","",OFFSET(マスタ非採用削除!E$4,統合マスタ!$A49,0))) -> 1 | S49: =IF(OFFSET(マスタ非採用削除!F$4,統合マスタ!$A49,0)="","",OFFSET(マスタ非採用削除!F$4,統合マスタ!$A49,0)) | T49: =IF(OFFSET(マスタ非採用削除!G$4,統合マスタ!$A49,0)="","",OFFSET(マスタ非採用削除!G$4,統合マスタ!$A49,0)) -> 6.7 | U49: =IF(OFFSET(マスタ非採用削除!H$4,統合マスタ!$A49,0)="","",OFFSET(マスタ非採用削除!H$4,統合マスタ!$A49,0)) -> ｱｽﾊﾟﾗｶﾘｳﾑｻﾝ50% | V49: =IF(OFFSET(マスタ非採用削除!I$4,統合マスタ!$A49,0)="","",OFFSET(マスタ非採用削除!I$4,統合マスタ!$A49,0)) -> 3 | W49: =IF(OFFSET(マスタ非採用削除!J$4,統合マスタ!$A49,0)="","",OFFSET(マスタ非採用削除!J$4,統合マスタ!$A49,0)) -> 散 | X49: =IF(OFFSET(マスタ非採用削除!K$4,統合マスタ!$A49,0)="","",OFFSET(マスタ非採用削除!K$4,統合マスタ!$A49,0)) -> 0 | Y49: =IF(OFFSET(マスタ非採用削除!L$4,統合マスタ!$A49,0)="","",OFFSET(マスタ非採用削除!L$4,統合マスタ!$A49,0)) | Z49: =IF(OFFSET(マスタ非採用削除!M$4,統合マスタ!$A49,0)="","",OFFSET(マスタ非採用削除!M$4,統合マスタ!$A49,0)) -> 2 | AA49: =IF(A49="非採用","非採用",IF(A49="処置薬","処置薬","")) | AB49: =IF(A49="非採用特別","非採用特別",IF(R49=2,"臨時", IF(COUNTIF(分類!$H$8:$H$25, 統合マスタ!V49)>0, 分類!$G$7, IF(COUNTIF(分類!$K$8:$K$25, 統合マスタ!V49)>0, 分類!$J$7, IF(COUNTIF(分類!$N$8:$N$25, 統合マスタ!V49)>0, 分類!$M$7, IF(COUNTIF(分類!$Q$8:$Q$25, 統合マスタ!V49)>0, 分類!$P$7, IF(COUNTIF(分類!$T$8:$T$25, 統合マスタ!V49)>0, 分類!$S$7, "無し"))))))) -> 散剤 | AC49: =X49*100000+B49 -> 45 | AD49: {=IF(A49="非採用","非採用",OFFSET( INDIRECT("'" & AB49 & "'!A4"), MATCH(B49, INDIRECT("'" & AB49 & "'!C5:C1000"), 0), MATCH("合計", INDIRECT("'" & AB49 & "'!4:4"), 0) - 1 ))} -> 367.1 | AE49: =H49*AD49 -> 2459.57 | AF49: =M49*AD49 -> 2191.587
A50: =元データ!P47 -> 13 | B50: =B49+1 -> 46 | C50: =DBCS(元データ!A47) -> アスパラカリウム錠３００ｍｇ | D50: =元データ!B47 -> KSK | E50: =DBCS(元データ!C47) -> ＰＴＰ | F50: =DBCS(元データ!D47) -> １０００Ｔ | G50: =元データ!E47 -> ニプロES | H50: =元データ!F47 -> 6.1 | I50: =元データ!G47 -> 6100 | J50: =元データ!H47 -> 1000 | K50: =元データ!I47 -> 錠 | L50: =元データ!J47 -> 5435 | M50: =元データ!K47 -> 5.435 | N50: =IF(OFFSET(マスタ非採用削除!A$4,統合マスタ!$A50,0)="","",OFFSET(マスタ非採用削除!A$4,統合マスタ!$A50,0)) -> ｱｽﾊ002 | O50: =IF(OFFSET(マスタ非採用削除!B$4,統合マスタ!$A50,0)="","",OFFSET(マスタ非採用削除!B$4,統合マスタ!$A50,0)) -> ｱｽﾊ002 | P50: =IF(OFFSET(マスタ非採用削除!C$4,統合マスタ!$A50,0)="","",OFFSET(マスタ非採用削除!C$4,統合マスタ!$A50,0)) -> アスパラカリウム錠３００ｍｇ | Q50: =IF(OFFSET(マスタ非採用削除!D$4,統合マスタ!$A50,0)="","",OFFSET(マスタ非採用削除!D$4,統合マスタ!$A50,0)) -> ｱｽﾊﾟﾗ | R50: =IF(OR(A50="非採用",A50="処置薬",A50="非採用特別"),0,IF(OFFSET(マスタ非採用削除!E$4,統合マスタ!$A50,0)="","",OFFSET(マスタ非採用削除!E$4,統合マスタ!$A50,0))) -> 1 | S50: =IF(OFFSET(マスタ非採用削除!F$4,統合マスタ!$A50,0)="","",OFFSET(マスタ非採用削除!F$4,統合マスタ!$A50,0)) | T50: =IF(OFFSET(マスタ非採用削除!G$4,統合マスタ!$A50,0)="","",OFFSET(マスタ非採用削除!G$4,統合マスタ!$A50,0)) -> 6.1 | U50: =IF(OFFSET(マスタ非採用削除!H$4,統合マスタ!$A50,0)="","",OFFSET(マスタ非採用削除!H$4,統合マスタ!$A50,0)) -> ｱｽﾊﾟﾗｶﾘｳﾑｼﾞｮｳ300mg | V50: =IF(OFFSET(マスタ非採用削除!I$4,統合マスタ!$A50,0)="","",OFFSET(マスタ非採用削除!I$4,統合マスタ!$A50,0)) -> 1 | W50: =IF(OFFSET(マスタ非採用削除!J$4,統合マスタ!$A50,0)="","",OFFSET(マスタ非採用削除!J$4,統合マスタ!$A50,0)) -> 錠剤 | X50: =IF(OFFSET(マスタ非採用削除!K$4,統合マスタ!$A50,0)="","",OFFSET(マスタ非採用削除!K$4,統合マスタ!$A50,0)) -> 0 | Y50: =IF(OFFSET(マスタ非採用削除!L$4,統合マスタ!$A50,0)="","",OFFSET(マスタ非採用削除!L$4,統合マスタ!$A50,0)) | Z50: =IF(OFFSET(マスタ非採用削除!M$4,統合マスタ!$A50,0)="","",OFFSET(マスタ非採用削除!M$4,統合マスタ!$A50,0)) -> 1 | AA50: =IF(A50="非採用","非採用",IF(A50="処置薬","処置薬","")) | AB50: =IF(A50="非採用特別","非採用特別",IF(R50=2,"臨時", IF(COUNTIF(分類!$H$8:$H$25, 統合マスタ!V50)>0, 分類!$G$7, IF(COUNTIF(分類!$K$8:$K$25, 統合マスタ!V50)>0, 分類!$J$7, IF(COUNTIF(分類!$N$8:$N$25, 統合マスタ!V50)>0, 分類!$M$7, IF(COUNTIF(分類!$Q$8:$Q$25, 統合マスタ!V50)>0, 分類!$P$7, IF(COUNTIF(分類!$T$8:$T$25, 統合マスタ!V50)>0, 分類!$S$7, "無し"))))))) -> 錠剤 | AC50: =X50*100000+B50 -> 46 | AD50: {=IF(A50="非採用","非採用",OFFSET( INDIRECT("'" & AB50 & "'!A4"), MATCH(B50, INDIRECT("'" & AB50 & "'!C5:C1000"), 0), MATCH("合計", INDIRECT("'" & AB50 & "'!4:4"), 0) - 1 ))} -> 654 | AE50: =H50*AD50 -> 3989.4 | AF50: =M50*AD50 -> 3554.49
A51: =元データ!P48 -> 13 | B51: =B50+1 -> 47 | C51: =DBCS(元データ!A48) -> アスパラカリウム錠３００ｍｇ | D51: =元データ!B48 -> KSK | E51: =DBCS(元データ!C48) -> ＰＴＰ | F51: =DBCS(元データ!D48) -> １００Ｔ | G51: =元データ!E48 -> ニプロ | H51: =元データ!F48 -> 6.1 | I51: =元データ!G48 -> 610 | J51: =元データ!H48 -> 100 | K51: =元データ!I48 -> 錠 | L51: =元データ!J48 -> 544 | M51: =元データ!K48 -> 5.44 | N51: =IF(OFFSET(マスタ非採用削除!A$4,統合マスタ!$A51,0)="","",OFFSET(マスタ非採用削除!A$4,統合マスタ!$A51,0)) -> ｱｽﾊ002 | O51: =IF(OFFSET(マスタ非採用削除!B$4,統合マスタ!$A51,0)="","",OFFSET(マスタ非採用削除!B$4,統合マスタ!$A51,0)) -> ｱｽﾊ002 | P51: =IF(OFFSET(マスタ非採用削除!C$4,統合マスタ!$A51,0)="","",OFFSET(マスタ非採用削除!C$4,統合マスタ!$A51,0)) -> アスパラカリウム錠３００ｍｇ | Q51: =IF(OFFSET(マスタ非採用削除!D$4,統合マスタ!$A51,0)="","",OFFSET(マスタ非採用削除!D$4,統合マスタ!$A51,0)) -> ｱｽﾊﾟﾗ | R51: =IF(OR(A51="非採用",A51="処置薬",A51="非採用特別"),0,IF(OFFSET(マスタ非採用削除!E$4,統合マスタ!$A51,0)="","",OFFSET(マスタ非採用削除!E$4,統合マスタ!$A51,0))) -> 1 | S51: =IF(OFFSET(マスタ非採用削除!F$4,統合マスタ!$A51,0)="","",OFFSET(マスタ非採用削除!F$4,統合マスタ!$A51,0)) | T51: =IF(OFFSET(マスタ非採用削除!G$4,統合マスタ!$A51,0)="","",OFFSET(マスタ非採用削除!G$4,統合マスタ!$A51,0)) -> 6.1 | U51: =IF(OFFSET(マスタ非採用削除!H$4,統合マスタ!$A51,0)="","",OFFSET(マスタ非採用削除!H$4,統合マスタ!$A51,0)) -> ｱｽﾊﾟﾗｶﾘｳﾑｼﾞｮｳ300mg | V51: =IF(OFFSET(マスタ非採用削除!I$4,統合マスタ!$A51,0)="","",OFFSET(マスタ非採用削除!I$4,統合マスタ!$A51,0)) -> 1 | W51: =IF(OFFSET(マスタ非採用削除!J$4,統合マスタ!$A51,0)="","",OFFSET(マスタ非採用削除!J$4,統合マスタ!$A51,0)) -> 錠剤 | X51: =IF(OFFSET(マスタ非採用削除!K$4,統合マスタ!$A51,0)="","",OFFSET(マスタ非採用削除!K$4,統合マスタ!$A51,0)) -> 0 | Y51: =IF(OFFSET(マスタ非採用削除!L$4,統合マスタ!$A51,0)="","",OFFSET(マスタ非採用削除!L$4,統合マスタ!$A51,0)) | Z51: =IF(OFFSET(マスタ非採用削除!M$4,統合マスタ!$A51,0)="","",OFFSET(マスタ非採用削除!M$4,統合マスタ!$A51,0)) -> 1 | AA51: =IF(A51="非採用","非採用",IF(A51="処置薬","処置薬","")) | AB51: =IF(A51="非採用特別","非採用特別",IF(R51=2,"臨時", IF(COUNTIF(分類!$H$8:$H$25, 統合マスタ!V51)>0, 分類!$G$7, IF(COUNTIF(分類!$K$8:$K$25, 統合マスタ!V51)>0, 分類!$J$7, IF(COUNTIF(分類!$N$8:$N$25, 統合マスタ!V51)>0, 分類!$M$7, IF(COUNTIF(分類!$Q$8:$Q$25, 統合マスタ!V51)>0, 分類!$P$7, IF(COUNTIF(分類!$T$8:$T$25, 統合マスタ!V51)>0, 分類!$S$7, "無し"))))))) -> 錠剤 | AC51: =X51*100000+B51 -> 47 | AE51: =H51*AD51 -> 0 | AF51: =M51*AD51 -> 0
A52: =元データ!P49 -> 15 | B52: =B51+1 -> 48 | C52: =DBCS(元データ!A49) -> アスパラギン酸カリウム注 １０ＭＥＱキット「テルモ」 | D52: =元データ!B49 -> アルフレッサ | E52: =DBCS(元データ!C49) | F52: =DBCS(元データ!D49) -> １０ｍｌｘ１０ | G52: =元データ!E49 -> テルモ | H52: =元データ!F49 -> 181 | I52: =元データ!G49 -> 1810 | J52: =元データ!H49 -> 10 | K52: =元データ!I49 -> 10ｍｌ | L52: =元データ!J49 -> 1637 | M52: =元データ!K49 -> 163.7 | N52: =IF(OFFSET(マスタ非採用削除!A$4,統合マスタ!$A52,0)="","",OFFSET(マスタ非採用削除!A$4,統合マスタ!$A52,0)) -> ｱｽﾊ004 | O52: =IF(OFFSET(マスタ非採用削除!B$4,統合マスタ!$A52,0)="","",OFFSET(マスタ非採用削除!B$4,統合マスタ!$A52,0)) -> ｱｽﾊ004 | P52: =IF(OFFSET(マスタ非採用削除!C$4,統合マスタ!$A52,0)="","",OFFSET(マスタ非採用削除!C$4,統合マスタ!$A52,0)) -> アスパラギン酸カリウム注１０ｍＥｑキット「テルモ」 | Q52: =IF(OFFSET(マスタ非採用削除!D$4,統合マスタ!$A52,0)="","",OFFSET(マスタ非採用削除!D$4,統合マスタ!$A52,0)) -> ｱｽﾊﾟ2 | R52: =IF(OR(A52="非採用",A52="処置薬",A52="非採用特別"),0,IF(OFFSET(マスタ非採用削除!E$4,統合マスタ!$A52,0)="","",OFFSET(マスタ非採用削除!E$4,統合マスタ!$A52,0))) -> 1 | S52: =IF(OFFSET(マスタ非採用削除!F$4,統合マスタ!$A52,0)="","",OFFSET(マスタ非採用削除!F$4,統合マスタ!$A52,0)) | T52: =IF(OFFSET(マスタ非採用削除!G$4,統合マスタ!$A52,0)="","",OFFSET(マスタ非採用削除!G$4,統合マスタ!$A52,0)) -> 181 | U52: =IF(OFFSET(マスタ非採用削除!H$4,統合マスタ!$A52,0)="","",OFFSET(マスタ非採用削除!H$4,統合マスタ!$A52,0)) -> ｱｽﾊﾟﾗｷﾞﾝｻﾝｶﾘｳﾑﾁｭｳ10mEqｷｯﾄ｢ﾃﾙﾓ｣ | V52: =IF(OFFSET(マスタ非採用削除!I$4,統合マスタ!$A52,0)="","",OFFSET(マスタ非採用削除!I$4,統合マスタ!$A52,0)) -> 25 | W52: =IF(OFFSET(マスタ非採用削除!J$4,統合マスタ!$A52,0)="","",OFFSET(マスタ非採用削除!J$4,統合マスタ!$A52,0)) -> 注射剤 | X52: =IF(OFFSET(マスタ非採用削除!K$4,統合マスタ!$A52,0)="","",OFFSET(マスタ非採用削除!K$4,統合マスタ!$A52,0)) -> 0 | Y52: =IF(OFFSET(マスタ非採用削除!L$4,統合マスタ!$A52,0)="","",OFFSET(マスタ非採用削除!L$4,統合マスタ!$A52,0)) | Z52: =IF(OFFSET(マスタ非採用削除!M$4,統合マスタ!$A52,0)="","",OFFSET(マスタ非採用削除!M$4,統合マスタ!$A52,0)) -> 9 | AA52: =IF(A52="非採用","非採用",IF(A52="処置薬","処置薬","")) | AB52: =IF(A52="非採用特別","非採用特別",IF(R52=2,"臨時", IF(COUNTIF(分類!$H$8:$H$25, 統合マスタ!V52)>0, 分類!$G$7, IF(COUNTIF(分類!$K$8:$K$25, 統合マスタ!V52)>0, 分類!$J$7, IF(COUNTIF(分類!$N$8:$N$25, 統合マスタ!V52)>0, 分類!$M$7, IF(COUNTIF(分類!$Q$8:$Q$25, 統合マスタ!V52)>0, 分類!$P$7, IF(COUNTIF(分類!$T$8:$T$25, 統合マスタ!V52)>0, 分類!$S$7, "無し"))))))) -> 注射 | AC52: =X52*100000+B52 -> 48 | AD52: {=IF(A52="非採用","非採用",OFFSET( INDIRECT("'" & AB52 & "'!A4"), MATCH(B52, INDIRECT("'" & AB52 & "'!C5:C1000"), 0), MATCH("合計", INDIRECT("'" & AB52 & "'!4:4"), 0) - 1 ))} -> 19 | AE52: =H52*AD52 -> 3439 | AF52: =M52*AD52 -> 3110.3
A53: =元データ!P50 -> 16 | B53: =B52+1 -> 49 | C53: =DBCS(元データ!A50) -> アズレン点眼液０．０２％「ニットー」 | D53: =元データ!B50 | E53: =DBCS(元データ!C50) | F53: =DBCS(元データ!D50) -> ５ｍｌｘ１０ | G53: =元データ!E50 -> 日東メディック | H53: =元データ!F50 -> 91.6 | I53: =元データ!G50 -> 916 | J53: =元データ!H50 -> 10 | K53: =元データ!I50 -> 瓶 | L53: =元データ!J50 -> 832 | M53: =元データ!K50 -> 83.2 | N53: =IF(OFFSET(マスタ非採用削除!A$4,統合マスタ!$A53,0)="","",OFFSET(マスタ非採用削除!A$4,統合マスタ!$A53,0)) -> ｱｽﾚ001 | O53: =IF(OFFSET(マスタ非採用削除!B$4,統合マスタ!$A53,0)="","",OFFSET(マスタ非採用削除!B$4,統合マスタ!$A53,0)) -> ｱｽﾚ001 | P53: =IF(OFFSET(マスタ非採用削除!C$4,統合マスタ!$A53,0)="","",OFFSET(マスタ非採用削除!C$4,統合マスタ!$A53,0)) -> アズレン点眼液０．０２％「ニットー」 | Q53: =IF(OFFSET(マスタ非採用削除!D$4,統合マスタ!$A53,0)="","",OFFSET(マスタ非採用削除!D$4,統合マスタ!$A53,0)) -> ｱｽﾞﾚ | R53: =IF(OR(A53="非採用",A53="処置薬",A53="非採用特別"),0,IF(OFFSET(マスタ非採用削除!E$4,統合マスタ!$A53,0)="","",OFFSET(マスタ非採用削除!E$4,統合マスタ!$A53,0))) -> 1 | S53: =IF(OFFSET(マスタ非採用削除!F$4,統合マスタ!$A53,0)="","",OFFSET(マスタ非採用削除!F$4,統合マスタ!$A53,0)) | T53: =IF(OFFSET(マスタ非採用削除!G$4,統合マスタ!$A53,0)="","",OFFSET(マスタ非採用削除!G$4,統合マスタ!$A53,0)) -> 91.6 | U53: =IF(OFFSET(マスタ非採用削除!H$4,統合マスタ!$A53,0)="","",OFFSET(マスタ非採用削除!H$4,統合マスタ!$A53,0)) -> ｱｽﾞﾚﾝﾃﾝｶﾞﾝｴｷ0.02%｢ﾆｯﾄｰ｣ | V53: =IF(OFFSET(マスタ非採用削除!I$4,統合マスタ!$A53,0)="","",OFFSET(マスタ非採用削除!I$4,統合マスタ!$A53,0)) -> 21 | W53: =IF(OFFSET(マスタ非採用削除!J$4,統合マスタ!$A53,0)="","",OFFSET(マスタ非採用削除!J$4,統合マスタ!$A53,0)) -> 点眼剤 | X53: =IF(OFFSET(マスタ非採用削除!K$4,統合マスタ!$A53,0)="","",OFFSET(マスタ非採用削除!K$4,統合マスタ!$A53,0)) -> 0 | Y53: =IF(OFFSET(マスタ非採用削除!L$4,統合マスタ!$A53,0)="","",OFFSET(マスタ非採用削除!L$4,統合マスタ!$A53,0)) | Z53: =IF(OFFSET(マスタ非採用削除!M$4,統合マスタ!$A53,0)="","",OFFSET(マスタ非採用削除!M$4,統合マスタ!$A53,0)) -> 3 | AA53: =IF(A53="非採用","非採用",IF(A53="処置薬","処置薬","")) | AB53: =IF(A53="非採用特別","非採用特別",IF(R53=2,"臨時", IF(COUNTIF(分類!$H$8:$H$25, 統合マスタ!V53)>0, 分類!$G$7, IF(COUNTIF(分類!$K$8:$K$25, 統合マスタ!V53)>0, 分類!$J$7, IF(COUNTIF(分類!$N$8:$N$25, 統合マスタ!V53)>0, 分類!$M$7, IF(COUNTIF(分類!$Q$8:$Q$25, 統合マスタ!V53)>0, 分類!$P$7, IF(COUNTIF(分類!$T$8:$T$25, 統合マスタ!V53)>0, 分類!$S$7, "無し"))))))) -> 外用 | AC53: =X53*100000+B53 -> 49 | AD53: {=IF(A53="非採用","非採用",OFFSET( INDIRECT("'" & AB53 & "'!A4"), MATCH(B53, INDIRECT("'" & AB53 & "'!C5:C1000"), 0), MATCH("合計", INDIRECT("'" & AB53 & "'!4:4"), 0) - 1 ))} -> 10 | AE53: =H53*AD53 -> 916 | AF53: =M53*AD53 -> 832
A54: =元データ!P51 -> 非採用 | B54: =B53+1 -> 50 | C54: =DBCS(元データ!A51) -> アセサイド消毒液６％ ８００ｍｌｘ２ | D54: =元データ!B51 | E54: =DBCS(元データ!C51) | F54: =DBCS(元データ!D51) -> ６本セット | G54: =元データ!E51 -> オリンパス | H54: =元データ!F51 -> 0 | I54: =元データ!G51 -> 0 | J54: =元データ!H51 -> #DIV/0! | K54: =元データ!I51 | L54: =元データ!J51 -> 68824 | M54: =元データ!K51 -> #DIV/0! | N54: =IF(OFFSET(マスタ非採用削除!A$4,統合マスタ!$A54,0)="","",OFFSET(マスタ非採用削除!A$4,統合マスタ!$A54,0)) -> #VALUE! | O54: =IF(OFFSET(マスタ非採用削除!B$4,統合マスタ!$A54,0)="","",OFFSET(マスタ非採用削除!B$4,統合マスタ!$A54,0)) -> #VALUE! | P54: =IF(OFFSET(マスタ非採用削除!C$4,統合マスタ!$A54,0)="","",OFFSET(マスタ非採用削除!C$4,統合マスタ!$A54,0)) -> #VALUE! | Q54: =IF(OFFSET(マスタ非採用削除!D$4,統合マスタ!$A54,0)="","",OFFSET(マスタ非採用削除!D$4,統合マスタ!$A54,0)) -> #VALUE! | R54: =IF(OR(A54="非採用",A54="処置薬",A54="非採用特別"),0,IF(OFFSET(マスタ非採用削除!E$4,統合マスタ!$A54,0)="","",OFFSET(マスタ非採用削除!E$4,統合マスタ!$A54,0))) -> 0 | S54: =IF(OFFSET(マスタ非採用削除!F$4,統合マスタ!$A54,0)="","",OFFSET(マスタ非採用削除!F$4,統合マスタ!$A54,0)) -> #VALUE! | T54: =IF(OFFSET(マスタ非採用削除!G$4,統合マスタ!$A54,0)="","",OFFSET(マスタ非採用削除!G$4,統合マスタ!$A54,0)) -> #VALUE! | U54: =IF(OFFSET(マスタ非採用削除!H$4,統合マスタ!$A54,0)="","",OFFSET(マスタ非採用削除!H$4,統合マスタ!$A54,0)) -> #VALUE! | V54: =IF(OFFSET(マスタ非採用削除!I$4,統合マスタ!$A54,0)="","",OFFSET(マスタ非採用削除!I$4,統合マスタ!$A54,0)) -> #VALUE! | W54: =IF(OFFSET(マスタ非採用削除!J$4,統合マスタ!$A54,0)="","",OFFSET(マスタ非採用削除!J$4,統合マスタ!$A54,0)) -> #VALUE! | X54: =IF(OFFSET(マスタ非採用削除!K$4,統合マスタ!$A54,0)="","",OFFSET(マスタ非採用削除!K$4,統合マスタ!$A54,0)) -> #VALUE! | Y54: =IF(OFFSET(マスタ非採用削除!L$4,統合マスタ!$A54,0)="","",OFFSET(マスタ非採用削除!L$4,統合マスタ!$A54,0)) -> #VALUE! | Z54: =IF(OFFSET(マスタ非採用削除!M$4,統合マスタ!$A54,0)="","",OFFSET(マスタ非採用削除!M$4,統合マスタ!$A54,0)) -> #VALUE! | AA54: =IF(A54="非採用","非採用",IF(A54="処置薬","処置薬","")) -> 非採用 | AB54: =IF(A54="非採用特別","非採用特別",IF(R54=2,"臨時", IF(COUNTIF(分類!$H$8:$H$25, 統合マスタ!V54)>0, 分類!$G$7, IF(COUNTIF(分類!$K$8:$K$25, 統合マスタ!V54)>0, 分類!$J$7, IF(COUNTIF(分類!$N$8:$N$25, 統合マスタ!V54)>0, 分類!$M$7, IF(COUNTIF(分類!$Q$8:$Q$25, 統合マスタ!V54)>0, 分類!$P$7, IF(COUNTIF(分類!$T$8:$T$25, 統合マスタ!V54)>0, 分類!$S$7, "無し"))))))) -> 無し | AC54: =X54*100000+B54 -> #VALUE! | AD54: {=IF(A54="非採用","非採用",OFFSET( INDIRECT("'" & AB54 & "'!A4"), MATCH(B54, INDIRECT("'" & AB54 & "'!C5:C1000"), 0), MATCH("合計", INDIRECT("'" & AB54 & "'!4:4"), 0) - 1 ))} -> 非採用 | AE54: =H54*AD54 -> #VALUE! | AF54: =M54*AD54 -> #DIV/0!
A55: =元データ!P52 -> 17 | B55: =B54+1 -> 51 | C55: =DBCS(元データ!A52) -> アセリオ静注液１０００ｍｇバッグ | D55: =元データ!B52 -> アルフレッサ | E55: =DBCS(元データ!C52) | F55: =DBCS(元データ!D52) -> １００ｍｌｘ２０ | G55: =元データ!E52 -> テルモ | H55: =元データ!F52 -> 298 | I55: =元データ!G52 -> 5960 | J55: =元データ!H52 -> 20 | K55: =元データ!I52 -> 袋 | L55: =元データ!J52 -> 5360 | M55: =元データ!K52 -> 268 | N55: =IF(OFFSET(マスタ非採用削除!A$4,統合マスタ!$A55,0)="","",OFFSET(マスタ非採用削除!A$4,統合マスタ!$A55,0)) -> ｱｾﾘ001 | O55: =IF(OFFSET(マスタ非採用削除!B$4,統合マスタ!$A55,0)="","",OFFSET(マスタ非採用削除!B$4,統合マスタ!$A55,0)) -> ｱｾﾘ001 | P55: =IF(OFFSET(マスタ非採用削除!C$4,統合マスタ!$A55,0)="","",OFFSET(マスタ非採用削除!C$4,統合マスタ!$A55,0)) -> アセリオ静注液１０００ｍｇバッグ | Q55: =IF(OFFSET(マスタ非採用削除!D$4,統合マスタ!$A55,0)="","",OFFSET(マスタ非採用削除!D$4,統合マスタ!$A55,0)) -> ｱｾﾘ | R55: =IF(OR(A55="非採用",A55="処置薬",A55="非採用特別"),0,IF(OFFSET(マスタ非採用削除!E$4,統合マスタ!$A55,0)="","",OFFSET(マスタ非採用削除!E$4,統合マスタ!$A55,0))) -> 2 | S55: =IF(OFFSET(マスタ非採用削除!F$4,統合マスタ!$A55,0)="","",OFFSET(マスタ非採用削除!F$4,統合マスタ!$A55,0)) | T55: =IF(OFFSET(マスタ非採用削除!G$4,統合マスタ!$A55,0)="","",OFFSET(マスタ非採用削除!G$4,統合マスタ!$A55,0)) -> 298 | U55: =IF(OFFSET(マスタ非採用削除!H$4,統合マスタ!$A55,0)="","",OFFSET(マスタ非採用削除!H$4,統合マスタ!$A55,0)) -> ｱｾﾘｵｼﾞｮｳﾁｭｳｴｷ1000mgﾊﾞｯｸﾞ | V55: =IF(OFFSET(マスタ非採用削除!I$4,統合マスタ!$A55,0)="","",OFFSET(マスタ非採用削除!I$4,統合マスタ!$A55,0)) -> 25 | W55: =IF(OFFSET(マスタ非採用削除!J$4,統合マスタ!$A55,0)="","",OFFSET(マスタ非採用削除!J$4,統合マスタ!$A55,0)) -> 注射剤 | X55: =IF(OFFSET(マスタ非採用削除!K$4,統合マスタ!$A55,0)="","",OFFSET(マスタ非採用削除!K$4,統合マスタ!$A55,0)) -> 2 | Y55: =IF(OFFSET(マスタ非採用削除!L$4,統合マスタ!$A55,0)="","",OFFSET(マスタ非採用削除!L$4,統合マスタ!$A55,0)) | Z55: =IF(OFFSET(マスタ非採用削除!M$4,統合マスタ!$A55,0)="","",OFFSET(マスタ非採用削除!M$4,統合マスタ!$A55,0)) -> 8 | AA55: =IF(A55="非採用","非採用",IF(A55="処置薬","処置薬","")) | AB55: =IF(A55="非採用特別","非採用特別",IF(R55=2,"臨時", IF(COUNTIF(分類!$H$8:$H$25, 統合マスタ!V55)>0, 分類!$G$7, IF(COUNTIF(分類!$K$8:$K$25, 統合マスタ!V55)>0, 分類!$J$7, IF(COUNTIF(分類!$N$8:$N$25, 統合マスタ!V55)>0, 分類!$M$7, IF(COUNTIF(分類!$Q$8:$Q$25, 統合マスタ!V55)>0, 分類!$P$7, IF(COUNTIF(分類!$T$8:$T$25, 統合マスタ!V55)>0, 分類!$S$7, "無し"))))))) -> 臨時 | AC55: =X55*100000+B55 -> 200051 | AD55: {=IF(A55="非採用","非採用",OFFSET( INDIRECT("'" & AB55 & "'!A4"), MATCH(B55, INDIRECT("'" & AB55 & "'!C5:C1000"), 0), MATCH("合計", INDIRECT("'" & AB55 & "'!4:4"), 0) - 1 ))} -> 6 | AE55: =H55*AD55 -> 1788 | AF55: =M55*AD55 -> 1608
A56: =元データ!P53 -> 18 | B56: =B55+1 -> 52 | C56: =DBCS(元データ!A53) -> アセレンド注１００μｇ | D56: =元データ!B53 | E56: =DBCS(元データ!C53) | F56: =DBCS(元データ!D53) -> ２ｍｌｘ１０Ａ | G56: =元データ!E53 -> 藤本製薬 | H56: =元データ!F53 -> 1646 | I56: =元データ!G53 -> 16460 | J56: =元データ!H53 -> 10 | K56: =元データ!I53 -> 瓶 | L56: =元データ!J53 -> 14830 | M56: =元データ!K53 -> 1483 | N56: =IF(OFFSET(マスタ非採用削除!A$4,統合マスタ!$A56,0)="","",OFFSET(マスタ非採用削除!A$4,統合マスタ!$A56,0)) -> ｱｾﾚ001 | O56: =IF(OFFSET(マスタ非採用削除!B$4,統合マスタ!$A56,0)="","",OFFSET(マスタ非採用削除!B$4,統合マスタ!$A56,0)) -> ｱｾﾚ001 | P56: =IF(OFFSET(マスタ非採用削除!C$4,統合マスタ!$A56,0)="","",OFFSET(マスタ非採用削除!C$4,統合マスタ!$A56,0)) -> アセレンド注１００μｇ | Q56: =IF(OFFSET(マスタ非採用削除!D$4,統合マスタ!$A56,0)="","",OFFSET(マスタ非採用削除!D$4,統合マスタ!$A56,0)) -> ｱｾﾚ | R56: =IF(OR(A56="非採用",A56="処置薬",A56="非採用特別"),0,IF(OFFSET(マスタ非採用削除!E$4,統合マスタ!$A56,0)="","",OFFSET(マスタ非採用削除!E$4,統合マスタ!$A56,0))) -> 2 | S56: =IF(OFFSET(マスタ非採用削除!F$4,統合マスタ!$A56,0)="","",OFFSET(マスタ非採用削除!F$4,統合マスタ!$A56,0)) | T56: =IF(OFFSET(マスタ非採用削除!G$4,統合マスタ!$A56,0)="","",OFFSET(マスタ非採用削除!G$4,統合マスタ!$A56,0)) -> 1646 | U56: =IF(OFFSET(マスタ非採用削除!H$4,統合マスタ!$A56,0)="","",OFFSET(マスタ非採用削除!H$4,統合マスタ!$A56,0)) -> ｱｾﾚﾝﾄﾞﾁｭｳ100μg | V56: =IF(OFFSET(マスタ非採用削除!I$4,統合マスタ!$A56,0)="","",OFFSET(マスタ非採用削除!I$4,統合マスタ!$A56,0)) -> 25 | W56: =IF(OFFSET(マスタ非採用削除!J$4,統合マスタ!$A56,0)="","",OFFSET(マスタ非採用削除!J$4,統合マスタ!$A56,0)) -> 注射剤 | X56: =IF(OFFSET(マスタ非採用削除!K$4,統合マスタ!$A56,0)="","",OFFSET(マスタ非採用削除!K$4,統合マスタ!$A56,0)) -> 2 | Y56: =IF(OFFSET(マスタ非採用削除!L$4,統合マスタ!$A56,0)="","",OFFSET(マスタ非採用削除!L$4,統合マスタ!$A56,0)) | Z56: =IF(OFFSET(マスタ非採用削除!M$4,統合マスタ!$A56,0)="","",OFFSET(マスタ非採用削除!M$4,統合マスタ!$A56,0)) -> 9 | AA56: =IF(A56="非採用","非採用",IF(A56="処置薬","処置薬","")) | AB56: =IF(A56="非採用特別","非採用特別",IF(R56=2,"臨時", IF(COUNTIF(分類!$H$8:$H$25, 統合マスタ!V56)>0, 分類!$G$7, IF(COUNTIF(分類!$K$8:$K$25, 統合マスタ!V56)>0, 分類!$J$7, IF(COUNTIF(分類!$N$8:$N$25, 統合マスタ!V56)>0, 分類!$M$7, IF(COUNTIF(分類!$Q$8:$Q$25, 統合マスタ!V56)>0, 分類!$P$7, IF(COUNTIF(分類!$T$8:$T$25, 統合マスタ!V56)>0, 分類!$S$7, "無し"))))))) -> 臨時 | AC56: =X56*100000+B56 -> 200052 | AD56: {=IF(A56="非採用","非採用",OFFSET( INDIRECT("'" & AB56 & "'!A4"), MATCH(B56, INDIRECT("'" & AB56 & "'!C5:C1000"), 0), MATCH("合計", INDIRECT("'" & AB56 & "'!4:4"), 0) - 1 ))} -> 19 | AE56: =H56*AD56 -> 31274 | AF56: =M56*AD56 -> 28177
A57: =元データ!P54 -> 19 | B57: =B56+1 -> 53 | C57: =DBCS(元データ!A54) -> アゾセミド錠３０ｍｇ「ＤＳＥＰ」 | D57: =元データ!B54 -> メディセオ | E57: =DBCS(元データ!C54) -> ＰＴＰ | F57: =DBCS(元データ!D54) -> １００Ｔ | G57: =元データ!E54 -> 第一三共 | H57: =元データ!F54 -> 10.4 | I57: =元データ!G54 -> 1040 | J57: =元データ!H54 -> 100 | K57: =元データ!I54 -> 錠 | L57: =元データ!J54 -> 926 | M57: =元データ!K54 -> 9.26 | N57: =IF(OFFSET(マスタ非採用削除!A$4,統合マスタ!$A57,0)="","",OFFSET(マスタ非採用削除!A$4,統合マスタ!$A57,0)) -> ｱｿｾ002 | O57: =IF(OFFSET(マスタ非採用削除!B$4,統合マスタ!$A57,0)="","",OFFSET(マスタ非採用削除!B$4,統合マスタ!$A57,0)) -> ｱｿｾ002 | P57: =IF(OFFSET(マスタ非採用削除!C$4,統合マスタ!$A57,0)="","",OFFSET(マスタ非採用削除!C$4,統合マスタ!$A57,0)) -> アゾセミド錠３０ｍｇ「ＤＳＥＰ」 | Q57: =IF(OFFSET(マスタ非採用削除!D$4,統合マスタ!$A57,0)="","",OFFSET(マスタ非採用削除!D$4,統合マスタ!$A57,0)) -> ｱｿﾞｾ2 | R57: =IF(OR(A57="非採用",A57="処置薬",A57="非採用特別"),0,IF(OFFSET(マスタ非採用削除!E$4,統合マスタ!$A57,0)="","",OFFSET(マスタ非採用削除!E$4,統合マスタ!$A57,0))) -> 2 | S57: =IF(OFFSET(マスタ非採用削除!F$4,統合マスタ!$A57,0)="","",OFFSET(マスタ非採用削除!F$4,統合マスタ!$A57,0)) | T57: =IF(OFFSET(マスタ非採用削除!G$4,統合マスタ!$A57,0)="","",OFFSET(マスタ非採用削除!G$4,統合マスタ!$A57,0)) -> 10.4 | U57: =IF(OFFSET(マスタ非採用削除!H$4,統合マスタ!$A57,0)="","",OFFSET(マスタ非採用削除!H$4,統合マスタ!$A57,0)) -> ｱｿﾞｾﾐﾄﾞｼﾞｮｳ30mg｢DSEP｣ | V57: =IF(OFFSET(マスタ非採用削除!I$4,統合マスタ!$A57,0)="","",OFFSET(マスタ非採用削除!I$4,統合マスタ!$A57,0)) -> 1 | W57: =IF(OFFSET(マスタ非採用削除!J$4,統合マスタ!$A57,0)="","",OFFSET(マスタ非採用削除!J$4,統合マスタ!$A57,0)) -> 錠剤 | X57: =IF(OFFSET(マスタ非採用削除!K$4,統合マスタ!$A57,0)="","",OFFSET(マスタ非採用削除!K$4,統合マスタ!$A57,0)) -> 0 | Y57: =IF(OFFSET(マスタ非採用削除!L$4,統合マスタ!$A57,0)="","",OFFSET(マスタ非採用削除!L$4,統合マスタ!$A57,0)) | Z57: =IF(OFFSET(マスタ非採用削除!M$4,統合マスタ!$A57,0)="","",OFFSET(マスタ非採用削除!M$4,統合マスタ!$A57,0)) -> 3 | AA57: =IF(A57="非採用","非採用",IF(A57="処置薬","処置薬","")) | AB57: =IF(A57="非採用特別","非採用特別",IF(R57=2,"臨時", IF(COUNTIF(分類!$H$8:$H$25, 統合マスタ!V57)>0, 分類!$G$7, IF(COUNTIF(分類!$K$8:$K$25, 統合マスタ!V57)>0, 分類!$J$7, IF(COUNTIF(分類!$N$8:$N$25, 統合マスタ!V57)>0, 分類!$M$7, IF(COUNTIF(分類!$Q$8:$Q$25, 統合マスタ!V57)>0, 分類!$P$7, IF(COUNTIF(分類!$T$8:$T$25, 統合マスタ!V57)>0, 分類!$S$7, "無し"))))))) -> 臨時 | AC57: =X57*100000+B57 -> 53 | AD57: {=IF(A57="非採用","非採用",OFFSET( INDIRECT("'" & AB57 & "'!A4"), MATCH(B57, INDIRECT("'" & AB57 & "'!C5:C1000"), 0), MATCH("合計", INDIRECT("'" & AB57 & "'!4:4"), 0) - 1 ))} -> 10 | AE57: =H57*AD57 -> 104 | AF57: =M57*AD57 -> 92.6
A58: =元データ!P55 -> 非採用 | B58: =B57+1 -> 54 | C58: =DBCS(元データ!A55) -> アゾセミド錠６０ｍｇ「ＤＳＥＰ」 | D58: =元データ!B55 | E58: =DBCS(元データ!C55) -> ＰＴＰ | F58: =DBCS(元データ!D55) -> １００Ｔ | G58: =元データ!E55 -> 第一三共 | H58: =元データ!F55 -> 11.3 | I58: =元データ!G55 -> 1130 | J58: =元データ!H55 -> 100 | K58: =元データ!I55 -> 錠 | L58: =元データ!J55 -> 1006 | M58: =元データ!K55 -> 10.06 | N58: =IF(OFFSET(マスタ非採用削除!A$4,統合マスタ!$A58,0)="","",OFFSET(マスタ非採用削除!A$4,統合マスタ!$A58,0)) -> #VALUE! | O58: =IF(OFFSET(マスタ非採用削除!B$4,統合マスタ!$A58,0)="","",OFFSET(マスタ非採用削除!B$4,統合マスタ!$A58,0)) -> #VALUE! | P58: =IF(OFFSET(マスタ非採用削除!C$4,統合マスタ!$A58,0)="","",OFFSET(マスタ非採用削除!C$4,統合マスタ!$A58,0)) -> #VALUE! | Q58: =IF(OFFSET(マスタ非採用削除!D$4,統合マスタ!$A58,0)="","",OFFSET(マスタ非採用削除!D$4,統合マスタ!$A58,0)) -> #VALUE! | R58: =IF(OR(A58="非採用",A58="処置薬",A58="非採用特別"),0,IF(OFFSET(マスタ非採用削除!E$4,統合マスタ!$A58,0)="","",OFFSET(マスタ非採用削除!E$4,統合マスタ!$A58,0))) -> 0 | S58: =IF(OFFSET(マスタ非採用削除!F$4,統合マスタ!$A58,0)="","",OFFSET(マスタ非採用削除!F$4,統合マスタ!$A58,0)) -> #VALUE! | T58: =IF(OFFSET(マスタ非採用削除!G$4,統合マスタ!$A58,0)="","",OFFSET(マスタ非採用削除!G$4,統合マスタ!$A58,0)) -> #VALUE! | U58: =IF(OFFSET(マスタ非採用削除!H$4,統合マスタ!$A58,0)="","",OFFSET(マスタ非採用削除!H$4,統合マスタ!$A58,0)) -> #VALUE! | V58: =IF(OFFSET(マスタ非採用削除!I$4,統合マスタ!$A58,0)="","",OFFSET(マスタ非採用削除!I$4,統合マスタ!$A58,0)) -> #VALUE! | W58: =IF(OFFSET(マスタ非採用削除!J$4,統合マスタ!$A58,0)="","",OFFSET(マスタ非採用削除!J$4,統合マスタ!$A58,0)) -> #VALUE! | X58: =IF(OFFSET(マスタ非採用削除!K$4,統合マスタ!$A58,0)="","",OFFSET(マスタ非採用削除!K$4,統合マスタ!$A58,0)) -> #VALUE! | Y58: =IF(OFFSET(マスタ非採用削除!L$4,統合マスタ!$A58,0)="","",OFFSET(マスタ非採用削除!L$4,統合マスタ!$A58,0)) -> #VALUE! | Z58: =IF(OFFSET(マスタ非採用削除!M$4,統合マスタ!$A58,0)="","",OFFSET(マスタ非採用削除!M$4,統合マスタ!$A58,0)) -> #VALUE! | AA58: =IF(A58="非採用","非採用",IF(A58="処置薬","処置薬","")) -> 非採用 | AB58: =IF(A58="非採用特別","非採用特別",IF(R58=2,"臨時", IF(COUNTIF(分類!$H$8:$H$25, 統合マスタ!V58)>0, 分類!$G$7, IF(COUNTIF(分類!$K$8:$K$25, 統合マスタ!V58)>0, 分類!$J$7, IF(COUNTIF(分類!$N$8:$N$25, 統合マスタ!V58)>0, 分類!$M$7, IF(COUNTIF(分類!$Q$8:$Q$25, 統合マスタ!V58)>0, 分類!$P$7, IF(COUNTIF(分類!$T$8:$T$25, 統合マスタ!V58)>0, 分類!$S$7, "無し"))))))) -> 無し | AC58: =X58*100000+B58 -> #VALUE! | AD58: {=IF(A58="非採用","非採用",OFFSET( INDIRECT("'" & AB58 & "'!A4"), MATCH(B58, INDIRECT("'" & AB58 & "'!C5:C1000"), 0), MATCH("合計", INDIRECT("'" & AB58 & "'!4:4"), 0) - 1 ))} -> 非採用 | AE58: =H58*AD58 -> #VALUE! | AF58: =M58*AD58 -> #VALUE!
A59: =元データ!P56 -> 21 | B59: =B58+1 -> 55 | C59: =DBCS(元データ!A56) -> アダラートＣＲ錠２０ｍｇ | D59: =元データ!B56 -> メディセオ | E59: =DBCS(元データ!C56) -> ＰＴＰ | F59: =DBCS(元データ!D56) -> １００Ｔ | G59: =元データ!E56 -> バイエル | H59: =元データ!F56 -> 13.2 | I59: =元データ!G56 -> 1320 | J59: =元データ!H56 -> 100 | K59: =元データ!I56 -> 錠 | L59: =元データ!J56 -> 1176 | M59: =元データ!K56 -> 11.76 | N59: =IF(OFFSET(マスタ非採用削除!A$4,統合マスタ!$A59,0)="","",OFFSET(マスタ非採用削除!A$4,統合マスタ!$A59,0)) -> ｱﾀﾗ002 | O59: =IF(OFFSET(マスタ非採用削除!B$4,統合マスタ!$A59,0)="","",OFFSET(マスタ非採用削除!B$4,統合マスタ!$A59,0)) -> ｱﾀﾗ002 | P59: =IF(OFFSET(マスタ非採用削除!C$4,統合マスタ!$A59,0)="","",OFFSET(マスタ非採用削除!C$4,統合マスタ!$A59,0)) -> アダラートＣＲ錠２０ｍｇ | Q59: =IF(OFFSET(マスタ非採用削除!D$4,統合マスタ!$A59,0)="","",OFFSET(マスタ非採用削除!D$4,統合マスタ!$A59,0)) -> ｱﾀﾞﾗ | R59: =IF(OR(A59="非採用",A59="処置薬",A59="非採用特別"),0,IF(OFFSET(マスタ非採用削除!E$4,統合マスタ!$A59,0)="","",OFFSET(マスタ非採用削除!E$4,統合マスタ!$A59,0))) -> 1 | S59: =IF(OFFSET(マスタ非採用削除!F$4,統合マスタ!$A59,0)="","",OFFSET(マスタ非採用削除!F$4,統合マスタ!$A59,0)) | T59: =IF(OFFSET(マスタ非採用削除!G$4,統合マスタ!$A59,0)="","",OFFSET(マスタ非採用削除!G$4,統合マスタ!$A59,0)) -> 13.2 | U59: =IF(OFFSET(マスタ非採用削除!H$4,統合マスタ!$A59,0)="","",OFFSET(マスタ非採用削除!H$4,統合マスタ!$A59,0)) -> ｱﾀﾞﾗｰﾄCRｼﾞｮｳ20mg | V59: =IF(OFFSET(マスタ非採用削除!I$4,統合マスタ!$A59,0)="","",OFFSET(マスタ非採用削除!I$4,統合マスタ!$A59,0)) -> 1 | W59: =IF(OFFSET(マスタ非採用削除!J$4,統合マスタ!$A59,0)="","",OFFSET(マスタ非採用削除!J$4,統合マスタ!$A59,0)) -> 錠剤 | X59: =IF(OFFSET(マスタ非採用削除!K$4,統合マスタ!$A59,0)="","",OFFSET(マスタ非採用削除!K$4,統合マスタ!$A59,0)) -> 2 | Y59: =IF(OFFSET(マスタ非採用削除!L$4,統合マスタ!$A59,0)="","",OFFSET(マスタ非採用削除!L$4,統合マスタ!$A59,0)) | Z59: =IF(OFFSET(マスタ非採用削除!M$4,統合マスタ!$A59,0)="","",OFFSET(マスタ非採用削除!M$4,統合マスタ!$A59,0)) -> 6 | AA59: =IF(A59="非採用","非採用",IF(A59="処置薬","処置薬","")) | AB59: =IF(A59="非採用特別","非採用特別",IF(R59=2,"臨時", IF(COUNTIF(分類!$H$8:$H$25, 統合マスタ!V59)>0, 分類!$G$7, IF(COUNTIF(分類!$K$8:$K$25, 統合マスタ!V59)>0, 分類!$J$7, IF(COUNTIF(分類!$N$8:$N$25, 統合マスタ!V59)>0, 分類!$M$7, IF(COUNTIF(分類!$Q$8:$Q$25, 統合マスタ!V59)>0, 分類!$P$7, IF(COUNTIF(分類!$T$8:$T$25, 統合マスタ!V59)>0, 分類!$S$7, "無し"))))))) -> 錠剤 | AC59: =X59*100000+B59 -> 200055 | AD59: {=IF(A59="非採用","非採用",OFFSET( INDIRECT("'" & AB59 & "'!A4"), MATCH(B59, INDIRECT("'" & AB59 & "'!C5:C1000"), 0), MATCH("合計", INDIRECT("'" & AB59 & "'!4:4"), 0) - 1 ))} -> 176 | AE59: =H59*AD59 -> 2323.2 | AF59: =M59*AD59 -> 2069.76
A60: =元データ!P57 -> 20 | B60: =B59+1 -> 56 | C60: =DBCS(元データ!A57) -> アタラックス錠２５ｍｇ | D60: =元データ!B57 -> KSK | E60: =DBCS(元データ!C57) -> ＰＴＰ | F60: =DBCS(元データ!D57) -> １００Ｔ | G60: =元データ!E57 -> ファイザー | H60: =元データ!F57 -> 6.1 | I60: =元データ!G57 -> 610 | J60: =元データ!H57 -> 100 | K60: =元データ!I57 -> 錠 | L60: =元データ!J57 -> 536 | M60: =元データ!K57 -> 5.36 | N60: =IF(OFFSET(マスタ非採用削除!A$4,統合マスタ!$A60,0)="","",OFFSET(マスタ非採用削除!A$4,統合マスタ!$A60,0)) -> ｱﾀﾗ001 | O60: =IF(OFFSET(マスタ非採用削除!B$4,統合マスタ!$A60,0)="","",OFFSET(マスタ非採用削除!B$4,統合マスタ!$A60,0)) -> ｱﾀﾗ001 | P60: =IF(OFFSET(マスタ非採用削除!C$4,統合マスタ!$A60,0)="","",OFFSET(マスタ非採用削除!C$4,統合マスタ!$A60,0)) -> アタラックス錠２５ｍｇ | Q60: =IF(OFFSET(マスタ非採用削除!D$4,統合マスタ!$A60,0)="","",OFFSET(マスタ非採用削除!D$4,統合マスタ!$A60,0)) -> ｱﾀﾗｯ2 | R60: =IF(OR(A60="非採用",A60="処置薬",A60="非採用特別"),0,IF(OFFSET(マスタ非採用削除!E$4,統合マスタ!$A60,0)="","",OFFSET(マスタ非採用削除!E$4,統合マスタ!$A60,0))) -> 1 | S60: =IF(OFFSET(マスタ非採用削除!F$4,統合マスタ!$A60,0)="","",OFFSET(マスタ非採用削除!F$4,統合マスタ!$A60,0)) | T60: =IF(OFFSET(マスタ非採用削除!G$4,統合マスタ!$A60,0)="","",OFFSET(マスタ非採用削除!G$4,統合マスタ!$A60,0)) -> 6.1 | U60: =IF(OFFSET(マスタ非採用削除!H$4,統合マスタ!$A60,0)="","",OFFSET(マスタ非採用削除!H$4,統合マスタ!$A60,0)) -> ｱﾀﾗｯｸｽｼﾞｮｳ25mg | V60: =IF(OFFSET(マスタ非採用削除!I$4,統合マスタ!$A60,0)="","",OFFSET(マスタ非採用削除!I$4,統合マスタ!$A60,0)) -> 1 | W60: =IF(OFFSET(マスタ非採用削除!J$4,統合マスタ!$A60,0)="","",OFFSET(マスタ非採用削除!J$4,統合マスタ!$A60,0)) -> 錠剤 | X60: =IF(OFFSET(マスタ非採用削除!K$4,統合マスタ!$A60,0)="","",OFFSET(マスタ非採用削除!K$4,統合マスタ!$A60,0)) -> 0 | Y60: =IF(OFFSET(マスタ非採用削除!L$4,統合マスタ!$A60,0)="","",OFFSET(マスタ非採用削除!L$4,統合マスタ!$A60,0)) | Z60: =IF(OFFSET(マスタ非採用削除!M$4,統合マスタ!$A60,0)="","",OFFSET(マスタ非採用削除!M$4,統合マスタ!$A60,0)) -> 25 | AA60: =IF(A60="非採用","非採用",IF(A60="処置薬","処置薬","")) | AB60: =IF(A60="非採用特別","非採用特別",IF(R60=2,"臨時", IF(COUNTIF(分類!$H$8:$H$25, 統合マスタ!V60)>0, 分類!$G$7, IF(COUNTIF(分類!$K$8:$K$25, 統合マスタ!V60)>0, 分類!$J$7, IF(COUNTIF(分類!$N$8:$N$25, 統合マスタ!V60)>0, 分類!$M$7, IF(COUNTIF(分類!$Q$8:$Q$25, 統合マスタ!V60)>0, 分類!$P$7, IF(COUNTIF(分類!$T$8:$T$25, 統合マスタ!V60)>0, 分類!$S$7, "無し"))))))) -> 錠剤 | AC60: =X60*100000+B60 -> 56 | AD60: {=IF(A60="非採用","非採用",OFFSET( INDIRECT("'" & AB60 & "'!A4"), MATCH(B60, INDIRECT("'" & AB60 & "'!C5:C1000"), 0), MATCH("合計", INDIRECT("'" & AB60 & "'!4:4"), 0) - 1 ))} -> 430 | AE60: =H60*AD60 -> 2623 | AF60: =M60*AD60 -> 2304.8
A61: =元データ!P58 -> 23 | B61: =B60+1 -> 57 | C61: =DBCS(元データ!A58) -> アドエア５００ディスカス ６０吸入用 | D61: =元データ!B58 -> 東邦 | E61: =DBCS(元データ!C58) | F61: =DBCS(元データ!D58) -> ６０ブリスターｘ１ | G61: =元データ!E58 -> GSK | H61: =元データ!F58 -> 3952.1 | I61: =元データ!G58 -> 3952.1 | J61: =元データ!H58 -> 1 | K61: =元データ!I58 -> 個 | L61: =元データ!J58 -> 3430 | M61: =元データ!K58 -> 3430 | N61: =IF(OFFSET(マスタ非採用削除!A$4,統合マスタ!$A61,0)="","",OFFSET(マスタ非採用削除!A$4,統合マスタ!$A61,0)) -> ｱﾄｴ001 | O61: =IF(OFFSET(マスタ非採用削除!B$4,統合マスタ!$A61,0)="","",OFFSET(マスタ非採用削除!B$4,統合マスタ!$A61,0)) -> ｱﾄｴ001 | P61: =IF(OFFSET(マスタ非採用削除!C$4,統合マスタ!$A61,0)="","",OFFSET(マスタ非採用削除!C$4,統合マスタ!$A61,0)) -> アドエア５００ディスカス６０吸入用 | Q61: =IF(OFFSET(マスタ非採用削除!D$4,統合マスタ!$A61,0)="","",OFFSET(マスタ非採用削除!D$4,統合マスタ!$A61,0)) -> ｱﾄﾞｴ | R61: =IF(OR(A61="非採用",A61="処置薬",A61="非採用特別"),0,IF(OFFSET(マスタ非採用削除!E$4,統合マスタ!$A61,0)="","",OFFSET(マスタ非採用削除!E$4,統合マスタ!$A61,0))) -> 2 | S61: =IF(OFFSET(マスタ非採用削除!F$4,統合マスタ!$A61,0)="","",OFFSET(マスタ非採用削除!F$4,統合マスタ!$A61,0)) | T61: =IF(OFFSET(マスタ非採用削除!G$4,統合マスタ!$A61,0)="","",OFFSET(マスタ非採用削除!G$4,統合マスタ!$A61,0)) -> 3952.1 | U61: =IF(OFFSET(マスタ非採用削除!H$4,統合マスタ!$A61,0)="","",OFFSET(マスタ非採用削除!H$4,統合マスタ!$A61,0)) -> ｱﾄﾞｴｱ500ﾃﾞｨｽｶｽ60ｷｭｳﾆｭｳﾖｳ | V61: =IF(OFFSET(マスタ非採用削除!I$4,統合マスタ!$A61,0)="","",OFFSET(マスタ非採用削除!I$4,統合マスタ!$A61,0)) -> 10 | W61: =IF(OFFSET(マスタ非採用削除!J$4,統合マスタ!$A61,0)="","",OFFSET(マスタ非採用削除!J$4,統合マスタ!$A61,0)) -> 吸入剤 | X61: =IF(OFFSET(マスタ非採用削除!K$4,統合マスタ!$A61,0)="","",OFFSET(マスタ非採用削除!K$4,統合マスタ!$A61,0)) -> 0 | Y61: =IF(OFFSET(マスタ非採用削除!L$4,統合マスタ!$A61,0)="","",OFFSET(マスタ非採用削除!L$4,統合マスタ!$A61,0)) | Z61: =IF(OFFSET(マスタ非採用削除!M$4,統合マスタ!$A61,0)="","",OFFSET(マスタ非採用削除!M$4,統合マスタ!$A61,0)) -> 3 | AA61: =IF(A61="非採用","非採用",IF(A61="処置薬","処置薬","")) | AB61: =IF(A61="非採用特別","非採用特別",IF(R61=2,"臨時", IF(COUNTIF(分類!$H$8:$H$25, 統合マスタ!V61)>0, 分類!$G$7, IF(COUNTIF(分類!$K$8:$K$25, 統合マスタ!V61)>0, 分類!$J$7, IF(COUNTIF(分類!$N$8:$N$25, 統合マスタ!V61)>0, 分類!$M$7, IF(COUNTIF(分類!$Q$8:$Q$25, 統合マスタ!V61)>0, 分類!$P$7, IF(COUNTIF(分類!$T$8:$T$25, 統合マスタ!V61)>0, 分類!$S$7, "無し"))))))) -> 臨時 | AC61: =X61*100000+B61 -> 57 | AD61: {=IF(A61="非採用","非採用",OFFSET( INDIRECT("'" & AB61 & "'!A4"), MATCH(B61, INDIRECT("'" & AB61 & "'!C5:C1000"), 0), MATCH("合計", INDIRECT("'" & AB61 & "'!4:4"), 0) - 1 ))} -> 2 | AE61: =H61*AD61 -> 7904.2 | AF61: =M61*AD61 -> 6860
A62: =元データ!P59 -> 26 | B62: =B61+1 -> 58 | C62: =DBCS(元データ!A59) -> アドナ散１０％ | D62: =元データ!B59 -> アルフレッサ | E62: =DBCS(元データ!C59) -> 粉 | F62: =DBCS(元データ!D59) -> １００ｇ | G62: =元データ!E59 -> ニプロES | H62: =元データ!F59 -> 32.5 | I62: =元データ!G59 -> 3250 | J62: =元データ!H59 -> 100 | K62: =元データ!I59 -> ｇ | L62: =元データ!J59 -> 2860 | M62: =元データ!K59 -> 28.6 | N62: =IF(OFFSET(マスタ非採用削除!A$4,統合マスタ!$A62,0)="","",OFFSET(マスタ非採用削除!A$4,統合マスタ!$A62,0)) -> ｱﾄﾅ003 | O62: =IF(OFFSET(マスタ非採用削除!B$4,統合マスタ!$A62,0)="","",OFFSET(マスタ非採用削除!B$4,統合マスタ!$A62,0)) -> ｱﾄﾅ003 | P62: =IF(OFFSET(マスタ非採用削除!C$4,統合マスタ!$A62,0)="","",OFFSET(マスタ非採用削除!C$4,統合マスタ!$A62,0)) -> アドナ散１０％ | Q62: =IF(OFFSET(マスタ非採用削除!D$4,統合マスタ!$A62,0)="","",OFFSET(マスタ非採用削除!D$4,統合マスタ!$A62,0)) -> ｱﾄﾞﾅ2* | R62: =IF(OR(A62="非採用",A62="処置薬",A62="非採用特別"),0,IF(OFFSET(マスタ非採用削除!E$4,統合マスタ!$A62,0)="","",OFFSET(マスタ非採用削除!E$4,統合マスタ!$A62,0))) -> 1 | S62: =IF(OFFSET(マスタ非採用削除!F$4,統合マスタ!$A62,0)="","",OFFSET(マスタ非採用削除!F$4,統合マスタ!$A62,0)) | T62: =IF(OFFSET(マスタ非採用削除!G$4,統合マスタ!$A62,0)="","",OFFSET(マスタ非採用削除!G$4,統合マスタ!$A62,0)) -> 32.5 | U62: =IF(OFFSET(マスタ非採用削除!H$4,統合マスタ!$A62,0)="","",OFFSET(マスタ非採用削除!H$4,統合マスタ!$A62,0)) -> ｱﾄﾞﾅｻﾝ10% | V62: =IF(OFFSET(マスタ非採用削除!I$4,統合マスタ!$A62,0)="","",OFFSET(マスタ非採用削除!I$4,統合マスタ!$A62,0)) -> 3 | W62: =IF(OFFSET(マスタ非採用削除!J$4,統合マスタ!$A62,0)="","",OFFSET(マスタ非採用削除!J$4,統合マスタ!$A62,0)) -> 散 | X62: =IF(OFFSET(マスタ非採用削除!K$4,統合マスタ!$A62,0)="","",OFFSET(マスタ非採用削除!K$4,統合マスタ!$A62,0)) -> 0 | Y62: =IF(OFFSET(マスタ非採用削除!L$4,統合マスタ!$A62,0)="","",OFFSET(マスタ非採用削除!L$4,統合マスタ!$A62,0)) | Z62: =IF(OFFSET(マスタ非採用削除!M$4,統合マスタ!$A62,0)="","",OFFSET(マスタ非採用削除!M$4,統合マスタ!$A62,0)) -> 2 | AA62: =IF(A62="非採用","非採用",IF(A62="処置薬","処置薬","")) | AB62: =IF(A62="非採用特別","非採用特別",IF(R62=2,"臨時", IF(COUNTIF(分類!$H$8:$H$25, 統合マスタ!V62)>0, 分類!$G$7, IF(COUNTIF(分類!$K$8:$K$25, 統合マスタ!V62)>0, 分類!$J$7, IF(COUNTIF(分類!$N$8:$N$25, 統合マスタ!V62)>0, 分類!$M$7, IF(COUNTIF(分類!$Q$8:$Q$25, 統合マスタ!V62)>0, 分類!$P$7, IF(COUNTIF(分類!$T$8:$T$25, 統合マスタ!V62)>0, 分類!$S$7, "無し"))))))) -> 散剤 | AC62: =X62*100000+B62 -> 58 | AD62: {=IF(A62="非採用","非採用",OFFSET( INDIRECT("'" & AB62 & "'!A4"), MATCH(B62, INDIRECT("'" & AB62 & "'!C5:C1000"), 0), MATCH("合計", INDIRECT("'" & AB62 & "'!4:4"), 0) - 1 ))} -> 74.4 | AE62: =H62*AD62 -> 2418 | AF62: =M62*AD62 -> 2127.84
A63: =元データ!P60 -> 24 | B63: =B62+1 -> 59 | C63: =DBCS(元データ!A60) -> アドナ錠３０ｍｇ | D63: =元データ!B60 -> アルフレッサ | E63: =DBCS(元データ!C60) -> バラ | F63: =DBCS(元データ!D60) -> ５００Ｔ | G63: =元データ!E60 -> ニプロES | H63: =元データ!F60 -> 7.7 | I63: =元データ!G60 -> 3850 | J63: =元データ!H60 -> 500 | K63: =元データ!I60 -> 錠 | L63: =元データ!J60 -> 3388 | M63: =元データ!K60 -> 6.776 | N63: =IF(OFFSET(マスタ非採用削除!A$4,統合マスタ!$A63,0)="","",OFFSET(マスタ非採用削除!A$4,統合マスタ!$A63,0)) -> ｱﾄﾅ001 | O63: =IF(OFFSET(マスタ非採用削除!B$4,統合マスタ!$A63,0)="","",OFFSET(マスタ非採用削除!B$4,統合マスタ!$A63,0)) -> ｱﾄﾅ001 | P63: =IF(OFFSET(マスタ非採用削除!C$4,統合マスタ!$A63,0)="","",OFFSET(マスタ非採用削除!C$4,統合マスタ!$A63,0)) -> アドナ錠３０ｍｇ | Q63: =IF(OFFSET(マスタ非採用削除!D$4,統合マスタ!$A63,0)="","",OFFSET(マスタ非採用削除!D$4,統合マスタ!$A63,0)) -> ｱﾄﾞﾅ | R63: =IF(OR(A63="非採用",A63="処置薬",A63="非採用特別"),0,IF(OFFSET(マスタ非採用削除!E$4,統合マスタ!$A63,0)="","",OFFSET(マスタ非採用削除!E$4,統合マスタ!$A63,0))) -> 1 | S63: =IF(OFFSET(マスタ非採用削除!F$4,統合マスタ!$A63,0)="","",OFFSET(マスタ非採用削除!F$4,統合マスタ!$A63,0)) | T63: =IF(OFFSET(マスタ非採用削除!G$4,統合マスタ!$A63,0)="","",OFFSET(マスタ非採用削除!G$4,統合マスタ!$A63,0)) -> 7.7 | U63: =IF(OFFSET(マスタ非採用削除!H$4,統合マスタ!$A63,0)="","",OFFSET(マスタ非採用削除!H$4,統合マスタ!$A63,0)) -> ｱﾄﾞﾅｼﾞｮｳ30mg | V63: =IF(OFFSET(マスタ非採用削除!I$4,統合マスタ!$A63,0)="","",OFFSET(マスタ非採用削除!I$4,統合マスタ!$A63,0)) -> 1 | W63: =IF(OFFSET(マスタ非採用削除!J$4,統合マスタ!$A63,0)="","",OFFSET(マスタ非採用削除!J$4,統合マスタ!$A63,0)) -> 錠剤 | X63: =IF(OFFSET(マスタ非採用削除!K$4,統合マスタ!$A63,0)="","",OFFSET(マスタ非採用削除!K$4,統合マスタ!$A63,0)) -> 0 | Y63: =IF(OFFSET(マスタ非採用削除!L$4,統合マスタ!$A63,0)="","",OFFSET(マスタ非採用削除!L$4,統合マスタ!$A63,0)) | Z63: =IF(OFFSET(マスタ非採用削除!M$4,統合マスタ!$A63,0)="","",OFFSET(マスタ非採用削除!M$4,統合マスタ!$A63,0)) -> 25 | AA63: =IF(A63="非採用","非採用",IF(A63="処置薬","処置薬","")) | AB63: =IF(A63="非採用特別","非採用特別",IF(R63=2,"臨時", IF(COUNTIF(分類!$H$8:$H$25, 統合マスタ!V63)>0, 分類!$G$7, IF(COUNTIF(分類!$K$8:$K$25, 統合マスタ!V63)>0, 分類!$J$7, IF(COUNTIF(分類!$N$8:$N$25, 統合マスタ!V63)>0, 分類!$M$7, IF(COUNTIF(分類!$Q$8:$Q$25, 統合マスタ!V63)>0, 分類!$P$7, IF(COUNTIF(分類!$T$8:$T$25, 統合マスタ!V63)>0, 分類!$S$7, "無し"))))))) -> 錠剤 | AC63: =X63*100000+B63 -> 59 | AD63: {=IF(A63="非採用","非採用",OFFSET( INDIRECT("'" & AB63 & "'!A4"), MATCH(B63, INDIRECT("'" & AB63 & "'!C5:C1000"), 0), MATCH("合計", INDIRECT("'" & AB63 & "'!4:4"), 0) - 1 ))} -> 188 | AE63: =H63*AD63 -> 1447.6 | AF63: =M63*AD63 -> 1273.888
... A70: =元データ!P67 -> 非採用 | B70: =B69+1 -> 66 | C70: =DBCS(元データ!A67) -> アトモキセチンカプセル４０ｍｇ 「サワイ」 | D70: =元データ!B67 -> アルフレッサ | E70: =DBCS(元データ!C67) -> ＰＴＰ | F70: =DBCS(元データ!D67) -> １４０Ｐ | G70: =元データ!E67 -> 沢井製薬 | H70: =元データ!F67 -> 64.7 | I70: =元データ!G67 -> 9058 | J70: =元データ!H67 -> 140 | K70: =元データ!I67 -> cap | L70: =元データ!J67 -> 7156 | M70: =元データ!K67 -> 51.114286 | N70: =IF(OFFSET(マスタ非採用削除!A$4,統合マスタ!$A70,0)="","",OFFSET(マスタ非採用削除!A$4,統合マスタ!$A70,0)) -> #VALUE! | O70: =IF(OFFSET(マスタ非採用削除!B$4,統合マスタ!$A70,0)="","",OFFSET(マスタ非採用削除!B$4,統合マスタ!$A70,0)) -> #VALUE! | P70: =IF(OFFSET(マスタ非採用削除!C$4,統合マスタ!$A70,0)="","",OFFSET(マスタ非採用削除!C$4,統合マスタ!$A70,0)) -> #VALUE! | Q70: =IF(OFFSET(マスタ非採用削除!D$4,統合マスタ!$A70,0)="","",OFFSET(マスタ非採用削除!D$4,統合マスタ!$A70,0)) -> #VALUE! | R70: =IF(OR(A70="非採用",A70="処置薬",A70="非採用特別"),0,IF(OFFSET(マスタ非採用削除!E$4,統合マスタ!$A70,0)="","",OFFSET(マスタ非採用削除!E$4,統合マスタ!$A70,0))) -> 0 | S70: =IF(OFFSET(マスタ非採用削除!F$4,統合マスタ!$A70,0)="","",OFFSET(マスタ非採用削除!F$4,統合マスタ!$A70,0)) -> #VALUE! | T70: =IF(OFFSET(マスタ非採用削除!G$4,統合マスタ!$A70,0)="","",OFFSET(マスタ非採用削除!G$4,統合マスタ!$A70,0)) -> #VALUE! | U70: =IF(OFFSET(マスタ非採用削除!H$4,統合マスタ!$A70,0)="","",OFFSET(マスタ非採用削除!H$4,統合マスタ!$A70,0)) -> #VALUE! | V70: =IF(OFFSET(マスタ非採用削除!I$4,統合マスタ!$A70,0)="","",OFFSET(マスタ非採用削除!I$4,統合マスタ!$A70,0)) -> #VALUE! | W70: =IF(OFFSET(マスタ非採用削除!J$4,統合マスタ!$A70,0)="","",OFFSET(マスタ非採用削除!J$4,統合マスタ!$A70,0)) -> #VALUE! | X70: =IF(OFFSET(マスタ非採用削除!K$4,統合マスタ!$A70,0)="","",OFFSET(マスタ非採用削除!K$4,統合マスタ!$A70,0)) -> #VALUE! | Y70: =IF(OFFSET(マスタ非採用削除!L$4,統合マスタ!$A70,0)="","",OFFSET(マスタ非採用削除!L$4,統合マスタ!$A70,0)) -> #VALUE! | Z70: =IF(OFFSET(マスタ非採用削除!M$4,統合マスタ!$A70,0)="","",OFFSET(マスタ非採用削除!M$4,統合マスタ!$A70,0)) -> #VALUE! | AA70: =IF(A70="非採用","非採用",IF(A70="処置薬","処置薬","")) -> 非採用 | AB70: =IF(A70="非採用特別","非採用特別",IF(R70=2,"臨時", IF(COUNTIF(分類!$H$8:$H$25, 統合マスタ!V70)>0, 分類!$G$7, IF(COUNTIF(分類!$K$8:$K$25, 統合マスタ!V70)>0, 分類!$J$7, IF(COUNTIF(分類!$N$8:$N$25, 統合マスタ!V70)>0, 分類!$M$7, IF(COUNTIF(分類!$Q$8:$Q$25, 統合マスタ!V70)>0, 分類!$P$7, IF(COUNTIF(分類!$T$8:$T$25, 統合マスタ!V70)>0, 分類!$S$7, "無し"))))))) -> 無し | AC70: =X70*100000+B70 -> #VALUE! | AD70: {=IF(A70="非採用","非採用",OFFSET( INDIRECT("'" & AB70 & "'!A4"), MATCH(B70, INDIRECT("'" & AB70 & "'!C5:C1000"), 0), MATCH("合計", INDIRECT("'" & AB70 & "'!4:4"), 0) - 1 ))} -> 非採用 | AE70: =H70*AD70 -> #VALUE! | AF70: =M70*AD70 -> #VALUE!
A71: =元データ!P68 -> 30 | B71: =B70+1 -> 67 | C71: =DBCS(元データ!A68) -> アトルバスタチンＯＤ錠１０ｍｇ「トーワ」 | D71: =元データ!B68 -> 東和薬品 | E71: =DBCS(元データ!C68) -> ＰＴＰ | F71: =DBCS(元データ!D68) -> １００Ｔ | G71: =元データ!E68 -> 東和薬品 | H71: =元データ!F68 -> 13.9 | I71: =元データ!G68 -> 1390 | J71: =元データ!H68 -> 100 | N71: =IF(OFFSET(マスタ非採用削除!A$4,統合マスタ!$A71,0)="","",OFFSET(マスタ非採用削除!A$4,統合マスタ!$A71,0)) -> ｱﾄﾙ002 | O71: =IF(OFFSET(マスタ非採用削除!B$4,統合マスタ!$A71,0)="","",OFFSET(マスタ非採用削除!B$4,統合マスタ!$A71,0)) -> ｱﾄﾙ002 | P71: =IF(OFFSET(マスタ非採用削除!C$4,統合マスタ!$A71,0)="","",OFFSET(マスタ非採用削除!C$4,統合マスタ!$A71,0)) -> アトルバスタチンＯＤ錠１０ｍｇ「トーワ」 | Q71: =IF(OFFSET(マスタ非採用削除!D$4,統合マスタ!$A71,0)="","",OFFSET(マスタ非採用削除!D$4,統合マスタ!$A71,0)) | R71: =IF(OR(A71="非採用",A71="処置薬",A71="非採用特別"),0,IF(OFFSET(マスタ非採用削除!E$4,統合マスタ!$A71,0)="","",OFFSET(マスタ非採用削除!E$4,統合マスタ!$A71,0))) -> 1 | S71: =IF(OFFSET(マスタ非採用削除!F$4,統合マスタ!$A71,0)="","",OFFSET(マスタ非採用削除!F$4,統合マスタ!$A71,0)) | T71: =IF(OFFSET(マスタ非採用削除!G$4,統合マスタ!$A71,0)="","",OFFSET(マスタ非採用削除!G$4,統合マスタ!$A71,0)) -> 13.9 | U71: =IF(OFFSET(マスタ非採用削除!H$4,統合マスタ!$A71,0)="","",OFFSET(マスタ非採用削除!H$4,統合マスタ!$A71,0)) -> ｱﾄﾙﾊﾞｽﾀﾁﾝODｼﾞﾖｳ10MGﾄ-ﾜ | V71: =IF(OFFSET(マスタ非採用削除!I$4,統合マスタ!$A71,0)="","",OFFSET(マスタ非採用削除!I$4,統合マスタ!$A71,0)) -> 1 | W71: =IF(OFFSET(マスタ非採用削除!J$4,統合マスタ!$A71,0)="","",OFFSET(マスタ非採用削除!J$4,統合マスタ!$A71,0)) -> 錠剤 | X71: =IF(OFFSET(マスタ非採用削除!K$4,統合マスタ!$A71,0)="","",OFFSET(マスタ非採用削除!K$4,統合マスタ!$A71,0)) -> 0 | Y71: =IF(OFFSET(マスタ非採用削除!L$4,統合マスタ!$A71,0)="","",OFFSET(マスタ非採用削除!L$4,統合マスタ!$A71,0)) | Z71: =IF(OFFSET(マスタ非採用削除!M$4,統合マスタ!$A71,0)="","",OFFSET(マスタ非採用削除!M$4,統合マスタ!$A71,0)) -> 25 | AA71: =IF(A71="非採用","非採用",IF(A71="処置薬","処置薬","")) | AB71: =IF(A71="非採用特別","非採用特別",IF(R71=2,"臨時", IF(COUNTIF(分類!$H$8:$H$25, 統合マスタ!V71)>0, 分類!$G$7, IF(COUNTIF(分類!$K$8:$K$25, 統合マスタ!V71)>0, 分類!$J$7, IF(COUNTIF(分類!$N$8:$N$25, 統合マスタ!V71)>0, 分類!$M$7, IF(COUNTIF(分類!$Q$8:$Q$25, 統合マスタ!V71)>0, 分類!$P$7, IF(COUNTIF(分類!$T$8:$T$25, 統合マスタ!V71)>0, 分類!$S$7, "無し"))))))) -> 錠剤 | AC71: =X71*100000+B71 -> 67 | AE71: =H71*AD71 -> 0 | AF71: =M71*AD71 -> 0
A72: =元データ!P69 -> 30 | B72: =B71+1 -> 68 | C72: =DBCS(元データ!A69) -> アトルバスタチンＯＤ錠１０ｍｇ「トーワ」 | D72: =元データ!B69 -> 東和薬品 | E72: =DBCS(元データ!C69) -> バラ | F72: =DBCS(元データ!D69) -> ３００Ｔ | G72: =元データ!E69 -> 東和薬品 | H72: =元データ!F69 -> 13.9 | I72: =元データ!G69 -> 4170 | J72: =元データ!H69 -> 300 | K72: =元データ!I69 -> 錠 | L72: =元データ!J69 -> 3630 | M72: =元データ!K69 -> 12.1 | N72: =IF(OFFSET(マスタ非採用削除!A$4,統合マスタ!$A72,0)="","",OFFSET(マスタ非採用削除!A$4,統合マスタ!$A72,0)) -> ｱﾄﾙ002 | O72: =IF(OFFSET(マスタ非採用削除!B$4,統合マスタ!$A72,0)="","",OFFSET(マスタ非採用削除!B$4,統合マスタ!$A72,0)) -> ｱﾄﾙ002 | P72: =IF(OFFSET(マスタ非採用削除!C$4,統合マスタ!$A72,0)="","",OFFSET(マスタ非採用削除!C$4,統合マスタ!$A72,0)) -> アトルバスタチンＯＤ錠１０ｍｇ「トーワ」 | Q72: =IF(OFFSET(マスタ非採用削除!D$4,統合マスタ!$A72,0)="","",OFFSET(マスタ非採用削除!D$4,統合マスタ!$A72,0)) | R72: =IF(OR(A72="非採用",A72="処置薬",A72="非採用特別"),0,IF(OFFSET(マスタ非採用削除!E$4,統合マスタ!$A72,0)="","",OFFSET(マスタ非採用削除!E$4,統合マスタ!$A72,0))) -> 1 | S72: =IF(OFFSET(マスタ非採用削除!F$4,統合マスタ!$A72,0)="","",OFFSET(マスタ非採用削除!F$4,統合マスタ!$A72,0)) | T72: =IF(OFFSET(マスタ非採用削除!G$4,統合マスタ!$A72,0)="","",OFFSET(マスタ非採用削除!G$4,統合マスタ!$A72,0)) -> 13.9 | U72: =IF(OFFSET(マスタ非採用削除!H$4,統合マスタ!$A72,0)="","",OFFSET(マスタ非採用削除!H$4,統合マスタ!$A72,0)) -> ｱﾄﾙﾊﾞｽﾀﾁﾝODｼﾞﾖｳ10MGﾄ-ﾜ | V72: =IF(OFFSET(マスタ非採用削除!I$4,統合マスタ!$A72,0)="","",OFFSET(マスタ非採用削除!I$4,統合マスタ!$A72,0)) -> 1 | W72: =IF(OFFSET(マスタ非採用削除!J$4,統合マスタ!$A72,0)="","",OFFSET(マスタ非採用削除!J$4,統合マスタ!$A72,0)) -> 錠剤 | X72: =IF(OFFSET(マスタ非採用削除!K$4,統合マスタ!$A72,0)="","",OFFSET(マスタ非採用削除!K$4,統合マスタ!$A72,0)) -> 0 | Y72: =IF(OFFSET(マスタ非採用削除!L$4,統合マスタ!$A72,0)="","",OFFSET(マスタ非採用削除!L$4,統合マスタ!$A72,0)) | Z72: =IF(OFFSET(マスタ非採用削除!M$4,統合マスタ!$A72,0)="","",OFFSET(マスタ非採用削除!M$4,統合マスタ!$A72,0)) -> 25 | AA72: =IF(A72="非採用","非採用",IF(A72="処置薬","処置薬","")) | AB72: =IF(A72="非採用特別","非採用特別",IF(R72=2,"臨時", IF(COUNTIF(分類!$H$8:$H$25, 統合マスタ!V72)>0, 分類!$G$7, IF(COUNTIF(分類!$K$8:$K$25, 統合マスタ!V72)>0, 分類!$J$7, IF(COUNTIF(分類!$N$8:$N$25, 統合マスタ!V72)>0, 分類!$M$7, IF(COUNTIF(分類!$Q$8:$Q$25, 統合マスタ!V72)>0, 分類!$P$7, IF(COUNTIF(分類!$T$8:$T$25, 統合マスタ!V72)>0, 分類!$S$7, "無し"))))))) -> 錠剤 | AC72: =X72*100000+B72 -> 68 | AD72: {=IF(A72="非採用","非採用",OFFSET( INDIRECT("'" & AB72 & "'!A4"), MATCH(B72, INDIRECT("'" & AB72 & "'!C5:C1000"), 0), MATCH("合計", INDIRECT("'" & AB72 & "'!4:4"), 0) - 1 ))} -> 486 | AE72: =H72*AD72 -> 6755.4 | AF72: =M72*AD72 -> 5880.6
A73: =元データ!P70 -> 31 | B73: =B72+1 -> 69 | C73: =DBCS(元データ!A70) -> アトロピン硫酸塩注０．５ｍｇ「ニプロ」 | D73: =元データ!B70 | E73: =DBCS(元データ!C70) | F73: =DBCS(元データ!D70) -> １ｍｌｘ１０Ａ | G73: =元データ!E70 -> ニプロ | H73: =元データ!F70 -> 100 | I73: =元データ!G70 -> 1000 | J73: =元データ!H70 -> 10 | K73: =元データ!I70 -> A | L73: =元データ!J70 -> 891 | M73: =元データ!K70 -> 89.1 | N73: =IF(OFFSET(マスタ非採用削除!A$4,統合マスタ!$A73,0)="","",OFFSET(マスタ非採用削除!A$4,統合マスタ!$A73,0)) -> ｱﾄﾛ001 | O73: =IF(OFFSET(マスタ非採用削除!B$4,統合マスタ!$A73,0)="","",OFFSET(マスタ非採用削除!B$4,統合マスタ!$A73,0)) -> ｱﾄﾛ001 | P73: =IF(OFFSET(マスタ非採用削除!C$4,統合マスタ!$A73,0)="","",OFFSET(マスタ非採用削除!C$4,統合マスタ!$A73,0)) -> アトロピン硫酸塩注０．５ｍｇ「ニプロ」 | Q73: =IF(OFFSET(マスタ非採用削除!D$4,統合マスタ!$A73,0)="","",OFFSET(マスタ非採用削除!D$4,統合マスタ!$A73,0)) -> ｱﾄﾛ | R73: =IF(OR(A73="非採用",A73="処置薬",A73="非採用特別"),0,IF(OFFSET(マスタ非採用削除!E$4,統合マスタ!$A73,0)="","",OFFSET(マスタ非採用削除!E$4,統合マスタ!$A73,0))) -> 1 | S73: =IF(OFFSET(マスタ非採用削除!F$4,統合マスタ!$A73,0)="","",OFFSET(マスタ非採用削除!F$4,統合マスタ!$A73,0)) | T73: =IF(OFFSET(マスタ非採用削除!G$4,統合マスタ!$A73,0)="","",OFFSET(マスタ非採用削除!G$4,統合マスタ!$A73,0)) -> 100 | U73: =IF(OFFSET(マスタ非採用削除!H$4,統合マスタ!$A73,0)="","",OFFSET(マスタ非採用削除!H$4,統合マスタ!$A73,0)) -> ｱﾄﾛﾋﾟﾝﾘﾕｳｻﾝｴﾝﾁﾕｳ0.5MGﾆﾌﾟﾛ | V73: =IF(OFFSET(マスタ非採用削除!I$4,統合マスタ!$A73,0)="","",OFFSET(マスタ非採用削除!I$4,統合マスタ!$A73,0)) -> 25 | W73: =IF(OFFSET(マスタ非採用削除!J$4,統合マスタ!$A73,0)="","",OFFSET(マスタ非採用削除!J$4,統合マスタ!$A73,0)) -> 注射剤 | X73: =IF(OFFSET(マスタ非採用削除!K$4,統合マスタ!$A73,0)="","",OFFSET(マスタ非採用削除!K$4,統合マスタ!$A73,0)) -> 2 | Y73: =IF(OFFSET(マスタ非採用削除!L$4,統合マスタ!$A73,0)="","",OFFSET(マスタ非採用削除!L$4,統合マスタ!$A73,0)) | Z73: =IF(OFFSET(マスタ非採用削除!M$4,統合マスタ!$A73,0)="","",OFFSET(マスタ非採用削除!M$4,統合マスタ!$A73,0)) -> 9 | AA73: =IF(A73="非採用","非採用",IF(A73="処置薬","処置薬","")) | AB73: =IF(A73="非採用特別","非採用特別",IF(R73=2,"臨時", IF(COUNTIF(分類!$H$8:$H$25, 統合マスタ!V73)>0, 分類!$G$7, IF(COUNTIF(分類!$K$8:$K$25, 統合マスタ!V73)>0, 分類!$J$7, IF(COUNTIF(分類!$N$8:$N$25, 統合マスタ!V73)>0, 分類!$M$7, IF(COUNTIF(分類!$Q$8:$Q$25, 統合マスタ!V73)>0, 分類!$P$7, IF(COUNTIF(分類!$T$8:$T$25, 統合マスタ!V73)>0, 分類!$S$7, "無し"))))))) -> 注射 | AC73: =X73*100000+B73 -> 200069 | AD73: {=IF(A73="非採用","非採用",OFFSET( INDIRECT("'" & AB73 & "'!A4"), MATCH(B73, INDIRECT("'" & AB73 & "'!C5:C1000"), 0), MATCH("合計", INDIRECT("'" & AB73 & "'!4:4"), 0) - 1 ))} -> 7 | AE73: =H73*AD73 -> 700 | AF73: =M73*AD73 -> 623.7
A74: =元データ!P71 -> 32 | B74: =B73+1 -> 70 | C74: =DBCS(元データ!A71) -> アナストロゾール錠１ｍｇ「サワイ」 | D74: =元データ!B71 -> メディセオ | E74: =DBCS(元データ!C71) -> ＰＴＰ | F74: =DBCS(元データ!D71) -> ３０Ｔ | G74: =元データ!E71 -> 沢井製薬 | H74: =元データ!F71 -> 58.5 | I74: =元データ!G71 -> 1755 | J74: =元データ!H71 -> 30 | K74: =元データ!I71 -> 錠 | L74: =元データ!J71 -> 1458 | M74: =元データ!K71 -> 48.6 | N74: =IF(OFFSET(マスタ非採用削除!A$4,統合マスタ!$A74,0)="","",OFFSET(マスタ非採用削除!A$4,統合マスタ!$A74,0)) -> ｱﾅｽ002 | O74: =IF(OFFSET(マスタ非採用削除!B$4,統合マスタ!$A74,0)="","",OFFSET(マスタ非採用削除!B$4,統合マスタ!$A74,0)) -> ｱﾅｽ002 | P74: =IF(OFFSET(マスタ非採用削除!C$4,統合マスタ!$A74,0)="","",OFFSET(マスタ非採用削除!C$4,統合マスタ!$A74,0)) -> アナストロゾール錠１ｍｇ「サワイ」 | Q74: =IF(OFFSET(マスタ非採用削除!D$4,統合マスタ!$A74,0)="","",OFFSET(マスタ非採用削除!D$4,統合マスタ!$A74,0)) | R74: =IF(OR(A74="非採用",A74="処置薬",A74="非採用特別"),0,IF(OFFSET(マスタ非採用削除!E$4,統合マスタ!$A74,0)="","",OFFSET(マスタ非採用削除!E$4,統合マスタ!$A74,0))) -> 2 | S74: =IF(OFFSET(マスタ非採用削除!F$4,統合マスタ!$A74,0)="","",OFFSET(マスタ非採用削除!F$4,統合マスタ!$A74,0)) | T74: =IF(OFFSET(マスタ非採用削除!G$4,統合マスタ!$A74,0)="","",OFFSET(マスタ非採用削除!G$4,統合マスタ!$A74,0)) -> 58.5 | U74: =IF(OFFSET(マスタ非採用削除!H$4,統合マスタ!$A74,0)="","",OFFSET(マスタ非採用削除!H$4,統合マスタ!$A74,0)) -> ｱﾅｽﾄﾛｿﾞ-ﾙｼﾞﾖｳ1MGｻﾜｲ | V74: =IF(OFFSET(マスタ非採用削除!I$4,統合マスタ!$A74,0)="","",OFFSET(マスタ非採用削除!I$4,統合マスタ!$A74,0)) -> 1 | W74: =IF(OFFSET(マスタ非採用削除!J$4,統合マスタ!$A74,0)="","",OFFSET(マスタ非採用削除!J$4,統合マスタ!$A74,0)) -> 錠剤 | X74: =IF(OFFSET(マスタ非採用削除!K$4,統合マスタ!$A74,0)="","",OFFSET(マスタ非採用削除!K$4,統合マスタ!$A74,0)) -> 2 | Y74: =IF(OFFSET(マスタ非採用削除!L$4,統合マスタ!$A74,0)="","",OFFSET(マスタ非採用削除!L$4,統合マスタ!$A74,0)) | Z74: =IF(OFFSET(マスタ非採用削除!M$4,統合マスタ!$A74,0)="","",OFFSET(マスタ非採用削除!M$4,統合マスタ!$A74,0)) -> 3 | AA74: =IF(A74="非採用","非採用",IF(A74="処置薬","処置薬","")) | AB74: =IF(A74="非採用特別","非採用特別",IF(R74=2,"臨時", IF(COUNTIF(分類!$H$8:$H$25, 統合マスタ!V74)>0, 分類!$G$7, IF(COUNTIF(分類!$K$8:$K$25, 統合マスタ!V74)>0, 分類!$J$7, IF(COUNTIF(分類!$N$8:$N$25, 統合マスタ!V74)>0, 分類!$M$7, IF(COUNTIF(分類!$Q$8:$Q$25, 統合マスタ!V74)>0, 分類!$P$7, IF(COUNTIF(分類!$T$8:$T$25, 統合マスタ!V74)>0, 分類!$S$7, "無し"))))))) -> 臨時 | AC74: =X74*100000+B74 -> 200070 | AD74: {=IF(A74="非採用","非採用",OFFSET( INDIRECT("'" & AB74 & "'!A4"), MATCH(B74, INDIRECT("'" & AB74 & "'!C5:C1000"), 0), MATCH("合計", INDIRECT("'" & AB74 & "'!4:4"), 0) - 1 ))} -> 9 | AE74: =H74*AD74 -> 526.5 | AF74: =M74*AD74 -> 437.4
A75: =元データ!P72 -> 非採用 | B75: =B74+1 -> 71 | C75: =DBCS(元データ!A72) -> アナフラニール錠１０ｍｇ | D75: =元データ!B72 | E75: =DBCS(元データ!C72) -> ＰＴＰ | F75: =DBCS(元データ!D72) -> ３００錠 | G75: =元データ!E72 -> アルフレッサファーマ | H75: =元データ!F72 -> 9.9 | I75: =元データ!G72 -> 2970 | J75: =元データ!H72 -> 300 | K75: =元データ!I72 -> 錠 | L75: =元データ!J72 -> 2700 | M75: =元データ!K72 -> 9 | N75: =IF(OFFSET(マスタ非採用削除!A$4,統合マスタ!$A75,0)="","",OFFSET(マスタ非採用削除!A$4,統合マスタ!$A75,0)) -> #VALUE! | O75: =IF(OFFSET(マスタ非採用削除!B$4,統合マスタ!$A75,0)="","",OFFSET(マスタ非採用削除!B$4,統合マスタ!$A75,0)) -> #VALUE! | P75: =IF(OFFSET(マスタ非採用削除!C$4,統合マスタ!$A75,0)="","",OFFSET(マスタ非採用削除!C$4,統合マスタ!$A75,0)) -> #VALUE! | Q75: =IF(OFFSET(マスタ非採用削除!D$4,統合マスタ!$A75,0)="","",OFFSET(マスタ非採用削除!D$4,統合マスタ!$A75,0)) -> #VALUE! | R75: =IF(OR(A75="非採用",A75="処置薬",A75="非採用特別"),0,IF(OFFSET(マスタ非採用削除!E$4,統合マスタ!$A75,0)="","",OFFSET(マスタ非採用削除!E$4,統合マスタ!$A75,0))) -> 0 | S75: =IF(OFFSET(マスタ非採用削除!F$4,統合マスタ!$A75,0)="","",OFFSET(マスタ非採用削除!F$4,統合マスタ!$A75,0)) -> #VALUE! | T75: =IF(OFFSET(マスタ非採用削除!G$4,統合マスタ!$A75,0)="","",OFFSET(マスタ非採用削除!G$4,統合マスタ!$A75,0)) -> #VALUE! | U75: =IF(OFFSET(マスタ非採用削除!H$4,統合マスタ!$A75,0)="","",OFFSET(マスタ非採用削除!H$4,統合マスタ!$A75,0)) -> #VALUE! | V75: =IF(OFFSET(マスタ非採用削除!I$4,統合マスタ!$A75,0)="","",OFFSET(マスタ非採用削除!I$4,統合マスタ!$A75,0)) -> #VALUE! | W75: =IF(OFFSET(マスタ非採用削除!J$4,統合マスタ!$A75,0)="","",OFFSET(マスタ非採用削除!J$4,統合マスタ!$A75,0)) -> #VALUE! | X75: =IF(OFFSET(マスタ非採用削除!K$4,統合マスタ!$A75,0)="","",OFFSET(マスタ非採用削除!K$4,統合マスタ!$A75,0)) -> #VALUE! | Y75: =IF(OFFSET(マスタ非採用削除!L$4,統合マスタ!$A75,0)="","",OFFSET(マスタ非採用削除!L$4,統合マスタ!$A75,0)) -> #VALUE! | Z75: =IF(OFFSET(マスタ非採用削除!M$4,統合マスタ!$A75,0)="","",OFFSET(マスタ非採用削除!M$4,統合マスタ!$A75,0)) -> #VALUE! | AA75: =IF(A75="非採用","非採用",IF(A75="処置薬","処置薬","")) -> 非採用 | AB75: =IF(A75="非採用特別","非採用特別",IF(R75=2,"臨時", IF(COUNTIF(分類!$H$8:$H$25, 統合マスタ!V75)>0, 分類!$G$7, IF(COUNTIF(分類!$K$8:$K$25, 統合マスタ!V75)>0, 分類!$J$7, IF(COUNTIF(分類!$N$8:$N$25, 統合マスタ!V75)>0, 分類!$M$7, IF(COUNTIF(分類!$Q$8:$Q$25, 統合マスタ!V75)>0, 分類!$P$7, IF(COUNTIF(分類!$T$8:$T$25, 統合マスタ!V75)>0, 分類!$S$7, "無し"))))))) -> 無し | AC75: =X75*100000+B75 -> #VALUE! | AD75: {=IF(A75="非採用","非採用",OFFSET( INDIRECT("'" & AB75 & "'!A4"), MATCH(B75, INDIRECT("'" & AB75 & "'!C5:C1000"), 0), MATCH("合計", INDIRECT("'" & AB75 & "'!4:4"), 0) - 1 ))} -> 非採用 | AE75: =H75*AD75 -> #VALUE! | AF75: =M75*AD75 -> #VALUE!
A76: =元データ!P73 -> 34 | B76: =B75+1 -> 72 | C76: =DBCS(元データ!A73) -> アネキセート注射液０．５ＭＧ | D76: =元データ!B73 -> KSK | E76: =DBCS(元データ!C73) | F76: =DBCS(元データ!D73) -> ５ＭＬＸ５Ａ | G76: =元データ!E73 -> アステラス製薬 | H76: =元データ!F73 -> 2001 | I76: =元データ!G73 -> 10005 | J76: =元データ!H73 -> 5 | K76: =元データ!I73 -> A | L76: =元データ!J73 -> 9005 | M76: =元データ!K73 -> 1801 | N76: =IF(OFFSET(マスタ非採用削除!A$4,統合マスタ!$A76,0)="","",OFFSET(マスタ非採用削除!A$4,統合マスタ!$A76,0)) -> ｱﾈｷ001 | O76: =IF(OFFSET(マスタ非採用削除!B$4,統合マスタ!$A76,0)="","",OFFSET(マスタ非採用削除!B$4,統合マスタ!$A76,0)) -> ｱﾈｷ001 | P76: =IF(OFFSET(マスタ非採用削除!C$4,統合マスタ!$A76,0)="","",OFFSET(マスタ非採用削除!C$4,統合マスタ!$A76,0)) -> アネキセート注射液０．５ｍｇ | Q76: =IF(OFFSET(マスタ非採用削除!D$4,統合マスタ!$A76,0)="","",OFFSET(マスタ非採用削除!D$4,統合マスタ!$A76,0)) -> ｱﾈｷｾ | R76: =IF(OR(A76="非採用",A76="処置薬",A76="非採用特別"),0,IF(OFFSET(マスタ非採用削除!E$4,統合マスタ!$A76,0)="","",OFFSET(マスタ非採用削除!E$4,統合マスタ!$A76,0))) -> 1 | S76: =IF(OFFSET(マスタ非採用削除!F$4,統合マスタ!$A76,0)="","",OFFSET(マスタ非採用削除!F$4,統合マスタ!$A76,0)) | T76: =IF(OFFSET(マスタ非採用削除!G$4,統合マスタ!$A76,0)="","",OFFSET(マスタ非採用削除!G$4,統合マスタ!$A76,0)) -> 2001 | U76: =IF(OFFSET(マスタ非採用削除!H$4,統合マスタ!$A76,0)="","",OFFSET(マスタ非採用削除!H$4,統合マスタ!$A76,0)) -> ｱﾈｷｾｰﾄﾁｭｳｼｬｴｷ0.5mg | V76: =IF(OFFSET(マスタ非採用削除!I$4,統合マスタ!$A76,0)="","",OFFSET(マスタ非採用削除!I$4,統合マスタ!$A76,0)) -> 25 | W76: =IF(OFFSET(マスタ非採用削除!J$4,統合マスタ!$A76,0)="","",OFFSET(マスタ非採用削除!J$4,統合マスタ!$A76,0)) -> 注射剤 | X76: =IF(OFFSET(マスタ非採用削除!K$4,統合マスタ!$A76,0)="","",OFFSET(マスタ非採用削除!K$4,統合マスタ!$A76,0)) -> 2 | Y76: =IF(OFFSET(マスタ非採用削除!L$4,統合マスタ!$A76,0)="","",OFFSET(マスタ非採用削除!L$4,統合マスタ!$A76,0)) | Z76: =IF(OFFSET(マスタ非採用削除!M$4,統合マスタ!$A76,0)="","",OFFSET(マスタ非採用削除!M$4,統合マスタ!$A76,0)) -> 9 | AA76: =IF(A76="非採用","非採用",IF(A76="処置薬","処置薬","")) | AB76: =IF(A76="非採用特別","非採用特別",IF(R76=2,"臨時", IF(COUNTIF(分類!$H$8:$H$25, 統合マスタ!V76)>0, 分類!$G$7, IF(COUNTIF(分類!$K$8:$K$25, 統合マスタ!V76)>0, 分類!$J$7, IF(COUNTIF(分類!$N$8:$N$25, 統合マスタ!V76)>0, 分類!$M$7, IF(COUNTIF(分類!$Q$8:$Q$25, 統合マスタ!V76)>0, 分類!$P$7, IF(COUNTIF(分類!$T$8:$T$25, 統合マスタ!V76)>0, 分類!$S$7, "無し"))))))) -> 注射 | AC76: =X76*100000+B76 -> 200072 | AD76: {=IF(A76="非採用","非採用",OFFSET( INDIRECT("'" & AB76 & "'!A4"), MATCH(B76, INDIRECT("'" & AB76 & "'!C5:C1000"), 0), MATCH("合計", INDIRECT("'" & AB76 & "'!4:4"), 0) - 1 ))} -> 2 | AE76: =H76*AD76 -> 4002 | AF76: =M76*AD76 -> 3602
A77: =元データ!P74 -> 非採用 | B77: =B76+1 -> 73 | C77: =DBCS(元データ!A74) -> アノーロエリプタ３０吸入用 | D77: =元データ!B74 | E77: =DBCS(元データ!C74) | F77: =DBCS(元データ!D74) -> １個 | G77: =元データ!E74 -> GSK | H77: =元データ!F74 -> 5445.1 | I77: =元データ!G74 -> 5445.1 | J77: =元データ!H74 -> 1 | K77: =元データ!I74 -> キット | L77: =元データ!J74 -> 4726 | M77: =元データ!K74 -> 4726 | N77: =IF(OFFSET(マスタ非採用削除!A$4,統合マスタ!$A77,0)="","",OFFSET(マスタ非採用削除!A$4,統合マスタ!$A77,0)) -> #VALUE! | O77: =IF(OFFSET(マスタ非採用削除!B$4,統合マスタ!$A77,0)="","",OFFSET(マスタ非採用削除!B$4,統合マスタ!$A77,0)) -> #VALUE! | P77: =IF(OFFSET(マスタ非採用削除!C$4,統合マスタ!$A77,0)="","",OFFSET(マスタ非採用削除!C$4,統合マスタ!$A77,0)) -> #VALUE! | Q77: =IF(OFFSET(マスタ非採用削除!D$4,統合マスタ!$A77,0)="","",OFFSET(マスタ非採用削除!D$4,統合マスタ!$A77,0)) -> #VALUE! | R77: =IF(OR(A77="非採用",A77="処置薬",A77="非採用特別"),0,IF(OFFSET(マスタ非採用削除!E$4,統合マスタ!$A77,0)="","",OFFSET(マスタ非採用削除!E$4,統合マスタ!$A77,0))) -> 0 | S77: =IF(OFFSET(マスタ非採用削除!F$4,統合マスタ!$A77,0)="","",OFFSET(マスタ非採用削除!F$4,統合マスタ!$A77,0)) -> #VALUE! | T77: =IF(OFFSET(マスタ非採用削除!G$4,統合マスタ!$A77,0)="","",OFFSET(マスタ非採用削除!G$4,統合マスタ!$A77,0)) -> #VALUE! | U77: =IF(OFFSET(マスタ非採用削除!H$4,統合マスタ!$A77,0)="","",OFFSET(マスタ非採用削除!H$4,統合マスタ!$A77,0)) -> #VALUE! | V77: =IF(OFFSET(マスタ非採用削除!I$4,統合マスタ!$A77,0)="","",OFFSET(マスタ非採用削除!I$4,統合マスタ!$A77,0)) -> #VALUE! | W77: =IF(OFFSET(マスタ非採用削除!J$4,統合マスタ!$A77,0)="","",OFFSET(マスタ非採用削除!J$4,統合マスタ!$A77,0)) -> #VALUE! | X77: =IF(OFFSET(マスタ非採用削除!K$4,統合マスタ!$A77,0)="","",OFFSET(マスタ非採用削除!K$4,統合マスタ!$A77,0)) -> #VALUE! | Y77: =IF(OFFSET(マスタ非採用削除!L$4,統合マスタ!$A77,0)="","",OFFSET(マスタ非採用削除!L$4,統合マスタ!$A77,0)) -> #VALUE! | Z77: =IF(OFFSET(マスタ非採用削除!M$4,統合マスタ!$A77,0)="","",OFFSET(マスタ非採用削除!M$4,統合マスタ!$A77,0)) -> #VALUE! | AA77: =IF(A77="非採用","非採用",IF(A77="処置薬","処置薬","")) -> 非採用 | AB77: =IF(A77="非採用特別","非採用特別",IF(R77=2,"臨時", IF(COUNTIF(分類!$H$8:$H$25, 統合マスタ!V77)>0, 分類!$G$7, IF(COUNTIF(分類!$K$8:$K$25, 統合マスタ!V77)>0, 分類!$J$7, IF(COUNTIF(分類!$N$8:$N$25, 統合マスタ!V77)>0, 分類!$M$7, IF(COUNTIF(分類!$Q$8:$Q$25, 統合マスタ!V77)>0, 分類!$P$7, IF(COUNTIF(分類!$T$8:$T$25, 統合マスタ!V77)>0, 分類!$S$7, "無し"))))))) -> 無し | AC77: =X77*100000+B77 -> #VALUE! | AD77: {=IF(A77="非採用","非採用",OFFSET( INDIRECT("'" & AB77 & "'!A4"), MATCH(B77, INDIRECT("'" & AB77 & "'!C5:C1000"), 0), MATCH("合計", INDIRECT("'" & AB77 & "'!4:4"), 0) - 1 ))} -> 非採用 | AE77: =H77*AD77 -> #VALUE! | AF77: =M77*AD77 -> #VALUE!
A78: =元データ!P75 -> 35 | B78: =B77+1 -> 74 | C78: =DBCS(元データ!A75) -> アマンタジン塩酸塩錠５０ｍｇ「杏林」 | D78: =元データ!B75 -> メディセオ | E78: =DBCS(元データ!C75) -> ＰＴＰ | F78: =DBCS(元データ!D75) -> １００Ｔ | G78: =元データ!E75 -> キョーリンリメディオ | H78: =元データ!F75 -> 6.1 | I78: =元データ!G75 -> 610 | J78: =元データ!H75 -> 100 | K78: =元データ!I75 -> 錠 | L78: =元データ!J75 -> 510 | M78: =元データ!K75 -> 5.1 | N78: =IF(OFFSET(マスタ非採用削除!A$4,統合マスタ!$A78,0)="","",OFFSET(マスタ非採用削除!A$4,統合マスタ!$A78,0)) -> ｱﾏﾝ001 | O78: =IF(OFFSET(マスタ非採用削除!B$4,統合マスタ!$A78,0)="","",OFFSET(マスタ非採用削除!B$4,統合マスタ!$A78,0)) -> ｱﾏﾝ001 | P78: =IF(OFFSET(マスタ非採用削除!C$4,統合マスタ!$A78,0)="","",OFFSET(マスタ非採用削除!C$4,統合マスタ!$A78,0)) -> アマンタジン塩酸塩錠５０ｍｇ「杏林」 | Q78: =IF(OFFSET(マスタ非採用削除!D$4,統合マスタ!$A78,0)="","",OFFSET(マスタ非採用削除!D$4,統合マスタ!$A78,0)) -> ｱﾏﾝﾀ | R78: =IF(OR(A78="非採用",A78="処置薬",A78="非採用特別"),0,IF(OFFSET(マスタ非採用削除!E$4,統合マスタ!$A78,0)="","",OFFSET(マスタ非採用削除!E$4,統合マスタ!$A78,0))) -> 1 | S78: =IF(OFFSET(マスタ非採用削除!F$4,統合マスタ!$A78,0)="","",OFFSET(マスタ非採用削除!F$4,統合マスタ!$A78,0)) | T78: =IF(OFFSET(マスタ非採用削除!G$4,統合マスタ!$A78,0)="","",OFFSET(マスタ非採用削除!G$4,統合マスタ!$A78,0)) -> 6.1 | U78: =IF(OFFSET(マスタ非採用削除!H$4,統合マスタ!$A78,0)="","",OFFSET(マスタ非採用削除!H$4,統合マスタ!$A78,0)) -> ｱﾏﾝﾀｼﾞﾝｴﾝｻﾝｴﾝｼﾞｮｳ50mg｢ｷｮｳﾘﾝ｣ | V78: =IF(OFFSET(マスタ非採用削除!I$4,統合マスタ!$A78,0)="","",OFFSET(マスタ非採用削除!I$4,統合マスタ!$A78,0)) -> 1 | W78: =IF(OFFSET(マスタ非採用削除!J$4,統合マスタ!$A78,0)="","",OFFSET(マスタ非採用削除!J$4,統合マスタ!$A78,0)) -> 錠剤 | X78: =IF(OFFSET(マスタ非採用削除!K$4,統合マスタ!$A78,0)="","",OFFSET(マスタ非採用削除!K$4,統合マスタ!$A78,0)) -> 0 | Y78: =IF(OFFSET(マスタ非採用削除!L$4,統合マスタ!$A78,0)="","",OFFSET(マスタ非採用削除!L$4,統合マスタ!$A78,0)) | Z78: =IF(OFFSET(マスタ非採用削除!M$4,統合マスタ!$A78,0)="","",OFFSET(マスタ非採用削除!M$4,統合マスタ!$A78,0)) -> 25 | AA78: =IF(A78="非採用","非採用",IF(A78="処置薬","処置薬","")) | AB78: =IF(A78="非採用特別","非採用特別",IF(R78=2,"臨時", IF(COUNTIF(分類!$H$8:$H$25, 統合マスタ!V78)>0, 分類!$G$7, IF(COUNTIF(分類!$K$8:$K$25, 統合マスタ!V78)>0, 分類!$J$7, IF(COUNTIF(分類!$N$8:$N$25, 統合マスタ!V78)>0, 分類!$M$7, IF(COUNTIF(分類!$Q$8:$Q$25, 統合マスタ!V78)>0, 分類!$P$7, IF(COUNTIF(分類!$T$8:$T$25, 統合マスタ!V78)>0, 分類!$S$7, "無し"))))))) -> 錠剤 | AC78: =X78*100000+B78 -> 74 | AD78: {=IF(A78="非採用","非採用",OFFSET( INDIRECT("'" & AB78 & "'!A4"), MATCH(B78, INDIRECT("'" & AB78 & "'!C5:C1000"), 0), MATCH("合計", INDIRECT("'" & AB78 & "'!4:4"), 0) - 1 ))} -> 280 | AE78: =H78*AD78 -> 1708 | AF78: =M78*AD78 -> 1428
A79: =元データ!P76 -> 37 | B79: =B78+1 -> 75 | C79: =DBCS(元データ!A76) -> アミティーザカプセル２４μｇ | D79: =元データ!B76 -> アルフレッサ | E79: =DBCS(元データ!C76) -> ＰＴＰ | F79: =DBCS(元データ!D76) -> ５００Ｐ | G79: =元データ!E76 -> ヴィアトリス | H79: =元データ!F76 -> 96.9 | I79: =元データ!G76 -> 48450 | J79: =元データ!H76 -> 500 | K79: =元データ!I76 -> cap | L79: =元データ!J76 -> 41183 | M79: =元データ!K76 -> 82.366 | N79: =IF(OFFSET(マスタ非採用削除!A$4,統合マスタ!$A79,0)="","",OFFSET(マスタ非採用削除!A$4,統合マスタ!$A79,0)) -> ｱﾐﾃ001 | O79: =IF(OFFSET(マスタ非採用削除!B$4,統合マスタ!$A79,0)="","",OFFSET(マスタ非採用削除!B$4,統合マスタ!$A79,0)) -> ｱﾐﾃ001 | P79: =IF(OFFSET(マスタ非採用削除!C$4,統合マスタ!$A79,0)="","",OFFSET(マスタ非採用削除!C$4,統合マスタ!$A79,0)) -> アミティーザカプセル２４μｇ | Q79: =IF(OFFSET(マスタ非採用削除!D$4,統合マスタ!$A79,0)="","",OFFSET(マスタ非採用削除!D$4,統合マスタ!$A79,0)) -> ｱﾐﾃ | R79: =IF(OR(A79="非採用",A79="処置薬",A79="非採用特別"),0,IF(OFFSET(マスタ非採用削除!E$4,統合マスタ!$A79,0)="","",OFFSET(マスタ非採用削除!E$4,統合マスタ!$A79,0))) -> 1 | S79: =IF(OFFSET(マスタ非採用削除!F$4,統合マスタ!$A79,0)="","",OFFSET(マスタ非採用削除!F$4,統合マスタ!$A79,0)) | T79: =IF(OFFSET(マスタ非採用削除!G$4,統合マスタ!$A79,0)="","",OFFSET(マスタ非採用削除!G$4,統合マスタ!$A79,0)) -> 96.9 | U79: =IF(OFFSET(マスタ非採用削除!H$4,統合マスタ!$A79,0)="","",OFFSET(マスタ非採用削除!H$4,統合マスタ!$A79,0)) -> ｱﾐﾃｨｰｻﾞｶﾌﾟｾﾙ24μg | V79: =IF(OFFSET(マスタ非採用削除!I$4,統合マスタ!$A79,0)="","",OFFSET(マスタ非採用削除!I$4,統合マスタ!$A79,0)) -> 2 | W79: =IF(OFFSET(マスタ非採用削除!J$4,統合マスタ!$A79,0)="","",OFFSET(マスタ非採用削除!J$4,統合マスタ!$A79,0)) -> カプセル | X79: =IF(OFFSET(マスタ非採用削除!K$4,統合マスタ!$A79,0)="","",OFFSET(マスタ非採用削除!K$4,統合マスタ!$A79,0)) -> 0 | Y79: =IF(OFFSET(マスタ非採用削除!L$4,統合マスタ!$A79,0)="","",OFFSET(マスタ非採用削除!L$4,統合マスタ!$A79,0)) | Z79: =IF(OFFSET(マスタ非採用削除!M$4,統合マスタ!$A79,0)="","",OFFSET(マスタ非採用削除!M$4,統合マスタ!$A79,0)) -> 5 | AA79: =IF(A79="非採用","非採用",IF(A79="処置薬","処置薬","")) | AB79: =IF(A79="非採用特別","非採用特別",IF(R79=2,"臨時", IF(COUNTIF(分類!$H$8:$H$25, 統合マスタ!V79)>0, 分類!$G$7, IF(COUNTIF(分類!$K$8:$K$25, 統合マスタ!V79)>0, 分類!$J$7, IF(COUNTIF(分類!$N$8:$N$25, 統合マスタ!V79)>0, 分類!$M$7, IF(COUNTIF(分類!$Q$8:$Q$25, 統合マスタ!V79)>0, 分類!$P$7, IF(COUNTIF(分類!$T$8:$T$25, 統合マスタ!V79)>0, 分類!$S$7, "無し"))))))) -> 錠剤 | AC79: =X79*100000+B79 -> 75 | AD79: {=IF(A79="非採用","非採用",OFFSET( INDIRECT("'" & AB79 & "'!A4"), MATCH(B79, INDIRECT("'" & AB79 & "'!C5:C1000"), 0), MATCH("合計", INDIRECT("'" & AB79 & "'!4:4"), 0) - 1 ))} -> 706 | AE79: =H79*AD79 -> 68411.4 | AF79: =M79*AD79 -> 58150.396
A80: =元データ!P77 -> 38 | B80: =B79+1 -> 76 | C80: =DBCS(元データ!A77) -> アミノレバンＥＮ配合散 コーヒー味 | D80: =元データ!B77 | E80: =DBCS(元データ!C77) -> 粉 | F80: =DBCS(元データ!D77) -> ５０ｇＸ２１包 | G80: =元データ!E77 -> 大塚製薬 | H80: =元データ!F77 -> 88.8 | I80: =元データ!G77 -> 9324 | J80: =元データ!H77 -> 105 | K80: =元データ!I77 -> 10ｇ | L80: =元データ!J77 -> 8295 | M80: =元データ!K77 -> 79 | N80: =IF(OFFSET(マスタ非採用削除!A$4,統合マスタ!$A80,0)="","",OFFSET(マスタ非採用削除!A$4,統合マスタ!$A80,0)) -> ｱﾐﾉ001 | O80: =IF(OFFSET(マスタ非採用削除!B$4,統合マスタ!$A80,0)="","",OFFSET(マスタ非採用削除!B$4,統合マスタ!$A80,0)) -> ｱﾐﾉ001 | P80: =IF(OFFSET(マスタ非採用削除!C$4,統合マスタ!$A80,0)="","",OFFSET(マスタ非採用削除!C$4,統合マスタ!$A80,0)) -> アミノレバンＥＮ配合散 | Q80: =IF(OFFSET(マスタ非採用削除!D$4,統合マスタ!$A80,0)="","",OFFSET(マスタ非採用削除!D$4,統合マスタ!$A80,0)) -> ｱﾐﾉﾚ1* | R80: =IF(OR(A80="非採用",A80="処置薬",A80="非採用特別"),0,IF(OFFSET(マスタ非採用削除!E$4,統合マスタ!$A80,0)="","",OFFSET(マスタ非採用削除!E$4,統合マスタ!$A80,0))) -> 1 | S80: =IF(OFFSET(マスタ非採用削除!F$4,統合マスタ!$A80,0)="","",OFFSET(マスタ非採用削除!F$4,統合マスタ!$A80,0)) | T80: =IF(OFFSET(マスタ非採用削除!G$4,統合マスタ!$A80,0)="","",OFFSET(マスタ非採用削除!G$4,統合マスタ!$A80,0)) -> 8.88 | U80: =IF(OFFSET(マスタ非採用削除!H$4,統合マスタ!$A80,0)="","",OFFSET(マスタ非採用削除!H$4,統合マスタ!$A80,0)) -> ｱﾐﾉﾚﾊﾞﾝENﾊｲｺﾞｳｻﾝ | V80: =IF(OFFSET(マスタ非採用削除!I$4,統合マスタ!$A80,0)="","",OFFSET(マスタ非採用削除!I$4,統合マスタ!$A80,0)) -> 3 | W80: =IF(OFFSET(マスタ非採用削除!J$4,統合マスタ!$A80,0)="","",OFFSET(マスタ非採用削除!J$4,統合マスタ!$A80,0)) -> 散 | X80: =IF(OFFSET(マスタ非採用削除!K$4,統合マスタ!$A80,0)="","",OFFSET(マスタ非採用削除!K$4,統合マスタ!$A80,0)) -> 0 | Y80: =IF(OFFSET(マスタ非採用削除!L$4,統合マスタ!$A80,0)="","",OFFSET(マスタ非採用削除!L$4,統合マスタ!$A80,0)) | Z80: =IF(OFFSET(マスタ非採用削除!M$4,統合マスタ!$A80,0)="","",OFFSET(マスタ非採用削除!M$4,統合マスタ!$A80,0)) -> 15 | AA80: =IF(A80="非採用","非採用",IF(A80="処置薬","処置薬","")) | AB80: =IF(A80="非採用特別","非採用特別",IF(R80=2,"臨時", IF(COUNTIF(分類!$H$8:$H$25, 統合マスタ!V80)>0, 分類!$G$7, IF(COUNTIF(分類!$K$8:$K$25, 統合マスタ!V80)>0, 分類!$J$7, IF(COUNTIF(分類!$N$8:$N$25, 統合マスタ!V80)>0, 分類!$M$7, IF(COUNTIF(分類!$Q$8:$Q$25, 統合マスタ!V80)>0, 分類!$P$7, IF(COUNTIF(分類!$T$8:$T$25, 統合マスタ!V80)>0, 分類!$S$7, "無し"))))))) -> 散剤 | AC80: =X80*100000+B80 -> 76 | AD80: {=IF(A80="非採用","非採用",OFFSET( INDIRECT("'" & AB80 & "'!A4"), MATCH(B80, INDIRECT("'" & AB80 & "'!C5:C1000"), 0), MATCH("合計", INDIRECT("'" & AB80 & "'!4:4"), 0) - 1 ))} -> 0 | AE80: =H80*AD80 -> 0 | AF80: =M80*AD80 -> 0
A81: =元データ!P78 -> 39 | B81: =B80+1 -> 77 | C81: =DBCS(元データ!A78) -> アミノレバン点滴静注 | D81: =元データ!B78 | E81: =DBCS(元データ!C78) | F81: =DBCS(元データ!D78) -> ５００ｍｌｘ２０ | G81: =元データ!E78 -> 大塚製薬 | H81: =元データ!F78 -> 715 | I81: =元データ!G78 -> 14300 | J81: =元データ!H78 -> 20 | K81: =元データ!I78 -> 袋 | L81: =元データ!J78 -> 12720 | M81: =元データ!K78 -> 636 | N81: =IF(OFFSET(マスタ非採用削除!A$4,統合マスタ!$A81,0)="","",OFFSET(マスタ非採用削除!A$4,統合マスタ!$A81,0)) -> ｱﾐﾉ002 | O81: =IF(OFFSET(マスタ非採用削除!B$4,統合マスタ!$A81,0)="","",OFFSET(マスタ非採用削除!B$4,統合マスタ!$A81,0)) -> ｱﾐﾉ002 | P81: =IF(OFFSET(マスタ非採用削除!C$4,統合マスタ!$A81,0)="","",OFFSET(マスタ非採用削除!C$4,統合マスタ!$A81,0)) -> アミノレバン点滴静注（用時購入） | Q81: =IF(OFFSET(マスタ非採用削除!D$4,統合マスタ!$A81,0)="","",OFFSET(マスタ非採用削除!D$4,統合マスタ!$A81,0)) | R81: =IF(OR(A81="非採用",A81="処置薬",A81="非採用特別"),0,IF(OFFSET(マスタ非採用削除!E$4,統合マスタ!$A81,0)="","",OFFSET(マスタ非採用削除!E$4,統合マスタ!$A81,0))) -> 2 | S81: =IF(OFFSET(マスタ非採用削除!F$4,統合マスタ!$A81,0)="","",OFFSET(マスタ非採用削除!F$4,統合マスタ!$A81,0)) | T81: =IF(OFFSET(マスタ非採用削除!G$4,統合マスタ!$A81,0)="","",OFFSET(マスタ非採用削除!G$4,統合マスタ!$A81,0)) -> 715 | U81: =IF(OFFSET(マスタ非採用削除!H$4,統合マスタ!$A81,0)="","",OFFSET(マスタ非採用削除!H$4,統合マスタ!$A81,0)) -> ｱﾐﾉﾚﾊﾞﾝﾃﾝﾃｷｼﾞﾖｳﾁﾕｳ | V81: =IF(OFFSET(マスタ非採用削除!I$4,統合マスタ!$A81,0)="","",OFFSET(マスタ非採用削除!I$4,統合マスタ!$A81,0)) -> 25 | W81: =IF(OFFSET(マスタ非採用削除!J$4,統合マスタ!$A81,0)="","",OFFSET(マスタ非採用削除!J$4,統合マスタ!$A81,0)) -> 注射剤 | X81: =IF(OFFSET(マスタ非採用削除!K$4,統合マスタ!$A81,0)="","",OFFSET(マスタ非採用削除!K$4,統合マスタ!$A81,0)) -> 0 | Y81: =IF(OFFSET(マスタ非採用削除!L$4,統合マスタ!$A81,0)="","",OFFSET(マスタ非採用削除!L$4,統合マスタ!$A81,0)) | Z81: =IF(OFFSET(マスタ非採用削除!M$4,統合マスタ!$A81,0)="","",OFFSET(マスタ非採用削除!M$4,統合マスタ!$A81,0)) -> 15 | AA81: =IF(A81="非採用","非採用",IF(A81="処置薬","処置薬","")) | AB81: =IF(A81="非採用特別","非採用特別",IF(R81=2,"臨時", IF(COUNTIF(分類!$H$8:$H$25, 統合マスタ!V81)>0, 分類!$G$7, IF(COUNTIF(分類!$K$8:$K$25, 統合マスタ!V81)>0, 分類!$J$7, IF(COUNTIF(分類!$N$8:$N$25, 統合マスタ!V81)>0, 分類!$M$7, IF(COUNTIF(分類!$Q$8:$Q$25, 統合マスタ!V81)>0, 分類!$P$7, IF(COUNTIF(分類!$T$8:$T$25, 統合マスタ!V81)>0, 分類!$S$7, "無し"))))))) -> 臨時 | AC81: =X81*100000+B81 -> 77 | AD81: {=IF(A81="非採用","非採用",OFFSET( INDIRECT("'" & AB81 & "'!A4"), MATCH(B81, INDIRECT("'" & AB81 & "'!C5:C1000"), 0), MATCH("合計", INDIRECT("'" & AB81 & "'!4:4"), 0) - 1 ))} -> 0 | AE81: =H81*AD81 -> 0 | AF81: =M81*AD81 -> 0
A82: =元データ!P79 -> 40 | B82: =B81+1 -> 78 | C82: =DBCS(元データ!A79) -> アムロジピンＯＤ錠２．５ｍｇ「明治」 | D82: =元データ!B79 -> メディセオ | E82: =DBCS(元データ!C79) -> ＰＴＰ | F82: =DBCS(元データ!D79) -> ５００Ｔ | G82: =元データ!E79 -> Ｍｅファルマ | H82: =元データ!F79 -> 10.4 | I82: =元データ!G79 -> 5200 | J82: =元データ!H79 -> 500 | K82: =元データ!I79 -> 錠 | L82: =元データ!J79 -> 4180 | M82: =元データ!K79 -> 8.36 | N82: =IF(OFFSET(マスタ非採用削除!A$4,統合マスタ!$A82,0)="","",OFFSET(マスタ非採用削除!A$4,統合マスタ!$A82,0)) -> ｱﾑﾛ002 | O82: =IF(OFFSET(マスタ非採用削除!B$4,統合マスタ!$A82,0)="","",OFFSET(マスタ非採用削除!B$4,統合マスタ!$A82,0)) -> ｱﾑﾛ002 | P82: =IF(OFFSET(マスタ非採用削除!C$4,統合マスタ!$A82,0)="","",OFFSET(マスタ非採用削除!C$4,統合マスタ!$A82,0)) -> アムロジピンＯＤ錠２．５ｍｇ「明治」 | Q82: =IF(OFFSET(マスタ非採用削除!D$4,統合マスタ!$A82,0)="","",OFFSET(マスタ非採用削除!D$4,統合マスタ!$A82,0)) | R82: =IF(OR(A82="非採用",A82="処置薬",A82="非採用特別"),0,IF(OFFSET(マスタ非採用削除!E$4,統合マスタ!$A82,0)="","",OFFSET(マスタ非採用削除!E$4,統合マスタ!$A82,0))) -> 1 | S82: =IF(OFFSET(マスタ非採用削除!F$4,統合マスタ!$A82,0)="","",OFFSET(マスタ非採用削除!F$4,統合マスタ!$A82,0)) | T82: =IF(OFFSET(マスタ非採用削除!G$4,統合マスタ!$A82,0)="","",OFFSET(マスタ非採用削除!G$4,統合マスタ!$A82,0)) -> 10.4 | U82: =IF(OFFSET(マスタ非採用削除!H$4,統合マスタ!$A82,0)="","",OFFSET(マスタ非採用削除!H$4,統合マスタ!$A82,0)) -> ｱﾑﾛｼﾞﾋﾟﾝODｼﾞﾖｳ2.5MGﾒｲｼﾞ | V82: =IF(OFFSET(マスタ非採用削除!I$4,統合マスタ!$A82,0)="","",OFFSET(マスタ非採用削除!I$4,統合マスタ!$A82,0)) -> 1 | W82: =IF(OFFSET(マスタ非採用削除!J$4,統合マスタ!$A82,0)="","",OFFSET(マスタ非採用削除!J$4,統合マスタ!$A82,0)) -> 錠剤 | X82: =IF(OFFSET(マスタ非採用削除!K$4,統合マスタ!$A82,0)="","",OFFSET(マスタ非採用削除!K$4,統合マスタ!$A82,0)) -> 2 | Y82: =IF(OFFSET(マスタ非採用削除!L$4,統合マスタ!$A82,0)="","",OFFSET(マスタ非採用削除!L$4,統合マスタ!$A82,0)) | Z82: =IF(OFFSET(マスタ非採用削除!M$4,統合マスタ!$A82,0)="","",OFFSET(マスタ非採用削除!M$4,統合マスタ!$A82,0)) -> 25 | AA82: =IF(A82="非採用","非採用",IF(A82="処置薬","処置薬","")) | AB82: =IF(A82="非採用特別","非採用特別",IF(R82=2,"臨時", IF(COUNTIF(分類!$H$8:$H$25, 統合マスタ!V82)>0, 分類!$G$7, IF(COUNTIF(分類!$K$8:$K$25, 統合マスタ!V82)>0, 分類!$J$7, IF(COUNTIF(分類!$N$8:$N$25, 統合マスタ!V82)>0, 分類!$M$7, IF(COUNTIF(分類!$Q$8:$Q$25, 統合マスタ!V82)>0, 分類!$P$7, IF(COUNTIF(分類!$T$8:$T$25, 統合マスタ!V82)>0, 分類!$S$7, "無し"))))))) -> 錠剤 | AC82: =X82*100000+B82 -> 200078 | AD82: {=IF(A82="非採用","非採用",OFFSET( INDIRECT("'" & AB82 & "'!A4"), MATCH(B82, INDIRECT("'" & AB82 & "'!C5:C1000"), 0), MATCH("合計", INDIRECT("'" & AB82 & "'!4:4"), 0) - 1 ))} -> 310 | AE82: =H82*AD82 -> 3224 | AF82: =M82*AD82 -> 2591.6
A83: =元データ!P80 -> 40 | B83: =B82+1 -> 79 | C83: =DBCS(元データ!A80) -> アムロジピンＯＤ錠２．５ｍｇ「明治」 | D83: =元データ!B80 -> メディセオ | E83: =DBCS(元データ!C80) -> バラ | F83: =DBCS(元データ!D80) -> ５００Ｔ | G83: =元データ!E80 -> Ｍｅファルマ | H83: =元データ!F80 -> 10.4 | I83: =元データ!G80 -> 5200 | J83: =元データ!H80 -> 500 | K83: =元データ!I80 -> 錠 | L83: =元データ!J80 -> 4180 | M83: =元データ!K80 -> 8.36 | N83: =IF(OFFSET(マスタ非採用削除!A$4,統合マスタ!$A83,0)="","",OFFSET(マスタ非採用削除!A$4,統合マスタ!$A83,0)) -> ｱﾑﾛ002 | O83: =IF(OFFSET(マスタ非採用削除!B$4,統合マスタ!$A83,0)="","",OFFSET(マスタ非採用削除!B$4,統合マスタ!$A83,0)) -> ｱﾑﾛ002 | P83: =IF(OFFSET(マスタ非採用削除!C$4,統合マスタ!$A83,0)="","",OFFSET(マスタ非採用削除!C$4,統合マスタ!$A83,0)) -> アムロジピンＯＤ錠２．５ｍｇ「明治」 | Q83: =IF(OFFSET(マスタ非採用削除!D$4,統合マスタ!$A83,0)="","",OFFSET(マスタ非採用削除!D$4,統合マスタ!$A83,0)) | R83: =IF(OR(A83="非採用",A83="処置薬",A83="非採用特別"),0,IF(OFFSET(マスタ非採用削除!E$4,統合マスタ!$A83,0)="","",OFFSET(マスタ非採用削除!E$4,統合マスタ!$A83,0))) -> 1 | S83: =IF(OFFSET(マスタ非採用削除!F$4,統合マスタ!$A83,0)="","",OFFSET(マスタ非採用削除!F$4,統合マスタ!$A83,0)) | T83: =IF(OFFSET(マスタ非採用削除!G$4,統合マスタ!$A83,0)="","",OFFSET(マスタ非採用削除!G$4,統合マスタ!$A83,0)) -> 10.4 | U83: =IF(OFFSET(マスタ非採用削除!H$4,統合マスタ!$A83,0)="","",OFFSET(マスタ非採用削除!H$4,統合マスタ!$A83,0)) -> ｱﾑﾛｼﾞﾋﾟﾝODｼﾞﾖｳ2.5MGﾒｲｼﾞ | V83: =IF(OFFSET(マスタ非採用削除!I$4,統合マスタ!$A83,0)="","",OFFSET(マスタ非採用削除!I$4,統合マスタ!$A83,0)) -> 1 | W83: =IF(OFFSET(マスタ非採用削除!J$4,統合マスタ!$A83,0)="","",OFFSET(マスタ非採用削除!J$4,統合マスタ!$A83,0)) -> 錠剤 | X83: =IF(OFFSET(マスタ非採用削除!K$4,統合マスタ!$A83,0)="","",OFFSET(マスタ非採用削除!K$4,統合マスタ!$A83,0)) -> 2 | Y83: =IF(OFFSET(マスタ非採用削除!L$4,統合マスタ!$A83,0)="","",OFFSET(マスタ非採用削除!L$4,統合マスタ!$A83,0)) | Z83: =IF(OFFSET(マスタ非採用削除!M$4,統合マスタ!$A83,0)="","",OFFSET(マスタ非採用削除!M$4,統合マスタ!$A83,0)) -> 25 | AA83: =IF(A83="非採用","非採用",IF(A83="処置薬","処置薬","")) | AB83: =IF(A83="非採用特別","非採用特別",IF(R83=2,"臨時", IF(COUNTIF(分類!$H$8:$H$25, 統合マスタ!V83)>0, 分類!$G$7, IF(COUNTIF(分類!$K$8:$K$25, 統合マスタ!V83)>0, 分類!$J$7, IF(COUNTIF(分類!$N$8:$N$25, 統合マスタ!V83)>0, 分類!$M$7, IF(COUNTIF(分類!$Q$8:$Q$25, 統合マスタ!V83)>0, 分類!$P$7, IF(COUNTIF(分類!$T$8:$T$25, 統合マスタ!V83)>0, 分類!$S$7, "無し"))))))) -> 錠剤 | AC83: =X83*100000+B83 -> 200079 | AE83: =H83*AD83 -> 0 | AF83: =M83*AD83 -> 0
A84: =元データ!P81 -> 41 | B84: =B83+1 -> 80 | C84: =DBCS(元データ!A81) -> アリドネパッチ２７．５ｍｇ | D84: =元データ!B81 -> スズケン | E84: =DBCS(元データ!C81) | F84: =DBCS(元データ!D81) -> ２８枚 | G84: =元データ!E81 -> 興和 | H84: =元データ!F81 -> 286.4 | I84: =元データ!G81 -> 8019.2 | J84: =元データ!H81 -> 28 | K84: =元データ!I81 -> 枚 | L84: =元データ!J81 -> 6943 | M84: =元データ!K81 -> 247.96429 | N84: =IF(OFFSET(マスタ非採用削除!A$4,統合マスタ!$A84,0)="","",OFFSET(マスタ非採用削除!A$4,統合マスタ!$A84,0)) -> ｱﾘﾄ001 | O84: =IF(OFFSET(マスタ非採用削除!B$4,統合マスタ!$A84,0)="","",OFFSET(マスタ非採用削除!B$4,統合マスタ!$A84,0)) -> ｱﾘﾄ001 | P84: =IF(OFFSET(マスタ非採用削除!C$4,統合マスタ!$A84,0)="","",OFFSET(マスタ非採用削除!C$4,統合マスタ!$A84,0)) -> アリドネパッチ２７．５ｍｇ | Q84: =IF(OFFSET(マスタ非採用削除!D$4,統合マスタ!$A84,0)="","",OFFSET(マスタ非採用削除!D$4,統合マスタ!$A84,0)) | R84: =IF(OR(A84="非採用",A84="処置薬",A84="非採用特別"),0,IF(OFFSET(マスタ非採用削除!E$4,統合マスタ!$A84,0)="","",OFFSET(マスタ非採用削除!E$4,統合マスタ!$A84,0))) -> 1 | S84: =IF(OFFSET(マスタ非採用削除!F$4,統合マスタ!$A84,0)="","",OFFSET(マスタ非採用削除!F$4,統合マスタ!$A84,0)) | T84: =IF(OFFSET(マスタ非採用削除!G$4,統合マスタ!$A84,0)="","",OFFSET(マスタ非採用削除!G$4,統合マスタ!$A84,0)) -> 286.4 | U84: =IF(OFFSET(マスタ非採用削除!H$4,統合マスタ!$A84,0)="","",OFFSET(マスタ非採用削除!H$4,統合マスタ!$A84,0)) -> ｱﾘﾄﾞﾈﾊﾟﾂﾁ27.5MG | V84: =IF(OFFSET(マスタ非採用削除!I$4,統合マスタ!$A84,0)="","",OFFSET(マスタ非採用削除!I$4,統合マスタ!$A84,0)) -> 19 | W84: =IF(OFFSET(マスタ非採用削除!J$4,統合マスタ!$A84,0)="","",OFFSET(マスタ非採用削除!J$4,統合マスタ!$A84,0)) -> 貼付剤 | X84: =IF(OFFSET(マスタ非採用削除!K$4,統合マスタ!$A84,0)="","",OFFSET(マスタ非採用削除!K$4,統合マスタ!$A84,0)) -> 2 | Y84: =IF(OFFSET(マスタ非採用削除!L$4,統合マスタ!$A84,0)="","",OFFSET(マスタ非採用削除!L$4,統合マスタ!$A84,0)) | Z84: =IF(OFFSET(マスタ非採用削除!M$4,統合マスタ!$A84,0)="","",OFFSET(マスタ非採用削除!M$4,統合マスタ!$A84,0)) -> 3 | AA84: =IF(A84="非採用","非採用",IF(A84="処置薬","処置薬","")) | AB84: =IF(A84="非採用特別","非採用特別",IF(R84=2,"臨時", IF(COUNTIF(分類!$H$8:$H$25, 統合マスタ!V84)>0, 分類!$G$7, IF(COUNTIF(分類!$K$8:$K$25, 統合マスタ!V84)>0, 分類!$J$7, IF(COUNTIF(分類!$N$8:$N$25, 統合マスタ!V84)>0, 分類!$M$7, IF(COUNTIF(分類!$Q$8:$Q$25, 統合マスタ!V84)>0, 分類!$P$7, IF(COUNTIF(分類!$T$8:$T$25, 統合マスタ!V84)>0, 分類!$S$7, "無し"))))))) -> 外用 | AC84: =X84*100000+B84 -> 200080 | AD84: {=IF(A84="非採用","非採用",OFFSET( INDIRECT("'" & AB84 & "'!A4"), MATCH(B84, INDIRECT("'" & AB84 & "'!C5:C1000"), 0), MATCH("合計", INDIRECT("'" & AB84 & "'!4:4"), 0) - 1 ))} -> 52 | AE84: =H84*AD84 -> 14892.8 | AF84: =M84*AD84 -> 12894.143
A85: =元データ!P82 -> 42 | B85: =B84+1 -> 81 | C85: =DBCS(元データ!A82) -> アリドネパッチ５５ｍｇ | D85: =元データ!B82 -> スズケン | E85: =DBCS(元データ!C82) | F85: =DBCS(元データ!D82) -> ２８枚 | G85: =元データ!E82 -> 興和 | H85: =元データ!F82 -> 437.6 | I85: =元データ!G82 -> 12252.8 | J85: =元データ!H82 -> 28 | K85: =元データ!I82 -> 枚 | L85: =元データ!J82 -> 10608 | M85: =元データ!K82 -> 378.85714 | N85: =IF(OFFSET(マスタ非採用削除!A$4,統合マスタ!$A85,0)="","",OFFSET(マスタ非採用削除!A$4,統合マスタ!$A85,0)) -> ｱﾘﾄ002 | O85: =IF(OFFSET(マスタ非採用削除!B$4,統合マスタ!$A85,0)="","",OFFSET(マスタ非採用削除!B$4,統合マスタ!$A85,0)) -> ｱﾘﾄ002 | P85: =IF(OFFSET(マスタ非採用削除!C$4,統合マスタ!$A85,0)="","",OFFSET(マスタ非採用削除!C$4,統合マスタ!$A85,0)) -> アリドネパッチ５５ｍｇ | Q85: =IF(OFFSET(マスタ非採用削除!D$4,統合マスタ!$A85,0)="","",OFFSET(マスタ非採用削除!D$4,統合マスタ!$A85,0)) | R85: =IF(OR(A85="非採用",A85="処置薬",A85="非採用特別"),0,IF(OFFSET(マスタ非採用削除!E$4,統合マスタ!$A85,0)="","",OFFSET(マスタ非採用削除!E$4,統合マスタ!$A85,0))) -> 1 | S85: =IF(OFFSET(マスタ非採用削除!F$4,統合マスタ!$A85,0)="","",OFFSET(マスタ非採用削除!F$4,統合マスタ!$A85,0)) | T85: =IF(OFFSET(マスタ非採用削除!G$4,統合マスタ!$A85,0)="","",OFFSET(マスタ非採用削除!G$4,統合マスタ!$A85,0)) -> 437.6 | U85: =IF(OFFSET(マスタ非採用削除!H$4,統合マスタ!$A85,0)="","",OFFSET(マスタ非採用削除!H$4,統合マスタ!$A85,0)) -> ｱﾘﾄﾞﾈﾊﾟﾂﾁ55MG | V85: =IF(OFFSET(マスタ非採用削除!I$4,統合マスタ!$A85,0)="","",OFFSET(マスタ非採用削除!I$4,統合マスタ!$A85,0)) -> 19 | W85: =IF(OFFSET(マスタ非採用削除!J$4,統合マスタ!$A85,0)="","",OFFSET(マスタ非採用削除!J$4,統合マスタ!$A85,0)) -> 貼付剤 | X85: =IF(OFFSET(マスタ非採用削除!K$4,統合マスタ!$A85,0)="","",OFFSET(マスタ非採用削除!K$4,統合マスタ!$A85,0)) -> 2 | Y85: =IF(OFFSET(マスタ非採用削除!L$4,統合マスタ!$A85,0)="","",OFFSET(マスタ非採用削除!L$4,統合マスタ!$A85,0)) | Z85: =IF(OFFSET(マスタ非採用削除!M$4,統合マスタ!$A85,0)="","",OFFSET(マスタ非採用削除!M$4,統合マスタ!$A85,0)) -> 3 | AA85: =IF(A85="非採用","非採用",IF(A85="処置薬","処置薬","")) | AB85: =IF(A85="非採用特別","非採用特別",IF(R85=2,"臨時", IF(COUNTIF(分類!$H$8:$H$25, 統合マスタ!V85)>0, 分類!$G$7, IF(COUNTIF(分類!$K$8:$K$25, 統合マスタ!V85)>0, 分類!$J$7, IF(COUNTIF(分類!$N$8:$N$25, 統合マスタ!V85)>0, 分類!$M$7, IF(COUNTIF(分類!$Q$8:$Q$25, 統合マスタ!V85)>0, 分類!$P$7, IF(COUNTIF(分類!$T$8:$T$25, 統合マスタ!V85)>0, 分類!$S$7, "無し"))))))) -> 外用 | AC85: =X85*100000+B85 -> 200081 | AD85: {=IF(A85="非採用","非採用",OFFSET( INDIRECT("'" & AB85 & "'!A4"), MATCH(B85, INDIRECT("'" & AB85 & "'!C5:C1000"), 0), MATCH("合計", INDIRECT("'" & AB85 & "'!4:4"), 0) - 1 ))} -> 123 | AE85: =H85*AD85 -> 53824.8 | AF85: =M85*AD85 -> 46599.429
A86: =元データ!P83 -> 45 | B86: =B85+1 -> 82 | C86: =DBCS(元データ!A83) -> アリピプラゾールＯＤ錠１２ｍｇ「ニプロ」 | D86: =元データ!B83 -> アルフレッサ | E86: =DBCS(元データ!C83) -> ＰＴＰ | F86: =DBCS(元データ!D83) -> １００Ｔ | G86: =元データ!E83 -> ニプロES | H86: =元データ!F83 -> 22.7 | I86: =元データ!G83 -> 2270 | J86: =元データ!H83 -> 100 | K86: =元データ!I83 -> 錠 | L86: =元データ!J83 -> 1975 | M86: =元データ!K83 -> 19.75 | N86: =IF(OFFSET(マスタ非採用削除!A$4,統合マスタ!$A86,0)="","",OFFSET(マスタ非採用削除!A$4,統合マスタ!$A86,0)) -> ｱﾘﾋ008 | O86: =IF(OFFSET(マスタ非採用削除!B$4,統合マスタ!$A86,0)="","",OFFSET(マスタ非採用削除!B$4,統合マスタ!$A86,0)) -> ｱﾘﾋ008 | P86: =IF(OFFSET(マスタ非採用削除!C$4,統合マスタ!$A86,0)="","",OFFSET(マスタ非採用削除!C$4,統合マスタ!$A86,0)) -> アリピプラゾールＯＤ錠１２ｍｇ「ニプロ」 | Q86: =IF(OFFSET(マスタ非採用削除!D$4,統合マスタ!$A86,0)="","",OFFSET(マスタ非採用削除!D$4,統合マスタ!$A86,0)) | R86: =IF(OR(A86="非採用",A86="処置薬",A86="非採用特別"),0,IF(OFFSET(マスタ非採用削除!E$4,統合マスタ!$A86,0)="","",OFFSET(マスタ非採用削除!E$4,統合マスタ!$A86,0))) -> 1 | S86: =IF(OFFSET(マスタ非採用削除!F$4,統合マスタ!$A86,0)="","",OFFSET(マスタ非採用削除!F$4,統合マスタ!$A86,0)) | T86: =IF(OFFSET(マスタ非採用削除!G$4,統合マスタ!$A86,0)="","",OFFSET(マスタ非採用削除!G$4,統合マスタ!$A86,0)) -> 22.7 | U86: =IF(OFFSET(マスタ非採用削除!H$4,統合マスタ!$A86,0)="","",OFFSET(マスタ非採用削除!H$4,統合マスタ!$A86,0)) -> ｱﾘﾋﾟﾌﾟﾗｿﾞ-ﾙODｼﾞﾖｳ12MGﾆﾌﾟﾛ | V86: =IF(OFFSET(マスタ非採用削除!I$4,統合マスタ!$A86,0)="","",OFFSET(マスタ非採用削除!I$4,統合マスタ!$A86,0)) -> 1 | W86: =IF(OFFSET(マスタ非採用削除!J$4,統合マスタ!$A86,0)="","",OFFSET(マスタ非採用削除!J$4,統合マスタ!$A86,0)) -> 錠剤 | X86: =IF(OFFSET(マスタ非採用削除!K$4,統合マスタ!$A86,0)="","",OFFSET(マスタ非採用削除!K$4,統合マスタ!$A86,0)) -> 2 | Y86: =IF(OFFSET(マスタ非採用削除!L$4,統合マスタ!$A86,0)="","",OFFSET(マスタ非採用削除!L$4,統合マスタ!$A86,0)) | Z86: =IF(OFFSET(マスタ非採用削除!M$4,統合マスタ!$A86,0)="","",OFFSET(マスタ非採用削除!M$4,統合マスタ!$A86,0)) -> 26 | AA86: =IF(A86="非採用","非採用",IF(A86="処置薬","処置薬","")) | AB86: =IF(A86="非採用特別","非採用特別",IF(R86=2,"臨時", IF(COUNTIF(分類!$H$8:$H$25, 統合マスタ!V86)>0, 分類!$G$7, IF(COUNTIF(分類!$K$8:$K$25, 統合マスタ!V86)>0, 分類!$J$7, IF(COUNTIF(分類!$N$8:$N$25, 統合マスタ!V86)>0, 分類!$M$7, IF(COUNTIF(分類!$Q$8:$Q$25, 統合マスタ!V86)>0, 分類!$P$7, IF(COUNTIF(分類!$T$8:$T$25, 統合マスタ!V86)>0, 分類!$S$7, "無し"))))))) -> 錠剤 | AC86: =X86*100000+B86 -> 200082 | AD86: {=IF(A86="非採用","非採用",OFFSET( INDIRECT("'" & AB86 & "'!A4"), MATCH(B86, INDIRECT("'" & AB86 & "'!C5:C1000"), 0), MATCH("合計", INDIRECT("'" & AB86 & "'!4:4"), 0) - 1 ))} -> 674 | AE86: =H86*AD86 -> 15299.8 | AF86: =M86*AD86 -> 13311.5
A87: =元データ!P84 -> 45 | B87: =B86+1 -> 83 | C87: =DBCS(元データ!A84) -> アリピプラゾールＯＤ錠１２ｍｇ「ニプロ」 | D87: =元データ!B84 -> アルフレッサ | E87: =DBCS(元データ!C84) -> バラ | F87: =DBCS(元データ!D84) -> ５００Ｔ | G87: =元データ!E84 -> ニプロＥＳ | H87: =元データ!F84 -> 22.7 | I87: =元データ!G84 -> 11350 | J87: =元データ!H84 -> 500 | K87: =元データ!I84 -> 錠 | L87: =元データ!J84 -> 9875 | M87: =元データ!K84 -> 19.75 | N87: =IF(OFFSET(マスタ非採用削除!A$4,統合マスタ!$A87,0)="","",OFFSET(マスタ非採用削除!A$4,統合マスタ!$A87,0)) -> ｱﾘﾋ008 | O87: =IF(OFFSET(マスタ非採用削除!B$4,統合マスタ!$A87,0)="","",OFFSET(マスタ非採用削除!B$4,統合マスタ!$A87,0)) -> ｱﾘﾋ008 | P87: =IF(OFFSET(マスタ非採用削除!C$4,統合マスタ!$A87,0)="","",OFFSET(マスタ非採用削除!C$4,統合マスタ!$A87,0)) -> アリピプラゾールＯＤ錠１２ｍｇ「ニプロ」 | Q87: =IF(OFFSET(マスタ非採用削除!D$4,統合マスタ!$A87,0)="","",OFFSET(マスタ非採用削除!D$4,統合マスタ!$A87,0)) | R87: =IF(OR(A87="非採用",A87="処置薬",A87="非採用特別"),0,IF(OFFSET(マスタ非採用削除!E$4,統合マスタ!$A87,0)="","",OFFSET(マスタ非採用削除!E$4,統合マスタ!$A87,0))) -> 1 | S87: =IF(OFFSET(マスタ非採用削除!F$4,統合マスタ!$A87,0)="","",OFFSET(マスタ非採用削除!F$4,統合マスタ!$A87,0)) | T87: =IF(OFFSET(マスタ非採用削除!G$4,統合マスタ!$A87,0)="","",OFFSET(マスタ非採用削除!G$4,統合マスタ!$A87,0)) -> 22.7 | U87: =IF(OFFSET(マスタ非採用削除!H$4,統合マスタ!$A87,0)="","",OFFSET(マスタ非採用削除!H$4,統合マスタ!$A87,0)) -> ｱﾘﾋﾟﾌﾟﾗｿﾞ-ﾙODｼﾞﾖｳ12MGﾆﾌﾟﾛ | V87: =IF(OFFSET(マスタ非採用削除!I$4,統合マスタ!$A87,0)="","",OFFSET(マスタ非採用削除!I$4,統合マスタ!$A87,0)) -> 1 | W87: =IF(OFFSET(マスタ非採用削除!J$4,統合マスタ!$A87,0)="","",OFFSET(マスタ非採用削除!J$4,統合マスタ!$A87,0)) -> 錠剤 | X87: =IF(OFFSET(マスタ非採用削除!K$4,統合マスタ!$A87,0)="","",OFFSET(マスタ非採用削除!K$4,統合マスタ!$A87,0)) -> 2 | Y87: =IF(OFFSET(マスタ非採用削除!L$4,統合マスタ!$A87,0)="","",OFFSET(マスタ非採用削除!L$4,統合マスタ!$A87,0)) | Z87: =IF(OFFSET(マスタ非採用削除!M$4,統合マスタ!$A87,0)="","",OFFSET(マスタ非採用削除!M$4,統合マスタ!$A87,0)) -> 26 | AA87: =IF(A87="非採用","非採用",IF(A87="処置薬","処置薬","")) | AB87: =IF(A87="非採用特別","非採用特別",IF(R87=2,"臨時", IF(COUNTIF(分類!$H$8:$H$25, 統合マスタ!V87)>0, 分類!$G$7, IF(COUNTIF(分類!$K$8:$K$25, 統合マスタ!V87)>0, 分類!$J$7, IF(COUNTIF(分類!$N$8:$N$25, 統合マスタ!V87)>0, 分類!$M$7, IF(COUNTIF(分類!$Q$8:$Q$25, 統合マスタ!V87)>0, 分類!$P$7, IF(COUNTIF(分類!$T$8:$T$25, 統合マスタ!V87)>0, 分類!$S$7, "無し"))))))) -> 錠剤 | AC87: =X87*100000+B87 -> 200083 | AE87: =H87*AD87 -> 0 | AF87: =M87*AD87 -> 0
A88: =元データ!P85 -> 44 | B88: =B87+1 -> 84 | C88: =DBCS(元データ!A85) -> アリピプラゾールＯＤ錠３ｍｇ「ニプロ」 | D88: =元データ!B85 -> アルフレッサ | E88: =DBCS(元データ!C85) -> ＰＴＰ | F88: =DBCS(元データ!D85) -> １００Ｔ | G88: =元データ!E85 -> ニプロＥＳ | H88: =元データ!F85 -> 6.4 | I88: =元データ!G85 -> 640 | J88: =元データ!H85 -> 100 | K88: =元データ!I85 -> 錠 | L88: =元データ!J85 -> 557 | M88: =元データ!K85 -> 5.57 | N88: =IF(OFFSET(マスタ非採用削除!A$4,統合マスタ!$A88,0)="","",OFFSET(マスタ非採用削除!A$4,統合マスタ!$A88,0)) -> ｱﾘﾋ007 | O88: =IF(OFFSET(マスタ非採用削除!B$4,統合マスタ!$A88,0)="","",OFFSET(マスタ非採用削除!B$4,統合マスタ!$A88,0)) -> ｱﾘﾋ007 | P88: =IF(OFFSET(マスタ非採用削除!C$4,統合マスタ!$A88,0)="","",OFFSET(マスタ非採用削除!C$4,統合マスタ!$A88,0)) -> アリピプラゾールＯＤ錠３ｍｇ「ニプロ」 | Q88: =IF(OFFSET(マスタ非採用削除!D$4,統合マスタ!$A88,0)="","",OFFSET(マスタ非採用削除!D$4,統合マスタ!$A88,0)) | R88: =IF(OR(A88="非採用",A88="処置薬",A88="非採用特別"),0,IF(OFFSET(マスタ非採用削除!E$4,統合マスタ!$A88,0)="","",OFFSET(マスタ非採用削除!E$4,統合マスタ!$A88,0))) -> 1 | S88: =IF(OFFSET(マスタ非採用削除!F$4,統合マスタ!$A88,0)="","",OFFSET(マスタ非採用削除!F$4,統合マスタ!$A88,0)) | T88: =IF(OFFSET(マスタ非採用削除!G$4,統合マスタ!$A88,0)="","",OFFSET(マスタ非採用削除!G$4,統合マスタ!$A88,0)) -> 6.4 | U88: =IF(OFFSET(マスタ非採用削除!H$4,統合マスタ!$A88,0)="","",OFFSET(マスタ非採用削除!H$4,統合マスタ!$A88,0)) -> ｱﾘﾋﾟﾌﾟﾗｿﾞ-ﾙODｼﾞﾖｳ3MGﾆﾌﾟﾛ | V88: =IF(OFFSET(マスタ非採用削除!I$4,統合マスタ!$A88,0)="","",OFFSET(マスタ非採用削除!I$4,統合マスタ!$A88,0)) -> 1 | W88: =IF(OFFSET(マスタ非採用削除!J$4,統合マスタ!$A88,0)="","",OFFSET(マスタ非採用削除!J$4,統合マスタ!$A88,0)) -> 錠剤 | X88: =IF(OFFSET(マスタ非採用削除!K$4,統合マスタ!$A88,0)="","",OFFSET(マスタ非採用削除!K$4,統合マスタ!$A88,0)) -> 2 | Y88: =IF(OFFSET(マスタ非採用削除!L$4,統合マスタ!$A88,0)="","",OFFSET(マスタ非採用削除!L$4,統合マスタ!$A88,0)) | Z88: =IF(OFFSET(マスタ非採用削除!M$4,統合マスタ!$A88,0)="","",OFFSET(マスタ非採用削除!M$4,統合マスタ!$A88,0)) -> 26 | AA88: =IF(A88="非採用","非採用",IF(A88="処置薬","処置薬","")) | AB88: =IF(A88="非採用特別","非採用特別",IF(R88=2,"臨時", IF(COUNTIF(分類!$H$8:$H$25, 統合マスタ!V88)>0, 分類!$G$7, IF(COUNTIF(分類!$K$8:$K$25, 統合マスタ!V88)>0, 分類!$J$7, IF(COUNTIF(分類!$N$8:$N$25, 統合マスタ!V88)>0, 分類!$M$7, IF(COUNTIF(分類!$Q$8:$Q$25, 統合マスタ!V88)>0, 分類!$P$7, IF(COUNTIF(分類!$T$8:$T$25, 統合マスタ!V88)>0, 分類!$S$7, "無し"))))))) -> 錠剤 | AC88: =X88*100000+B88 -> 200084 | AD88: {=IF(A88="非採用","非採用",OFFSET( INDIRECT("'" & AB88 & "'!A4"), MATCH(B88, INDIRECT("'" & AB88 & "'!C5:C1000"), 0), MATCH("合計", INDIRECT("'" & AB88 & "'!4:4"), 0) - 1 ))} -> 881 | AE88: =H88*AD88 -> 5638.4 | AF88: =M88*AD88 -> 4907.17
A89: =元データ!P86 -> 44 | B89: =B88+1 -> 85 | C89: =DBCS(元データ!A86) -> アリピプラゾールＯＤ錠３ｍｇ「ニプロ」 | D89: =元データ!B86 -> アルフレッサ | E89: =DBCS(元データ!C86) -> バラ | F89: =DBCS(元データ!D86) -> １００Ｔ | G89: =元データ!E86 -> ニプロES | H89: =元データ!F86 -> 6.4 | I89: =元データ!G86 -> 640 | J89: =元データ!H86 -> 100 | K89: =元データ!I86 -> 錠 | L89: =元データ!J86 -> 557 | M89: =元データ!K86 -> 5.57 | N89: =IF(OFFSET(マスタ非採用削除!A$4,統合マスタ!$A89,0)="","",OFFSET(マスタ非採用削除!A$4,統合マスタ!$A89,0)) -> ｱﾘﾋ007 | O89: =IF(OFFSET(マスタ非採用削除!B$4,統合マスタ!$A89,0)="","",OFFSET(マスタ非採用削除!B$4,統合マスタ!$A89,0)) -> ｱﾘﾋ007 | P89: =IF(OFFSET(マスタ非採用削除!C$4,統合マスタ!$A89,0)="","",OFFSET(マスタ非採用削除!C$4,統合マスタ!$A89,0)) -> アリピプラゾールＯＤ錠３ｍｇ「ニプロ」 | Q89: =IF(OFFSET(マスタ非採用削除!D$4,統合マスタ!$A89,0)="","",OFFSET(マスタ非採用削除!D$4,統合マスタ!$A89,0)) | R89: =IF(OR(A89="非採用",A89="処置薬",A89="非採用特別"),0,IF(OFFSET(マスタ非採用削除!E$4,統合マスタ!$A89,0)="","",OFFSET(マスタ非採用削除!E$4,統合マスタ!$A89,0))) -> 1 | S89: =IF(OFFSET(マスタ非採用削除!F$4,統合マスタ!$A89,0)="","",OFFSET(マスタ非採用削除!F$4,統合マスタ!$A89,0)) | T89: =IF(OFFSET(マスタ非採用削除!G$4,統合マスタ!$A89,0)="","",OFFSET(マスタ非採用削除!G$4,統合マスタ!$A89,0)) -> 6.4 | U89: =IF(OFFSET(マスタ非採用削除!H$4,統合マスタ!$A89,0)="","",OFFSET(マスタ非採用削除!H$4,統合マスタ!$A89,0)) -> ｱﾘﾋﾟﾌﾟﾗｿﾞ-ﾙODｼﾞﾖｳ3MGﾆﾌﾟﾛ | V89: =IF(OFFSET(マスタ非採用削除!I$4,統合マスタ!$A89,0)="","",OFFSET(マスタ非採用削除!I$4,統合マスタ!$A89,0)) -> 1 | W89: =IF(OFFSET(マスタ非採用削除!J$4,統合マスタ!$A89,0)="","",OFFSET(マスタ非採用削除!J$4,統合マスタ!$A89,0)) -> 錠剤 | X89: =IF(OFFSET(マスタ非採用削除!K$4,統合マスタ!$A89,0)="","",OFFSET(マスタ非採用削除!K$4,統合マスタ!$A89,0)) -> 2 | Y89: =IF(OFFSET(マスタ非採用削除!L$4,統合マスタ!$A89,0)="","",OFFSET(マスタ非採用削除!L$4,統合マスタ!$A89,0)) | Z89: =IF(OFFSET(マスタ非採用削除!M$4,統合マスタ!$A89,0)="","",OFFSET(マスタ非採用削除!M$4,統合マスタ!$A89,0)) -> 26 | AA89: =IF(A89="非採用","非採用",IF(A89="処置薬","処置薬","")) | AB89: =IF(A89="非採用特別","非採用特別",IF(R89=2,"臨時", IF(COUNTIF(分類!$H$8:$H$25, 統合マスタ!V89)>0, 分類!$G$7, IF(COUNTIF(分類!$K$8:$K$25, 統合マスタ!V89)>0, 分類!$J$7, IF(COUNTIF(分類!$N$8:$N$25, 統合マスタ!V89)>0, 分類!$M$7, IF(COUNTIF(分類!$Q$8:$Q$25, 統合マスタ!V89)>0, 分類!$P$7, IF(COUNTIF(分類!$T$8:$T$25, 統合マスタ!V89)>0, 分類!$S$7, "無し"))))))) -> 錠剤 | AC89: =X89*100000+B89 -> 200085 | AE89: =H89*AD89 -> 0 | AF89: =M89*AD89 -> 0
A90: =元データ!P87 -> 46 | B90: =B89+1 -> 86 | C90: =DBCS(元データ!A87) -> アリピプラゾールＯＤ錠６ｍｇ「ニプロ」 | D90: =元データ!B87 -> アルフレッサ | E90: =DBCS(元データ!C87) -> ＰＴＰ | F90: =DBCS(元データ!D87) -> １００Ｔ | G90: =元データ!E87 -> ニプロＥＳ | H90: =元データ!F87 -> 11.8 | I90: =元データ!G87 -> 1180 | J90: =元データ!H87 -> 100 | K90: =元データ!I87 -> 錠 | L90: =元データ!J87 -> 1027 | M90: =元データ!K87 -> 10.27 | N90: =IF(OFFSET(マスタ非採用削除!A$4,統合マスタ!$A90,0)="","",OFFSET(マスタ非採用削除!A$4,統合マスタ!$A90,0)) -> ｱﾘﾋ009 | O90: =IF(OFFSET(マスタ非採用削除!B$4,統合マスタ!$A90,0)="","",OFFSET(マスタ非採用削除!B$4,統合マスタ!$A90,0)) -> ｱﾘﾋ009 | P90: =IF(OFFSET(マスタ非採用削除!C$4,統合マスタ!$A90,0)="","",OFFSET(マスタ非採用削除!C$4,統合マスタ!$A90,0)) -> アリピプラゾールＯＤ錠６ｍｇ「ニプロ」 | Q90: =IF(OFFSET(マスタ非採用削除!D$4,統合マスタ!$A90,0)="","",OFFSET(マスタ非採用削除!D$4,統合マスタ!$A90,0)) | R90: =IF(OR(A90="非採用",A90="処置薬",A90="非採用特別"),0,IF(OFFSET(マスタ非採用削除!E$4,統合マスタ!$A90,0)="","",OFFSET(マスタ非採用削除!E$4,統合マスタ!$A90,0))) -> 1 | S90: =IF(OFFSET(マスタ非採用削除!F$4,統合マスタ!$A90,0)="","",OFFSET(マスタ非採用削除!F$4,統合マスタ!$A90,0)) | T90: =IF(OFFSET(マスタ非採用削除!G$4,統合マスタ!$A90,0)="","",OFFSET(マスタ非採用削除!G$4,統合マスタ!$A90,0)) -> 11.8 | U90: =IF(OFFSET(マスタ非採用削除!H$4,統合マスタ!$A90,0)="","",OFFSET(マスタ非採用削除!H$4,統合マスタ!$A90,0)) -> ｱﾘﾋﾟﾌﾟﾗｿﾞ-ﾙODｼﾞﾖｳ6MGﾆﾌﾟﾛ | V90: =IF(OFFSET(マスタ非採用削除!I$4,統合マスタ!$A90,0)="","",OFFSET(マスタ非採用削除!I$4,統合マスタ!$A90,0)) -> 1 | W90: =IF(OFFSET(マスタ非採用削除!J$4,統合マスタ!$A90,0)="","",OFFSET(マスタ非採用削除!J$4,統合マスタ!$A90,0)) -> 錠剤 | X90: =IF(OFFSET(マスタ非採用削除!K$4,統合マスタ!$A90,0)="","",OFFSET(マスタ非採用削除!K$4,統合マスタ!$A90,0)) -> 2 | Y90: =IF(OFFSET(マスタ非採用削除!L$4,統合マスタ!$A90,0)="","",OFFSET(マスタ非採用削除!L$4,統合マスタ!$A90,0)) | Z90: =IF(OFFSET(マスタ非採用削除!M$4,統合マスタ!$A90,0)="","",OFFSET(マスタ非採用削除!M$4,統合マスタ!$A90,0)) -> 26 | AA90: =IF(A90="非採用","非採用",IF(A90="処置薬","処置薬","")) | AB90: =IF(A90="非採用特別","非採用特別",IF(R90=2,"臨時", IF(COUNTIF(分類!$H$8:$H$25, 統合マスタ!V90)>0, 分類!$G$7, IF(COUNTIF(分類!$K$8:$K$25, 統合マスタ!V90)>0, 分類!$J$7, IF(COUNTIF(分類!$N$8:$N$25, 統合マスタ!V90)>0, 分類!$M$7, IF(COUNTIF(分類!$Q$8:$Q$25, 統合マスタ!V90)>0, 分類!$P$7, IF(COUNTIF(分類!$T$8:$T$25, 統合マスタ!V90)>0, 分類!$S$7, "無し"))))))) -> 錠剤 | AC90: =X90*100000+B90 -> 200086 | AD90: {=IF(A90="非採用","非採用",OFFSET( INDIRECT("'" & AB90 & "'!A4"), MATCH(B90, INDIRECT("'" & AB90 & "'!C5:C1000"), 0), MATCH("合計", INDIRECT("'" & AB90 & "'!4:4"), 0) - 1 ))} -> 942 | AE90: =H90*AD90 -> 11115.6 | AF90: =M90*AD90 -> 9674.34
A91: =元データ!P88 -> 46 | B91: =B90+1 -> 87 | C91: =DBCS(元データ!A88) -> アリピプラゾールＯＤ錠６ｍｇ「ニプロ」 | D91: =元データ!B88 -> アルフレッサ | E91: =DBCS(元データ!C88) -> バラ | F91: =DBCS(元データ!D88) -> １００Ｔ | G91: =元データ!E88 -> ニプロＥＳ | H91: =元データ!F88 -> 11.8 | I91: =元データ!G88 -> 1180 | J91: =元データ!H88 -> 100 | K91: =元データ!I88 -> 錠 | L91: =元データ!J88 -> 1027 | M91: =元データ!K88 -> 10.27 | N91: =IF(OFFSET(マスタ非採用削除!A$4,統合マスタ!$A91,0)="","",OFFSET(マスタ非採用削除!A$4,統合マスタ!$A91,0)) -> ｱﾘﾋ009 | O91: =IF(OFFSET(マスタ非採用削除!B$4,統合マスタ!$A91,0)="","",OFFSET(マスタ非採用削除!B$4,統合マスタ!$A91,0)) -> ｱﾘﾋ009 | P91: =IF(OFFSET(マスタ非採用削除!C$4,統合マスタ!$A91,0)="","",OFFSET(マスタ非採用削除!C$4,統合マスタ!$A91,0)) -> アリピプラゾールＯＤ錠６ｍｇ「ニプロ」 | Q91: =IF(OFFSET(マスタ非採用削除!D$4,統合マスタ!$A91,0)="","",OFFSET(マスタ非採用削除!D$4,統合マスタ!$A91,0)) | R91: =IF(OR(A91="非採用",A91="処置薬",A91="非採用特別"),0,IF(OFFSET(マスタ非採用削除!E$4,統合マスタ!$A91,0)="","",OFFSET(マスタ非採用削除!E$4,統合マスタ!$A91,0))) -> 1 | S91: =IF(OFFSET(マスタ非採用削除!F$4,統合マスタ!$A91,0)="","",OFFSET(マスタ非採用削除!F$4,統合マスタ!$A91,0)) | T91: =IF(OFFSET(マスタ非採用削除!G$4,統合マスタ!$A91,0)="","",OFFSET(マスタ非採用削除!G$4,統合マスタ!$A91,0)) -> 11.8 | U91: =IF(OFFSET(マスタ非採用削除!H$4,統合マスタ!$A91,0)="","",OFFSET(マスタ非採用削除!H$4,統合マスタ!$A91,0)) -> ｱﾘﾋﾟﾌﾟﾗｿﾞ-ﾙODｼﾞﾖｳ6MGﾆﾌﾟﾛ | V91: =IF(OFFSET(マスタ非採用削除!I$4,統合マスタ!$A91,0)="","",OFFSET(マスタ非採用削除!I$4,統合マスタ!$A91,0)) -> 1 | W91: =IF(OFFSET(マスタ非採用削除!J$4,統合マスタ!$A91,0)="","",OFFSET(マスタ非採用削除!J$4,統合マスタ!$A91,0)) -> 錠剤 | X91: =IF(OFFSET(マスタ非採用削除!K$4,統合マスタ!$A91,0)="","",OFFSET(マスタ非採用削除!K$4,統合マスタ!$A91,0)) -> 2 | Y91: =IF(OFFSET(マスタ非採用削除!L$4,統合マスタ!$A91,0)="","",OFFSET(マスタ非採用削除!L$4,統合マスタ!$A91,0)) | Z91: =IF(OFFSET(マスタ非採用削除!M$4,統合マスタ!$A91,0)="","",OFFSET(マスタ非採用削除!M$4,統合マスタ!$A91,0)) -> 26 | AA91: =IF(A91="非採用","非採用",IF(A91="処置薬","処置薬","")) | AB91: =IF(A91="非採用特別","非採用特別",IF(R91=2,"臨時", IF(COUNTIF(分類!$H$8:$H$25, 統合マスタ!V91)>0, 分類!$G$7, IF(COUNTIF(分類!$K$8:$K$25, 統合マスタ!V91)>0, 分類!$J$7, IF(COUNTIF(分類!$N$8:$N$25, 統合マスタ!V91)>0, 分類!$M$7, IF(COUNTIF(分類!$Q$8:$Q$25, 統合マスタ!V91)>0, 分類!$P$7, IF(COUNTIF(分類!$T$8:$T$25, 統合マスタ!V91)>0, 分類!$S$7, "無し"))))))) -> 錠剤 | AC91: =X91*100000+B91 -> 200087 | AE91: =H91*AD91 -> 0 | AF91: =M91*AD91 -> 0
A92: =元データ!P89 -> 47 | B92: =B91+1 -> 88 | C92: =DBCS(元データ!A89) -> アリピプラゾール散１％「ニプロ」 | D92: =元データ!B89 -> メディセオ | E92: =DBCS(元データ!C89) -> 粉 | F92: =DBCS(元データ!D89) -> １００ｇ | G92: =元データ!E89 -> ニプロES | H92: =元データ!F89 -> 18.6 | I92: =元データ!G89 -> 1860 | J92: =元データ!H89 -> 100 | K92: =元データ!I89 -> ｇ | L92: =元データ!J89 -> 1657 | M92: =元データ!K89 -> 16.57 | N92: =IF(OFFSET(マスタ非採用削除!A$4,統合マスタ!$A92,0)="","",OFFSET(マスタ非採用削除!A$4,統合マスタ!$A92,0)) -> ｱﾘﾋ010 | O92: =IF(OFFSET(マスタ非採用削除!B$4,統合マスタ!$A92,0)="","",OFFSET(マスタ非採用削除!B$4,統合マスタ!$A92,0)) -> ｱﾘﾋ010 | P92: =IF(OFFSET(マスタ非採用削除!C$4,統合マスタ!$A92,0)="","",OFFSET(マスタ非採用削除!C$4,統合マスタ!$A92,0)) -> アリピプラゾール散１％「ニプロ」 | Q92: =IF(OFFSET(マスタ非採用削除!D$4,統合マスタ!$A92,0)="","",OFFSET(マスタ非採用削除!D$4,統合マスタ!$A92,0)) | R92: =IF(OR(A92="非採用",A92="処置薬",A92="非採用特別"),0,IF(OFFSET(マスタ非採用削除!E$4,統合マスタ!$A92,0)="","",OFFSET(マスタ非採用削除!E$4,統合マスタ!$A92,0))) -> 1 | S92: =IF(OFFSET(マスタ非採用削除!F$4,統合マスタ!$A92,0)="","",OFFSET(マスタ非採用削除!F$4,統合マスタ!$A92,0)) | T92: =IF(OFFSET(マスタ非採用削除!G$4,統合マスタ!$A92,0)="","",OFFSET(マスタ非採用削除!G$4,統合マスタ!$A92,0)) -> 18.6 | U92: =IF(OFFSET(マスタ非採用削除!H$4,統合マスタ!$A92,0)="","",OFFSET(マスタ非採用削除!H$4,統合マスタ!$A92,0)) -> ｱﾘﾋﾟﾌﾟﾗｿﾞ-ﾙｻﾝ1%ﾆﾌﾟﾛ | V92: =IF(OFFSET(マスタ非採用削除!I$4,統合マスタ!$A92,0)="","",OFFSET(マスタ非採用削除!I$4,統合マスタ!$A92,0)) -> 3 | W92: =IF(OFFSET(マスタ非採用削除!J$4,統合マスタ!$A92,0)="","",OFFSET(マスタ非採用削除!J$4,統合マスタ!$A92,0)) -> 散 | X92: =IF(OFFSET(マスタ非採用削除!K$4,統合マスタ!$A92,0)="","",OFFSET(マスタ非採用削除!K$4,統合マスタ!$A92,0)) -> 2 | Y92: =IF(OFFSET(マスタ非採用削除!L$4,統合マスタ!$A92,0)="","",OFFSET(マスタ非採用削除!L$4,統合マスタ!$A92,0)) | Z92: =IF(OFFSET(マスタ非採用削除!M$4,統合マスタ!$A92,0)="","",OFFSET(マスタ非採用削除!M$4,統合マスタ!$A92,0)) -> 2 | AA92: =IF(A92="非採用","非採用",IF(A92="処置薬","処置薬","")) | AB92: =IF(A92="非採用特別","非採用特別",IF(R92=2,"臨時", IF(COUNTIF(分類!$H$8:$H$25, 統合マスタ!V92)>0, 分類!$G$7, IF(COUNTIF(分類!$K$8:$K$25, 統合マスタ!V92)>0, 分類!$J$7, IF(COUNTIF(分類!$N$8:$N$25, 統合マスタ!V92)>0, 分類!$M$7, IF(COUNTIF(分類!$Q$8:$Q$25, 統合マスタ!V92)>0, 分類!$P$7, IF(COUNTIF(分類!$T$8:$T$25, 統合マスタ!V92)>0, 分類!$S$7, "無し"))))))) -> 散剤 | AC92: =X92*100000+B92 -> 200088 | AD92: {=IF(A92="非採用","非採用",OFFSET( INDIRECT("'" & AB92 & "'!A4"), MATCH(B92, INDIRECT("'" & AB92 & "'!C5:C1000"), 0), MATCH("合計", INDIRECT("'" & AB92 & "'!4:4"), 0) - 1 ))} -> 198.4 | AE92: =H92*AD92 -> 3690.24 | AF92: =M92*AD92 -> 3287.488
A93: =元データ!P90 -> 48 | B93: =B92+1 -> 89 | C93: =DBCS(元データ!A90) -> アリピプラゾール錠１ｍｇ「サワイ」 | D93: =元データ!B90 -> メディセオ | E93: =DBCS(元データ!C90) -> ＰＴＰ | F93: =DBCS(元データ!D90) -> １００Ｔ | G93: =元データ!E90 -> 沢井製薬 | H93: =元データ!F90 -> 6.1 | I93: =元データ!G90 -> 610 | J93: =元データ!H90 -> 100 | K93: =元データ!I90 -> 錠 | L93: =元データ!J90 -> 545 | M93: =元データ!K90 -> 5.45 | N93: =IF(OFFSET(マスタ非採用削除!A$4,統合マスタ!$A93,0)="","",OFFSET(マスタ非採用削除!A$4,統合マスタ!$A93,0)) -> ｱﾘﾋ011 | O93: =IF(OFFSET(マスタ非採用削除!B$4,統合マスタ!$A93,0)="","",OFFSET(マスタ非採用削除!B$4,統合マスタ!$A93,0)) -> ｱﾘﾋ011 | P93: =IF(OFFSET(マスタ非採用削除!C$4,統合マスタ!$A93,0)="","",OFFSET(マスタ非採用削除!C$4,統合マスタ!$A93,0)) -> アリピプラゾール錠１ｍｇ「サワイ」 | Q93: =IF(OFFSET(マスタ非採用削除!D$4,統合マスタ!$A93,0)="","",OFFSET(マスタ非採用削除!D$4,統合マスタ!$A93,0)) | R93: =IF(OR(A93="非採用",A93="処置薬",A93="非採用特別"),0,IF(OFFSET(マスタ非採用削除!E$4,統合マスタ!$A93,0)="","",OFFSET(マスタ非採用削除!E$4,統合マスタ!$A93,0))) -> 1 | S93: =IF(OFFSET(マスタ非採用削除!F$4,統合マスタ!$A93,0)="","",OFFSET(マスタ非採用削除!F$4,統合マスタ!$A93,0)) | T93: =IF(OFFSET(マスタ非採用削除!G$4,統合マスタ!$A93,0)="","",OFFSET(マスタ非採用削除!G$4,統合マスタ!$A93,0)) -> 6.1 | U93: =IF(OFFSET(マスタ非採用削除!H$4,統合マスタ!$A93,0)="","",OFFSET(マスタ非採用削除!H$4,統合マスタ!$A93,0)) -> ｱﾘﾋﾟﾌﾟﾗｿﾞ-ﾙｼﾞﾖｳ1MGｻﾜｲ | V93: =IF(OFFSET(マスタ非採用削除!I$4,統合マスタ!$A93,0)="","",OFFSET(マスタ非採用削除!I$4,統合マスタ!$A93,0)) -> 1 | W93: =IF(OFFSET(マスタ非採用削除!J$4,統合マスタ!$A93,0)="","",OFFSET(マスタ非採用削除!J$4,統合マスタ!$A93,0)) -> 錠剤 | X93: =IF(OFFSET(マスタ非採用削除!K$4,統合マスタ!$A93,0)="","",OFFSET(マスタ非採用削除!K$4,統合マスタ!$A93,0)) -> 2 | Y93: =IF(OFFSET(マスタ非採用削除!L$4,統合マスタ!$A93,0)="","",OFFSET(マスタ非採用削除!L$4,統合マスタ!$A93,0)) | Z93: =IF(OFFSET(マスタ非採用削除!M$4,統合マスタ!$A93,0)="","",OFFSET(マスタ非採用削除!M$4,統合マスタ!$A93,0)) -> 26 | AA93: =IF(A93="非採用","非採用",IF(A93="処置薬","処置薬","")) | AB93: =IF(A93="非採用特別","非採用特別",IF(R93=2,"臨時", IF(COUNTIF(分類!$H$8:$H$25, 統合マスタ!V93)>0, 分類!$G$7, IF(COUNTIF(分類!$K$8:$K$25, 統合マスタ!V93)>0, 分類!$J$7, IF(COUNTIF(分類!$N$8:$N$25, 統合マスタ!V93)>0, 分類!$M$7, IF(COUNTIF(分類!$Q$8:$Q$25, 統合マスタ!V93)>0, 分類!$P$7, IF(COUNTIF(分類!$T$8:$T$25, 統合マスタ!V93)>0, 分類!$S$7, "無し"))))))) -> 錠剤 | AC93: =X93*100000+B93 -> 200089 | AD93: {=IF(A93="非採用","非採用",OFFSET( INDIRECT("'" & AB93 & "'!A4"), MATCH(B93, INDIRECT("'" & AB93 & "'!C5:C1000"), 0), MATCH("合計", INDIRECT("'" & AB93 & "'!4:4"), 0) - 1 ))} -> 643 | AE93: =H93*AD93 -> 3922.3 | AF93: =M93*AD93 -> 3504.35
A94: =元データ!P91 -> 49 | B94: =B93+1 -> 90 | C94: =DBCS(元データ!A91) -> アルダクトンＡ錠２５ｍｇ | D94: =元データ!B91 -> アルフレッサ | E94: =DBCS(元データ!C91) -> バラ | F94: =DBCS(元データ!D91) -> １００Ｔ | G94: =元データ!E91 -> ファイザー | H94: =元データ!F91 -> 13.1 | I94: =元データ!G91 -> 1310 | J94: =元データ!H91 -> 100 | K94: =元データ!I91 -> 錠 | L94: =元データ!J91 -> 1137 | M94: =元データ!K91 -> 11.37 | N94: =IF(OFFSET(マスタ非採用削除!A$4,統合マスタ!$A94,0)="","",OFFSET(マスタ非採用削除!A$4,統合マスタ!$A94,0)) -> ｱﾙﾀ001 | O94: =IF(OFFSET(マスタ非採用削除!B$4,統合マスタ!$A94,0)="","",OFFSET(マスタ非採用削除!B$4,統合マスタ!$A94,0)) -> ｱﾙﾀ001 | P94: =IF(OFFSET(マスタ非採用削除!C$4,統合マスタ!$A94,0)="","",OFFSET(マスタ非採用削除!C$4,統合マスタ!$A94,0)) -> アルダクトンＡ錠２５ｍｇ | Q94: =IF(OFFSET(マスタ非採用削除!D$4,統合マスタ!$A94,0)="","",OFFSET(マスタ非採用削除!D$4,統合マスタ!$A94,0)) -> ｱﾙﾀﾞ | R94: =IF(OR(A94="非採用",A94="処置薬",A94="非採用特別"),0,IF(OFFSET(マスタ非採用削除!E$4,統合マスタ!$A94,0)="","",OFFSET(マスタ非採用削除!E$4,統合マスタ!$A94,0))) -> 1 | S94: =IF(OFFSET(マスタ非採用削除!F$4,統合マスタ!$A94,0)="","",OFFSET(マスタ非採用削除!F$4,統合マスタ!$A94,0)) | T94: =IF(OFFSET(マスタ非採用削除!G$4,統合マスタ!$A94,0)="","",OFFSET(マスタ非採用削除!G$4,統合マスタ!$A94,0)) -> 13.1 | U94: =IF(OFFSET(マスタ非採用削除!H$4,統合マスタ!$A94,0)="","",OFFSET(マスタ非採用削除!H$4,統合マスタ!$A94,0)) -> ｱﾙﾀﾞｸﾄﾝAｼﾞｮｳ25mg | V94: =IF(OFFSET(マスタ非採用削除!I$4,統合マスタ!$A94,0)="","",OFFSET(マスタ非採用削除!I$4,統合マスタ!$A94,0)) -> 1 | W94: =IF(OFFSET(マスタ非採用削除!J$4,統合マスタ!$A94,0)="","",OFFSET(マスタ非採用削除!J$4,統合マスタ!$A94,0)) -> 錠剤 | X94: =IF(OFFSET(マスタ非採用削除!K$4,統合マスタ!$A94,0)="","",OFFSET(マスタ非採用削除!K$4,統合マスタ!$A94,0)) -> 0 | Y94: =IF(OFFSET(マスタ非採用削除!L$4,統合マスタ!$A94,0)="","",OFFSET(マスタ非採用削除!L$4,統合マスタ!$A94,0)) | Z94: =IF(OFFSET(マスタ非採用削除!M$4,統合マスタ!$A94,0)="","",OFFSET(マスタ非採用削除!M$4,統合マスタ!$A94,0)) -> 25 | AA94: =IF(A94="非採用","非採用",IF(A94="処置薬","処置薬","")) | AB94: =IF(A94="非採用特別","非採用特別",IF(R94=2,"臨時", IF(COUNTIF(分類!$H$8:$H$25, 統合マスタ!V94)>0, 分類!$G$7, IF(COUNTIF(分類!$K$8:$K$25, 統合マスタ!V94)>0, 分類!$J$7, IF(COUNTIF(分類!$N$8:$N$25, 統合マスタ!V94)>0, 分類!$M$7, IF(COUNTIF(分類!$Q$8:$Q$25, 統合マスタ!V94)>0, 分類!$P$7, IF(COUNTIF(分類!$T$8:$T$25, 統合マスタ!V94)>0, 分類!$S$7, "無し"))))))) -> 錠剤 | AC94: =X94*100000+B94 -> 90 | AD94: {=IF(A94="非採用","非採用",OFFSET( INDIRECT("'" & AB94 & "'!A4"), MATCH(B94, INDIRECT("'" & AB94 & "'!C5:C1000"), 0), MATCH("合計", INDIRECT("'" & AB94 & "'!4:4"), 0) - 1 ))} -> 313 | AE94: =H94*AD94 -> 4100.3 | AF94: =M94*AD94 -> 3558.81
A95: =元データ!P92 -> 51 | B95: =B94+1 -> 91 | C95: =DBCS(元データ!A92) -> アルファカルシドールカプセル０．５μｇ「フソー」 | D95: =元データ!B92 -> アルフレッサ | E95: =DBCS(元データ!C92) -> ＰＴＰ | F95: =DBCS(元データ!D92) -> ５００Ｐ | G95: =元データ!E92 -> 沢井製薬 | H95: =元データ!F92 -> 6.1 | I95: =元データ!G92 -> 3050 | J95: =元データ!H92 -> 500 | K95: =元データ!I92 -> cap | L95: =元データ!J92 -> 2684 | M95: =元データ!K92 -> 5.368 | N95: =IF(OFFSET(マスタ非採用削除!A$4,統合マスタ!$A95,0)="","",OFFSET(マスタ非採用削除!A$4,統合マスタ!$A95,0)) -> ｱﾙﾌ003 | O95: =IF(OFFSET(マスタ非採用削除!B$4,統合マスタ!$A95,0)="","",OFFSET(マスタ非採用削除!B$4,統合マスタ!$A95,0)) -> ｱﾙﾌ003 | P95: =IF(OFFSET(マスタ非採用削除!C$4,統合マスタ!$A95,0)="","",OFFSET(マスタ非採用削除!C$4,統合マスタ!$A95,0)) -> アルファカルシドールカプセル０．５μｇ「フソー」 | Q95: =IF(OFFSET(マスタ非採用削除!D$4,統合マスタ!$A95,0)="","",OFFSET(マスタ非採用削除!D$4,統合マスタ!$A95,0)) | R95: =IF(OR(A95="非採用",A95="処置薬",A95="非採用特別"),0,IF(OFFSET(マスタ非採用削除!E$4,統合マスタ!$A95,0)="","",OFFSET(マスタ非採用削除!E$4,統合マスタ!$A95,0))) -> 1 | S95: =IF(OFFSET(マスタ非採用削除!F$4,統合マスタ!$A95,0)="","",OFFSET(マスタ非採用削除!F$4,統合マスタ!$A95,0)) | T95: =IF(OFFSET(マスタ非採用削除!G$4,統合マスタ!$A95,0)="","",OFFSET(マスタ非採用削除!G$4,統合マスタ!$A95,0)) -> 6.1 | U95: =IF(OFFSET(マスタ非採用削除!H$4,統合マスタ!$A95,0)="","",OFFSET(マスタ非採用削除!H$4,統合マスタ!$A95,0)) -> ｱﾙﾌｱｶﾙｼﾄﾞ-ﾙｶﾌﾟｾﾙ0.5ﾏｲｸﾛGﾌｿ- | V95: =IF(OFFSET(マスタ非採用削除!I$4,統合マスタ!$A95,0)="","",OFFSET(マスタ非採用削除!I$4,統合マスタ!$A95,0)) -> 2 | W95: =IF(OFFSET(マスタ非採用削除!J$4,統合マスタ!$A95,0)="","",OFFSET(マスタ非採用削除!J$4,統合マスタ!$A95,0)) -> カプセル | X95: =IF(OFFSET(マスタ非採用削除!K$4,統合マスタ!$A95,0)="","",OFFSET(マスタ非採用削除!K$4,統合マスタ!$A95,0)) -> 2 | Y95: =IF(OFFSET(マスタ非採用削除!L$4,統合マスタ!$A95,0)="","",OFFSET(マスタ非採用削除!L$4,統合マスタ!$A95,0)) | Z95: =IF(OFFSET(マスタ非採用削除!M$4,統合マスタ!$A95,0)="","",OFFSET(マスタ非採用削除!M$4,統合マスタ!$A95,0)) -> 2 | AA95: =IF(A95="非採用","非採用",IF(A95="処置薬","処置薬","")) | AB95: =IF(A95="非採用特別","非採用特別",IF(R95=2,"臨時", IF(COUNTIF(分類!$H$8:$H$25, 統合マスタ!V95)>0, 分類!$G$7, IF(COUNTIF(分類!$K$8:$K$25, 統合マスタ!V95)>0, 分類!$J$7, IF(COUNTIF(分類!$N$8:$N$25, 統合マスタ!V95)>0, 分類!$M$7, IF(COUNTIF(分類!$Q$8:$Q$25, 統合マスタ!V95)>0, 分類!$P$7, IF(COUNTIF(分類!$T$8:$T$25, 統合マスタ!V95)>0, 分類!$S$7, "無し"))))))) -> 錠剤 | AC95: =X95*100000+B95 -> 200091 | AD95: {=IF(A95="非採用","非採用",OFFSET( INDIRECT("'" & AB95 & "'!A4"), MATCH(B95, INDIRECT("'" & AB95 & "'!C5:C1000"), 0), MATCH("合計", INDIRECT("'" & AB95 & "'!4:4"), 0) - 1 ))} -> 1359 | AE95: =H95*AD95 -> 8289.9 | AF95: =M95*AD95 -> 7295.112
A96: =元データ!P93 -> 50 | B96: =B95+1 -> 92 | C96: =DBCS(元データ!A93) -> アルブミナー２５％静注１２．５ｇ／５０ｍｌ | D96: =元データ!B93 -> アルフレッサ | E96: =DBCS(元データ!C93) | F96: =DBCS(元データ!D93) -> ５０ｍｌｘ１Ｖ | G96: =元データ!E93 -> CSLベーリング | H96: =元データ!F93 -> 4436 | I96: =元データ!G93 -> 4436 | J96: =元データ!H93 -> 1 | K96: =元データ!I93 -> V | L96: =元データ!J93 -> 3960 | M96: =元データ!K93 -> 3960 | N96: =IF(OFFSET(マスタ非採用削除!A$4,統合マスタ!$A96,0)="","",OFFSET(マスタ非採用削除!A$4,統合マスタ!$A96,0)) -> ｱﾙﾌ002 | O96: =IF(OFFSET(マスタ非採用削除!B$4,統合マスタ!$A96,0)="","",OFFSET(マスタ非採用削除!B$4,統合マスタ!$A96,0)) -> ｱﾙﾌ002 | P96: =IF(OFFSET(マスタ非採用削除!C$4,統合マスタ!$A96,0)="","",OFFSET(マスタ非採用削除!C$4,統合マスタ!$A96,0)) -> アルブミナー２５％静注１２．５ｇ／５０ｍＬ | Q96: =IF(OFFSET(マスタ非採用削除!D$4,統合マスタ!$A96,0)="","",OFFSET(マスタ非採用削除!D$4,統合マスタ!$A96,0)) -> ｱﾙﾌﾞ | R96: =IF(OR(A96="非採用",A96="処置薬",A96="非採用特別"),0,IF(OFFSET(マスタ非採用削除!E$4,統合マスタ!$A96,0)="","",OFFSET(マスタ非採用削除!E$4,統合マスタ!$A96,0))) -> 1 | S96: =IF(OFFSET(マスタ非採用削除!F$4,統合マスタ!$A96,0)="","",OFFSET(マスタ非採用削除!F$4,統合マスタ!$A96,0)) | T96: =IF(OFFSET(マスタ非採用削除!G$4,統合マスタ!$A96,0)="","",OFFSET(マスタ非採用削除!G$4,統合マスタ!$A96,0)) -> 4436 | U96: =IF(OFFSET(マスタ非採用削除!H$4,統合マスタ!$A96,0)="","",OFFSET(マスタ非採用削除!H$4,統合マスタ!$A96,0)) -> ｱﾙﾌﾞﾐﾅｰ25%ｼﾞｮｳﾁｭｳ12.5g/50mL | V96: =IF(OFFSET(マスタ非採用削除!I$4,統合マスタ!$A96,0)="","",OFFSET(マスタ非採用削除!I$4,統合マスタ!$A96,0)) -> 25 | W96: =IF(OFFSET(マスタ非採用削除!J$4,統合マスタ!$A96,0)="","",OFFSET(マスタ非採用削除!J$4,統合マスタ!$A96,0)) -> 注射剤 | X96: =IF(OFFSET(マスタ非採用削除!K$4,統合マスタ!$A96,0)="","",OFFSET(マスタ非採用削除!K$4,統合マスタ!$A96,0)) -> 0 | Y96: =IF(OFFSET(マスタ非採用削除!L$4,統合マスタ!$A96,0)="","",OFFSET(マスタ非採用削除!L$4,統合マスタ!$A96,0)) | Z96: =IF(OFFSET(マスタ非採用削除!M$4,統合マスタ!$A96,0)="","",OFFSET(マスタ非採用削除!M$4,統合マスタ!$A96,0)) -> 6 | AA96: =IF(A96="非採用","非採用",IF(A96="処置薬","処置薬","")) | AB96: =IF(A96="非採用特別","非採用特別",IF(R96=2,"臨時", IF(COUNTIF(分類!$H$8:$H$25, 統合マスタ!V96)>0, 分類!$G$7, IF(COUNTIF(分類!$K$8:$K$25, 統合マスタ!V96)>0, 分類!$J$7, IF(COUNTIF(分類!$N$8:$N$25, 統合マスタ!V96)>0, 分類!$M$7, IF(COUNTIF(分類!$Q$8:$Q$25, 統合マスタ!V96)>0, 分類!$P$7, IF(COUNTIF(分類!$T$8:$T$25, 統合マスタ!V96)>0, 分類!$S$7, "無し"))))))) -> 注射 | AC96: =X96*100000+B96 -> 92 | AD96: {=IF(A96="非採用","非採用",OFFSET( INDIRECT("'" & AB96 & "'!A4"), MATCH(B96, INDIRECT("'" & AB96 & "'!C5:C1000"), 0), MATCH("合計", INDIRECT("'" & AB96 & "'!4:4"), 0) - 1 ))} -> 1 | AE96: =H96*AD96 -> 4436 | AF96: =M96*AD96 -> 3960
A97: =元データ!P94 -> 非採用 | B97: =B96+1 -> 93 | C97: =DBCS(元データ!A94) -> アルメタ軟膏 | D97: =元データ!B94 | E97: =DBCS(元データ!C94) | F97: =DBCS(元データ!D94) -> ５ｇｘ１０ | G97: =元データ!E94 -> 塩野義製薬 | H97: =元データ!F94 -> 20.6 | I97: =元データ!G94 -> 1030 | J97: =元データ!H94 -> 50 | K97: =元データ!I94 -> ｇ | L97: =元データ!J94 -> 917 | M97: =元データ!K94 -> 18.34 | N97: =IF(OFFSET(マスタ非採用削除!A$4,統合マスタ!$A97,0)="","",OFFSET(マスタ非採用削除!A$4,統合マスタ!$A97,0)) -> #VALUE! | O97: =IF(OFFSET(マスタ非採用削除!B$4,統合マスタ!$A97,0)="","",OFFSET(マスタ非採用削除!B$4,統合マスタ!$A97,0)) -> #VALUE! | P97: =IF(OFFSET(マスタ非採用削除!C$4,統合マスタ!$A97,0)="","",OFFSET(マスタ非採用削除!C$4,統合マスタ!$A97,0)) -> #VALUE! | Q97: =IF(OFFSET(マスタ非採用削除!D$4,統合マスタ!$A97,0)="","",OFFSET(マスタ非採用削除!D$4,統合マスタ!$A97,0)) -> #VALUE! | R97: =IF(OR(A97="非採用",A97="処置薬",A97="非採用特別"),0,IF(OFFSET(マスタ非採用削除!E$4,統合マスタ!$A97,0)="","",OFFSET(マスタ非採用削除!E$4,統合マスタ!$A97,0))) -> 0 | S97: =IF(OFFSET(マスタ非採用削除!F$4,統合マスタ!$A97,0)="","",OFFSET(マスタ非採用削除!F$4,統合マスタ!$A97,0)) -> #VALUE! | T97: =IF(OFFSET(マスタ非採用削除!G$4,統合マスタ!$A97,0)="","",OFFSET(マスタ非採用削除!G$4,統合マスタ!$A97,0)) -> #VALUE! | U97: =IF(OFFSET(マスタ非採用削除!H$4,統合マスタ!$A97,0)="","",OFFSET(マスタ非採用削除!H$4,統合マスタ!$A97,0)) -> #VALUE! | V97: =IF(OFFSET(マスタ非採用削除!I$4,統合マスタ!$A97,0)="","",OFFSET(マスタ非採用削除!I$4,統合マスタ!$A97,0)) -> #VALUE! | W97: =IF(OFFSET(マスタ非採用削除!J$4,統合マスタ!$A97,0)="","",OFFSET(マスタ非採用削除!J$4,統合マスタ!$A97,0)) -> #VALUE! | X97: =IF(OFFSET(マスタ非採用削除!K$4,統合マスタ!$A97,0)="","",OFFSET(マスタ非採用削除!K$4,統合マスタ!$A97,0)) -> #VALUE! | Y97: =IF(OFFSET(マスタ非採用削除!L$4,統合マスタ!$A97,0)="","",OFFSET(マスタ非採用削除!L$4,統合マスタ!$A97,0)) -> #VALUE! | Z97: =IF(OFFSET(マスタ非採用削除!M$4,統合マスタ!$A97,0)="","",OFFSET(マスタ非採用削除!M$4,統合マスタ!$A97,0)) -> #VALUE! | AA97: =IF(A97="非採用","非採用",IF(A97="処置薬","処置薬","")) -> 非採用 | AB97: =IF(A97="非採用特別","非採用特別",IF(R97=2,"臨時", IF(COUNTIF(分類!$H$8:$H$25, 統合マスタ!V97)>0, 分類!$G$7, IF(COUNTIF(分類!$K$8:$K$25, 統合マスタ!V97)>0, 分類!$J$7, IF(COUNTIF(分類!$N$8:$N$25, 統合マスタ!V97)>0, 分類!$M$7, IF(COUNTIF(分類!$Q$8:$Q$25, 統合マスタ!V97)>0, 分類!$P$7, IF(COUNTIF(分類!$T$8:$T$25, 統合マスタ!V97)>0, 分類!$S$7, "無し"))))))) -> 無し | AC97: =X97*100000+B97 -> #VALUE! | AD97: {=IF(A97="非採用","非採用",OFFSET( INDIRECT("'" & AB97 & "'!A4"), MATCH(B97, INDIRECT("'" & AB97 & "'!C5:C1000"), 0), MATCH("合計", INDIRECT("'" & AB97 & "'!4:4"), 0) - 1 ))} -> 非採用 | AE97: =H97*AD97 -> #VALUE! | AF97: =M97*AD97 -> #VALUE!
A98: =元データ!P95 -> 非採用 | B98: =B97+1 -> 94 | C98: =DBCS(元データ!A95) -> アレギサール点眼液０．１％ 販売中止 | D98: =元データ!B95 | E98: =DBCS(元データ!C95) | F98: =DBCS(元データ!D95) -> ５ｍｌｘ１０ | G98: =元データ!E95 -> 参天製薬 | H98: =元データ!F95 -> 421.8 | I98: =元データ!G95 -> 4218 | J98: =元データ!H95 -> 10 | K98: =元データ!I95 -> 本 | L98: =元データ!J95 -> 3750 | M98: =元データ!K95 -> 375 | N98: =IF(OFFSET(マスタ非採用削除!A$4,統合マスタ!$A98,0)="","",OFFSET(マスタ非採用削除!A$4,統合マスタ!$A98,0)) -> #VALUE! | O98: =IF(OFFSET(マスタ非採用削除!B$4,統合マスタ!$A98,0)="","",OFFSET(マスタ非採用削除!B$4,統合マスタ!$A98,0)) -> #VALUE! | P98: =IF(OFFSET(マスタ非採用削除!C$4,統合マスタ!$A98,0)="","",OFFSET(マスタ非採用削除!C$4,統合マスタ!$A98,0)) -> #VALUE! | Q98: =IF(OFFSET(マスタ非採用削除!D$4,統合マスタ!$A98,0)="","",OFFSET(マスタ非採用削除!D$4,統合マスタ!$A98,0)) -> #VALUE! | R98: =IF(OR(A98="非採用",A98="処置薬",A98="非採用特別"),0,IF(OFFSET(マスタ非採用削除!E$4,統合マスタ!$A98,0)="","",OFFSET(マスタ非採用削除!E$4,統合マスタ!$A98,0))) -> 0 | S98: =IF(OFFSET(マスタ非採用削除!F$4,統合マスタ!$A98,0)="","",OFFSET(マスタ非採用削除!F$4,統合マスタ!$A98,0)) -> #VALUE! | T98: =IF(OFFSET(マスタ非採用削除!G$4,統合マスタ!$A98,0)="","",OFFSET(マスタ非採用削除!G$4,統合マスタ!$A98,0)) -> #VALUE! | U98: =IF(OFFSET(マスタ非採用削除!H$4,統合マスタ!$A98,0)="","",OFFSET(マスタ非採用削除!H$4,統合マスタ!$A98,0)) -> #VALUE! | V98: =IF(OFFSET(マスタ非採用削除!I$4,統合マスタ!$A98,0)="","",OFFSET(マスタ非採用削除!I$4,統合マスタ!$A98,0)) -> #VALUE! | W98: =IF(OFFSET(マスタ非採用削除!J$4,統合マスタ!$A98,0)="","",OFFSET(マスタ非採用削除!J$4,統合マスタ!$A98,0)) -> #VALUE! | X98: =IF(OFFSET(マスタ非採用削除!K$4,統合マスタ!$A98,0)="","",OFFSET(マスタ非採用削除!K$4,統合マスタ!$A98,0)) -> #VALUE! | Y98: =IF(OFFSET(マスタ非採用削除!L$4,統合マスタ!$A98,0)="","",OFFSET(マスタ非採用削除!L$4,統合マスタ!$A98,0)) -> #VALUE! | Z98: =IF(OFFSET(マスタ非採用削除!M$4,統合マスタ!$A98,0)="","",OFFSET(マスタ非採用削除!M$4,統合マスタ!$A98,0)) -> #VALUE! | AA98: =IF(A98="非採用","非採用",IF(A98="処置薬","処置薬","")) -> 非採用 | AB98: =IF(A98="非採用特別","非採用特別",IF(R98=2,"臨時", IF(COUNTIF(分類!$H$8:$H$25, 統合マスタ!V98)>0, 分類!$G$7, IF(COUNTIF(分類!$K$8:$K$25, 統合マスタ!V98)>0, 分類!$J$7, IF(COUNTIF(分類!$N$8:$N$25, 統合マスタ!V98)>0, 分類!$M$7, IF(COUNTIF(分類!$Q$8:$Q$25, 統合マスタ!V98)>0, 分類!$P$7, IF(COUNTIF(分類!$T$8:$T$25, 統合マスタ!V98)>0, 分類!$S$7, "無し"))))))) -> 無し | AC98: =X98*100000+B98 -> #VALUE! | AD98: {=IF(A98="非採用","非採用",OFFSET( INDIRECT("'" & AB98 & "'!A4"), MATCH(B98, INDIRECT("'" & AB98 & "'!C5:C1000"), 0), MATCH("合計", INDIRECT("'" & AB98 & "'!4:4"), 0) - 1 ))} -> 非採用 | AE98: =H98*AD98 -> #VALUE! | AF98: =M98*AD98 -> #VALUE!
A99: =元データ!P96 -> 52 | B99: =B98+1 -> 95 | C99: =DBCS(元データ!A96) -> アレビアチン散１０％ | D99: =元データ!B96 | E99: =DBCS(元データ!C96) -> 粉 | F99: =DBCS(元データ!D96) -> ５００ｇ | G99: =元データ!E96 -> 住友ファーマ | H99: =元データ!F96 -> 12.1 | I99: =元データ!G96 -> 6050 | J99: =元データ!H96 -> 500 | K99: =元データ!I96 -> ｇ | L99: =元データ!J96 -> 5389 | M99: =元データ!K96 -> 10.778 | N99: =IF(OFFSET(マスタ非採用削除!A$4,統合マスタ!$A99,0)="","",OFFSET(マスタ非採用削除!A$4,統合マスタ!$A99,0)) -> ｱﾚﾋ001 | O99: =IF(OFFSET(マスタ非採用削除!B$4,統合マスタ!$A99,0)="","",OFFSET(マスタ非採用削除!B$4,統合マスタ!$A99,0)) -> ｱﾚﾋ001 | P99: =IF(OFFSET(マスタ非採用削除!C$4,統合マスタ!$A99,0)="","",OFFSET(マスタ非採用削除!C$4,統合マスタ!$A99,0)) -> アレビアチン散１０％ | Q99: =IF(OFFSET(マスタ非採用削除!D$4,統合マスタ!$A99,0)="","",OFFSET(マスタ非採用削除!D$4,統合マスタ!$A99,0)) -> ｱﾚﾋﾞｱﾁ | R99: =IF(OR(A99="非採用",A99="処置薬",A99="非採用特別"),0,IF(OFFSET(マスタ非採用削除!E$4,統合マスタ!$A99,0)="","",OFFSET(マスタ非採用削除!E$4,統合マスタ!$A99,0))) -> 1 | S99: =IF(OFFSET(マスタ非採用削除!F$4,統合マスタ!$A99,0)="","",OFFSET(マスタ非採用削除!F$4,統合マスタ!$A99,0)) | T99: =IF(OFFSET(マスタ非採用削除!G$4,統合マスタ!$A99,0)="","",OFFSET(マスタ非採用削除!G$4,統合マスタ!$A99,0)) -> 12.1 | U99: =IF(OFFSET(マスタ非採用削除!H$4,統合マスタ!$A99,0)="","",OFFSET(マスタ非採用削除!H$4,統合マスタ!$A99,0)) -> ｱﾚﾋﾞｱﾁﾝｻﾝ10% | V99: =IF(OFFSET(マスタ非採用削除!I$4,統合マスタ!$A99,0)="","",OFFSET(マスタ非採用削除!I$4,統合マスタ!$A99,0)) -> 3 | W99: =IF(OFFSET(マスタ非採用削除!J$4,統合マスタ!$A99,0)="","",OFFSET(マスタ非採用削除!J$4,統合マスタ!$A99,0)) -> 散 | X99: =IF(OFFSET(マスタ非採用削除!K$4,統合マスタ!$A99,0)="","",OFFSET(マスタ非採用削除!K$4,統合マスタ!$A99,0)) -> 2 | Y99: =IF(OFFSET(マスタ非採用削除!L$4,統合マスタ!$A99,0)="","",OFFSET(マスタ非採用削除!L$4,統合マスタ!$A99,0)) | Z99: =IF(OFFSET(マスタ非採用削除!M$4,統合マスタ!$A99,0)="","",OFFSET(マスタ非採用削除!M$4,統合マスタ!$A99,0)) -> 2 | AA99: =IF(A99="非採用","非採用",IF(A99="処置薬","処置薬","")) | AB99: =IF(A99="非採用特別","非採用特別",IF(R99=2,"臨時", IF(COUNTIF(分類!$H$8:$H$25, 統合マスタ!V99)>0, 分類!$G$7, IF(COUNTIF(分類!$K$8:$K$25, 統合マスタ!V99)>0, 分類!$J$7, IF(COUNTIF(分類!$N$8:$N$25, 統合マスタ!V99)>0, 分類!$M$7, IF(COUNTIF(分類!$Q$8:$Q$25, 統合マスタ!V99)>0, 分類!$P$7, IF(COUNTIF(分類!$T$8:$T$25, 統合マスタ!V99)>0, 分類!$S$7, "無し"))))))) -> 散剤 | AC99: =X99*100000+B99 -> 200095 | AD99: {=IF(A99="非採用","非採用",OFFSET( INDIRECT("'" & AB99 & "'!A4"), MATCH(B99, INDIRECT("'" & AB99 & "'!C5:C1000"), 0), MATCH("合計", INDIRECT("'" & AB99 & "'!4:4"), 0) - 1 ))} -> 363.9 | AE99: =H99*AD99 -> 4403.19 | AF99: =M99*AD99 -> 3922.1142
A100: =元データ!P97 -> 非採用 | B100: =B99+1 -> 96 | C100: =DBCS(元データ!A97) -> アレビアチン錠１００ｍｇ | D100: =元データ!B97 | E100: =DBCS(元データ!C97) -> バラ | F100: =DBCS(元データ!D97) -> １００Ｔ | G100: =元データ!E97 -> 住友ファーマ | H100: =元データ!F97 -> 12.9 | I100: =元データ!G97 -> 1290 | J100: =元データ!H97 -> 100 | K100: =元データ!I97 -> 錠 | L100: =元データ!J97 -> 1149 | M100: =元データ!K97 -> 11.49 | N100: =IF(OFFSET(マスタ非採用削除!A$4,統合マスタ!$A100,0)="","",OFFSET(マスタ非採用削除!A$4,統合マスタ!$A100,0)) -> #VALUE! | O100: =IF(OFFSET(マスタ非採用削除!B$4,統合マスタ!$A100,0)="","",OFFSET(マスタ非採用削除!B$4,統合マスタ!$A100,0)) -> #VALUE! | P100: =IF(OFFSET(マスタ非採用削除!C$4,統合マスタ!$A100,0)="","",OFFSET(マスタ非採用削除!C$4,統合マスタ!$A100,0)) -> #VALUE! | Q100: =IF(OFFSET(マスタ非採用削除!D$4,統合マスタ!$A100,0)="","",OFFSET(マスタ非採用削除!D$4,統合マスタ!$A100,0)) -> #VALUE! | R100: =IF(OR(A100="非採用",A100="処置薬",A100="非採用特別"),0,IF(OFFSET(マスタ非採用削除!E$4,統合マスタ!$A100,0)="","",OFFSET(マスタ非採用削除!E$4,統合マスタ!$A100,0))) -> 0 | S100: =IF(OFFSET(マスタ非採用削除!F$4,統合マスタ!$A100,0)="","",OFFSET(マスタ非採用削除!F$4,統合マスタ!$A100,0)) -> #VALUE! | T100: =IF(OFFSET(マスタ非採用削除!G$4,統合マスタ!$A100,0)="","",OFFSET(マスタ非採用削除!G$4,統合マスタ!$A100,0)) -> #VALUE! | U100: =IF(OFFSET(マスタ非採用削除!H$4,統合マスタ!$A100,0)="","",OFFSET(マスタ非採用削除!H$4,統合マスタ!$A100,0)) -> #VALUE! | V100: =IF(OFFSET(マスタ非採用削除!I$4,統合マスタ!$A100,0)="","",OFFSET(マスタ非採用削除!I$4,統合マスタ!$A100,0)) -> #VALUE! | W100: =IF(OFFSET(マスタ非採用削除!J$4,統合マスタ!$A100,0)="","",OFFSET(マスタ非採用削除!J$4,統合マスタ!$A100,0)) -> #VALUE! | X100: =IF(OFFSET(マスタ非採用削除!K$4,統合マスタ!$A100,0)="","",OFFSET(マスタ非採用削除!K$4,統合マスタ!$A100,0)) -> #VALUE! | Y100: =IF(OFFSET(マスタ非採用削除!L$4,統合マスタ!$A100,0)="","",OFFSET(マスタ非採用削除!L$4,統合マスタ!$A100,0)) -> #VALUE! | Z100: =IF(OFFSET(マスタ非採用削除!M$4,統合マスタ!$A100,0)="","",OFFSET(マスタ非採用削除!M$4,統合マスタ!$A100,0)) -> #VALUE! | AA100: =IF(A100="非採用","非採用",IF(A100="処置薬","処置薬","")) -> 非採用 | AB100: =IF(A100="非採用特別","非採用特別",IF(R100=2,"臨時", IF(COUNTIF(分類!$H$8:$H$25, 統合マスタ!V100)>0, 分類!$G$7, IF(COUNTIF(分類!$K$8:$K$25, 統合マスタ!V100)>0, 分類!$J$7, IF(COUNTIF(分類!$N$8:$N$25, 統合マスタ!V100)>0, 分類!$M$7, IF(COUNTIF(分類!$Q$8:$Q$25, 統合マスタ!V100)>0, 分類!$P$7, IF(COUNTIF(分類!$T$8:$T$25, 統合マスタ!V100)>0, 分類!$S$7, "無し"))))))) -> 無し | AC100: =X100*100000+B100 -> #VALUE! | AD100: {=IF(A100="非採用","非採用",OFFSET( INDIRECT("'" & AB100 & "'!A4"), MATCH(B100, INDIRECT("'" & AB100 & "'!C5:C1000"), 0), MATCH("合計", INDIRECT("'" & AB100 & "'!4:4"), 0) - 1 ))} -> 非採用 | AE100: =H100*AD100 -> #VALUE! | AF100: =M100*AD100 -> #VALUE!
A101: =元データ!P98 -> 53 | B101: =B100+1 -> 97 | C101: =DBCS(元データ!A98) -> アレビアチン注２５０ｍｇ | D101: =元データ!B98 | E101: =DBCS(元データ!C98) | F101: =DBCS(元データ!D98) -> ５ｍＬＸ１０管 | G101: =元データ!E98 -> 住友ファーマ | H101: =元データ!F98 -> 123 | I101: =元データ!G98 -> 1230 | J101: =元データ!H98 -> 10 | K101: =元データ!I98 -> A | L101: =元データ!J98 -> 1095 | M101: =元データ!K98 -> 109.5 | N101: =IF(OFFSET(マスタ非採用削除!A$4,統合マスタ!$A101,0)="","",OFFSET(マスタ非採用削除!A$4,統合マスタ!$A101,0)) -> ｱﾚﾋ002 | O101: =IF(OFFSET(マスタ非採用削除!B$4,統合マスタ!$A101,0)="","",OFFSET(マスタ非採用削除!B$4,統合マスタ!$A101,0)) -> ｱﾚﾋ002 | P101: =IF(OFFSET(マスタ非採用削除!C$4,統合マスタ!$A101,0)="","",OFFSET(マスタ非採用削除!C$4,統合マスタ!$A101,0)) -> アレビアチン注２５０ｍｇ | Q101: =IF(OFFSET(マスタ非採用削除!D$4,統合マスタ!$A101,0)="","",OFFSET(マスタ非採用削除!D$4,統合マスタ!$A101,0)) -> ｱﾚﾋﾞｱ | R101: =IF(OR(A101="非採用",A101="処置薬",A101="非採用特別"),0,IF(OFFSET(マスタ非採用削除!E$4,統合マスタ!$A101,0)="","",OFFSET(マスタ非採用削除!E$4,統合マスタ!$A101,0))) -> 1 | S101: =IF(OFFSET(マスタ非採用削除!F$4,統合マスタ!$A101,0)="","",OFFSET(マスタ非採用削除!F$4,統合マスタ!$A101,0)) | T101: =IF(OFFSET(マスタ非採用削除!G$4,統合マスタ!$A101,0)="","",OFFSET(マスタ非採用削除!G$4,統合マスタ!$A101,0)) -> 123 | U101: =IF(OFFSET(マスタ非採用削除!H$4,統合マスタ!$A101,0)="","",OFFSET(マスタ非採用削除!H$4,統合マスタ!$A101,0)) -> ｱﾚﾋﾞｱﾁﾝﾁﾕｳ250MG | V101: =IF(OFFSET(マスタ非採用削除!I$4,統合マスタ!$A101,0)="","",OFFSET(マスタ非採用削除!I$4,統合マスタ!$A101,0)) -> 25 | W101: =IF(OFFSET(マスタ非採用削除!J$4,統合マスタ!$A101,0)="","",OFFSET(マスタ非採用削除!J$4,統合マスタ!$A101,0)) -> 注射剤 | X101: =IF(OFFSET(マスタ非採用削除!K$4,統合マスタ!$A101,0)="","",OFFSET(マスタ非採用削除!K$4,統合マスタ!$A101,0)) -> 2 | Y101: =IF(OFFSET(マスタ非採用削除!L$4,統合マスタ!$A101,0)="","",OFFSET(マスタ非採用削除!L$4,統合マスタ!$A101,0)) | Z101: =IF(OFFSET(マスタ非採用削除!M$4,統合マスタ!$A101,0)="","",OFFSET(マスタ非採用削除!M$4,統合マスタ!$A101,0)) -> 9 | AA101: =IF(A101="非採用","非採用",IF(A101="処置薬","処置薬","")) | AB101: =IF(A101="非採用特別","非採用特別",IF(R101=2,"臨時", IF(COUNTIF(分類!$H$8:$H$25, 統合マスタ!V101)>0, 分類!$G$7, IF(COUNTIF(分類!$K$8:$K$25, 統合マスタ!V101)>0, 分類!$J$7, IF(COUNTIF(分類!$N$8:$N$25, 統合マスタ!V101)>0, 分類!$M$7, IF(COUNTIF(分類!$Q$8:$Q$25, 統合マスタ!V101)>0, 分類!$P$7, IF(COUNTIF(分類!$T$8:$T$25, 統合マスタ!V101)>0, 分類!$S$7, "無し"))))))) -> 注射 | AC101: =X101*100000+B101 -> 200097 | AD101: {=IF(A101="非採用","非採用",OFFSET( INDIRECT("'" & AB101 & "'!A4"), MATCH(B101, INDIRECT("'" & AB101 & "'!C5:C1000"), 0), MATCH("合計", INDIRECT("'" & AB101 & "'!4:4"), 0) - 1 ))} -> 17 | AE101: =H101*AD101 -> 2091 | AF101: =M101*AD101 -> 1861.5
