Workbook

Sheet マスタ
A1: 薬品マスタ | B1: 46056
A2: PK | B2: TZMYAKUHINMEISHO | C2: TZMYAKUHIN | D2: TZMYAKUHINBETSUKIHONJOHOKUBUN | E2: TZMYAKUHINMEISHO | F2: TZMYAKUHIN | H2: TZMYAKUHINBETSUKIHONJOHOKUBUN
A3: YAKUHIN_CODE | B3: YAKUHIN_NM | C3: HOST_CODE | D3: SAIYO_DIV | E3: YAKUHIN_NM_KANA | F3: ZAIKEI_CODE | H3: DOKUGEKIYAKU_DIV
A4: コード | B4: 名称 | C4: ホストコード | D4: 採用区分（区分値） | E4: カナ名称 | F4: 剤形(区分値) | G4: 剤形 | H4: 毒劇薬（区分値）
A5: ｱｲﾌ001 | B5: アイファガン点眼液０．１％ | C5: ｱｲﾌｧ | D5: 0 | E5: ｱｲﾌｧｶﾞﾝﾃﾝｶﾞﾝｴｷ0.1% | F5: 21 | G5: 点眼剤 | H5: 0
A6: ｱｳｲ001 | B6: アウィクリ注 フレックスタッチ 総量３００単位 | D6: 2 | E6: ｱｳｲｸﾘﾁﾕｳﾌﾚﾂｸｽﾀﾂﾁｿｳﾘﾖｳ300ﾀﾝｲ | F6: 25 | G6: 注射剤 | H6: 2
A7: ｱｴﾝ001 | B7: 亜鉛華軟膏「ニッコー」 | C7: ｱｴﾝｶﾅﾝ | D7: 1 | E7: ｱｴﾝｶﾅﾝｺｳ｢ﾆｯｺｰ｣ | F7: 14 | G7: 軟膏 | H7: 0
A8: ｱｷﾈ001 | B8: アキネトン細粒１％ | C8: ｱｷﾈﾄﾝｻ | D8: 0 | E8: ｱｷﾈﾄﾝｻｲﾘｭｳ1% | F8: 3 | G8: 散 | H8: 0
A9: ｱｷﾈ002 | B9: アキネトン注射液５ｍｇ | C9: ｱｷﾈﾄﾝﾁ | D9: 1 | E9: ｱｷﾈﾄﾝﾁｭｳｼｬｴｷ5mg | F9: 25 | G9: 注射剤 | H9: 2
A10: ｱｸｱ001 | B10: アクアチムクリーム１％ | C10: ｱｸｱﾁﾑ | D10: 1 | E10: ｱｸｱﾁﾑｸﾘｰﾑ1% | F10: 15 | G10: クリーム | H10: 0
A11: ｱｸﾁ002 | B11: アクチット輸液 | D11: 1 | E11: ｱｸﾁﾂﾄﾕｴｷ | F11: 25 | G11: 注射剤 | H11: 0
A12: ｱｸﾄ001 | B12: アクトシン軟膏３％ | C12: ｱｸﾄｼﾝ | D12: 1 | E12: ｱｸﾄｼﾝﾅﾝｺｳ3% | F12: 14 | G12: 軟膏 | H12: 0
A13: ｱｻﾙ001 | B13: アザルフィジンＥＮ錠５００ｍｇ | C13: ｱｻﾞﾙ1 | D13: 2 | E13: ｱｻﾞﾙﾌｨｼﾞﾝENｼﾞｮｳ500mg | F13: 1 | G13: 錠剤 | H13: 0
A14: ｱｼｸ001 | B14: アシクロビル点滴静注用２５０ｍｇ「サワイ」 | C14: ｱｼｸﾛ | D14: 2 | E14: ｱｼｸﾛﾋﾞﾙﾃﾝﾃｷｼﾞｮｳﾁｭｳﾖｳ250mg｢ｻﾜｲ｣ | F14: 25 | G14: 注射剤 | H14: 0
A15: ｱｼｽ001 | B15: アジスロマイシン錠２５０ｍｇ「トーワ」 | C15: ｱｼﾞｽ | D15: 1 | E15: ｱｼﾞｽﾛﾏｲｼﾝｼﾞｮｳ250mg｢ﾄｰﾜ｣ | F15: 1 | G15: 錠剤 | H15: 0
A16: ｱｼﾙ001 | B16: アジルバ錠１０ｍｇ | C16: ｱｼﾞﾙ1 | D16: 0 | E16: ｱｼﾞﾙﾊﾞｼﾞｮｳ10mg | F16: 1 | G16: 錠剤 | H16: 0
A17: ｱｼﾙ002 | B17: アジルバ錠２０ｍｇ | C17: ｱｼﾞﾙ | D17: 0 | E17: ｱｼﾞﾙﾊﾞｼﾞｮｳ20mg | F17: 1 | G17: 錠剤 | H17: 0
A18: ｱｼﾙ003 | B18: アジルサルタンＯＤ錠２０ｍｇ「サワイ」 | D18: 1 | E18: ｱｼﾞﾙｻﾙﾀﾝODｼﾞﾖｳ20MGｻﾜｲ | F18: 1 | G18: 錠剤 | H18: 0
A19: ｱｽｺ001 | B19: アスコルビン酸注射液５００ｍｇ「日医工」 | C19: ｱｽｺ | D19: 0 | E19: ｱｽｺﾙﾋﾞﾝｻﾝﾁｭｳｼｬｴｷ500mg｢ﾆﾁｲｺｳ｣ | F19: 25 | G19: 注射剤 | H19: 0
A20: ｱｽｺ002 | B20: アスコルビン酸注射液５００ｍｇ「トーワ」 | D20: 0 | E20: ｱｽｺﾙﾋﾞﾝｻﾝﾁﾕｳｼﾔｴｷ500MGﾄ-ﾜ | F20: 25 | G20: 注射剤 | H20: 0
A21: ｱｽｺ003 | B21: アスコルビン酸注５００ｍｇ「イセイ」 | D21: 1 | E21: ｱｽｺﾙﾋﾞﾝｻﾝﾁﾕｳ500MGｲｾｲ | F21: 25 | G21: 注射剤 | H21: 0
A22: ｱｽﾉ001 | B22: アズノールＳＴ錠口腔用５ｍｇ | C22: ｱｽﾞﾉ1 | D22: 0 | E22: ｱｽﾞﾉｰﾙSTｼﾞｮｳｺｳｸｳﾖｳ5mg | F22: 8 | G22: トローチ | H22: 0
A23: ｱｽﾉ002 | B23: アズノール軟膏０．０３３％ | C23: ｱｽﾞﾉ3 | D23: 1 | E23: ｱｽﾞﾉｰﾙﾅﾝｺｳ0.033% | F23: 14 | G23: 軟膏 | H23: 0
A24: ｱｽﾉ003 | B24: アズノール錠２ｍｇ | D24: 0 | E24: ｱｽﾞﾉ-ﾙｼﾞﾖｳ2MG | F24: 1 | G24: 錠剤 | H24: 0
A25: ｱｽﾊ001 | B25: アスパラ－ＣＡ錠２００ | C25: ｱｽﾊﾟ | D25: 1 | E25: ｱｽﾊﾟﾗ-CAｼﾞｮｳ200 | F25: 1 | G25: 錠剤 | H25: 0
A26: ｱｽﾊ002 | B26: アスパラカリウム錠３００ｍｇ | C26: ｱｽﾊﾟﾗ | D26: 1 | E26: ｱｽﾊﾟﾗｶﾘｳﾑｼﾞｮｳ300mg | F26: 1 | G26: 錠剤 | H26: 0
A27: ｱｽﾊ003 | B27: アスパラカリウム散５０％ | C27: ｱｽﾊﾟ1 | D27: 1 | E27: ｱｽﾊﾟﾗｶﾘｳﾑｻﾝ50% | F27: 3 | G27: 散 | H27: 0
A28: ｱｽﾊ004 | B28: アスパラギン酸カリウム注１０ｍＥｑキット「テルモ」 | C28: ｱｽﾊﾟ2 | D28: 1 | E28: ｱｽﾊﾟﾗｷﾞﾝｻﾝｶﾘｳﾑﾁｭｳ10mEqｷｯﾄ｢ﾃﾙﾓ｣ | F28: 25 | G28: 注射剤 | H28: 0
A29: ｱｽﾚ001 | B29: アズレン点眼液０．０２％「ニットー」 | C29: ｱｽﾞﾚ | D29: 1 | E29: ｱｽﾞﾚﾝﾃﾝｶﾞﾝｴｷ0.02%｢ﾆｯﾄｰ｣ | F29: 21 | G29: 点眼剤 | H29: 0
A30: ｱｽﾚ002 | B30: アズレン点眼液わかもと | D30: 0 | E30: ｱｽﾞﾚﾝﾃﾝｶﾞﾝｴｷﾜｶﾓﾄ | F30: 21 | G30: 点眼剤 | H30: 0
A31: ｱｾﾘ001 | B31: アセリオ静注液１０００ｍｇバッグ | C31: ｱｾﾘ | D31: 2 | E31: ｱｾﾘｵｼﾞｮｳﾁｭｳｴｷ1000mgﾊﾞｯｸﾞ | F31: 25 | G31: 注射剤 | H31: 2
A32: ｱｾﾚ001 | B32: アセレンド注１００μｇ | C32: ｱｾﾚ | D32: 2 | E32: ｱｾﾚﾝﾄﾞﾁｭｳ100μg | F32: 25 | G32: 注射剤 | H32: 2
A33: ｱｿｾ001 | B33: アゾセミド錠３０ｍｇ「ＪＧ」 | C33: ｱｿﾞｾ1 | D33: 0 | E33: ｱｿﾞｾﾐﾄﾞｼﾞｮｳ30mg｢JG｣ | F33: 1 | G33: 錠剤 | H33: 0
A34: ｱｿｾ002 | B34: アゾセミド錠３０ｍｇ「ＤＳＥＰ」 | C34: ｱｿﾞｾ2 | D34: 2 | E34: ｱｿﾞｾﾐﾄﾞｼﾞｮｳ30mg｢DSEP｣ | F34: 1 | G34: 錠剤 | H34: 0
A35: ｱｿｾ003 | B35: アゾセミド錠６０ｍｇ「ＤＳＥＰ」 | C35: ｱｿﾞｾ | D35: 0 | E35: ｱｿﾞｾﾐﾄﾞｼﾞｮｳ60mg｢DSEP｣ | F35: 1 | G35: 錠剤 | H35: 0
A36: ｱﾀﾗ001 | B36: アタラックス錠２５ｍｇ | C36: ｱﾀﾗｯ2 | D36: 1 | E36: ｱﾀﾗｯｸｽｼﾞｮｳ25mg | F36: 1 | G36: 錠剤 | H36: 0
A37: ｱﾀﾗ002 | B37: アダラートＣＲ錠２０ｍｇ | C37: ｱﾀﾞﾗ | D37: 1 | E37: ｱﾀﾞﾗｰﾄCRｼﾞｮｳ20mg | F37: 1 | G37: 錠剤 | H37: 2
A38: ｱﾁｽ001 | B38: アーチスト錠１．２５ｍｇ | C38: ｱｰﾁ | D38: 1 | E38: ｱｰﾁｽﾄｼﾞｮｳ1.25mg | F38: 1 | G38: 錠剤 | H38: 0
A39: ｱﾄｴ001 | B39: アドエア５００ディスカス６０吸入用 | C39: ｱﾄﾞｴ | D39: 2 | E39: ｱﾄﾞｴｱ500ﾃﾞｨｽｶｽ60ｷｭｳﾆｭｳﾖｳ | F39: 10 | G39: 吸入剤 | H39: 0
A40: ｱﾄﾅ001 | B40: アドナ錠３０ｍｇ | C40: ｱﾄﾞﾅ | D40: 1 | E40: ｱﾄﾞﾅｼﾞｮｳ30mg | F40: 1 | G40: 錠剤 | H40: 0
A41: ｱﾄﾅ002 | B41: アドナ注（静脈用）５０ｍｇ | C41: ｱﾄﾞﾅ1 | D41: 1 | E41: ｱﾄﾞﾅﾁｭｳ(ｼﾞｮｳﾐｬｸﾖｳ)50mg | F41: 25 | G41: 注射剤 | H41: 0
A42: ｱﾄﾅ003 | B42: アドナ散１０％ | C42: ｱﾄﾞﾅ2* | D42: 1 | E42: ｱﾄﾞﾅｻﾝ10% | F42: 3 | G42: 散 | H42: 0
A43: ｱﾄﾌ001 | B43: アドフィードパップ４０ｍｇ | D43: 1 | E43: ｱﾄﾞﾌｲ-ﾄﾞﾊﾟﾂﾌﾟ40MG | F43: 19 | G43: 貼付剤 | H43: 0
A44: ｱﾄﾓ001 | B44: アトモキセチンカプセル１０ｍｇ「サワイ」 | C44: ｱﾄ10 | D44: 1 | E44: ｱﾄﾓｷｾﾁﾝｶﾌﾟｾﾙ10mg｢ｻﾜｲ｣ | F44: 2 | G44: カプセル | H44: 2
A45: ｱﾄﾓ002 | B45: アトモキセチンカプセル１０ｍｇ「アメル」 | C45: ｱﾄﾓ10 | D45: 0 | E45: ｱﾄﾓｷｾﾁﾝｶﾌﾟｾﾙ10mg｢ｱﾒﾙ｣ | F45: 2 | G45: カプセル | H45: 2
A46: ｱﾄﾓ003 | B46: アトモキセチンカプセル４０ｍｇ「サワイ」 | C46: ｱﾄ40 | D46: 0 | E46: ｱﾄﾓｷｾﾁﾝｶﾌﾟｾﾙ40mg｢ｻﾜｲ｣ | F46: 2 | G46: カプセル | H46: 2
A47: ｱﾄﾓ004 | B47: アトモキセチンカプセル４０ｍｇ「アメル」 | C47: ｱﾄﾓ40 | D47: 0 | E47: ｱﾄﾓｷｾﾁﾝｶﾌﾟｾﾙ40mg｢ｱﾒﾙ｣ | F47: 2 | G47: カプセル | H47: 2
A48: ｱﾄﾓ005 | B48: アトモキセチンカプセル４０ｍｇ「ＶＴＲＳ」 | D48: 1 | E48: ｱﾄﾓｷｾﾁﾝｶﾌﾟｾﾙ40MGVTRS | F48: 2 | G48: カプセル | H48: 2
A49: ｱﾄﾙ001 | B49: アトルバスタチン錠１０ｍｇ「Ｍｅ」 | C49: ｱﾄﾙ1 | D49: 0 | E49: ｱﾄﾙﾊﾞｽﾀﾁﾝｼﾞｮｳ10mg｢Me｣ | F49: 1 | G49: 錠剤 | H49: 0
A50: ｱﾄﾙ002 | B50: アトルバスタチンＯＤ錠１０ｍｇ「トーワ」 | D50: 1 | E50: ｱﾄﾙﾊﾞｽﾀﾁﾝODｼﾞﾖｳ10MGﾄ-ﾜ | F50: 1 | G50: 錠剤 | H50: 0
A51: ｱﾄﾛ001 | B51: アトロピン硫酸塩注０．５ｍｇ「タナベ」 | C51: ｱﾄﾛ | D51: 1 | E51: ｱﾄﾛﾋﾟﾝﾘｭｳｻﾝｴﾝﾁｭｳ0.5mg｢ﾀﾅﾍﾞ｣ | F51: 25 | G51: 注射剤 | H51: 2
A52: ｱﾅｽ001 | B52: アナストロゾール錠１ｍｇ「ＮＫ」 | C52: ｱﾅｽﾄ | D52: 0 | E52: ｱﾅｽﾄﾛｿﾞｰﾙｼﾞｮｳ1mg｢NK｣ | F52: 1 | G52: 錠剤 | H52: 2
A53: ｱﾅｽ002 | B53: アナストロゾール錠１ｍｇ「サワイ」 | D53: 2 | E53: ｱﾅｽﾄﾛｿﾞ-ﾙｼﾞﾖｳ1MGｻﾜｲ | F53: 1 | G53: 錠剤 | H53: 2
A54: ｱﾅﾌ001 | B54: アナフラニール錠２５ｍｇ | C54: ｱﾅﾌﾗ2* | D54: 0 | E54: ｱﾅﾌﾗﾆｰﾙｼﾞｮｳ25mg | F54: 1 | G54: 錠剤 | H54: 0
A55: ｱﾅﾌ002 | B55: アナフラニール点滴静注液２５ｍｇ | C55: ｱﾅﾌﾗﾆｰ | D55: 2 | E55: ｱﾅﾌﾗﾆｰﾙﾃﾝﾃｷｼﾞｮｳﾁｭｳｴｷ25mg | F55: 25 | G55: 注射剤 | H55: 2
A56: ｱﾈｷ001 | B56: アネキセート注射液０．５ｍｇ | C56: ｱﾈｷｾ | D56: 1 | E56: ｱﾈｷｾｰﾄﾁｭｳｼｬｴｷ0.5mg | F56: 25 | G56: 注射剤 | H56: 2
A57: ｱﾉﾛ001 | B57: アノーロエリプタ３０吸入用 | D57: 0 | E57: ｱﾉ-ﾛｴﾘﾌﾟﾀ30ｷﾕｳﾆﾕｳﾖｳ | F57: 10 | G57: 吸入剤 | H57: 0
A58: ｱﾌﾀ001 | B58: アフタッチ口腔用貼付剤２５μｇ | C58: ｱﾌﾀｯﾁ | D58: 0 | E58: ｱﾌﾀｯﾁｺｳｸｳﾖｳﾁｮｳﾌｻﾞｲ25μg | F58: 19 | G58: 貼付剤 | H58: 0
A59: ｱﾏﾝ001 | B59: アマンタジン塩酸塩錠５０ｍｇ「杏林」 | C59: ｱﾏﾝﾀ | D59: 1 | E59: ｱﾏﾝﾀｼﾞﾝｴﾝｻﾝｴﾝｼﾞｮｳ50mg｢ｷｮｳﾘﾝ｣ | F59: 1 | G59: 錠剤 | H59: 0
A60: ｱﾐｵ001 | B60: アミオダロン塩酸塩速崩錠５０ｍｇ「ＴＥ」 | C60: ｱﾐｵ | D60: 2 | E60: ｱﾐｵﾀﾞﾛﾝｴﾝｻﾝｴﾝｿｸﾎｳｼﾞｮｳ50mg｢TE｣ | F60: 1 | G60: 錠剤 | H60: 1
A61: ｱﾐﾃ001 | B61: アミティーザカプセル２４μｇ | C61: ｱﾐﾃ | D61: 1 | E61: ｱﾐﾃｨｰｻﾞｶﾌﾟｾﾙ24μg | F61: 2 | G61: カプセル | H61: 0
A62: ｱﾐﾉ001 | B62: アミノレバンＥＮ配合散 | C62: ｱﾐﾉﾚ1* | D62: 1 | E62: ｱﾐﾉﾚﾊﾞﾝENﾊｲｺﾞｳｻﾝ | F62: 3 | G62: 散 | H62: 0
A63: ｱﾐﾉ002 | B63: アミノレバン点滴静注（用時購入） | D63: 2 | E63: ｱﾐﾉﾚﾊﾞﾝﾃﾝﾃｷｼﾞﾖｳﾁﾕｳ | F63: 25 | G63: 注射剤 | H63: 0
A64: ｱﾑﾛ001 | B64: アムロジピンＯＤ錠２．５ｍｇ「あすか」 | C64: ｱﾑﾛOD | D64: 0 | E64: ｱﾑﾛｼﾞﾋﾟﾝODｼﾞｮｳ2.5mg｢ｱｽｶ｣ | F64: 1 | G64: 錠剤 | H64: 2
A65: ｱﾑﾛ002 | B65: アムロジピンＯＤ錠２．５ｍｇ「明治」 | D65: 1 | E65: ｱﾑﾛｼﾞﾋﾟﾝODｼﾞﾖｳ2.5MGﾒｲｼﾞ | F65: 1 | G65: 錠剤 | H65: 2
A66: ｱﾗﾐ001 | B66: アラミスト点鼻液２７．５μｇ５６噴霧用 | C66: ｱﾗﾐ | D66: 0 | E66: ｱﾗﾐｽﾄﾃﾝﾋﾞｴｷ27.5μg56ﾌﾝﾑﾖｳ | F66: 23 | G66: 点鼻薬 | H66: 0
A67: ｱﾘｾ001 | B67: アリセプトＤ錠５ｍｇ | C67: ｱﾘｾ | D67: 0 | E67: ｱﾘｾﾌﾟﾄDｼﾞｮｳ5mg | F67: 1 | G67: 錠剤 | H67: 2
A68: ｱﾘﾄ001 | B68: アリドネパッチ２７．５ｍｇ | D68: 1 | E68: ｱﾘﾄﾞﾈﾊﾟﾂﾁ27.5MG | F68: 19 | G68: 貼付剤 | H68: 2
A69: ｱﾘﾄ002 | B69: アリドネパッチ５５ｍｇ | D69: 1 | E69: ｱﾘﾄﾞﾈﾊﾟﾂﾁ55MG | F69: 19 | G69: 貼付剤 | H69: 2
A70: ｱﾘﾅ001 | B70: ２５ｍｇアリナミンＦ糖衣錠 | C70: ｱﾘF** | D70: 1 | E70: 25mgｱﾘﾅﾐﾝFﾄｳｲｼﾞｮｳ | F70: 1 | G70: 錠剤 | H70: 0
A71: ｱﾘﾋ001 | B71: アリピプラゾールＯＤ錠３ｍｇ「ヨシトミ」 | C71: ｱﾘﾋﾟ1 | D71: 0 | E71: ｱﾘﾋﾟﾌﾟﾗｿﾞｰﾙODｼﾞｮｳ3mg｢ﾖｼﾄﾐ｣ | F71: 1 | G71: 錠剤 | H71: 2
A72: ｱﾘﾋ002 | B72: アリピプラゾール内用液分包３ｍｇ「ニプロ」 | C72: ｱﾘﾋﾟ5 | D72: 0 | E72: ｱﾘﾋﾟﾌﾟﾗｿﾞｰﾙﾅｲﾖｳｴｷﾌﾞﾝﾎﾟｳ3mg｢ﾆﾌﾟﾛ｣ | F72: 7 | G72: 液（内用） | H72: 2
A73: ｱﾘﾋ003 | B73: アリピプラゾール内用液分包６ｍｇ「ニプロ」 | C73: ｱﾘﾋﾟ4 | D73: 0 | E73: ｱﾘﾋﾟﾌﾟﾗｿﾞｰﾙﾅｲﾖｳｴｷﾌﾞﾝﾎﾟｳ6mg｢ﾆﾌﾟﾛ｣ | F73: 7 | G73: 液（内用） | H73: 2
A74: ｱﾘﾋ004 | B74: アリピプラゾールＯＤ錠６ｍｇ「ヨシトミ」 | C74: ｱﾘﾋﾟ6 | D74: 0 | E74: ｱﾘﾋﾟﾌﾟﾗｿﾞｰﾙODｼﾞｮｳ6mg｢ﾖｼﾄﾐ｣ | F74: 1 | G74: 錠剤 | H74: 2
A75: ｱﾘﾋ005 | B75: アリピプラゾール散１％「ヨシトミ」 | C75: ｱﾘﾋﾟ3 | D75: 0 | E75: ｱﾘﾋﾟﾌﾟﾗｿﾞｰﾙｻﾝ1%｢ﾖｼﾄﾐ｣ | F75: 3 | G75: 散 | H75: 2
A76: ｱﾘﾋ006 | B76: アリピプラゾールＯＤ錠１２ｍｇ「ヨシトミ」 | C76: ｱﾘﾋﾟ2 | D76: 0 | E76: ｱﾘﾋﾟﾌﾟﾗｿﾞｰﾙODｼﾞｮｳ12mg｢ﾖｼﾄﾐ｣ | F76: 1 | G76: 錠剤 | H76: 2
A77: ｱﾘﾋ007 | B77: アリピプラゾールＯＤ錠３ｍｇ「ニプロ」 | D77: 1 | E77: ｱﾘﾋﾟﾌﾟﾗｿﾞ-ﾙODｼﾞﾖｳ3MGﾆﾌﾟﾛ | F77: 1 | G77: 錠剤 | H77: 2
A78: ｱﾘﾋ008 | B78: アリピプラゾールＯＤ錠１２ｍｇ「ニプロ」 | D78: 1 | E78: ｱﾘﾋﾟﾌﾟﾗｿﾞ-ﾙODｼﾞﾖｳ12MGﾆﾌﾟﾛ | F78: 1 | G78: 錠剤 | H78: 2
A79: ｱﾘﾋ009 | B79: アリピプラゾールＯＤ錠６ｍｇ「ニプロ」 | D79: 1 | E79: ｱﾘﾋﾟﾌﾟﾗｿﾞ-ﾙODｼﾞﾖｳ6MGﾆﾌﾟﾛ | F79: 1 | G79: 錠剤 | H79: 2
A80: ｱﾘﾋ010 | B80: アリピプラゾール散１％「ニプロ」 | D80: 1 | E80: ｱﾘﾋﾟﾌﾟﾗｿﾞ-ﾙｻﾝ1%ﾆﾌﾟﾛ | F80: 3 | G80: 散 | H80: 2
A81: ｱﾘﾋ011 | B81: アリピプラゾール錠１ｍｇ「サワイ」 | D81: 1 | E81: ｱﾘﾋﾟﾌﾟﾗｿﾞ-ﾙｼﾞﾖｳ1MGｻﾜｲ | F81: 1 | G81: 錠剤 | H81: 2
A82: ｱﾙｻ001 | B82: アルサルミン液 | D82: 0 | E82: ｱﾙｻﾙﾐﾝｴｷ | F82: 7 | G82: 液（内用） | H82: 0
A83: ｱﾙﾀ001 | B83: アルダクトンＡ錠２５ｍｇ | C83: ｱﾙﾀﾞ | D83: 1 | E83: ｱﾙﾀﾞｸﾄﾝAｼﾞｮｳ25mg | F83: 1 | G83: 錠剤 | H83: 0
A84: ｱﾙﾌ001 | B84: アルファカルシドールカプセル０．５μｇ「サワイ」 | C84: ｱﾙﾌ | D84: 0 | E84: ｱﾙﾌｧｶﾙｼﾄﾞｰﾙｶﾌﾟｾﾙ0.5μg｢ｻﾜｲ｣ | F84: 2 | G84: カプセル | H84: 2
A85: ｱﾙﾌ002 | B85: アルブミナー２５％静注１２．５ｇ／５０ｍＬ | C85: ｱﾙﾌﾞ | D85: 1 | E85: ｱﾙﾌﾞﾐﾅｰ25%ｼﾞｮｳﾁｭｳ12.5g/50mL | F85: 25 | G85: 注射剤 | H85: 0
A86: ｱﾙﾌ003 | B86: アルファカルシドールカプセル０．５μｇ「フソー」 | D86: 1 | E86: ｱﾙﾌｱｶﾙｼﾄﾞ-ﾙｶﾌﾟｾﾙ0.5ﾏｲｸﾛGﾌｿ- | F86: 2 | G86: カプセル | H86: 2
A87: ｱﾙﾒ001 | B87: アルメタ軟膏 | C87: ｱﾙﾒ | D87: 0 | E87: ｱﾙﾒﾀﾅﾝｺｳ | F87: 14 | G87: 軟膏 | H87: 0
A88: ｱﾚｷ001 | B88: アレギサール点眼液０．１％ | C88: ｱﾚｷﾞｻｰ | D88: 0 | E88: ｱﾚｷﾞｻｰﾙﾃﾝｶﾞﾝｴｷ0.1% | F88: 21 | G88: 点眼剤 | H88: 0
A89: ｱﾚﾋ001 | B89: アレビアチン散１０％ | C89: ｱﾚﾋﾞｱﾁ | D89: 1 | E89: ｱﾚﾋﾞｱﾁﾝｻﾝ10% | F89: 3 | G89: 散 | H89: 2
A90: ｱﾚﾋ002 | B90: アレビアチン注射液 | C90: ｱﾚﾋﾞｱ | D90: 1 | E90: ｱﾚﾋﾞｱﾁﾝﾁｭｳｼｬｴｷ | F90: 25 | G90: 注射剤 | H90: 2
A91: ｱﾚﾝ001 | B91: アレンドロン酸点滴静注バッグ９００μｇ「ＨＫ」 | C91: ｱﾚﾝ | D91: 0 | E91: ｱﾚﾝﾄﾞﾛﾝｻﾝﾃﾝﾃｷｼﾞｮｳﾁｭｳﾊﾞｯｸﾞ900μg｢HK｣ | F91: 25 | G91: 注射剤 | H91: 2
A92: ｱﾛﾌ001 | B92: アロプリノール錠１００ｍｇ「サワイ」 | C92: ｱﾛﾌﾟ | D92: 1 | E92: ｱﾛﾌﾟﾘﾉｰﾙｼﾞｮｳ100mg｢ｻﾜｲ｣ | F92: 1 | G92: 錠剤 | H92: 0
A93: ｱﾝﾃ001 | B93: アンテベート軟膏０．０５％ | C93: ｱﾝﾃ | D93: 0 | E93: ｱﾝﾃﾍﾞｰﾄﾅﾝｺｳ0.05% | F93: 14 | G93: 軟膏 | H93: 2
A94: ｱﾝﾋ001 | B94: アンヒバ坐剤小児用２００ｍｇ | C94: ｱﾝﾋ | D94: 0 | E94: ｱﾝﾋﾊﾞｻﾞｻﾞｲｼｮｳﾆﾖｳ200mg | F94: 12 | G94: 坐剤 | H94: 0
A95: ｲｸｻ001 | B95: イグザレルト錠１０ｍｇ | C95: ｲｸﾞｻﾞﾚ | D95: 0 | E95: ｲｸﾞｻﾞﾚﾙﾄｼﾞｮｳ10mg | F95: 1 | G95: 錠剤 | H95: 0
A96: ｲｸｻ002 | B96: イグザレルトＯＤ錠１０ｍｇ | D96: 0 | E96: ｲｸﾞｻﾞﾚﾙﾄODｼﾞﾖｳ10MG | F96: 1 | G96: 錠剤 | H96: 0
A97: ｲｹﾌ001 | B97: イーケプラ錠２５０ｍｇ | C97: ｲｰｹﾌﾟ | D97: 0 | E97: ｲｰｹﾌﾟﾗｼﾞｮｳ250mg | F97: 1 | G97: 錠剤 | H97: 0
A98: ｲｹﾌ002 | B98: イーケプラドライシロップ５０％ | C98: ｲｰｹﾌﾟD | D98: 0 | E98: ｲｰｹﾌﾟﾗﾄﾞﾗｲｼﾛｯﾌﾟ50% | F98: 3 | G98: 散 | H98: 0
A99: ｲｹﾌ003 | B99: イーケプラ点滴静注５００ｍｇ | C99: ｲｰｹﾌﾟﾗ | D99: 0 | E99: ｲｰｹﾌﾟﾗﾃﾝﾃｷｼﾞｮｳﾁｭｳ500mg | F99: 25 | G99: 注射剤 | H99: 0
A100: ｲｺｻ001 | B100: イコサペント酸エチルカプセル３００ｍｇ「日医工」 | C100: ｲｺｻ | D100: 1 | E100: ｲｺｻﾍﾟﾝﾄｻﾝｴﾁﾙｶﾌﾟｾﾙ300mg｢ﾆﾁｲｺｳ｣ | F100: 2 | G100: カプセル | H100: 0
...

Sheet 臨時
B2: {=RIGHT(CELL("filename",A1),LEN(CELL("filename",A1))-FIND("]",CELL("filename",A1)))} -> 臨時
B4: No | C4: 薬品名 | D4: 毒劇区分
B5: 1 | C5: {=_xlfn._xlws.SORT(_xlfn.CHOOSECOLS(_xlfn._xlws.FILTER(マスタ!A5:H2000,マスタ!D5:D2000=2),2,8),2,1)} -> アザルフィジンＥＮ錠５００ｍｇ | D5: 0
B6: =B5+1 -> 2 | C6: アシクロビル点滴静注用２５０ｍｇ「サワイ」 | D6: 0
B7: =B6+1 -> 3 | C7: アゾセミド錠３０ｍｇ「ＤＳＥＰ」 | D7: 0
B8: =B7+1 -> 4 | C8: アドエア５００ディスカス６０吸入用 | D8: 0
B9: =B8+1 -> 5 | C9: アミノレバン点滴静注（用時購入） | D9: 0
B10: =B9+1 -> 6 | C10: イノソリッド配合経腸用半固形剤 | D10: 0
B11: =B10+1 -> 7 | C11: イントラリポス輸液２０％ | D11: 0
B12: =B11+1 -> 8 | C12: エイゾプト懸濁性点眼液１％ | D12: 0
B13: =B12+1 -> 9 | C13: エゼチミブＯＤ錠１０ｍｇ「トーワ」 | D13: 0
B14: =B13+1 -> 10 | C14: エフィエント錠２．５ｍｇ | D14: 0
B15: =B14+1 -> 11 | C15: エフィナコナゾール爪外用液１０％「サワイ」 | D15: 0
B16: =B15+1 -> 12 | C16: エリキュース錠２．５ｍｇ | D16: 0
B17: =B16+1 -> 13 | C17: エリスロシン錠２００ｍｇ | D17: 0
... B165: =B164+1 -> 161 | C165: レルパックス錠２０ｍｇ | D165: 2
B166: =B165+1 -> 162
B167: =B166+1 -> 163
B168: =B167+1 -> 164
B169: =B168+1 -> 165
B170: =B169+1 -> 166
B171: =B170+1 -> 167
B172: =B171+1 -> 168
B173: =B172+1 -> 169
B174: =B173+1 -> 170
B175: =B174+1 -> 171
B176: =B175+1 -> 172
B177: =B176+1 -> 173
... B304: =B303+1 -> 300

Sheet 外用
B2: {=RIGHT(CELL("filename",A1),LEN(CELL("filename",A1))-FIND("]",CELL("filename",A1)))} -> 外用
B4: No | C4: 薬品名 | D4: 毒劇区分
B5: 1 | C5: {=_xlfn._xlws.SORT(_xlfn.CHOOSECOLS(_xlfn._xlws.FILTER(マスタ!A2:H10000,(マスタ!D2:D10000=1)*ISNUMBER(MATCH(マスタ!F2:F10000,分類!H8:H15,0))),2,8),2,1)} -> 亜鉛華軟膏「ニッコー」 | D5: 0
B6: =B5+1 -> 2 | C6: アクアチムクリーム１％ | D6: 0
B7: =B6+1 -> 3 | C7: アクトシン軟膏３％ | D7: 0
B8: =B7+1 -> 4 | C8: アズノール軟膏０．０３３％ | D8: 0
B9: =B8+1 -> 5 | C9: アズレン点眼液０．０２％「ニットー」 | D9: 0
B10: =B9+1 -> 6 | C10: アドフィードパップ４０ｍｇ | D10: 0
B11: =B10+1 -> 7 | C11: インテバン外用液１％ | D11: 0
B12: =B11+1 -> 8 | C12: インテバンクリーム１％ | D12: 0
B13: =B12+1 -> 9 | C13: ＳＰトローチ０．２５ｍｇ「明治」 | D13: 0
B14: =B13+1 -> 10 | C14: オイラックスクリーム１０％ | D14: 0
B15: =B14+1 -> 11 | C15: オフロキサシン点眼液０．３％「ＪＧ」 | D15: 0
B16: =B15+1 -> 12 | C16: キュバール１００エアゾール | D16: 0
B17: =B16+1 -> 13 | C17: クロモグリク酸Ｎａ点眼液２％「ニットー」 | D17: 0
... B69: =B68+1 -> 65 | C69: ロナセンテープ４０ｍｇ | D69: 2
B70: =B69+1 -> 66
B71: =B70+1 -> 67
B72: =B71+1 -> 68
B73: =B72+1 -> 69
B74: =B73+1 -> 70
B75: =B74+1 -> 71
B76: =B75+1 -> 72
B77: =B76+1 -> 73
B78: =B77+1 -> 74
B79: =B78+1 -> 75
B80: =B79+1 -> 76
B81: =B80+1 -> 77
... B304: =B303+1 -> 300

Sheet 散剤
B2: {=RIGHT(CELL("filename",A1),LEN(CELL("filename",A1))-FIND("]",CELL("filename",A1)))} -> 散剤
B4: No | C4: 薬品名 | D4: 毒劇区分
B5: 1 | C5: {=_xlfn._xlws.SORT(_xlfn.CHOOSECOLS(_xlfn._xlws.FILTER(マスタ!A2:H10000,(マスタ!D2:D10000=1)*ISNUMBER(MATCH(マスタ!F2:F10000,分類!K8:K15,0))),2,8),2,1)} -> アスパラカリウム散５０％ | D5: 0
B6: =B5+1 -> 2 | C6: アドナ散１０％ | D6: 0
B7: =B6+1 -> 3 | C7: アミノレバンＥＮ配合散 | D7: 0
B8: =B7+1 -> 4 | C8: 胃散(院内製剤) | D8: 0
B9: =B8+1 -> 5 | C9: エチゾラム細粒１％「ＪＧ」 | D9: 0
B10: =B9+1 -> 6 | C10: 塩化カリウム | D10: 0
B11: =B10+1 -> 7 | C11: 塩化ナトリウム | D11: 0
B12: =B11+1 -> 8 | C12: カルバマゼピン細粒５０％「アメル」 | D12: 0
B13: =B12+1 -> 9 | C13: クラシエ葛根湯エキス細粒 | D13: 0
B14: =B13+1 -> 10 | C14: クラシエ加味逍遙散料エキス細粒 | D14: 0
B15: =B14+1 -> 11 | C15: クラシエ補中益気湯エキス細粒 | D15: 0
B16: =B15+1 -> 12 | C16: グラマリール細粒１０％ | D16: 0
B17: =B16+1 -> 13 | C17: クレメジン細粒分包２ｇ | D17: 0
... B56: =B55+1 -> 52 | C56: ロドピン細粒５０％ | D56: 2
B57: =B56+1 -> 53
B58: =B57+1 -> 54
B59: =B58+1 -> 55
B60: =B59+1 -> 56
B61: =B60+1 -> 57
B62: =B61+1 -> 58
B63: =B62+1 -> 59
B64: =B63+1 -> 60
B65: =B64+1 -> 61
B66: =B65+1 -> 62
B67: =B66+1 -> 63
B68: =B67+1 -> 64
... B304: =B303+1 -> 300

Sheet 錠剤
B2: {=RIGHT(CELL("filename",A1),LEN(CELL("filename",A1))-FIND("]",CELL("filename",A1)))} -> 錠剤
B4: No | C4: 薬品名 | D4: 毒劇区分
B5: 1 | C5: {=_xlfn._xlws.SORT(_xlfn.CHOOSECOLS(_xlfn._xlws.FILTER(マスタ!A2:H10000,(マスタ!D2:D10000=1)*ISNUMBER(MATCH(マスタ!F2:F10000,分類!N8:N15,0))),2,8),2,1)} -> アジスロマイシン錠２５０ｍｇ「トーワ」 | D5: 0
B6: =B5+1 -> 2 | C6: アジルサルタンＯＤ錠２０ｍｇ「サワイ」 | D6: 0
B7: =B6+1 -> 3 | C7: アスパラ－ＣＡ錠２００ | D7: 0
B8: =B7+1 -> 4 | C8: アスパラカリウム錠３００ｍｇ | D8: 0
B9: =B8+1 -> 5 | C9: アタラックス錠２５ｍｇ | D9: 0
B10: =B9+1 -> 6 | C10: アーチスト錠１．２５ｍｇ | D10: 0
B11: =B10+1 -> 7 | C11: アドナ錠３０ｍｇ | D11: 0
B12: =B11+1 -> 8 | C12: アトルバスタチンＯＤ錠１０ｍｇ「トーワ」 | D12: 0
B13: =B12+1 -> 9 | C13: アマンタジン塩酸塩錠５０ｍｇ「杏林」 | D13: 0
B14: =B13+1 -> 10 | C14: ２５ｍｇアリナミンＦ糖衣錠 | D14: 0
B15: =B14+1 -> 11 | C15: アルダクトンＡ錠２５ｍｇ | D15: 0
B16: =B15+1 -> 12 | C16: アロプリノール錠１００ｍｇ「サワイ」 | D16: 0
B17: =B16+1 -> 13 | C17: イルベサルタン錠５０ｍｇ「サワイ」 | D17: 0
... B257: =B256+1 -> 253 | C257: ロドピン錠５０ｍｇ | D257: 2
B258: =B257+1 -> 254
B259: =B258+1 -> 255
B260: =B259+1 -> 256
B261: =B260+1 -> 257
B262: =B261+1 -> 258
B263: =B262+1 -> 259
B264: =B263+1 -> 260
B265: =B264+1 -> 261
B266: =B265+1 -> 262
B267: =B266+1 -> 263
B268: =B267+1 -> 264
B269: =B268+1 -> 265
... B304: =B303+1 -> 300

Sheet 注射
B2: {=RIGHT(CELL("filename",A1),LEN(CELL("filename",A1))-FIND("]",CELL("filename",A1)))} -> 注射
B4: No | C4: 薬品名 | D4: 毒劇区分
B5: 1 | C5: {=_xlfn._xlws.SORT(_xlfn.CHOOSECOLS(_xlfn._xlws.FILTER(マスタ!A2:H10000,(マスタ!D2:D10000=1)*ISNUMBER(MATCH(マスタ!F2:F10000,分類!Q8:Q15,0))),2,8),2,1)} -> アクチット輸液 | D5: 0
B6: =B5+1 -> 2 | C6: アスコルビン酸注５００ｍｇ「イセイ」 | D6: 0
B7: =B6+1 -> 3 | C7: アスパラギン酸カリウム注１０ｍＥｑキット「テルモ」 | D7: 0
B8: =B7+1 -> 4 | C8: アドナ注（静脈用）５０ｍｇ | D8: 0
B9: =B8+1 -> 5 | C9: アルブミナー２５％静注１２．５ｇ／５０ｍＬ | D9: 0
B10: =B9+1 -> 6 | C10: イベニティ皮下注１０５ｍｇシリンジ | D10: 0
B11: =B10+1 -> 7 | C11: １０％塩化ナトリウム注射液 | D11: 0
B12: =B11+1 -> 8 | C12: グリセオール注 | D12: 0
B13: =B12+1 -> 9 | C13: クリンダマイシンリン酸エステル６００ｍｇ注射液 | D13: 0
B14: =B13+1 -> 10 | C14: ケイツーＮ静注１０ｍｇ | D14: 0
B15: =B14+1 -> 11 | C15: ジアゼパム注射液５ｍｇ「ＮＩＧ」 | D15: 0
B16: =B15+1 -> 12 | C16: 照射赤血球液－ＬＲ「日赤」 | D16: 0
B17: =B16+1 -> 13 | C17: 水溶性ハイドロコートン注射液 | D17: 0
... B103: =B102+1 -> 99 | C103: ワソラン静注５ｍｇ | D103: 2
B104: =B103+1 -> 100
B105: =B104+1 -> 101
B106: =B105+1 -> 102
B107: =B106+1 -> 103
B108: =B107+1 -> 104
B109: =B108+1 -> 105
B110: =B109+1 -> 106
B111: =B110+1 -> 107
B112: =B111+1 -> 108
B113: =B112+1 -> 109
B114: =B113+1 -> 110
B115: =B114+1 -> 111
... B304: =B303+1 -> 300

Sheet 分類
A2: No | B2: 分類
A3: 1 | B3: 錠剤 | F3: 採用０（非採用）はいらない
A4: 2 | B4: カプセル | F4: 採用２（臨時採用薬）で1グループ
A5: 3 | B5: 散 | F5: 採用１（採用薬）
A6: 4 | B6: 細粒
A7: 5 | B7: 顆粒 | G7: 外用剤 | J7: 散剤 | M7: 錠剤 | P7: 注射
A8: 6 | B8: シロップ | G8: クリーム | H8: 15 | J8: 散剤 | K8: 3 | M8: 錠剤 | N8: 1 | P8: 注射 | Q8: 25
A9: 7 | B9: 液（内用） | G9: 軟膏 | H9: 14
A10: 8 | B10: トローチ | G10: トローチ | H10: 8
A11: 9 | B11: 含漱剤 | G11: 点眼 | H11: 21
A12: 10 | B12: 吸入剤 | G12: 点鼻 | H12: 23
A13: 11 | B13: 膣錠 | G13: 外用剤 | H13: 17
A14: 12 | B14: 坐剤 | G14: 吸入 | H14: 10
A15: 13 | B15: 浣腸 | G15: 貼付薬 | H15: 19
A16: 14 | B16: 軟膏
A17: 15 | B17: クリーム
A18: 16 | B18: ゼリー（ゲル）
A19: 17 | B19: 外用液剤
A20: 18 | B20: 噴霧剤
A21: 19 | B21: 貼付剤
A22: 21 | B22: 点眼剤
A23: 22 | B23: 点耳薬
A24: 23 | B24: 点鼻薬
A25: 24 | B25: その他
A26: 25 | B26: 注射剤
