Workbook

Sheet 統合マスタ
C3: 棚卸 | N3: マスタ
B4: no | C4: 名称 | D4: 2025年度卸 | E4: 包装形態 | F4: 容量 | G4: メーカー | H4: 新単位薬価 | I4: 2025年度薬価 | J4: 単位数量 | K4: 薬価単位 | L4: 2025年納入価格 | M4: 単位納入価 | N4: コード(区分値) | O4: コード | P4: 名称 | Q4: ホストコード | R4: 採用区分（区分値）(区分値) | S4: 採用区分（区分値） | T4: 薬価 | U4: カナ名称 | V4: 剤形(区分値) | W4: 剤形 | X4: 毒劇薬（区分値）(区分値) | Y4: 毒劇薬（区分値） | Z4: 棚 | AA4: 非採用
A5: =元データ!P2 -> 295 | B5: 1 | C5: =DBCS(元データ!A2) -> ００７ ツムラ ハチミジオウガン | D5: =元データ!B2 -> メディセオ | E5: =元データ!C2 -> 粉 | F5: =元データ!D2 -> 2.5ｇｘ189 | G5: =元データ!E2 -> ツムラ | H5: =元データ!F2 -> 9.8 | I5: =元データ!G2 -> 4630.5 | J5: =元データ!H2 -> 472.5 | K5: =元データ!I2 -> ｇ | ... M5: =元データ!K2 -> 8.6624339 | N5: =IF(OFFSET(マスタ非採用削除!A$4,統合マスタ!$A5,0)="","",OFFSET(マスタ非採用削除!A$4,統合マスタ!$A5,0)) -> ﾂﾑﾗ007 | O5: =IF(OFFSET(マスタ非採用削除!B$4,統合マスタ!$A5,0)="","",OFFSET(マスタ非採用削除!B$4,統合マスタ!$A5,0)) -> ﾂﾑﾗ007 | P5: =IF(OFFSET(マスタ非採用削除!C$4,統合マスタ!$A5,0)="","",OFFSET(マスタ非採用削除!C$4,統合マスタ!$A5,0)) -> ツムラ八味地黄丸エキス顆粒（医療用） | Q5: =IF(OFFSET(マスタ非採用削除!D$4,統合マスタ!$A5,0)="","",OFFSET(マスタ非採用削除!D$4,統合マスタ!$A5,0)) -> ﾊﾁﾐ | R5: =IF(OFFSET(マスタ非採用削除!E$4,統合マスタ!$A5,0)="","",OFFSET(マスタ非採用削除!E$4,統合マスタ!$A5,0)) -> 2 | S5: =IF(OFFSET(マスタ非採用削除!F$4,統合マスタ!$A5,0)="","",OFFSET(マスタ非採用削除!F$4,統合マスタ!$A5,0)) | T5: =IF(OFFSET(マスタ非採用削除!G$4,統合マスタ!$A5,0)="","",OFFSET(マスタ非採用削除!G$4,統合マスタ!$A5,0)) -> 9.8 | U5: =IF(OFFSET(マスタ非採用削除!H$4,統合マスタ!$A5,0)="","",OFFSET(マスタ非採用削除!H$4,統合マスタ!$A5,0)) -> ﾂﾑﾗﾊﾁﾐｼﾞｵｳｶﾞﾝｴｷｽｶﾘｭｳ(ｲﾘｮｳﾖｳ) | ... Z5: =IF(OFFSET(マスタ非採用削除!M$4,統合マスタ!$A5,0)="","",OFFSET(マスタ非採用削除!M$4,統合マスタ!$A5,0)) -> 4
A6: =元データ!P3 -> 295 | B6: =B5+1 -> 2 | C6: =DBCS(元データ!A3) -> ００７ ツムラ ハチミジオウガン | D6: =元データ!B3 | E6: =元データ!C3 -> 粉 | F6: =元データ!D3 -> 2.5ｇｘ42 | G6: =元データ!E3 -> ツムラ | H6: =元データ!F3 -> 9.8 | I6: =元データ!G3 -> 1029 | J6: =元データ!H3 -> 105 | K6: =元データ!I3 -> ｇ | ... M6: =元データ!K3 -> 8.9047619 | N6: =IF(OFFSET(マスタ非採用削除!A$4,統合マスタ!$A6,0)="","",OFFSET(マスタ非採用削除!A$4,統合マスタ!$A6,0)) -> ﾂﾑﾗ007 | O6: =IF(OFFSET(マスタ非採用削除!B$4,統合マスタ!$A6,0)="","",OFFSET(マスタ非採用削除!B$4,統合マスタ!$A6,0)) -> ﾂﾑﾗ007 | P6: =IF(OFFSET(マスタ非採用削除!C$4,統合マスタ!$A6,0)="","",OFFSET(マスタ非採用削除!C$4,統合マスタ!$A6,0)) -> ツムラ八味地黄丸エキス顆粒（医療用） | Q6: =IF(OFFSET(マスタ非採用削除!D$4,統合マスタ!$A6,0)="","",OFFSET(マスタ非採用削除!D$4,統合マスタ!$A6,0)) -> ﾊﾁﾐ | R6: =IF(OFFSET(マスタ非採用削除!E$4,統合マスタ!$A6,0)="","",OFFSET(マスタ非採用削除!E$4,統合マスタ!$A6,0)) -> 2 | S6: =IF(OFFSET(マスタ非採用削除!F$4,統合マスタ!$A6,0)="","",OFFSET(マスタ非採用削除!F$4,統合マスタ!$A6,0)) | T6: =IF(OFFSET(マスタ非採用削除!G$4,統合マスタ!$A6,0)="","",OFFSET(マスタ非採用削除!G$4,統合マスタ!$A6,0)) -> 9.8 | U6: =IF(OFFSET(マスタ非採用削除!H$4,統合マスタ!$A6,0)="","",OFFSET(マスタ非採用削除!H$4,統合マスタ!$A6,0)) -> ﾂﾑﾗﾊﾁﾐｼﾞｵｳｶﾞﾝｴｷｽｶﾘｭｳ(ｲﾘｮｳﾖｳ) | ... Z6: =IF(OFFSET(マスタ非採用削除!M$4,統合マスタ!$A6,0)="","",OFFSET(マスタ非採用削除!M$4,統合マスタ!$A6,0)) -> 4
A7: =元データ!P4 -> 296 | B7: =B6+1 -> 3 | C7: =DBCS(元データ!A4) -> ０１２ ツムラ サイコカリュウコツボレイトウ | D7: =元データ!B4 -> メディセオ | E7: =元データ!C4 -> 粉 | F7: =元データ!D4 -> 2.5ｇｘ189 | G7: =元データ!E4 -> ツムラ | H7: =元データ!F4 -> 20.3 | I7: =元データ!G4 -> 9591.75 | J7: =元データ!H4 -> 472.5 | K7: =元データ!I4 -> g | ... M7: =元データ!K4 -> 18.08254 | N7: =IF(OFFSET(マスタ非採用削除!A$4,統合マスタ!$A7,0)="","",OFFSET(マスタ非採用削除!A$4,統合マスタ!$A7,0)) -> ﾂﾑﾗ012 | O7: =IF(OFFSET(マスタ非採用削除!B$4,統合マスタ!$A7,0)="","",OFFSET(マスタ非採用削除!B$4,統合マスタ!$A7,0)) -> ﾂﾑﾗ012 | P7: =IF(OFFSET(マスタ非採用削除!C$4,統合マスタ!$A7,0)="","",OFFSET(マスタ非採用削除!C$4,統合マスタ!$A7,0)) -> ツムラ柴胡加竜骨牡蛎湯エキス顆粒（医療用） | Q7: =IF(OFFSET(マスタ非採用削除!D$4,統合マスタ!$A7,0)="","",OFFSET(マスタ非採用削除!D$4,統合マスタ!$A7,0)) -> ｻｲｺ | R7: =IF(OFFSET(マスタ非採用削除!E$4,統合マスタ!$A7,0)="","",OFFSET(マスタ非採用削除!E$4,統合マスタ!$A7,0)) -> 2 | S7: =IF(OFFSET(マスタ非採用削除!F$4,統合マスタ!$A7,0)="","",OFFSET(マスタ非採用削除!F$4,統合マスタ!$A7,0)) | T7: =IF(OFFSET(マスタ非採用削除!G$4,統合マスタ!$A7,0)="","",OFFSET(マスタ非採用削除!G$4,統合マスタ!$A7,0)) -> 20.3 | U7: =IF(OFFSET(マスタ非採用削除!H$4,統合マスタ!$A7,0)="","",OFFSET(マスタ非採用削除!H$4,統合マスタ!$A7,0)) -> ﾂﾑﾗｻｲｺｶﾘｭｳｺﾂﾎﾞﾚｲﾄｳｴｷｽｶﾘｭｳ(ｲﾘｮｳﾖｳ) | ... Z7: =IF(OFFSET(マスタ非採用削除!M$4,統合マスタ!$A7,0)="","",OFFSET(マスタ非採用削除!M$4,統合マスタ!$A7,0)) -> 4
A8: =元データ!P5 -> 297 | B8: =B7+1 -> 4 | C8: =DBCS(元データ!A5) -> ０１６ ツムラ ハンゲコウボクトウ | D8: =元データ!B5 -> メディセオ | E8: =元データ!C5 -> 粉 | F8: =元データ!D5 -> 2.5ｇｘ189 | G8: =元データ!E5 -> ツムラ | H8: =元データ!F5 -> 14.6 | I8: =元データ!G5 -> 6898.5 | J8: =元データ!H5 -> 472.5 | K8: =元データ!I5 -> ｇ | ... M8: =元データ!K5 -> 13.144974 | N8: =IF(OFFSET(マスタ非採用削除!A$4,統合マスタ!$A8,0)="","",OFFSET(マスタ非採用削除!A$4,統合マスタ!$A8,0)) -> ﾂﾑﾗ016 | O8: =IF(OFFSET(マスタ非採用削除!B$4,統合マスタ!$A8,0)="","",OFFSET(マスタ非採用削除!B$4,統合マスタ!$A8,0)) -> ﾂﾑﾗ016 | P8: =IF(OFFSET(マスタ非採用削除!C$4,統合マスタ!$A8,0)="","",OFFSET(マスタ非採用削除!C$4,統合マスタ!$A8,0)) -> ツムラ半夏厚朴湯エキス顆粒（医療用） | Q8: =IF(OFFSET(マスタ非採用削除!D$4,統合マスタ!$A8,0)="","",OFFSET(マスタ非採用削除!D$4,統合マスタ!$A8,0)) -> ﾊﾝｹﾞｺ | R8: =IF(OFFSET(マスタ非採用削除!E$4,統合マスタ!$A8,0)="","",OFFSET(マスタ非採用削除!E$4,統合マスタ!$A8,0)) -> 2 | S8: =IF(OFFSET(マスタ非採用削除!F$4,統合マスタ!$A8,0)="","",OFFSET(マスタ非採用削除!F$4,統合マスタ!$A8,0)) | T8: =IF(OFFSET(マスタ非採用削除!G$4,統合マスタ!$A8,0)="","",OFFSET(マスタ非採用削除!G$4,統合マスタ!$A8,0)) -> 14.6 | U8: =IF(OFFSET(マスタ非採用削除!H$4,統合マスタ!$A8,0)="","",OFFSET(マスタ非採用削除!H$4,統合マスタ!$A8,0)) -> ﾂﾑﾗﾊﾝｹﾞｺｳﾎﾞｸﾄｳｴｷｽｶﾘｭｳ(ｲﾘｮｳﾖｳ) | ... Z8: =IF(OFFSET(マスタ非採用削除!M$4,統合マスタ!$A8,0)="","",OFFSET(マスタ非採用削除!M$4,統合マスタ!$A8,0)) -> 4
A9: =元データ!P6 -> 298 | B9: =B8+1 -> 5 | C9: =DBCS(元データ!A6) -> ０１７ ツムラ ゴレイサン | D9: =元データ!B6 -> メディセオ | E9: =元データ!C6 -> 粉 | F9: =元データ!D6 -> 2.5ｇｘ189 | G9: =元データ!E6 -> ツムラ | H9: =元データ!F6 -> 13.6 | I9: =元データ!G6 -> 6426 | J9: =元データ!H6 -> 472.5 | K9: =元データ!I6 -> g | ... M9: =元データ!K6 -> 12.122751 | N9: =IF(OFFSET(マスタ非採用削除!A$4,統合マスタ!$A9,0)="","",OFFSET(マスタ非採用削除!A$4,統合マスタ!$A9,0)) -> ﾂﾑﾗ017 | O9: =IF(OFFSET(マスタ非採用削除!B$4,統合マスタ!$A9,0)="","",OFFSET(マスタ非採用削除!B$4,統合マスタ!$A9,0)) -> ﾂﾑﾗ017 | P9: =IF(OFFSET(マスタ非採用削除!C$4,統合マスタ!$A9,0)="","",OFFSET(マスタ非採用削除!C$4,統合マスタ!$A9,0)) -> ツムラ五苓散エキス顆粒（医療用） | Q9: =IF(OFFSET(マスタ非採用削除!D$4,統合マスタ!$A9,0)="","",OFFSET(マスタ非採用削除!D$4,統合マスタ!$A9,0)) -> ｺﾞﾚｲ | R9: =IF(OFFSET(マスタ非採用削除!E$4,統合マスタ!$A9,0)="","",OFFSET(マスタ非採用削除!E$4,統合マスタ!$A9,0)) -> 1 | S9: =IF(OFFSET(マスタ非採用削除!F$4,統合マスタ!$A9,0)="","",OFFSET(マスタ非採用削除!F$4,統合マスタ!$A9,0)) | T9: =IF(OFFSET(マスタ非採用削除!G$4,統合マスタ!$A9,0)="","",OFFSET(マスタ非採用削除!G$4,統合マスタ!$A9,0)) -> 13.6 | U9: =IF(OFFSET(マスタ非採用削除!H$4,統合マスタ!$A9,0)="","",OFFSET(マスタ非採用削除!H$4,統合マスタ!$A9,0)) -> ﾂﾑﾗｺﾞﾚｲｻﾝｴｷｽｶﾘｭｳ(ｲﾘｮｳﾖｳ) | ... Z9: =IF(OFFSET(マスタ非採用削除!M$4,統合マスタ!$A9,0)="","",OFFSET(マスタ非採用削除!M$4,統合マスタ!$A9,0)) -> 4
A10: =元データ!P7 -> 299 | B10: =B9+1 -> 6 | C10: =DBCS(元データ!A7) -> ０１９ ツムラ ショウセイリュウトウ | D10: =元データ!B7 -> メディセオ | E10: =元データ!C7 -> 粉 | F10: =元データ!D7 -> 3ｇX42 | G10: =元データ!E7 -> ツムラ | H10: =元データ!F7 -> 12.8 | I10: =元データ!G7 -> 1612.8 | J10: =元データ!H7 -> 126 | K10: =元データ!I7 -> g | ... M10: =元データ!K7 -> 11.626984 | N10: =IF(OFFSET(マスタ非採用削除!A$4,統合マスタ!$A10,0)="","",OFFSET(マスタ非採用削除!A$4,統合マスタ!$A10,0)) -> ﾂﾑﾗ019 | O10: =IF(OFFSET(マスタ非採用削除!B$4,統合マスタ!$A10,0)="","",OFFSET(マスタ非採用削除!B$4,統合マスタ!$A10,0)) -> ﾂﾑﾗ019 | P10: =IF(OFFSET(マスタ非採用削除!C$4,統合マスタ!$A10,0)="","",OFFSET(マスタ非採用削除!C$4,統合マスタ!$A10,0)) -> ツムラ小青竜湯エキス顆粒（医療用） | Q10: =IF(OFFSET(マスタ非採用削除!D$4,統合マスタ!$A10,0)="","",OFFSET(マスタ非採用削除!D$4,統合マスタ!$A10,0)) | R10: =IF(OFFSET(マスタ非採用削除!E$4,統合マスタ!$A10,0)="","",OFFSET(マスタ非採用削除!E$4,統合マスタ!$A10,0)) -> 2 | S10: =IF(OFFSET(マスタ非採用削除!F$4,統合マスタ!$A10,0)="","",OFFSET(マスタ非採用削除!F$4,統合マスタ!$A10,0)) | T10: =IF(OFFSET(マスタ非採用削除!G$4,統合マスタ!$A10,0)="","",OFFSET(マスタ非採用削除!G$4,統合マスタ!$A10,0)) -> 12.8 | U10: =IF(OFFSET(マスタ非採用削除!H$4,統合マスタ!$A10,0)="","",OFFSET(マスタ非採用削除!H$4,統合マスタ!$A10,0)) -> ﾂﾑﾗｼﾖｳｾｲﾘﾕｳﾄｳｴｷｽｶﾘﾕｳｲﾘﾖｳﾖｳ | ... Z10: =IF(OFFSET(マスタ非採用削除!M$4,統合マスタ!$A10,0)="","",OFFSET(マスタ非採用削除!M$4,統合マスタ!$A10,0)) -> 4
A11: =元データ!P8 -> 301 | B11: =B10+1 -> 7 | C11: =DBCS(元データ!A8) -> ０４３ ツムラ リツクンシトウ | D11: =元データ!B8 -> メディセオ | E11: =元データ!C8 -> 粉 | F11: =元データ!D8 -> 2.5ｇｘ189 | G11: =元データ!E8 -> ツムラ | H11: =元データ!F8 -> 18 | I11: =元データ!G8 -> 8505 | J11: =元データ!H8 -> 472.5 | K11: =元データ!I8 -> g | ... M11: =元データ!K8 -> 16.033862 | N11: =IF(OFFSET(マスタ非採用削除!A$4,統合マスタ!$A11,0)="","",OFFSET(マスタ非採用削除!A$4,統合マスタ!$A11,0)) -> ﾂﾑﾗ043 | O11: =IF(OFFSET(マスタ非採用削除!B$4,統合マスタ!$A11,0)="","",OFFSET(マスタ非採用削除!B$4,統合マスタ!$A11,0)) -> ﾂﾑﾗ043 | P11: =IF(OFFSET(マスタ非採用削除!C$4,統合マスタ!$A11,0)="","",OFFSET(マスタ非採用削除!C$4,統合マスタ!$A11,0)) -> ツムラ六君子湯エキス顆粒（医療用） | Q11: =IF(OFFSET(マスタ非採用削除!D$4,統合マスタ!$A11,0)="","",OFFSET(マスタ非採用削除!D$4,統合マスタ!$A11,0)) -> ﾘｯｸ | R11: =IF(OFFSET(マスタ非採用削除!E$4,統合マスタ!$A11,0)="","",OFFSET(マスタ非採用削除!E$4,統合マスタ!$A11,0)) -> 2 | S11: =IF(OFFSET(マスタ非採用削除!F$4,統合マスタ!$A11,0)="","",OFFSET(マスタ非採用削除!F$4,統合マスタ!$A11,0)) | T11: =IF(OFFSET(マスタ非採用削除!G$4,統合マスタ!$A11,0)="","",OFFSET(マスタ非採用削除!G$4,統合マスタ!$A11,0)) -> 18 | U11: =IF(OFFSET(マスタ非採用削除!H$4,統合マスタ!$A11,0)="","",OFFSET(マスタ非採用削除!H$4,統合マスタ!$A11,0)) -> ﾂﾑﾗﾘｯｸﾝｼﾄｳｴｷｽｶﾘｭｳ(ｲﾘｮｳﾖｳ) | ... Z11: =IF(OFFSET(マスタ非採用削除!M$4,統合マスタ!$A11,0)="","",OFFSET(マスタ非採用削除!M$4,統合マスタ!$A11,0)) -> 4
A12: =元データ!P9 -> 0 | B12: =B11+1 -> 8 | C12: =DBCS(元データ!A9) -> ０４８ ツムラ ジュウゼンタイホトウ | D12: =元データ!B9 | E12: =元データ!C9 -> 粉 | F12: =元データ!D9 -> 2.5ｇｘ189包 | G12: =元データ!E9 -> ツムラ | H12: =元データ!F9 -> 18.4 | I12: =元データ!G9 -> 8694 | J12: =元データ!H9 -> 472.5 | K12: =元データ!I9 -> g | ... M12: =元データ!K9 -> 16.402116 | N12: =IF(OFFSET(マスタ非採用削除!A$4,統合マスタ!$A12,0)="","",OFFSET(マスタ非採用削除!A$4,統合マスタ!$A12,0)) -> コード(区分値) | O12: =IF(OFFSET(マスタ非採用削除!B$4,統合マスタ!$A12,0)="","",OFFSET(マスタ非採用削除!B$4,統合マスタ!$A12,0)) -> コード | P12: =IF(OFFSET(マスタ非採用削除!C$4,統合マスタ!$A12,0)="","",OFFSET(マスタ非採用削除!C$4,統合マスタ!$A12,0)) -> 名称 | Q12: =IF(OFFSET(マスタ非採用削除!D$4,統合マスタ!$A12,0)="","",OFFSET(マスタ非採用削除!D$4,統合マスタ!$A12,0)) -> ホストコード | R12: =IF(OFFSET(マスタ非採用削除!E$4,統合マスタ!$A12,0)="","",OFFSET(マスタ非採用削除!E$4,統合マスタ!$A12,0)) -> 採用区分（区分値）(区分値) | S12: =IF(OFFSET(マスタ非採用削除!F$4,統合マスタ!$A12,0)="","",OFFSET(マスタ非採用削除!F$4,統合マスタ!$A12,0)) -> 採用区分（区分値） | T12: =IF(OFFSET(マスタ非採用削除!G$4,統合マスタ!$A12,0)="","",OFFSET(マスタ非採用削除!G$4,統合マスタ!$A12,0)) -> 薬価 | U12: =IF(OFFSET(マスタ非採用削除!H$4,統合マスタ!$A12,0)="","",OFFSET(マスタ非採用削除!H$4,統合マスタ!$A12,0)) -> カナ名称 | ... Z12: =IF(OFFSET(マスタ非採用削除!M$4,統合マスタ!$A12,0)="","",OFFSET(マスタ非採用削除!M$4,統合マスタ!$A12,0)) -> 棚
A13: =元データ!P10 -> 302 | B13: =B12+1 -> 9 | C13: =DBCS(元データ!A10) -> ０５４ ツムラ ヨクカンサン | D13: =元データ!B10 -> メディセオ | E13: =元データ!C10 -> 粉 | F13: =元データ!D10 -> 2.5ｇX189 | G13: =元データ!E10 -> ツムラ | H13: =元データ!F10 -> 16.1 | I13: =元データ!G10 -> 7607.25 | J13: =元データ!H10 -> 472.5 | K13: =元データ!I10 -> g | ... M13: =元データ!K10 -> 14.495238 | N13: =IF(OFFSET(マスタ非採用削除!A$4,統合マスタ!$A13,0)="","",OFFSET(マスタ非採用削除!A$4,統合マスタ!$A13,0)) -> ﾂﾑﾗ054 | O13: =IF(OFFSET(マスタ非採用削除!B$4,統合マスタ!$A13,0)="","",OFFSET(マスタ非採用削除!B$4,統合マスタ!$A13,0)) -> ﾂﾑﾗ054 | P13: =IF(OFFSET(マスタ非採用削除!C$4,統合マスタ!$A13,0)="","",OFFSET(マスタ非採用削除!C$4,統合マスタ!$A13,0)) -> ツムラ抑肝散エキス顆粒（医療用） | Q13: =IF(OFFSET(マスタ非採用削除!D$4,統合マスタ!$A13,0)="","",OFFSET(マスタ非採用削除!D$4,統合マスタ!$A13,0)) -> ﾖｸｶ | R13: =IF(OFFSET(マスタ非採用削除!E$4,統合マスタ!$A13,0)="","",OFFSET(マスタ非採用削除!E$4,統合マスタ!$A13,0)) -> 1 | S13: =IF(OFFSET(マスタ非採用削除!F$4,統合マスタ!$A13,0)="","",OFFSET(マスタ非採用削除!F$4,統合マスタ!$A13,0)) | T13: =IF(OFFSET(マスタ非採用削除!G$4,統合マスタ!$A13,0)="","",OFFSET(マスタ非採用削除!G$4,統合マスタ!$A13,0)) -> 16.1 | U13: =IF(OFFSET(マスタ非採用削除!H$4,統合マスタ!$A13,0)="","",OFFSET(マスタ非採用削除!H$4,統合マスタ!$A13,0)) -> ﾂﾑﾗﾖｸｶﾝｻﾝｴｷｽｶﾘｭｳ(ｲﾘｮｳﾖｳ) | ... Z13: =IF(OFFSET(マスタ非採用削除!M$4,統合マスタ!$A13,0)="","",OFFSET(マスタ非採用削除!M$4,統合マスタ!$A13,0)) -> 4
A14: =元データ!P11 -> 303 | B14: =B13+1 -> 10 | C14: =DBCS(元データ!A11) -> ０６２ ツムラ ボウフウツウシヨウサン | D14: =元データ!B11 -> メディセオ | E14: =元データ!C11 -> 粉 | F14: =元データ!D11 -> 2.5ｇｘ189 | G14: =元データ!E11 -> ツムラ | H14: =元データ!F11 -> 13.8 | I14: =元データ!G11 -> 6520.5 | J14: =元データ!H11 -> 472.5 | K14: =元データ!I11 -> g | ... M14: =元データ!K11 -> 12.425397 | N14: =IF(OFFSET(マスタ非採用削除!A$4,統合マスタ!$A14,0)="","",OFFSET(マスタ非採用削除!A$4,統合マスタ!$A14,0)) -> ﾂﾑﾗ062 | O14: =IF(OFFSET(マスタ非採用削除!B$4,統合マスタ!$A14,0)="","",OFFSET(マスタ非採用削除!B$4,統合マスタ!$A14,0)) -> ﾂﾑﾗ062 | P14: =IF(OFFSET(マスタ非採用削除!C$4,統合マスタ!$A14,0)="","",OFFSET(マスタ非採用削除!C$4,統合マスタ!$A14,0)) -> ツムラ防風通聖散エキス顆粒（医療用） | Q14: =IF(OFFSET(マスタ非採用削除!D$4,統合マスタ!$A14,0)="","",OFFSET(マスタ非採用削除!D$4,統合マスタ!$A14,0)) -> ﾎﾞｳﾌｳ | R14: =IF(OFFSET(マスタ非採用削除!E$4,統合マスタ!$A14,0)="","",OFFSET(マスタ非採用削除!E$4,統合マスタ!$A14,0)) -> 1 | S14: =IF(OFFSET(マスタ非採用削除!F$4,統合マスタ!$A14,0)="","",OFFSET(マスタ非採用削除!F$4,統合マスタ!$A14,0)) | T14: =IF(OFFSET(マスタ非採用削除!G$4,統合マスタ!$A14,0)="","",OFFSET(マスタ非採用削除!G$4,統合マスタ!$A14,0)) -> 13.8 | U14: =IF(OFFSET(マスタ非採用削除!H$4,統合マスタ!$A14,0)="","",OFFSET(マスタ非採用削除!H$4,統合マスタ!$A14,0)) -> ﾂﾑﾗﾎﾞｳﾌｳﾂｳｼｮｳｻﾝｴｷｽｶﾘｭｳ(ｲﾘｮｳﾖｳ) | ... Z14: =IF(OFFSET(マスタ非採用削除!M$4,統合マスタ!$A14,0)="","",OFFSET(マスタ非採用削除!M$4,統合マスタ!$A14,0)) -> 4
A15: =元データ!P12 -> 304 | B15: =B14+1 -> 11 | C15: =DBCS(元データ!A12) -> ０６８ ツムラ シャクヤクカンゾウトウ | D15: =元データ!B12 -> メディセオ | E15: =元データ!C12 -> 粉 | F15: =元データ!D12 -> 2.5ｇｘ42 | G15: =元データ!E12 -> ツムラ | H15: =元データ!F12 -> 10.4 | I15: =元データ!G12 -> 1092 | J15: =元データ!H12 -> 105 | K15: =元データ!I12 -> g | ... M15: =元データ!K12 -> 9.447619 | N15: =IF(OFFSET(マスタ非採用削除!A$4,統合マスタ!$A15,0)="","",OFFSET(マスタ非採用削除!A$4,統合マスタ!$A15,0)) -> ﾂﾑﾗ068 | O15: =IF(OFFSET(マスタ非採用削除!B$4,統合マスタ!$A15,0)="","",OFFSET(マスタ非採用削除!B$4,統合マスタ!$A15,0)) -> ﾂﾑﾗ068 | P15: =IF(OFFSET(マスタ非採用削除!C$4,統合マスタ!$A15,0)="","",OFFSET(マスタ非採用削除!C$4,統合マスタ!$A15,0)) -> ツムラ芍薬甘草湯エキス顆粒（医療用） | Q15: =IF(OFFSET(マスタ非採用削除!D$4,統合マスタ!$A15,0)="","",OFFSET(マスタ非採用削除!D$4,統合マスタ!$A15,0)) -> ｼｬｸ | R15: =IF(OFFSET(マスタ非採用削除!E$4,統合マスタ!$A15,0)="","",OFFSET(マスタ非採用削除!E$4,統合マスタ!$A15,0)) -> 1 | S15: =IF(OFFSET(マスタ非採用削除!F$4,統合マスタ!$A15,0)="","",OFFSET(マスタ非採用削除!F$4,統合マスタ!$A15,0)) | T15: =IF(OFFSET(マスタ非採用削除!G$4,統合マスタ!$A15,0)="","",OFFSET(マスタ非採用削除!G$4,統合マスタ!$A15,0)) -> 10.4 | U15: =IF(OFFSET(マスタ非採用削除!H$4,統合マスタ!$A15,0)="","",OFFSET(マスタ非採用削除!H$4,統合マスタ!$A15,0)) -> ﾂﾑﾗｼｬｸﾔｸｶﾝｿﾞｳﾄｳｴｷｽｶﾘｭｳ(ｲﾘｮｳﾖｳ) | ... Z15: =IF(OFFSET(マスタ非採用削除!M$4,統合マスタ!$A15,0)="","",OFFSET(マスタ非採用削除!M$4,統合マスタ!$A15,0)) -> 4
A16: =元データ!P13 -> 305 | B16: =B15+1 -> 12 | C16: =DBCS(元データ!A13) -> ０８３ ツムラ ヨクカンサンカチンピハンゲ | D16: =元データ!B13 -> メディセオ | E16: =元データ!C13 -> 粉 | F16: =元データ!D13 -> 2.5ｇｘ189 | G16: =元データ!E13 -> ツムラ | H16: =元データ!F13 -> 14.4 | I16: =元データ!G13 -> 6804 | J16: =元データ!H13 -> 472.5 | K16: =元データ!I13 -> g | ... M16: =元データ!K13 -> 12.835979 | N16: =IF(OFFSET(マスタ非採用削除!A$4,統合マスタ!$A16,0)="","",OFFSET(マスタ非採用削除!A$4,統合マスタ!$A16,0)) -> ﾂﾑﾗ083 | O16: =IF(OFFSET(マスタ非採用削除!B$4,統合マスタ!$A16,0)="","",OFFSET(マスタ非採用削除!B$4,統合マスタ!$A16,0)) -> ﾂﾑﾗ083 | P16: =IF(OFFSET(マスタ非採用削除!C$4,統合マスタ!$A16,0)="","",OFFSET(マスタ非採用削除!C$4,統合マスタ!$A16,0)) -> ツムラ抑肝散加陳皮半夏エキス顆粒（医療用） | Q16: =IF(OFFSET(マスタ非採用削除!D$4,統合マスタ!$A16,0)="","",OFFSET(マスタ非採用削除!D$4,統合マスタ!$A16,0)) -> ﾖｸｶﾁﾝ | R16: =IF(OFFSET(マスタ非採用削除!E$4,統合マスタ!$A16,0)="","",OFFSET(マスタ非採用削除!E$4,統合マスタ!$A16,0)) -> 1 | S16: =IF(OFFSET(マスタ非採用削除!F$4,統合マスタ!$A16,0)="","",OFFSET(マスタ非採用削除!F$4,統合マスタ!$A16,0)) | T16: =IF(OFFSET(マスタ非採用削除!G$4,統合マスタ!$A16,0)="","",OFFSET(マスタ非採用削除!G$4,統合マスタ!$A16,0)) -> 14.4 | U16: =IF(OFFSET(マスタ非採用削除!H$4,統合マスタ!$A16,0)="","",OFFSET(マスタ非採用削除!H$4,統合マスタ!$A16,0)) -> ﾂﾑﾗﾖｸｶﾝｻﾝｶﾁﾝﾋﾟﾊﾝｹﾞｴｷｽｶﾘｭｳ(ｲﾘｮｳﾖｳ) | ... Z16: =IF(OFFSET(マスタ非採用削除!M$4,統合マスタ!$A16,0)="","",OFFSET(マスタ非採用削除!M$4,統合マスタ!$A16,0)) -> 4
A17: =元データ!P14 -> 306 | B17: =B16+1 -> 13 | C17: =DBCS(元データ!A14) -> １００ ツムラ ダイケンチユウトウ | D17: =元データ!B14 -> メディセオ | E17: =元データ!C14 -> 粉 | F17: =元データ!D14 -> 2.5ｇX189 | G17: =元データ!E14 -> ツムラ | H17: =元データ!F14 -> 13.7 | I17: =元データ!G14 -> 6473.25 | J17: =元データ!H14 -> 472.5 | K17: =元データ!I14 -> g | ... M17: =元データ!K14 -> 12.334392 | N17: =IF(OFFSET(マスタ非採用削除!A$4,統合マスタ!$A17,0)="","",OFFSET(マスタ非採用削除!A$4,統合マスタ!$A17,0)) -> ﾂﾑﾗ100 | O17: =IF(OFFSET(マスタ非採用削除!B$4,統合マスタ!$A17,0)="","",OFFSET(マスタ非採用削除!B$4,統合マスタ!$A17,0)) -> ﾂﾑﾗ100 | P17: =IF(OFFSET(マスタ非採用削除!C$4,統合マスタ!$A17,0)="","",OFFSET(マスタ非採用削除!C$4,統合マスタ!$A17,0)) -> ツムラ大建中湯エキス顆粒（医療用） | Q17: =IF(OFFSET(マスタ非採用削除!D$4,統合マスタ!$A17,0)="","",OFFSET(マスタ非採用削除!D$4,統合マスタ!$A17,0)) -> ﾀﾞｲｹﾝﾁ | R17: =IF(OFFSET(マスタ非採用削除!E$4,統合マスタ!$A17,0)="","",OFFSET(マスタ非採用削除!E$4,統合マスタ!$A17,0)) -> 1 | S17: =IF(OFFSET(マスタ非採用削除!F$4,統合マスタ!$A17,0)="","",OFFSET(マスタ非採用削除!F$4,統合マスタ!$A17,0)) | T17: =IF(OFFSET(マスタ非採用削除!G$4,統合マスタ!$A17,0)="","",OFFSET(マスタ非採用削除!G$4,統合マスタ!$A17,0)) -> 13.7 | U17: =IF(OFFSET(マスタ非採用削除!H$4,統合マスタ!$A17,0)="","",OFFSET(マスタ非採用削除!H$4,統合マスタ!$A17,0)) -> ﾂﾑﾗﾀﾞｲｹﾝﾁｭｳﾄｳｴｷｽｶﾘｭｳ(ｲﾘｮｳﾖｳ) | ... Z17: =IF(OFFSET(マスタ非採用削除!M$4,統合マスタ!$A17,0)="","",OFFSET(マスタ非採用削除!M$4,統合マスタ!$A17,0)) -> 4
... A23: =元データ!P20 -> 140 | B23: =B22+1 -> 19 | C23: =DBCS(元データ!A20) -> ＥＫ１５ 黄連解毒湯エキス細粒 | D23: =元データ!B20 -> メディセオ | E23: =元データ!C20 -> 粉 | F23: =元データ!D20 -> 2ｇｘ42包 | G23: =元データ!E20 -> クラシエ | H23: =元データ!F20 -> 13.3 | I23: =元データ!G20 -> 1117.2 | J23: =元データ!H20 -> 84 | K23: =元データ!I20 -> g | ... M23: =元データ!K20 -> 12.083333 | N23: =IF(OFFSET(マスタ非採用削除!A$4,統合マスタ!$A23,0)="","",OFFSET(マスタ非採用削除!A$4,統合マスタ!$A23,0)) -> ｸﾗｼ015 | O23: =IF(OFFSET(マスタ非採用削除!B$4,統合マスタ!$A23,0)="","",OFFSET(マスタ非採用削除!B$4,統合マスタ!$A23,0)) -> ｸﾗｼ015 | P23: =IF(OFFSET(マスタ非採用削除!C$4,統合マスタ!$A23,0)="","",OFFSET(マスタ非採用削除!C$4,統合マスタ!$A23,0)) -> クラシエ黄連解毒湯エキス細粒 | Q23: =IF(OFFSET(マスタ非採用削除!D$4,統合マスタ!$A23,0)="","",OFFSET(マスタ非採用削除!D$4,統合マスタ!$A23,0)) -> ｵｳ | R23: =IF(OFFSET(マスタ非採用削除!E$4,統合マスタ!$A23,0)="","",OFFSET(マスタ非採用削除!E$4,統合マスタ!$A23,0)) -> 2 | S23: =IF(OFFSET(マスタ非採用削除!F$4,統合マスタ!$A23,0)="","",OFFSET(マスタ非採用削除!F$4,統合マスタ!$A23,0)) | T23: =IF(OFFSET(マスタ非採用削除!G$4,統合マスタ!$A23,0)="","",OFFSET(マスタ非採用削除!G$4,統合マスタ!$A23,0)) -> 13.3 | U23: =IF(OFFSET(マスタ非採用削除!H$4,統合マスタ!$A23,0)="","",OFFSET(マスタ非採用削除!H$4,統合マスタ!$A23,0)) -> ｸﾗｼｴｵｳﾚﾝｹﾞﾄﾞｸﾄｳｴｷｽｻｲﾘｭｳ | ... Z23: =IF(OFFSET(マスタ非採用削除!M$4,統合マスタ!$A23,0)="","",OFFSET(マスタ非採用削除!M$4,統合マスタ!$A23,0)) -> 4
A24: =元データ!P21 -> 非採用 | B24: =B23+1 -> 20 | C24: =DBCS(元データ!A21) -> ＥＫ１９ 小青竜湯エキス細粒 | D24: =元データ!B21 -> アルフレッサ | E24: =元データ!C21 | F24: =元データ!D21 -> 2ｇｘ42包 | G24: =元データ!E21 -> クラシエ | H24: =元データ!F21 -> 24.1 | I24: =元データ!G21 -> 2024.4 | J24: =元データ!H21 -> 84 | K24: =元データ!I21 -> g | ... M24: =元データ!K21 -> 21.904762 | N24: =IF(OFFSET(マスタ非採用削除!A$4,統合マスタ!$A24,0)="","",OFFSET(マスタ非採用削除!A$4,統合マスタ!$A24,0)) -> #VALUE! | O24: =IF(OFFSET(マスタ非採用削除!B$4,統合マスタ!$A24,0)="","",OFFSET(マスタ非採用削除!B$4,統合マスタ!$A24,0)) -> #VALUE! | P24: =IF(OFFSET(マスタ非採用削除!C$4,統合マスタ!$A24,0)="","",OFFSET(マスタ非採用削除!C$4,統合マスタ!$A24,0)) -> #VALUE! | Q24: =IF(OFFSET(マスタ非採用削除!D$4,統合マスタ!$A24,0)="","",OFFSET(マスタ非採用削除!D$4,統合マスタ!$A24,0)) -> #VALUE! | R24: =IF(OFFSET(マスタ非採用削除!E$4,統合マスタ!$A24,0)="","",OFFSET(マスタ非採用削除!E$4,統合マスタ!$A24,0)) -> #VALUE! | S24: =IF(OFFSET(マスタ非採用削除!F$4,統合マスタ!$A24,0)="","",OFFSET(マスタ非採用削除!F$4,統合マスタ!$A24,0)) -> #VALUE! | T24: =IF(OFFSET(マスタ非採用削除!G$4,統合マスタ!$A24,0)="","",OFFSET(マスタ非採用削除!G$4,統合マスタ!$A24,0)) -> #VALUE! | U24: =IF(OFFSET(マスタ非採用削除!H$4,統合マスタ!$A24,0)="","",OFFSET(マスタ非採用削除!H$4,統合マスタ!$A24,0)) -> #VALUE! | ... Z24: =IF(OFFSET(マスタ非採用削除!M$4,統合マスタ!$A24,0)="","",OFFSET(マスタ非採用削除!M$4,統合マスタ!$A24,0)) -> #VALUE! | AA24: 非採用
A25: =元データ!P22 -> 141 | B25: =B24+1 -> 21 | C25: =DBCS(元データ!A22) -> ＥＫ２４ 加味逍遥散料エキス細粒 | D25: =元データ!B22 -> メディセオ | E25: =元データ!C22 -> 粉 | F25: =元データ!D22 -> 2ｇｘ42包 | G25: =元データ!E22 -> クラシエ | H25: =元データ!F22 -> 18.3 | I25: =元データ!G22 -> 1537.2 | J25: =元データ!H22 -> 84 | K25: =元データ!I22 -> g | ... M25: =元データ!K22 -> 16.630952 | N25: =IF(OFFSET(マスタ非採用削除!A$4,統合マスタ!$A25,0)="","",OFFSET(マスタ非採用削除!A$4,統合マスタ!$A25,0)) -> ｸﾗｼ024 | O25: =IF(OFFSET(マスタ非採用削除!B$4,統合マスタ!$A25,0)="","",OFFSET(マスタ非採用削除!B$4,統合マスタ!$A25,0)) -> ｸﾗｼ024 | P25: =IF(OFFSET(マスタ非採用削除!C$4,統合マスタ!$A25,0)="","",OFFSET(マスタ非採用削除!C$4,統合マスタ!$A25,0)) -> クラシエ加味逍遙散料エキス細粒 | Q25: =IF(OFFSET(マスタ非採用削除!D$4,統合マスタ!$A25,0)="","",OFFSET(マスタ非採用削除!D$4,統合マスタ!$A25,0)) -> ｶﾐｼｮ1 | R25: =IF(OFFSET(マスタ非採用削除!E$4,統合マスタ!$A25,0)="","",OFFSET(マスタ非採用削除!E$4,統合マスタ!$A25,0)) -> 1 | S25: =IF(OFFSET(マスタ非採用削除!F$4,統合マスタ!$A25,0)="","",OFFSET(マスタ非採用削除!F$4,統合マスタ!$A25,0)) | T25: =IF(OFFSET(マスタ非採用削除!G$4,統合マスタ!$A25,0)="","",OFFSET(マスタ非採用削除!G$4,統合マスタ!$A25,0)) -> 18.3 | U25: =IF(OFFSET(マスタ非採用削除!H$4,統合マスタ!$A25,0)="","",OFFSET(マスタ非採用削除!H$4,統合マスタ!$A25,0)) -> ｸﾗｼｴｶﾐｼｮｳﾖｳｻﾝﾘｮｳｴｷｽｻｲﾘｭｳ | ... Z25: =IF(OFFSET(マスタ非採用削除!M$4,統合マスタ!$A25,0)="","",OFFSET(マスタ非採用削除!M$4,統合マスタ!$A25,0)) -> 4
A26: =元データ!P23 -> 142 | B26: =B25+1 -> 22 | C26: =DBCS(元データ!A23) -> ＥＫ４０ 猪苓湯エキス細粒 | D26: =元データ!B23 -> メディセオ | E26: =元データ!C23 -> 粉 | F26: =元データ!D23 -> 2ｇｘ42包 | G26: =元データ!E23 -> クラシエ | H26: =元データ!F23 -> 14.8 | I26: =元データ!G23 -> 1243.2 | J26: =元データ!H23 -> 84 | K26: =元データ!I23 -> g | ... M26: =元データ!K23 -> 13.452381 | N26: =IF(OFFSET(マスタ非採用削除!A$4,統合マスタ!$A26,0)="","",OFFSET(マスタ非採用削除!A$4,統合マスタ!$A26,0)) -> ｸﾗｼ040 | O26: =IF(OFFSET(マスタ非採用削除!B$4,統合マスタ!$A26,0)="","",OFFSET(マスタ非採用削除!B$4,統合マスタ!$A26,0)) -> ｸﾗｼ040 | P26: =IF(OFFSET(マスタ非採用削除!C$4,統合マスタ!$A26,0)="","",OFFSET(マスタ非採用削除!C$4,統合マスタ!$A26,0)) -> クラシエ猪苓湯エキス細粒 | Q26: =IF(OFFSET(マスタ非採用削除!D$4,統合マスタ!$A26,0)="","",OFFSET(マスタ非採用削除!D$4,統合マスタ!$A26,0)) -> ﾁｮﾚ | R26: =IF(OFFSET(マスタ非採用削除!E$4,統合マスタ!$A26,0)="","",OFFSET(マスタ非採用削除!E$4,統合マスタ!$A26,0)) -> 2 | S26: =IF(OFFSET(マスタ非採用削除!F$4,統合マスタ!$A26,0)="","",OFFSET(マスタ非採用削除!F$4,統合マスタ!$A26,0)) | T26: =IF(OFFSET(マスタ非採用削除!G$4,統合マスタ!$A26,0)="","",OFFSET(マスタ非採用削除!G$4,統合マスタ!$A26,0)) -> 14.8 | U26: =IF(OFFSET(マスタ非採用削除!H$4,統合マスタ!$A26,0)="","",OFFSET(マスタ非採用削除!H$4,統合マスタ!$A26,0)) -> ｸﾗｼｴﾁｮﾚｲﾄｳｴｷｽｻｲﾘｭｳ | ... Z26: =IF(OFFSET(マスタ非採用削除!M$4,統合マスタ!$A26,0)="","",OFFSET(マスタ非採用削除!M$4,統合マスタ!$A26,0)) -> 4
A27: =元データ!P24 -> 143 | B27: =B26+1 -> 23 | C27: =DBCS(元データ!A24) -> ＥＫ４１ 補中益気湯エキス細粒 | D27: =元データ!B24 -> メディセオ | E27: =元データ!C24 -> 粉 | F27: =元データ!D24 -> 2.5ｇｘ294 | G27: =元データ!E24 -> クラシエ | H27: =元データ!F24 -> 20.4 | I27: =元データ!G24 -> 14994 | J27: =元データ!H24 -> 735 | K27: =元データ!I24 -> g | ... M27: =元データ!K24 -> 18.17415 | N27: =IF(OFFSET(マスタ非採用削除!A$4,統合マスタ!$A27,0)="","",OFFSET(マスタ非採用削除!A$4,統合マスタ!$A27,0)) -> ｸﾗｼ041 | O27: =IF(OFFSET(マスタ非採用削除!B$4,統合マスタ!$A27,0)="","",OFFSET(マスタ非採用削除!B$4,統合マスタ!$A27,0)) -> ｸﾗｼ041 | P27: =IF(OFFSET(マスタ非採用削除!C$4,統合マスタ!$A27,0)="","",OFFSET(マスタ非採用削除!C$4,統合マスタ!$A27,0)) -> クラシエ補中益気湯エキス細粒 | Q27: =IF(OFFSET(マスタ非採用削除!D$4,統合マスタ!$A27,0)="","",OFFSET(マスタ非採用削除!D$4,統合マスタ!$A27,0)) -> ﾎﾁｭｳ | R27: =IF(OFFSET(マスタ非採用削除!E$4,統合マスタ!$A27,0)="","",OFFSET(マスタ非採用削除!E$4,統合マスタ!$A27,0)) -> 1 | S27: =IF(OFFSET(マスタ非採用削除!F$4,統合マスタ!$A27,0)="","",OFFSET(マスタ非採用削除!F$4,統合マスタ!$A27,0)) | T27: =IF(OFFSET(マスタ非採用削除!G$4,統合マスタ!$A27,0)="","",OFFSET(マスタ非採用削除!G$4,統合マスタ!$A27,0)) -> 20.4 | U27: =IF(OFFSET(マスタ非採用削除!H$4,統合マスタ!$A27,0)="","",OFFSET(マスタ非採用削除!H$4,統合マスタ!$A27,0)) -> ｸﾗｼｴﾎﾁｭｳｴｯｷﾄｳｴｷｽｻｲﾘｭｳ | ... Z27: =IF(OFFSET(マスタ非採用削除!M$4,統合マスタ!$A27,0)="","",OFFSET(マスタ非採用削除!M$4,統合マスタ!$A27,0)) -> 4
A28: =元データ!P25 -> 59 | B28: =B27+1 -> 24 | C28: =DBCS(元データ!A25) -> ＥＰＬカプセル２５０ｍｇ 販売中止 | D28: =元データ!B25 -> アルフレッサ | E28: =元データ!C25 -> ＰＴＰ | F28: =元データ!D25 -> ４００Ｐ | G28: =元データ!E25 -> アルフレッサファーマ | H28: =元データ!F25 -> 6.1 | I28: =元データ!G25 -> 2440 | J28: =元データ!H25 -> 400 | K28: =元データ!I25 -> cap | ... M28: =元データ!K25 -> 5.545 | N28: =IF(OFFSET(マスタ非採用削除!A$4,統合マスタ!$A28,0)="","",OFFSET(マスタ非採用削除!A$4,統合マスタ!$A28,0)) -> ｲﾋｴ001 | O28: =IF(OFFSET(マスタ非採用削除!B$4,統合マスタ!$A28,0)="","",OFFSET(マスタ非採用削除!B$4,統合マスタ!$A28,0)) -> ｲﾋｴ001 | P28: =IF(OFFSET(マスタ非採用削除!C$4,統合マスタ!$A28,0)="","",OFFSET(マスタ非採用削除!C$4,統合マスタ!$A28,0)) -> ＥＰＬカプセル２５０ｍｇ | Q28: =IF(OFFSET(マスタ非採用削除!D$4,統合マスタ!$A28,0)="","",OFFSET(マスタ非採用削除!D$4,統合マスタ!$A28,0)) -> EPL** | R28: =IF(OFFSET(マスタ非採用削除!E$4,統合マスタ!$A28,0)="","",OFFSET(マスタ非採用削除!E$4,統合マスタ!$A28,0)) -> 1 | S28: =IF(OFFSET(マスタ非採用削除!F$4,統合マスタ!$A28,0)="","",OFFSET(マスタ非採用削除!F$4,統合マスタ!$A28,0)) | T28: =IF(OFFSET(マスタ非採用削除!G$4,統合マスタ!$A28,0)="","",OFFSET(マスタ非採用削除!G$4,統合マスタ!$A28,0)) -> 6.1 | U28: =IF(OFFSET(マスタ非採用削除!H$4,統合マスタ!$A28,0)="","",OFFSET(マスタ非採用削除!H$4,統合マスタ!$A28,0)) -> EPLｶﾌﾟｾﾙ250mg | ... Z28: =IF(OFFSET(マスタ非採用削除!M$4,統合マスタ!$A28,0)="","",OFFSET(マスタ非採用削除!M$4,統合マスタ!$A28,0)) -> 5
A29: =元データ!P26 -> 76 | B29: =B28+1 -> 25 | C29: =DBCS(元データ!A26) -> ＳＰトローチ０．２５ｍｇ「明治」 | D29: =元データ!B26 -> メディセオ | E29: =元データ!C26 -> PTP | F29: =元データ!D26 -> 1200T | G29: =元データ!E26 -> meijiseika | H29: =元データ!F26 -> 5.9 | I29: =元データ!G26 -> 7080 | J29: =元データ!H26 -> 1200 | K29: =元データ!I26 -> 錠 | ... M29: =元データ!K26 -> 5.3625 | N29: =IF(OFFSET(マスタ非採用削除!A$4,統合マスタ!$A29,0)="","",OFFSET(マスタ非採用削除!A$4,統合マスタ!$A29,0)) -> ｴｽﾋ001 | O29: =IF(OFFSET(マスタ非採用削除!B$4,統合マスタ!$A29,0)="","",OFFSET(マスタ非採用削除!B$4,統合マスタ!$A29,0)) -> ｴｽﾋ001 | P29: =IF(OFFSET(マスタ非採用削除!C$4,統合マスタ!$A29,0)="","",OFFSET(マスタ非採用削除!C$4,統合マスタ!$A29,0)) -> ＳＰトローチ０．２５ｍｇ「明治」 | Q29: =IF(OFFSET(マスタ非採用削除!D$4,統合マスタ!$A29,0)="","",OFFSET(マスタ非採用削除!D$4,統合マスタ!$A29,0)) -> SPﾄ | R29: =IF(OFFSET(マスタ非採用削除!E$4,統合マスタ!$A29,0)="","",OFFSET(マスタ非採用削除!E$4,統合マスタ!$A29,0)) -> 1 | S29: =IF(OFFSET(マスタ非採用削除!F$4,統合マスタ!$A29,0)="","",OFFSET(マスタ非採用削除!F$4,統合マスタ!$A29,0)) | T29: =IF(OFFSET(マスタ非採用削除!G$4,統合マスタ!$A29,0)="","",OFFSET(マスタ非採用削除!G$4,統合マスタ!$A29,0)) -> 5.9 | U29: =IF(OFFSET(マスタ非採用削除!H$4,統合マスタ!$A29,0)="","",OFFSET(マスタ非採用削除!H$4,統合マスタ!$A29,0)) -> SPﾄﾛｰﾁ0.25mg｢ﾒｲｼﾞ｣ | ... Z29: =IF(OFFSET(マスタ非採用削除!M$4,統合マスタ!$A29,0)="","",OFFSET(マスタ非採用削除!M$4,統合マスタ!$A29,0)) -> 3
A30: =元データ!P27 -> 581 | B30: =B29+1 -> 26 | C30: =DBCS(元データ!A27) -> Ｔ７２ ヨクイニンエキス錠「コタロー」 | D30: =元データ!B27 -> メディセオ | E30: =元データ!C27 -> バラ | F30: =元データ!D27 -> 126Tx10 | G30: =元データ!E27 -> 小太郎漢方 | H30: =元データ!F27 -> 6.5 | I30: =元データ!G27 -> 8190 | J30: =元データ!H27 -> 1260 | K30: =元データ!I27 -> 錠 | ... M30: =元データ!K27 -> 5.9087302 | N30: =IF(OFFSET(マスタ非採用削除!A$4,統合マスタ!$A30,0)="","",OFFSET(マスタ非採用削除!A$4,統合マスタ!$A30,0)) -> ﾖｸｲ001 | O30: =IF(OFFSET(マスタ非採用削除!B$4,統合マスタ!$A30,0)="","",OFFSET(マスタ非採用削除!B$4,統合マスタ!$A30,0)) -> ﾖｸｲ001 | P30: =IF(OFFSET(マスタ非採用削除!C$4,統合マスタ!$A30,0)="","",OFFSET(マスタ非採用削除!C$4,統合マスタ!$A30,0)) -> ヨクイニンエキス錠「コタロー」 | Q30: =IF(OFFSET(マスタ非採用削除!D$4,統合マスタ!$A30,0)="","",OFFSET(マスタ非採用削除!D$4,統合マスタ!$A30,0)) | R30: =IF(OFFSET(マスタ非採用削除!E$4,統合マスタ!$A30,0)="","",OFFSET(マスタ非採用削除!E$4,統合マスタ!$A30,0)) -> 2 | S30: =IF(OFFSET(マスタ非採用削除!F$4,統合マスタ!$A30,0)="","",OFFSET(マスタ非採用削除!F$4,統合マスタ!$A30,0)) | T30: =IF(OFFSET(マスタ非採用削除!G$4,統合マスタ!$A30,0)="","",OFFSET(マスタ非採用削除!G$4,統合マスタ!$A30,0)) -> 6.5 | U30: =IF(OFFSET(マスタ非採用削除!H$4,統合マスタ!$A30,0)="","",OFFSET(マスタ非採用削除!H$4,統合マスタ!$A30,0)) -> ﾖｸｲﾆﾝｴｷｽｼﾞﾖｳｺﾀﾛ- | ... Z30: =IF(OFFSET(マスタ非採用削除!M$4,統合マスタ!$A30,0)="","",OFFSET(マスタ非採用削除!M$4,統合マスタ!$A30,0)) -> 15
A31: =元データ!P28 -> 22 | B31: =B30+1 -> 27 | C31: =DBCS(元データ!A28) -> アーチスト錠１．２５ｍｇ | D31: =元データ!B28 -> メディセオ | E31: =元データ!C28 -> PTP | F31: =元データ!D28 -> 100T | G31: =元データ!E28 -> 第一三共 | H31: =元データ!F28 -> 10.4 | I31: =元データ!G28 -> 1040 | J31: =元データ!H28 -> 100 | K31: =元データ!I28 -> 錠 | ... M31: =元データ!K28 -> 9.26 | N31: =IF(OFFSET(マスタ非採用削除!A$4,統合マスタ!$A31,0)="","",OFFSET(マスタ非採用削除!A$4,統合マスタ!$A31,0)) -> ｱﾁｽ001 | O31: =IF(OFFSET(マスタ非採用削除!B$4,統合マスタ!$A31,0)="","",OFFSET(マスタ非採用削除!B$4,統合マスタ!$A31,0)) -> ｱﾁｽ001 | P31: =IF(OFFSET(マスタ非採用削除!C$4,統合マスタ!$A31,0)="","",OFFSET(マスタ非採用削除!C$4,統合マスタ!$A31,0)) -> アーチスト錠１．２５ｍｇ | Q31: =IF(OFFSET(マスタ非採用削除!D$4,統合マスタ!$A31,0)="","",OFFSET(マスタ非採用削除!D$4,統合マスタ!$A31,0)) -> ｱｰﾁ | R31: =IF(OFFSET(マスタ非採用削除!E$4,統合マスタ!$A31,0)="","",OFFSET(マスタ非採用削除!E$4,統合マスタ!$A31,0)) -> 1 | S31: =IF(OFFSET(マスタ非採用削除!F$4,統合マスタ!$A31,0)="","",OFFSET(マスタ非採用削除!F$4,統合マスタ!$A31,0)) | T31: =IF(OFFSET(マスタ非採用削除!G$4,統合マスタ!$A31,0)="","",OFFSET(マスタ非採用削除!G$4,統合マスタ!$A31,0)) -> 10.4 | U31: =IF(OFFSET(マスタ非採用削除!H$4,統合マスタ!$A31,0)="","",OFFSET(マスタ非採用削除!H$4,統合マスタ!$A31,0)) -> ｱｰﾁｽﾄｼﾞｮｳ1.25mg | ... Z31: =IF(OFFSET(マスタ非採用削除!M$4,統合マスタ!$A31,0)="","",OFFSET(マスタ非採用削除!M$4,統合マスタ!$A31,0)) -> 5
A32: =元データ!P29 -> 非採用 | B32: =B31+1 -> 28 | C32: =DBCS(元データ!A29) -> アイファガン点眼液０．１％ | D32: =元データ!B29 | E32: =元データ!C29 | F32: =元データ!D29 -> 5ｍｌｘ5 | G32: =元データ!E29 -> 武田薬品工業 | H32: =元データ!F29 -> 268.9 | I32: =元データ!G29 -> 6722.5 | J32: =元データ!H29 -> 25 | K32: =元データ!I29 -> ｍｌ | ... M32: =元データ!K29 -> 234.32 | N32: =IF(OFFSET(マスタ非採用削除!A$4,統合マスタ!$A32,0)="","",OFFSET(マスタ非採用削除!A$4,統合マスタ!$A32,0)) -> #VALUE! | O32: =IF(OFFSET(マスタ非採用削除!B$4,統合マスタ!$A32,0)="","",OFFSET(マスタ非採用削除!B$4,統合マスタ!$A32,0)) -> #VALUE! | P32: =IF(OFFSET(マスタ非採用削除!C$4,統合マスタ!$A32,0)="","",OFFSET(マスタ非採用削除!C$4,統合マスタ!$A32,0)) -> #VALUE! | Q32: =IF(OFFSET(マスタ非採用削除!D$4,統合マスタ!$A32,0)="","",OFFSET(マスタ非採用削除!D$4,統合マスタ!$A32,0)) -> #VALUE! | R32: =IF(OFFSET(マスタ非採用削除!E$4,統合マスタ!$A32,0)="","",OFFSET(マスタ非採用削除!E$4,統合マスタ!$A32,0)) -> #VALUE! | S32: =IF(OFFSET(マスタ非採用削除!F$4,統合マスタ!$A32,0)="","",OFFSET(マスタ非採用削除!F$4,統合マスタ!$A32,0)) -> #VALUE! | T32: =IF(OFFSET(マスタ非採用削除!G$4,統合マスタ!$A32,0)="","",OFFSET(マスタ非採用削除!G$4,統合マスタ!$A32,0)) -> #VALUE! | U32: =IF(OFFSET(マスタ非採用削除!H$4,統合マスタ!$A32,0)="","",OFFSET(マスタ非採用削除!H$4,統合マスタ!$A32,0)) -> #VALUE! | ... Z32: =IF(OFFSET(マスタ非採用削除!M$4,統合マスタ!$A32,0)="","",OFFSET(マスタ非採用削除!M$4,統合マスタ!$A32,0)) -> #VALUE! | AA32: 非採用
A33: =元データ!P30 -> 非採用 | B33: =B32+1 -> 29 | C33: =DBCS(元データ!A30) -> アウィクリ注 フレックスタッチ 総量３００単位 | D33: =元データ!B30 -> アルフレッサ | E33: =元データ!C30 | F33: =元データ!D30 -> 0.43ｍｌｘ2kit | G33: =元データ!E30 -> ノボノルディスク | H33: =元データ!F30 -> 2081 | I33: =元データ!G30 -> 4162 | J33: =元データ!H30 -> 2 | K33: =元データ!I30 -> kit | ... M33: =元データ!K30 -> 1844.5 | N33: =IF(OFFSET(マスタ非採用削除!A$4,統合マスタ!$A33,0)="","",OFFSET(マスタ非採用削除!A$4,統合マスタ!$A33,0)) -> #VALUE! | O33: =IF(OFFSET(マスタ非採用削除!B$4,統合マスタ!$A33,0)="","",OFFSET(マスタ非採用削除!B$4,統合マスタ!$A33,0)) -> #VALUE! | P33: =IF(OFFSET(マスタ非採用削除!C$4,統合マスタ!$A33,0)="","",OFFSET(マスタ非採用削除!C$4,統合マスタ!$A33,0)) -> #VALUE! | Q33: =IF(OFFSET(マスタ非採用削除!D$4,統合マスタ!$A33,0)="","",OFFSET(マスタ非採用削除!D$4,統合マスタ!$A33,0)) -> #VALUE! | R33: =IF(OFFSET(マスタ非採用削除!E$4,統合マスタ!$A33,0)="","",OFFSET(マスタ非採用削除!E$4,統合マスタ!$A33,0)) -> #VALUE! | S33: =IF(OFFSET(マスタ非採用削除!F$4,統合マスタ!$A33,0)="","",OFFSET(マスタ非採用削除!F$4,統合マスタ!$A33,0)) -> #VALUE! | T33: =IF(OFFSET(マスタ非採用削除!G$4,統合マスタ!$A33,0)="","",OFFSET(マスタ非採用削除!G$4,統合マスタ!$A33,0)) -> #VALUE! | U33: =IF(OFFSET(マスタ非採用削除!H$4,統合マスタ!$A33,0)="","",OFFSET(マスタ非採用削除!H$4,統合マスタ!$A33,0)) -> #VALUE! | ... Z33: =IF(OFFSET(マスタ非採用削除!M$4,統合マスタ!$A33,0)="","",OFFSET(マスタ非採用削除!M$4,統合マスタ!$A33,0)) -> #VALUE! | AA33: 非採用
A34: =元データ!P31 -> 非採用 | B34: =B33+1 -> 30 | C34: =DBCS(元データ!A31) -> アキネトン細粒１％ | D34: =元データ!B31 | E34: =元データ!C31 -> 粉 | F34: =元データ!D31 -> 100ｇ | G34: =元データ!E31 -> 住友ファーマ | H34: =元データ!F31 -> 21.4 | I34: =元データ!G31 -> 2140 | J34: =元データ!H31 -> 100 | K34: =元データ!I31 -> ｇ | ... M34: =元データ!K31 -> 19.07 | N34: =IF(OFFSET(マスタ非採用削除!A$4,統合マスタ!$A34,0)="","",OFFSET(マスタ非採用削除!A$4,統合マスタ!$A34,0)) -> #VALUE! | O34: =IF(OFFSET(マスタ非採用削除!B$4,統合マスタ!$A34,0)="","",OFFSET(マスタ非採用削除!B$4,統合マスタ!$A34,0)) -> #VALUE! | P34: =IF(OFFSET(マスタ非採用削除!C$4,統合マスタ!$A34,0)="","",OFFSET(マスタ非採用削除!C$4,統合マスタ!$A34,0)) -> #VALUE! | Q34: =IF(OFFSET(マスタ非採用削除!D$4,統合マスタ!$A34,0)="","",OFFSET(マスタ非採用削除!D$4,統合マスタ!$A34,0)) -> #VALUE! | R34: =IF(OFFSET(マスタ非採用削除!E$4,統合マスタ!$A34,0)="","",OFFSET(マスタ非採用削除!E$4,統合マスタ!$A34,0)) -> #VALUE! | S34: =IF(OFFSET(マスタ非採用削除!F$4,統合マスタ!$A34,0)="","",OFFSET(マスタ非採用削除!F$4,統合マスタ!$A34,0)) -> #VALUE! | T34: =IF(OFFSET(マスタ非採用削除!G$4,統合マスタ!$A34,0)="","",OFFSET(マスタ非採用削除!G$4,統合マスタ!$A34,0)) -> #VALUE! | U34: =IF(OFFSET(マスタ非採用削除!H$4,統合マスタ!$A34,0)="","",OFFSET(マスタ非採用削除!H$4,統合マスタ!$A34,0)) -> #VALUE! | ... Z34: =IF(OFFSET(マスタ非採用削除!M$4,統合マスタ!$A34,0)="","",OFFSET(マスタ非採用削除!M$4,統合マスタ!$A34,0)) -> #VALUE! | AA34: 非採用
A35: =元データ!P32 -> 2 | B35: =B34+1 -> 31 | C35: =DBCS(元データ!A32) -> アキネトン注射液５ｍｇ | D35: =元データ!B32 | E35: =元データ!C32 | F35: =元データ!D32 -> １ｍＬ×5０Ａ | G35: =元データ!E32 -> 住友ファーマ | H35: =元データ!F32 -> 61 | I35: =元データ!G32 -> 3050 | J35: =元データ!H32 -> 50 | K35: =元データ!I32 -> A | ... M35: =元データ!K32 -> 54.36 | N35: =IF(OFFSET(マスタ非採用削除!A$4,統合マスタ!$A35,0)="","",OFFSET(マスタ非採用削除!A$4,統合マスタ!$A35,0)) -> ｱｷﾈ002 | O35: =IF(OFFSET(マスタ非採用削除!B$4,統合マスタ!$A35,0)="","",OFFSET(マスタ非採用削除!B$4,統合マスタ!$A35,0)) -> ｱｷﾈ002 | P35: =IF(OFFSET(マスタ非採用削除!C$4,統合マスタ!$A35,0)="","",OFFSET(マスタ非採用削除!C$4,統合マスタ!$A35,0)) -> アキネトン注射液５ｍｇ | Q35: =IF(OFFSET(マスタ非採用削除!D$4,統合マスタ!$A35,0)="","",OFFSET(マスタ非採用削除!D$4,統合マスタ!$A35,0)) -> ｱｷﾈﾄﾝﾁ | R35: =IF(OFFSET(マスタ非採用削除!E$4,統合マスタ!$A35,0)="","",OFFSET(マスタ非採用削除!E$4,統合マスタ!$A35,0)) -> 1 | S35: =IF(OFFSET(マスタ非採用削除!F$4,統合マスタ!$A35,0)="","",OFFSET(マスタ非採用削除!F$4,統合マスタ!$A35,0)) | T35: =IF(OFFSET(マスタ非採用削除!G$4,統合マスタ!$A35,0)="","",OFFSET(マスタ非採用削除!G$4,統合マスタ!$A35,0)) -> 61 | U35: =IF(OFFSET(マスタ非採用削除!H$4,統合マスタ!$A35,0)="","",OFFSET(マスタ非採用削除!H$4,統合マスタ!$A35,0)) -> ｱｷﾈﾄﾝﾁｭｳｼｬｴｷ5mg | ... Z35: =IF(OFFSET(マスタ非採用削除!M$4,統合マスタ!$A35,0)="","",OFFSET(マスタ非採用削除!M$4,統合マスタ!$A35,0)) -> 9
A36: =元データ!P33 -> 3 | B36: =B35+1 -> 32 | C36: =DBCS(元データ!A33) -> アクアチムクリーム１％ | D36: =元データ!B33 -> スズケン | E36: =元データ!C33 | F36: =元データ!D33 -> 10ｇX10 | G36: =元データ!E33 -> 大塚製薬 | H36: =元データ!F33 -> 20.7 | I36: =元データ!G33 -> 2070 | J36: =元データ!H33 -> 100 | K36: =元データ!I33 -> ｇ | ... M36: =元データ!K33 -> 18.41 | N36: =IF(OFFSET(マスタ非採用削除!A$4,統合マスタ!$A36,0)="","",OFFSET(マスタ非採用削除!A$4,統合マスタ!$A36,0)) -> ｱｸｱ001 | O36: =IF(OFFSET(マスタ非採用削除!B$4,統合マスタ!$A36,0)="","",OFFSET(マスタ非採用削除!B$4,統合マスタ!$A36,0)) -> ｱｸｱ001 | P36: =IF(OFFSET(マスタ非採用削除!C$4,統合マスタ!$A36,0)="","",OFFSET(マスタ非採用削除!C$4,統合マスタ!$A36,0)) -> アクアチムクリーム１％ | Q36: =IF(OFFSET(マスタ非採用削除!D$4,統合マスタ!$A36,0)="","",OFFSET(マスタ非採用削除!D$4,統合マスタ!$A36,0)) -> ｱｸｱﾁﾑ | R36: =IF(OFFSET(マスタ非採用削除!E$4,統合マスタ!$A36,0)="","",OFFSET(マスタ非採用削除!E$4,統合マスタ!$A36,0)) -> 1 | S36: =IF(OFFSET(マスタ非採用削除!F$4,統合マスタ!$A36,0)="","",OFFSET(マスタ非採用削除!F$4,統合マスタ!$A36,0)) | T36: =IF(OFFSET(マスタ非採用削除!G$4,統合マスタ!$A36,0)="","",OFFSET(マスタ非採用削除!G$4,統合マスタ!$A36,0)) -> 20.7 | U36: =IF(OFFSET(マスタ非採用削除!H$4,統合マスタ!$A36,0)="","",OFFSET(マスタ非採用削除!H$4,統合マスタ!$A36,0)) -> ｱｸｱﾁﾑｸﾘｰﾑ1% | ... Z36: =IF(OFFSET(マスタ非採用削除!M$4,統合マスタ!$A36,0)="","",OFFSET(マスタ非採用削除!M$4,統合マスタ!$A36,0)) -> 3
A37: =元データ!P34 -> 4 | B37: =B36+1 -> 33 | C37: =DBCS(元データ!A34) -> アクチット輸液 | D37: =元データ!B34 -> メディセオ | E37: =元データ!C34 | F37: =元データ!D34 -> 500ｍｌｘ20袋 | G37: =元データ!E34 -> 扶桑薬品 | H37: =元データ!F34 -> 341 | I37: =元データ!G34 -> 6820 | J37: =元データ!H34 -> 20 | K37: =元データ!I34 -> 袋 | ... M37: =元データ!K34 -> 303.75 | N37: =IF(OFFSET(マスタ非採用削除!A$4,統合マスタ!$A37,0)="","",OFFSET(マスタ非採用削除!A$4,統合マスタ!$A37,0)) -> ｱｸﾁ002 | O37: =IF(OFFSET(マスタ非採用削除!B$4,統合マスタ!$A37,0)="","",OFFSET(マスタ非採用削除!B$4,統合マスタ!$A37,0)) -> ｱｸﾁ002 | P37: =IF(OFFSET(マスタ非採用削除!C$4,統合マスタ!$A37,0)="","",OFFSET(マスタ非採用削除!C$4,統合マスタ!$A37,0)) -> アクチット輸液 | Q37: =IF(OFFSET(マスタ非採用削除!D$4,統合マスタ!$A37,0)="","",OFFSET(マスタ非採用削除!D$4,統合マスタ!$A37,0)) | R37: =IF(OFFSET(マスタ非採用削除!E$4,統合マスタ!$A37,0)="","",OFFSET(マスタ非採用削除!E$4,統合マスタ!$A37,0)) -> 1 | S37: =IF(OFFSET(マスタ非採用削除!F$4,統合マスタ!$A37,0)="","",OFFSET(マスタ非採用削除!F$4,統合マスタ!$A37,0)) | T37: =IF(OFFSET(マスタ非採用削除!G$4,統合マスタ!$A37,0)="","",OFFSET(マスタ非採用削除!G$4,統合マスタ!$A37,0)) -> 341 | U37: =IF(OFFSET(マスタ非採用削除!H$4,統合マスタ!$A37,0)="","",OFFSET(マスタ非採用削除!H$4,統合マスタ!$A37,0)) -> ｱｸﾁﾂﾄﾕｴｷ | ... Z37: =IF(OFFSET(マスタ非採用削除!M$4,統合マスタ!$A37,0)="","",OFFSET(マスタ非採用削除!M$4,統合マスタ!$A37,0)) -> 10
A38: =元データ!P35 -> 5 | B38: =B37+1 -> 34 | C38: =DBCS(元データ!A35) -> アクトシン軟膏３％ | D38: =元データ!B35 -> アルフレッサ | E38: =元データ!C35 | F38: =元データ!D35 -> 30ｇ | G38: =元データ!E35 -> マルホ | H38: =元データ!F35 -> 50 | I38: =元データ!G35 -> 1500 | J38: =元データ!H35 -> 30 | K38: =元データ!I35 -> g | ... M38: =元データ!K35 -> 41.7 | N38: =IF(OFFSET(マスタ非採用削除!A$4,統合マスタ!$A38,0)="","",OFFSET(マスタ非採用削除!A$4,統合マスタ!$A38,0)) -> ｱｸﾄ001 | O38: =IF(OFFSET(マスタ非採用削除!B$4,統合マスタ!$A38,0)="","",OFFSET(マスタ非採用削除!B$4,統合マスタ!$A38,0)) -> ｱｸﾄ001 | P38: =IF(OFFSET(マスタ非採用削除!C$4,統合マスタ!$A38,0)="","",OFFSET(マスタ非採用削除!C$4,統合マスタ!$A38,0)) -> アクトシン軟膏３％ | Q38: =IF(OFFSET(マスタ非採用削除!D$4,統合マスタ!$A38,0)="","",OFFSET(マスタ非採用削除!D$4,統合マスタ!$A38,0)) -> ｱｸﾄｼﾝ | R38: =IF(OFFSET(マスタ非採用削除!E$4,統合マスタ!$A38,0)="","",OFFSET(マスタ非採用削除!E$4,統合マスタ!$A38,0)) -> 1 | S38: =IF(OFFSET(マスタ非採用削除!F$4,統合マスタ!$A38,0)="","",OFFSET(マスタ非採用削除!F$4,統合マスタ!$A38,0)) | T38: =IF(OFFSET(マスタ非採用削除!G$4,統合マスタ!$A38,0)="","",OFFSET(マスタ非採用削除!G$4,統合マスタ!$A38,0)) -> 50 | U38: =IF(OFFSET(マスタ非採用削除!H$4,統合マスタ!$A38,0)="","",OFFSET(マスタ非採用削除!H$4,統合マスタ!$A38,0)) -> ｱｸﾄｼﾝﾅﾝｺｳ3% | ... Z38: =IF(OFFSET(マスタ非採用削除!M$4,統合マスタ!$A38,0)="","",OFFSET(マスタ非採用削除!M$4,統合マスタ!$A38,0)) -> 15
A39: =元データ!P36 -> 6 | B39: =B38+1 -> 35 | C39: =DBCS(元データ!A36) -> アザルフィジンＥＮ錠５００ｍｇ | D39: =元データ!B36 -> KSK | E39: =元データ!C36 -> PTP | F39: =元データ!D36 -> 100Ｔ | G39: =元データ!E36 -> ファイザー | H39: =元データ!F36 -> 25.9 | I39: =元データ!G36 -> 2590 | J39: =元データ!H36 -> 100 | K39: =元データ!I36 -> 錠 | ... M39: =元データ!K36 -> 23.08 | N39: =IF(OFFSET(マスタ非採用削除!A$4,統合マスタ!$A39,0)="","",OFFSET(マスタ非採用削除!A$4,統合マスタ!$A39,0)) -> ｱｻﾙ001 | O39: =IF(OFFSET(マスタ非採用削除!B$4,統合マスタ!$A39,0)="","",OFFSET(マスタ非採用削除!B$4,統合マスタ!$A39,0)) -> ｱｻﾙ001 | P39: =IF(OFFSET(マスタ非採用削除!C$4,統合マスタ!$A39,0)="","",OFFSET(マスタ非採用削除!C$4,統合マスタ!$A39,0)) -> アザルフィジンＥＮ錠５００ｍｇ | Q39: =IF(OFFSET(マスタ非採用削除!D$4,統合マスタ!$A39,0)="","",OFFSET(マスタ非採用削除!D$4,統合マスタ!$A39,0)) -> ｱｻﾞﾙ1 | R39: =IF(OFFSET(マスタ非採用削除!E$4,統合マスタ!$A39,0)="","",OFFSET(マスタ非採用削除!E$4,統合マスタ!$A39,0)) -> 2 | S39: =IF(OFFSET(マスタ非採用削除!F$4,統合マスタ!$A39,0)="","",OFFSET(マスタ非採用削除!F$4,統合マスタ!$A39,0)) | T39: =IF(OFFSET(マスタ非採用削除!G$4,統合マスタ!$A39,0)="","",OFFSET(マスタ非採用削除!G$4,統合マスタ!$A39,0)) -> 25.9 | U39: =IF(OFFSET(マスタ非採用削除!H$4,統合マスタ!$A39,0)="","",OFFSET(マスタ非採用削除!H$4,統合マスタ!$A39,0)) -> ｱｻﾞﾙﾌｨｼﾞﾝENｼﾞｮｳ500mg | ... Z39: =IF(OFFSET(マスタ非採用削除!M$4,統合マスタ!$A39,0)="","",OFFSET(マスタ非採用削除!M$4,統合マスタ!$A39,0)) -> 3
A40: =元データ!P37 -> 7 | B40: =B39+1 -> 36 | C40: =DBCS(元データ!A37) -> アシクロビル点滴静注用２５０ｍｇ「サワイ」 | D40: =元データ!B37 | E40: =元データ!C37 | F40: =元データ!D37 -> 10V | G40: =元データ!E37 -> 沢井製薬 | H40: =元データ!F37 -> 368 | I40: =元データ!G37 -> 3680 | J40: =元データ!H37 -> 10 | K40: =元データ!I37 -> V | ... M40: =元データ!K37 -> 323.8 | N40: =IF(OFFSET(マスタ非採用削除!A$4,統合マスタ!$A40,0)="","",OFFSET(マスタ非採用削除!A$4,統合マスタ!$A40,0)) -> ｱｼｸ001 | O40: =IF(OFFSET(マスタ非採用削除!B$4,統合マスタ!$A40,0)="","",OFFSET(マスタ非採用削除!B$4,統合マスタ!$A40,0)) -> ｱｼｸ001 | P40: =IF(OFFSET(マスタ非採用削除!C$4,統合マスタ!$A40,0)="","",OFFSET(マスタ非採用削除!C$4,統合マスタ!$A40,0)) -> アシクロビル点滴静注用２５０ｍｇ「サワイ」 | Q40: =IF(OFFSET(マスタ非採用削除!D$4,統合マスタ!$A40,0)="","",OFFSET(マスタ非採用削除!D$4,統合マスタ!$A40,0)) -> ｱｼｸﾛ | R40: =IF(OFFSET(マスタ非採用削除!E$4,統合マスタ!$A40,0)="","",OFFSET(マスタ非採用削除!E$4,統合マスタ!$A40,0)) -> 2 | S40: =IF(OFFSET(マスタ非採用削除!F$4,統合マスタ!$A40,0)="","",OFFSET(マスタ非採用削除!F$4,統合マスタ!$A40,0)) | T40: =IF(OFFSET(マスタ非採用削除!G$4,統合マスタ!$A40,0)="","",OFFSET(マスタ非採用削除!G$4,統合マスタ!$A40,0)) -> 368 | U40: =IF(OFFSET(マスタ非採用削除!H$4,統合マスタ!$A40,0)="","",OFFSET(マスタ非採用削除!H$4,統合マスタ!$A40,0)) -> ｱｼｸﾛﾋﾞﾙﾃﾝﾃｷｼﾞｮｳﾁｭｳﾖｳ250mg｢ｻﾜｲ｣ | ... Z40: =IF(OFFSET(マスタ非採用削除!M$4,統合マスタ!$A40,0)="","",OFFSET(マスタ非採用削除!M$4,統合マスタ!$A40,0)) -> 9
A41: =元データ!P38 -> 8 | B41: =B40+1 -> 37 | C41: =DBCS(元データ!A38) -> アジスロマイシン錠２５０ｍｇ「トーワ」 | D41: =元データ!B38 | E41: =元データ!C38 -> ＰＴＰ | F41: =元データ!D38 -> 60T | G41: =元データ!E38 -> 東和薬品 | H41: =元データ!F38 -> 60.7 | I41: =元データ!G38 -> 3642 | J41: =元データ!H38 -> 60 | K41: =元データ!I38 -> 錠 | ... M41: =元データ!K38 -> 49.2 | N41: =IF(OFFSET(マスタ非採用削除!A$4,統合マスタ!$A41,0)="","",OFFSET(マスタ非採用削除!A$4,統合マスタ!$A41,0)) -> ｱｼｽ001 | O41: =IF(OFFSET(マスタ非採用削除!B$4,統合マスタ!$A41,0)="","",OFFSET(マスタ非採用削除!B$4,統合マスタ!$A41,0)) -> ｱｼｽ001 | P41: =IF(OFFSET(マスタ非採用削除!C$4,統合マスタ!$A41,0)="","",OFFSET(マスタ非採用削除!C$4,統合マスタ!$A41,0)) -> アジスロマイシン錠２５０ｍｇ「トーワ」 | Q41: =IF(OFFSET(マスタ非採用削除!D$4,統合マスタ!$A41,0)="","",OFFSET(マスタ非採用削除!D$4,統合マスタ!$A41,0)) -> ｱｼﾞｽ | R41: =IF(OFFSET(マスタ非採用削除!E$4,統合マスタ!$A41,0)="","",OFFSET(マスタ非採用削除!E$4,統合マスタ!$A41,0)) -> 1 | S41: =IF(OFFSET(マスタ非採用削除!F$4,統合マスタ!$A41,0)="","",OFFSET(マスタ非採用削除!F$4,統合マスタ!$A41,0)) | T41: =IF(OFFSET(マスタ非採用削除!G$4,統合マスタ!$A41,0)="","",OFFSET(マスタ非採用削除!G$4,統合マスタ!$A41,0)) -> 60.7 | U41: =IF(OFFSET(マスタ非採用削除!H$4,統合マスタ!$A41,0)="","",OFFSET(マスタ非採用削除!H$4,統合マスタ!$A41,0)) -> ｱｼﾞｽﾛﾏｲｼﾝｼﾞｮｳ250mg｢ﾄｰﾜ｣ | ... Z41: =IF(OFFSET(マスタ非採用削除!M$4,統合マスタ!$A41,0)="","",OFFSET(マスタ非採用削除!M$4,統合マスタ!$A41,0)) -> 1
A42: =元データ!P39 -> 9 | B42: =B41+1 -> 38 | C42: =DBCS(元データ!A39) -> アジルサルタンＯＤ錠２０ｍｇ「サワイ」 | D42: =元データ!B39 -> アルフレッサ | E42: =元データ!C39 -> PTP | F42: =元データ!D39 -> 100T | G42: =元データ!E39 -> 沢井製薬 | H42: =元データ!F39 -> 27.4 | I42: =元データ!G39 -> 2740 | J42: =元データ!H39 -> 100 | K42: =元データ!I39 -> 錠 | ... M42: =元データ!K39 -> 20.82 | N42: =IF(OFFSET(マスタ非採用削除!A$4,統合マスタ!$A42,0)="","",OFFSET(マスタ非採用削除!A$4,統合マスタ!$A42,0)) -> ｱｼﾙ003 | O42: =IF(OFFSET(マスタ非採用削除!B$4,統合マスタ!$A42,0)="","",OFFSET(マスタ非採用削除!B$4,統合マスタ!$A42,0)) -> ｱｼﾙ003 | P42: =IF(OFFSET(マスタ非採用削除!C$4,統合マスタ!$A42,0)="","",OFFSET(マスタ非採用削除!C$4,統合マスタ!$A42,0)) -> アジルサルタンＯＤ錠２０ｍｇ「サワイ」 | Q42: =IF(OFFSET(マスタ非採用削除!D$4,統合マスタ!$A42,0)="","",OFFSET(マスタ非採用削除!D$4,統合マスタ!$A42,0)) | R42: =IF(OFFSET(マスタ非採用削除!E$4,統合マスタ!$A42,0)="","",OFFSET(マスタ非採用削除!E$4,統合マスタ!$A42,0)) -> 1 | S42: =IF(OFFSET(マスタ非採用削除!F$4,統合マスタ!$A42,0)="","",OFFSET(マスタ非採用削除!F$4,統合マスタ!$A42,0)) | T42: =IF(OFFSET(マスタ非採用削除!G$4,統合マスタ!$A42,0)="","",OFFSET(マスタ非採用削除!G$4,統合マスタ!$A42,0)) -> 27.4 | U42: =IF(OFFSET(マスタ非採用削除!H$4,統合マスタ!$A42,0)="","",OFFSET(マスタ非採用削除!H$4,統合マスタ!$A42,0)) -> ｱｼﾞﾙｻﾙﾀﾝODｼﾞﾖｳ20MGｻﾜｲ | ... Z42: =IF(OFFSET(マスタ非採用削除!M$4,統合マスタ!$A42,0)="","",OFFSET(マスタ非採用削除!M$4,統合マスタ!$A42,0)) -> 5
A43: =元データ!P40 -> 9 | B43: =B42+1 -> 39 | C43: =DBCS(元データ!A40) -> アジルサルタンＯＤ錠２０ｍｇ「サワイ」 | D43: =元データ!B40 -> アルフレッサ | E43: =元データ!C40 -> バラ | F43: =元データ!D40 -> 200T | G43: =元データ!E40 -> 沢井製薬 | H43: =元データ!F40 -> 27.4 | I43: =元データ!G40 -> 5480 | J43: =元データ!H40 -> 200 | K43: =元データ!I40 -> 錠 | ... M43: =元データ!K40 -> 20.825 | N43: =IF(OFFSET(マスタ非採用削除!A$4,統合マスタ!$A43,0)="","",OFFSET(マスタ非採用削除!A$4,統合マスタ!$A43,0)) -> ｱｼﾙ003 | O43: =IF(OFFSET(マスタ非採用削除!B$4,統合マスタ!$A43,0)="","",OFFSET(マスタ非採用削除!B$4,統合マスタ!$A43,0)) -> ｱｼﾙ003 | P43: =IF(OFFSET(マスタ非採用削除!C$4,統合マスタ!$A43,0)="","",OFFSET(マスタ非採用削除!C$4,統合マスタ!$A43,0)) -> アジルサルタンＯＤ錠２０ｍｇ「サワイ」 | Q43: =IF(OFFSET(マスタ非採用削除!D$4,統合マスタ!$A43,0)="","",OFFSET(マスタ非採用削除!D$4,統合マスタ!$A43,0)) | R43: =IF(OFFSET(マスタ非採用削除!E$4,統合マスタ!$A43,0)="","",OFFSET(マスタ非採用削除!E$4,統合マスタ!$A43,0)) -> 1 | S43: =IF(OFFSET(マスタ非採用削除!F$4,統合マスタ!$A43,0)="","",OFFSET(マスタ非採用削除!F$4,統合マスタ!$A43,0)) | T43: =IF(OFFSET(マスタ非採用削除!G$4,統合マスタ!$A43,0)="","",OFFSET(マスタ非採用削除!G$4,統合マスタ!$A43,0)) -> 27.4 | U43: =IF(OFFSET(マスタ非採用削除!H$4,統合マスタ!$A43,0)="","",OFFSET(マスタ非採用削除!H$4,統合マスタ!$A43,0)) -> ｱｼﾞﾙｻﾙﾀﾝODｼﾞﾖｳ20MGｻﾜｲ | ... Z43: =IF(OFFSET(マスタ非採用削除!M$4,統合マスタ!$A43,0)="","",OFFSET(マスタ非採用削除!M$4,統合マスタ!$A43,0)) -> 5
A44: =元データ!P41 -> 10 | B44: =B43+1 -> 40 | C44: =DBCS(元データ!A41) -> アスコルビン酸注５００ｍｇ「イセイ」 | D44: =元データ!B41 -> アルフレッサ | E44: =元データ!C41 | F44: =元データ!D41 -> 2ｍｌｘ50Ａ | G44: =元データ!E41 -> 愛知イセイ | H44: =元データ!F41 -> 100 | I44: =元データ!G41 -> 5000 | J44: =元データ!H41 -> 50 | K44: =元データ!I41 -> A | ... M44: =元データ!K41 -> 90.9 | N44: =IF(OFFSET(マスタ非採用削除!A$4,統合マスタ!$A44,0)="","",OFFSET(マスタ非採用削除!A$4,統合マスタ!$A44,0)) -> ｱｽｺ003 | O44: =IF(OFFSET(マスタ非採用削除!B$4,統合マスタ!$A44,0)="","",OFFSET(マスタ非採用削除!B$4,統合マスタ!$A44,0)) -> ｱｽｺ003 | P44: =IF(OFFSET(マスタ非採用削除!C$4,統合マスタ!$A44,0)="","",OFFSET(マスタ非採用削除!C$4,統合マスタ!$A44,0)) -> アスコルビン酸注５００ｍｇ「イセイ」 | Q44: =IF(OFFSET(マスタ非採用削除!D$4,統合マスタ!$A44,0)="","",OFFSET(マスタ非採用削除!D$4,統合マスタ!$A44,0)) | R44: =IF(OFFSET(マスタ非採用削除!E$4,統合マスタ!$A44,0)="","",OFFSET(マスタ非採用削除!E$4,統合マスタ!$A44,0)) -> 1 | S44: =IF(OFFSET(マスタ非採用削除!F$4,統合マスタ!$A44,0)="","",OFFSET(マスタ非採用削除!F$4,統合マスタ!$A44,0)) | T44: =IF(OFFSET(マスタ非採用削除!G$4,統合マスタ!$A44,0)="","",OFFSET(マスタ非採用削除!G$4,統合マスタ!$A44,0)) -> 100 | U44: =IF(OFFSET(マスタ非採用削除!H$4,統合マスタ!$A44,0)="","",OFFSET(マスタ非採用削除!H$4,統合マスタ!$A44,0)) -> ｱｽｺﾙﾋﾞﾝｻﾝﾁﾕｳ500MGｲｾｲ | ... Z44: =IF(OFFSET(マスタ非採用削除!M$4,統合マスタ!$A44,0)="","",OFFSET(マスタ非採用削除!M$4,統合マスタ!$A44,0)) -> 11
A45: =元データ!P42 -> 0 | B45: =B44+1 -> 41 | C45: =DBCS(元データ!A42) -> アスコルビン酸注射液５００ｍｇ「トーワ」 | D45: =元データ!B42 -> 東和薬品 | E45: =元データ!C42 | F45: =元データ!D42 -> 2ｍｌｘ1００Ａ | G45: =元データ!E42 -> 東和薬品 | H45: =元データ!F42 -> 100 | I45: =元データ!G42 -> 10000 | J45: =元データ!H42 -> 100 | K45: =元データ!I42 -> A | ... M45: =元データ!K42 -> 72.2 | N45: =IF(OFFSET(マスタ非採用削除!A$4,統合マスタ!$A45,0)="","",OFFSET(マスタ非採用削除!A$4,統合マスタ!$A45,0)) -> コード(区分値) | O45: =IF(OFFSET(マスタ非採用削除!B$4,統合マスタ!$A45,0)="","",OFFSET(マスタ非採用削除!B$4,統合マスタ!$A45,0)) -> コード | P45: =IF(OFFSET(マスタ非採用削除!C$4,統合マスタ!$A45,0)="","",OFFSET(マスタ非採用削除!C$4,統合マスタ!$A45,0)) -> 名称 | Q45: =IF(OFFSET(マスタ非採用削除!D$4,統合マスタ!$A45,0)="","",OFFSET(マスタ非採用削除!D$4,統合マスタ!$A45,0)) -> ホストコード | R45: =IF(OFFSET(マスタ非採用削除!E$4,統合マスタ!$A45,0)="","",OFFSET(マスタ非採用削除!E$4,統合マスタ!$A45,0)) -> 採用区分（区分値）(区分値) | S45: =IF(OFFSET(マスタ非採用削除!F$4,統合マスタ!$A45,0)="","",OFFSET(マスタ非採用削除!F$4,統合マスタ!$A45,0)) -> 採用区分（区分値） | T45: =IF(OFFSET(マスタ非採用削除!G$4,統合マスタ!$A45,0)="","",OFFSET(マスタ非採用削除!G$4,統合マスタ!$A45,0)) -> 薬価 | U45: =IF(OFFSET(マスタ非採用削除!H$4,統合マスタ!$A45,0)="","",OFFSET(マスタ非採用削除!H$4,統合マスタ!$A45,0)) -> カナ名称 | ... Z45: =IF(OFFSET(マスタ非採用削除!M$4,統合マスタ!$A45,0)="","",OFFSET(マスタ非採用削除!M$4,統合マスタ!$A45,0)) -> 棚
A46: =元データ!P43 -> 非採用 | B46: =B45+1 -> 42 | C46: =DBCS(元データ!A43) -> アズノール軟膏０．０３３％ | D46: =元データ!B43 -> メディセオ | E46: =元データ!C43 | F46: =元データ!D43 -> 20ｇｘ10 | G46: =元データ!E43 -> 日本新薬 | H46: =元データ!F43 -> 80.3 | I46: =元データ!G43 -> 1606 | J46: =元データ!H43 -> 20 | K46: =元データ!I43 -> 10ｇ | ... M46: =元データ!K43 -> 71.55 | N46: =IF(OFFSET(マスタ非採用削除!A$4,統合マスタ!$A46,0)="","",OFFSET(マスタ非採用削除!A$4,統合マスタ!$A46,0)) -> #VALUE! | O46: =IF(OFFSET(マスタ非採用削除!B$4,統合マスタ!$A46,0)="","",OFFSET(マスタ非採用削除!B$4,統合マスタ!$A46,0)) -> #VALUE! | P46: =IF(OFFSET(マスタ非採用削除!C$4,統合マスタ!$A46,0)="","",OFFSET(マスタ非採用削除!C$4,統合マスタ!$A46,0)) -> #VALUE! | Q46: =IF(OFFSET(マスタ非採用削除!D$4,統合マスタ!$A46,0)="","",OFFSET(マスタ非採用削除!D$4,統合マスタ!$A46,0)) -> #VALUE! | R46: =IF(OFFSET(マスタ非採用削除!E$4,統合マスタ!$A46,0)="","",OFFSET(マスタ非採用削除!E$4,統合マスタ!$A46,0)) -> #VALUE! | S46: =IF(OFFSET(マスタ非採用削除!F$4,統合マスタ!$A46,0)="","",OFFSET(マスタ非採用削除!F$4,統合マスタ!$A46,0)) -> #VALUE! | T46: =IF(OFFSET(マスタ非採用削除!G$4,統合マスタ!$A46,0)="","",OFFSET(マスタ非採用削除!G$4,統合マスタ!$A46,0)) -> #VALUE! | U46: =IF(OFFSET(マスタ非採用削除!H$4,統合マスタ!$A46,0)="","",OFFSET(マスタ非採用削除!H$4,統合マスタ!$A46,0)) -> #VALUE! | ... Z46: =IF(OFFSET(マスタ非採用削除!M$4,統合マスタ!$A46,0)="","",OFFSET(マスタ非採用削除!M$4,統合マスタ!$A46,0)) -> #VALUE! | AA46: 非採用
A47: =元データ!P44 -> 12 | B47: =B46+1 -> 43 | C47: =DBCS(元データ!A44) -> アスパラ－ＣＡ錠２００ | D47: =元データ!B44 -> KSK | E47: =元データ!C44 -> PTP | F47: =元データ!D44 -> 100T | G47: =元データ!E44 -> ニプロES | H47: =元データ!F44 -> 5.9 | I47: =元データ!G44 -> 590 | J47: =元データ!H44 -> 100 | K47: =元データ!I44 -> 錠 | ... M47: =元データ!K44 -> 5.25 | N47: =IF(OFFSET(マスタ非採用削除!A$4,統合マスタ!$A47,0)="","",OFFSET(マスタ非採用削除!A$4,統合マスタ!$A47,0)) -> ｱｽﾊ001 | O47: =IF(OFFSET(マスタ非採用削除!B$4,統合マスタ!$A47,0)="","",OFFSET(マスタ非採用削除!B$4,統合マスタ!$A47,0)) -> ｱｽﾊ001 | P47: =IF(OFFSET(マスタ非採用削除!C$4,統合マスタ!$A47,0)="","",OFFSET(マスタ非採用削除!C$4,統合マスタ!$A47,0)) -> アスパラ－ＣＡ錠２００ | Q47: =IF(OFFSET(マスタ非採用削除!D$4,統合マスタ!$A47,0)="","",OFFSET(マスタ非採用削除!D$4,統合マスタ!$A47,0)) -> ｱｽﾊﾟ | R47: =IF(OFFSET(マスタ非採用削除!E$4,統合マスタ!$A47,0)="","",OFFSET(マスタ非採用削除!E$4,統合マスタ!$A47,0)) -> 1 | S47: =IF(OFFSET(マスタ非採用削除!F$4,統合マスタ!$A47,0)="","",OFFSET(マスタ非採用削除!F$4,統合マスタ!$A47,0)) | T47: =IF(OFFSET(マスタ非採用削除!G$4,統合マスタ!$A47,0)="","",OFFSET(マスタ非採用削除!G$4,統合マスタ!$A47,0)) -> 5.9 | U47: =IF(OFFSET(マスタ非採用削除!H$4,統合マスタ!$A47,0)="","",OFFSET(マスタ非採用削除!H$4,統合マスタ!$A47,0)) -> ｱｽﾊﾟﾗ-CAｼﾞｮｳ200 | ... Z47: =IF(OFFSET(マスタ非採用削除!M$4,統合マスタ!$A47,0)="","",OFFSET(マスタ非採用削除!M$4,統合マスタ!$A47,0)) -> 5
A48: =元データ!P45 -> 12 | B48: =B47+1 -> 44 | C48: =DBCS(元データ!A45) -> アスパラ－ＣＡ錠２００ | D48: =元データ!B45 -> KSK | E48: =元データ!C45 -> バラ | F48: =元データ!D45 -> 500Ｔ | G48: =元データ!E45 -> ニプロＥＳ | H48: =元データ!F45 -> 5.9 | I48: =元データ!G45 -> 2950 | J48: =元データ!H45 -> 500 | K48: =元データ!I45 -> 錠 | ... M48: =元データ!K45 -> 5.258 | N48: =IF(OFFSET(マスタ非採用削除!A$4,統合マスタ!$A48,0)="","",OFFSET(マスタ非採用削除!A$4,統合マスタ!$A48,0)) -> ｱｽﾊ001 | O48: =IF(OFFSET(マスタ非採用削除!B$4,統合マスタ!$A48,0)="","",OFFSET(マスタ非採用削除!B$4,統合マスタ!$A48,0)) -> ｱｽﾊ001 | P48: =IF(OFFSET(マスタ非採用削除!C$4,統合マスタ!$A48,0)="","",OFFSET(マスタ非採用削除!C$4,統合マスタ!$A48,0)) -> アスパラ－ＣＡ錠２００ | Q48: =IF(OFFSET(マスタ非採用削除!D$4,統合マスタ!$A48,0)="","",OFFSET(マスタ非採用削除!D$4,統合マスタ!$A48,0)) -> ｱｽﾊﾟ | R48: =IF(OFFSET(マスタ非採用削除!E$4,統合マスタ!$A48,0)="","",OFFSET(マスタ非採用削除!E$4,統合マスタ!$A48,0)) -> 1 | S48: =IF(OFFSET(マスタ非採用削除!F$4,統合マスタ!$A48,0)="","",OFFSET(マスタ非採用削除!F$4,統合マスタ!$A48,0)) | T48: =IF(OFFSET(マスタ非採用削除!G$4,統合マスタ!$A48,0)="","",OFFSET(マスタ非採用削除!G$4,統合マスタ!$A48,0)) -> 5.9 | U48: =IF(OFFSET(マスタ非採用削除!H$4,統合マスタ!$A48,0)="","",OFFSET(マスタ非採用削除!H$4,統合マスタ!$A48,0)) -> ｱｽﾊﾟﾗ-CAｼﾞｮｳ200 | ... Z48: =IF(OFFSET(マスタ非採用削除!M$4,統合マスタ!$A48,0)="","",OFFSET(マスタ非採用削除!M$4,統合マスタ!$A48,0)) -> 5
A49: =元データ!P46 -> 14 | B49: =B48+1 -> 45 | C49: =DBCS(元データ!A46) -> アスパラカリウム散５０％ | D49: =元データ!B46 -> KSK | E49: =元データ!C46 -> 粉 | F49: =元データ!D46 -> 500ｇ | G49: =元データ!E46 -> ニプロES | H49: =元データ!F46 -> 6.7 | I49: =元データ!G46 -> 3350 | J49: =元データ!H46 -> 500 | K49: =元データ!I46 -> ｇ | ... M49: =元データ!K46 -> 5.97 | N49: =IF(OFFSET(マスタ非採用削除!A$4,統合マスタ!$A49,0)="","",OFFSET(マスタ非採用削除!A$4,統合マスタ!$A49,0)) -> ｱｽﾊ003 | O49: =IF(OFFSET(マスタ非採用削除!B$4,統合マスタ!$A49,0)="","",OFFSET(マスタ非採用削除!B$4,統合マスタ!$A49,0)) -> ｱｽﾊ003 | P49: =IF(OFFSET(マスタ非採用削除!C$4,統合マスタ!$A49,0)="","",OFFSET(マスタ非採用削除!C$4,統合マスタ!$A49,0)) -> アスパラカリウム散５０％ | Q49: =IF(OFFSET(マスタ非採用削除!D$4,統合マスタ!$A49,0)="","",OFFSET(マスタ非採用削除!D$4,統合マスタ!$A49,0)) -> ｱｽﾊﾟ1 | R49: =IF(OFFSET(マスタ非採用削除!E$4,統合マスタ!$A49,0)="","",OFFSET(マスタ非採用削除!E$4,統合マスタ!$A49,0)) -> 1 | S49: =IF(OFFSET(マスタ非採用削除!F$4,統合マスタ!$A49,0)="","",OFFSET(マスタ非採用削除!F$4,統合マスタ!$A49,0)) | T49: =IF(OFFSET(マスタ非採用削除!G$4,統合マスタ!$A49,0)="","",OFFSET(マスタ非採用削除!G$4,統合マスタ!$A49,0)) -> 6.7 | U49: =IF(OFFSET(マスタ非採用削除!H$4,統合マスタ!$A49,0)="","",OFFSET(マスタ非採用削除!H$4,統合マスタ!$A49,0)) -> ｱｽﾊﾟﾗｶﾘｳﾑｻﾝ50% | ... Z49: =IF(OFFSET(マスタ非採用削除!M$4,統合マスタ!$A49,0)="","",OFFSET(マスタ非採用削除!M$4,統合マスタ!$A49,0)) -> 2
A50: =元データ!P47 -> 13 | B50: =B49+1 -> 46 | C50: =DBCS(元データ!A47) -> アスパラカリウム錠３００ｍｇ | D50: =元データ!B47 -> KSK | E50: =元データ!C47 -> ＰＴＰ | F50: =元データ!D47 -> 1000T | G50: =元データ!E47 -> ニプロES | H50: =元データ!F47 -> 6.1 | I50: =元データ!G47 -> 6100 | J50: =元データ!H47 -> 1000 | K50: =元データ!I47 -> 錠 | ... M50: =元データ!K47 -> 5.435 | N50: =IF(OFFSET(マスタ非採用削除!A$4,統合マスタ!$A50,0)="","",OFFSET(マスタ非採用削除!A$4,統合マスタ!$A50,0)) -> ｱｽﾊ002 | O50: =IF(OFFSET(マスタ非採用削除!B$4,統合マスタ!$A50,0)="","",OFFSET(マスタ非採用削除!B$4,統合マスタ!$A50,0)) -> ｱｽﾊ002 | P50: =IF(OFFSET(マスタ非採用削除!C$4,統合マスタ!$A50,0)="","",OFFSET(マスタ非採用削除!C$4,統合マスタ!$A50,0)) -> アスパラカリウム錠３００ｍｇ | Q50: =IF(OFFSET(マスタ非採用削除!D$4,統合マスタ!$A50,0)="","",OFFSET(マスタ非採用削除!D$4,統合マスタ!$A50,0)) -> ｱｽﾊﾟﾗ | R50: =IF(OFFSET(マスタ非採用削除!E$4,統合マスタ!$A50,0)="","",OFFSET(マスタ非採用削除!E$4,統合マスタ!$A50,0)) -> 1 | S50: =IF(OFFSET(マスタ非採用削除!F$4,統合マスタ!$A50,0)="","",OFFSET(マスタ非採用削除!F$4,統合マスタ!$A50,0)) | T50: =IF(OFFSET(マスタ非採用削除!G$4,統合マスタ!$A50,0)="","",OFFSET(マスタ非採用削除!G$4,統合マスタ!$A50,0)) -> 6.1 | U50: =IF(OFFSET(マスタ非採用削除!H$4,統合マスタ!$A50,0)="","",OFFSET(マスタ非採用削除!H$4,統合マスタ!$A50,0)) -> ｱｽﾊﾟﾗｶﾘｳﾑｼﾞｮｳ300mg | ... Z50: =IF(OFFSET(マスタ非採用削除!M$4,統合マスタ!$A50,0)="","",OFFSET(マスタ非採用削除!M$4,統合マスタ!$A50,0)) -> 1
A51: =元データ!P48 -> 13 | B51: =B50+1 -> 47 | C51: =DBCS(元データ!A48) -> アスパラカリウム錠３００ｍｇ | D51: =元データ!B48 -> KSK | E51: =元データ!C48 -> ＰＴＰ | F51: =元データ!D48 -> 100T | G51: =元データ!E48 -> ニプロ | H51: =元データ!F48 -> 6.1 | I51: =元データ!G48 -> 610 | J51: =元データ!H48 -> 100 | K51: =元データ!I48 -> 錠 | ... M51: =元データ!K48 -> 5.44 | N51: =IF(OFFSET(マスタ非採用削除!A$4,統合マスタ!$A51,0)="","",OFFSET(マスタ非採用削除!A$4,統合マスタ!$A51,0)) -> ｱｽﾊ002 | O51: =IF(OFFSET(マスタ非採用削除!B$4,統合マスタ!$A51,0)="","",OFFSET(マスタ非採用削除!B$4,統合マスタ!$A51,0)) -> ｱｽﾊ002 | P51: =IF(OFFSET(マスタ非採用削除!C$4,統合マスタ!$A51,0)="","",OFFSET(マスタ非採用削除!C$4,統合マスタ!$A51,0)) -> アスパラカリウム錠３００ｍｇ | Q51: =IF(OFFSET(マスタ非採用削除!D$4,統合マスタ!$A51,0)="","",OFFSET(マスタ非採用削除!D$4,統合マスタ!$A51,0)) -> ｱｽﾊﾟﾗ | R51: =IF(OFFSET(マスタ非採用削除!E$4,統合マスタ!$A51,0)="","",OFFSET(マスタ非採用削除!E$4,統合マスタ!$A51,0)) -> 1 | S51: =IF(OFFSET(マスタ非採用削除!F$4,統合マスタ!$A51,0)="","",OFFSET(マスタ非採用削除!F$4,統合マスタ!$A51,0)) | T51: =IF(OFFSET(マスタ非採用削除!G$4,統合マスタ!$A51,0)="","",OFFSET(マスタ非採用削除!G$4,統合マスタ!$A51,0)) -> 6.1 | U51: =IF(OFFSET(マスタ非採用削除!H$4,統合マスタ!$A51,0)="","",OFFSET(マスタ非採用削除!H$4,統合マスタ!$A51,0)) -> ｱｽﾊﾟﾗｶﾘｳﾑｼﾞｮｳ300mg | ... Z51: =IF(OFFSET(マスタ非採用削除!M$4,統合マスタ!$A51,0)="","",OFFSET(マスタ非採用削除!M$4,統合マスタ!$A51,0)) -> 1
A52: =元データ!P49 -> 15 | B52: =B51+1 -> 48 | C52: =DBCS(元データ!A49) -> アスパラギン酸カリウム注 １０ＭＥＱキット「テルモ」 | D52: =元データ!B49 -> アルフレッサ | E52: =元データ!C49 | F52: =元データ!D49 -> 10ｍｌｘ10 | G52: =元データ!E49 -> テルモ | H52: =元データ!F49 -> 181 | I52: =元データ!G49 -> 1810 | J52: =元データ!H49 -> 10 | K52: =元データ!I49 -> 10ｍｌ | ... M52: =元データ!K49 -> 163.7 | N52: =IF(OFFSET(マスタ非採用削除!A$4,統合マスタ!$A52,0)="","",OFFSET(マスタ非採用削除!A$4,統合マスタ!$A52,0)) -> ｱｽﾊ004 | O52: =IF(OFFSET(マスタ非採用削除!B$4,統合マスタ!$A52,0)="","",OFFSET(マスタ非採用削除!B$4,統合マスタ!$A52,0)) -> ｱｽﾊ004 | P52: =IF(OFFSET(マスタ非採用削除!C$4,統合マスタ!$A52,0)="","",OFFSET(マスタ非採用削除!C$4,統合マスタ!$A52,0)) -> アスパラギン酸カリウム注１０ｍＥｑキット「テルモ」 | Q52: =IF(OFFSET(マスタ非採用削除!D$4,統合マスタ!$A52,0)="","",OFFSET(マスタ非採用削除!D$4,統合マスタ!$A52,0)) -> ｱｽﾊﾟ2 | R52: =IF(OFFSET(マスタ非採用削除!E$4,統合マスタ!$A52,0)="","",OFFSET(マスタ非採用削除!E$4,統合マスタ!$A52,0)) -> 1 | S52: =IF(OFFSET(マスタ非採用削除!F$4,統合マスタ!$A52,0)="","",OFFSET(マスタ非採用削除!F$4,統合マスタ!$A52,0)) | T52: =IF(OFFSET(マスタ非採用削除!G$4,統合マスタ!$A52,0)="","",OFFSET(マスタ非採用削除!G$4,統合マスタ!$A52,0)) -> 181 | U52: =IF(OFFSET(マスタ非採用削除!H$4,統合マスタ!$A52,0)="","",OFFSET(マスタ非採用削除!H$4,統合マスタ!$A52,0)) -> ｱｽﾊﾟﾗｷﾞﾝｻﾝｶﾘｳﾑﾁｭｳ10mEqｷｯﾄ｢ﾃﾙﾓ｣ | ... Z52: =IF(OFFSET(マスタ非採用削除!M$4,統合マスタ!$A52,0)="","",OFFSET(マスタ非採用削除!M$4,統合マスタ!$A52,0)) -> 9
A53: =元データ!P50 -> 16 | B53: =B52+1 -> 49 | C53: =DBCS(元データ!A50) -> アズレン点眼液０．０２％「ニットー」 | D53: =元データ!B50 | E53: =元データ!C50 | F53: =元データ!D50 -> 5ｍｌｘ10 | G53: =元データ!E50 -> 日東メディック | H53: =元データ!F50 -> 91.6 | I53: =元データ!G50 -> 916 | J53: =元データ!H50 -> 10 | K53: =元データ!I50 -> 瓶 | ... M53: =元データ!K50 -> 83.2 | N53: =IF(OFFSET(マスタ非採用削除!A$4,統合マスタ!$A53,0)="","",OFFSET(マスタ非採用削除!A$4,統合マスタ!$A53,0)) -> ｱｽﾚ001 | O53: =IF(OFFSET(マスタ非採用削除!B$4,統合マスタ!$A53,0)="","",OFFSET(マスタ非採用削除!B$4,統合マスタ!$A53,0)) -> ｱｽﾚ001 | P53: =IF(OFFSET(マスタ非採用削除!C$4,統合マスタ!$A53,0)="","",OFFSET(マスタ非採用削除!C$4,統合マスタ!$A53,0)) -> アズレン点眼液０．０２％「ニットー」 | Q53: =IF(OFFSET(マスタ非採用削除!D$4,統合マスタ!$A53,0)="","",OFFSET(マスタ非採用削除!D$4,統合マスタ!$A53,0)) -> ｱｽﾞﾚ | R53: =IF(OFFSET(マスタ非採用削除!E$4,統合マスタ!$A53,0)="","",OFFSET(マスタ非採用削除!E$4,統合マスタ!$A53,0)) -> 1 | S53: =IF(OFFSET(マスタ非採用削除!F$4,統合マスタ!$A53,0)="","",OFFSET(マスタ非採用削除!F$4,統合マスタ!$A53,0)) | T53: =IF(OFFSET(マスタ非採用削除!G$4,統合マスタ!$A53,0)="","",OFFSET(マスタ非採用削除!G$4,統合マスタ!$A53,0)) -> 91.6 | U53: =IF(OFFSET(マスタ非採用削除!H$4,統合マスタ!$A53,0)="","",OFFSET(マスタ非採用削除!H$4,統合マスタ!$A53,0)) -> ｱｽﾞﾚﾝﾃﾝｶﾞﾝｴｷ0.02%｢ﾆｯﾄｰ｣ | ... Z53: =IF(OFFSET(マスタ非採用削除!M$4,統合マスタ!$A53,0)="","",OFFSET(マスタ非採用削除!M$4,統合マスタ!$A53,0)) -> 3
A54: =元データ!P51 -> 0 | B54: =B53+1 -> 50 | C54: =DBCS(元データ!A51) -> アセサイド消毒液６％ ８００ｍｌｘ２ | D54: =元データ!B51 | E54: =元データ!C51 | F54: =元データ!D51 -> 6本セット | G54: =元データ!E51 -> オリンパス | H54: =元データ!F51 -> 0 | I54: =元データ!G51 -> 0 | J54: =元データ!H51 -> #DIV/0! | K54: =元データ!I51 | ... M54: =元データ!K51 -> #DIV/0! | N54: =IF(OFFSET(マスタ非採用削除!A$4,統合マスタ!$A54,0)="","",OFFSET(マスタ非採用削除!A$4,統合マスタ!$A54,0)) -> コード(区分値) | O54: =IF(OFFSET(マスタ非採用削除!B$4,統合マスタ!$A54,0)="","",OFFSET(マスタ非採用削除!B$4,統合マスタ!$A54,0)) -> コード | P54: =IF(OFFSET(マスタ非採用削除!C$4,統合マスタ!$A54,0)="","",OFFSET(マスタ非採用削除!C$4,統合マスタ!$A54,0)) -> 名称 | Q54: =IF(OFFSET(マスタ非採用削除!D$4,統合マスタ!$A54,0)="","",OFFSET(マスタ非採用削除!D$4,統合マスタ!$A54,0)) -> ホストコード | R54: =IF(OFFSET(マスタ非採用削除!E$4,統合マスタ!$A54,0)="","",OFFSET(マスタ非採用削除!E$4,統合マスタ!$A54,0)) -> 採用区分（区分値）(区分値) | S54: =IF(OFFSET(マスタ非採用削除!F$4,統合マスタ!$A54,0)="","",OFFSET(マスタ非採用削除!F$4,統合マスタ!$A54,0)) -> 採用区分（区分値） | T54: =IF(OFFSET(マスタ非採用削除!G$4,統合マスタ!$A54,0)="","",OFFSET(マスタ非採用削除!G$4,統合マスタ!$A54,0)) -> 薬価 | U54: =IF(OFFSET(マスタ非採用削除!H$4,統合マスタ!$A54,0)="","",OFFSET(マスタ非採用削除!H$4,統合マスタ!$A54,0)) -> カナ名称 | ... Z54: =IF(OFFSET(マスタ非採用削除!M$4,統合マスタ!$A54,0)="","",OFFSET(マスタ非採用削除!M$4,統合マスタ!$A54,0)) -> 棚
A55: =元データ!P52 -> 17 | B55: =B54+1 -> 51 | C55: =DBCS(元データ!A52) -> アセリオ静注液１０００ｍｇバッグ | D55: =元データ!B52 -> アルフレッサ | E55: =元データ!C52 | F55: =元データ!D52 -> 100ｍｌｘ20 | G55: =元データ!E52 -> テルモ | H55: =元データ!F52 -> 298 | I55: =元データ!G52 -> 5960 | J55: =元データ!H52 -> 20 | K55: =元データ!I52 -> 袋 | ... M55: =元データ!K52 -> 268 | N55: =IF(OFFSET(マスタ非採用削除!A$4,統合マスタ!$A55,0)="","",OFFSET(マスタ非採用削除!A$4,統合マスタ!$A55,0)) -> ｱｾﾘ001 | O55: =IF(OFFSET(マスタ非採用削除!B$4,統合マスタ!$A55,0)="","",OFFSET(マスタ非採用削除!B$4,統合マスタ!$A55,0)) -> ｱｾﾘ001 | P55: =IF(OFFSET(マスタ非採用削除!C$4,統合マスタ!$A55,0)="","",OFFSET(マスタ非採用削除!C$4,統合マスタ!$A55,0)) -> アセリオ静注液１０００ｍｇバッグ | Q55: =IF(OFFSET(マスタ非採用削除!D$4,統合マスタ!$A55,0)="","",OFFSET(マスタ非採用削除!D$4,統合マスタ!$A55,0)) -> ｱｾﾘ | R55: =IF(OFFSET(マスタ非採用削除!E$4,統合マスタ!$A55,0)="","",OFFSET(マスタ非採用削除!E$4,統合マスタ!$A55,0)) -> 2 | S55: =IF(OFFSET(マスタ非採用削除!F$4,統合マスタ!$A55,0)="","",OFFSET(マスタ非採用削除!F$4,統合マスタ!$A55,0)) | T55: =IF(OFFSET(マスタ非採用削除!G$4,統合マスタ!$A55,0)="","",OFFSET(マスタ非採用削除!G$4,統合マスタ!$A55,0)) -> 298 | U55: =IF(OFFSET(マスタ非採用削除!H$4,統合マスタ!$A55,0)="","",OFFSET(マスタ非採用削除!H$4,統合マスタ!$A55,0)) -> ｱｾﾘｵｼﾞｮｳﾁｭｳｴｷ1000mgﾊﾞｯｸﾞ | ... Z55: =IF(OFFSET(マスタ非採用削除!M$4,統合マスタ!$A55,0)="","",OFFSET(マスタ非採用削除!M$4,統合マスタ!$A55,0)) -> 8
A56: =元データ!P53 -> 18 | B56: =B55+1 -> 52 | C56: =DBCS(元データ!A53) -> アセレンド注１００μｇ | D56: =元データ!B53 | E56: =元データ!C53 | F56: =元データ!D53 -> 2ｍｌｘ10A | G56: =元データ!E53 -> 藤本製薬 | H56: =元データ!F53 -> 1646 | I56: =元データ!G53 -> 16460 | J56: =元データ!H53 -> 10 | K56: =元データ!I53 -> 瓶 | ... M56: =元データ!K53 -> 1483 | N56: =IF(OFFSET(マスタ非採用削除!A$4,統合マスタ!$A56,0)="","",OFFSET(マスタ非採用削除!A$4,統合マスタ!$A56,0)) -> ｱｾﾚ001 | O56: =IF(OFFSET(マスタ非採用削除!B$4,統合マスタ!$A56,0)="","",OFFSET(マスタ非採用削除!B$4,統合マスタ!$A56,0)) -> ｱｾﾚ001 | P56: =IF(OFFSET(マスタ非採用削除!C$4,統合マスタ!$A56,0)="","",OFFSET(マスタ非採用削除!C$4,統合マスタ!$A56,0)) -> アセレンド注１００μｇ | Q56: =IF(OFFSET(マスタ非採用削除!D$4,統合マスタ!$A56,0)="","",OFFSET(マスタ非採用削除!D$4,統合マスタ!$A56,0)) -> ｱｾﾚ | R56: =IF(OFFSET(マスタ非採用削除!E$4,統合マスタ!$A56,0)="","",OFFSET(マスタ非採用削除!E$4,統合マスタ!$A56,0)) -> 2 | S56: =IF(OFFSET(マスタ非採用削除!F$4,統合マスタ!$A56,0)="","",OFFSET(マスタ非採用削除!F$4,統合マスタ!$A56,0)) | T56: =IF(OFFSET(マスタ非採用削除!G$4,統合マスタ!$A56,0)="","",OFFSET(マスタ非採用削除!G$4,統合マスタ!$A56,0)) -> 1646 | U56: =IF(OFFSET(マスタ非採用削除!H$4,統合マスタ!$A56,0)="","",OFFSET(マスタ非採用削除!H$4,統合マスタ!$A56,0)) -> ｱｾﾚﾝﾄﾞﾁｭｳ100μg | ... Z56: =IF(OFFSET(マスタ非採用削除!M$4,統合マスタ!$A56,0)="","",OFFSET(マスタ非採用削除!M$4,統合マスタ!$A56,0)) -> 9
A57: =元データ!P54 -> 19 | B57: =B56+1 -> 53 | C57: =DBCS(元データ!A54) -> アゾセミド錠３０ｍｇ「ＤＳＥＰ」 | D57: =元データ!B54 -> メディセオ | E57: =元データ!C54 -> PTP | F57: =元データ!D54 -> 100T | G57: =元データ!E54 -> 第一三共 | H57: =元データ!F54 -> 10.4 | I57: =元データ!G54 -> 1040 | J57: =元データ!H54 -> 100 | K57: =元データ!I54 -> 錠 | ... M57: =元データ!K54 -> 9.26 | N57: =IF(OFFSET(マスタ非採用削除!A$4,統合マスタ!$A57,0)="","",OFFSET(マスタ非採用削除!A$4,統合マスタ!$A57,0)) -> ｱｿｾ002 | O57: =IF(OFFSET(マスタ非採用削除!B$4,統合マスタ!$A57,0)="","",OFFSET(マスタ非採用削除!B$4,統合マスタ!$A57,0)) -> ｱｿｾ002 | P57: =IF(OFFSET(マスタ非採用削除!C$4,統合マスタ!$A57,0)="","",OFFSET(マスタ非採用削除!C$4,統合マスタ!$A57,0)) -> アゾセミド錠３０ｍｇ「ＤＳＥＰ」 | Q57: =IF(OFFSET(マスタ非採用削除!D$4,統合マスタ!$A57,0)="","",OFFSET(マスタ非採用削除!D$4,統合マスタ!$A57,0)) -> ｱｿﾞｾ2 | R57: =IF(OFFSET(マスタ非採用削除!E$4,統合マスタ!$A57,0)="","",OFFSET(マスタ非採用削除!E$4,統合マスタ!$A57,0)) -> 2 | S57: =IF(OFFSET(マスタ非採用削除!F$4,統合マスタ!$A57,0)="","",OFFSET(マスタ非採用削除!F$4,統合マスタ!$A57,0)) | T57: =IF(OFFSET(マスタ非採用削除!G$4,統合マスタ!$A57,0)="","",OFFSET(マスタ非採用削除!G$4,統合マスタ!$A57,0)) -> 10.4 | U57: =IF(OFFSET(マスタ非採用削除!H$4,統合マスタ!$A57,0)="","",OFFSET(マスタ非採用削除!H$4,統合マスタ!$A57,0)) -> ｱｿﾞｾﾐﾄﾞｼﾞｮｳ30mg｢DSEP｣ | ... Z57: =IF(OFFSET(マスタ非採用削除!M$4,統合マスタ!$A57,0)="","",OFFSET(マスタ非採用削除!M$4,統合マスタ!$A57,0)) -> 3
A58: =元データ!P55 -> 0 | B58: =B57+1 -> 54 | C58: =DBCS(元データ!A55) -> アゾセミド錠６０ｍｇ「ＤＳＥＰ」 | D58: =元データ!B55 | E58: =元データ!C55 -> PTP | F58: =元データ!D55 -> 100T | G58: =元データ!E55 -> 第一三共 | H58: =元データ!F55 -> 11.3 | I58: =元データ!G55 -> 1130 | J58: =元データ!H55 -> 100 | K58: =元データ!I55 -> 錠 | ... M58: =元データ!K55 -> 10.06 | N58: =IF(OFFSET(マスタ非採用削除!A$4,統合マスタ!$A58,0)="","",OFFSET(マスタ非採用削除!A$4,統合マスタ!$A58,0)) -> コード(区分値) | O58: =IF(OFFSET(マスタ非採用削除!B$4,統合マスタ!$A58,0)="","",OFFSET(マスタ非採用削除!B$4,統合マスタ!$A58,0)) -> コード | P58: =IF(OFFSET(マスタ非採用削除!C$4,統合マスタ!$A58,0)="","",OFFSET(マスタ非採用削除!C$4,統合マスタ!$A58,0)) -> 名称 | Q58: =IF(OFFSET(マスタ非採用削除!D$4,統合マスタ!$A58,0)="","",OFFSET(マスタ非採用削除!D$4,統合マスタ!$A58,0)) -> ホストコード | R58: =IF(OFFSET(マスタ非採用削除!E$4,統合マスタ!$A58,0)="","",OFFSET(マスタ非採用削除!E$4,統合マスタ!$A58,0)) -> 採用区分（区分値）(区分値) | S58: =IF(OFFSET(マスタ非採用削除!F$4,統合マスタ!$A58,0)="","",OFFSET(マスタ非採用削除!F$4,統合マスタ!$A58,0)) -> 採用区分（区分値） | T58: =IF(OFFSET(マスタ非採用削除!G$4,統合マスタ!$A58,0)="","",OFFSET(マスタ非採用削除!G$4,統合マスタ!$A58,0)) -> 薬価 | U58: =IF(OFFSET(マスタ非採用削除!H$4,統合マスタ!$A58,0)="","",OFFSET(マスタ非採用削除!H$4,統合マスタ!$A58,0)) -> カナ名称 | ... Z58: =IF(OFFSET(マスタ非採用削除!M$4,統合マスタ!$A58,0)="","",OFFSET(マスタ非採用削除!M$4,統合マスタ!$A58,0)) -> 棚
... A76: =元データ!P73 -> 34 | B76: =B75+1 -> 72 | C76: =DBCS(元データ!A73) -> アネキセート注射液０．５ＭＧ | D76: =元データ!B73 -> KSK | E76: =元データ!C73 | F76: =元データ!D73 -> 5MLX5A | G76: =元データ!E73 -> アステラス製薬 | H76: =元データ!F73 -> 2001 | I76: =元データ!G73 -> 10005 | J76: =元データ!H73 -> 5 | K76: =元データ!I73 -> A | ... M76: =元データ!K73 -> 1801 | N76: =IF(OFFSET(マスタ非採用削除!A$4,統合マスタ!$A76,0)="","",OFFSET(マスタ非採用削除!A$4,統合マスタ!$A76,0)) -> ｱﾈｷ001 | O76: =IF(OFFSET(マスタ非採用削除!B$4,統合マスタ!$A76,0)="","",OFFSET(マスタ非採用削除!B$4,統合マスタ!$A76,0)) -> ｱﾈｷ001 | P76: =IF(OFFSET(マスタ非採用削除!C$4,統合マスタ!$A76,0)="","",OFFSET(マスタ非採用削除!C$4,統合マスタ!$A76,0)) -> アネキセート注射液０．５ｍｇ | Q76: =IF(OFFSET(マスタ非採用削除!D$4,統合マスタ!$A76,0)="","",OFFSET(マスタ非採用削除!D$4,統合マスタ!$A76,0)) -> ｱﾈｷｾ | R76: =IF(OFFSET(マスタ非採用削除!E$4,統合マスタ!$A76,0)="","",OFFSET(マスタ非採用削除!E$4,統合マスタ!$A76,0)) -> 1 | S76: =IF(OFFSET(マスタ非採用削除!F$4,統合マスタ!$A76,0)="","",OFFSET(マスタ非採用削除!F$4,統合マスタ!$A76,0)) | T76: =IF(OFFSET(マスタ非採用削除!G$4,統合マスタ!$A76,0)="","",OFFSET(マスタ非採用削除!G$4,統合マスタ!$A76,0)) -> 2001 | U76: =IF(OFFSET(マスタ非採用削除!H$4,統合マスタ!$A76,0)="","",OFFSET(マスタ非採用削除!H$4,統合マスタ!$A76,0)) -> ｱﾈｷｾｰﾄﾁｭｳｼｬｴｷ0.5mg | ... Z76: =IF(OFFSET(マスタ非採用削除!M$4,統合マスタ!$A76,0)="","",OFFSET(マスタ非採用削除!M$4,統合マスタ!$A76,0)) -> 9
A77: =元データ!P74 -> 非採用 | B77: =B76+1 -> 73 | C77: =DBCS(元データ!A74) -> アノーロエリプタ３０吸入用 | D77: =元データ!B74 | E77: =元データ!C74 | F77: =元データ!D74 -> 1個 | G77: =元データ!E74 -> GSK | H77: =元データ!F74 -> 5445.1 | I77: =元データ!G74 -> 5445.1 | J77: =元データ!H74 -> 1 | K77: =元データ!I74 -> キット | ... M77: =元データ!K74 -> 4726 | N77: =IF(OFFSET(マスタ非採用削除!A$4,統合マスタ!$A77,0)="","",OFFSET(マスタ非採用削除!A$4,統合マスタ!$A77,0)) -> #VALUE! | O77: =IF(OFFSET(マスタ非採用削除!B$4,統合マスタ!$A77,0)="","",OFFSET(マスタ非採用削除!B$4,統合マスタ!$A77,0)) -> #VALUE! | P77: =IF(OFFSET(マスタ非採用削除!C$4,統合マスタ!$A77,0)="","",OFFSET(マスタ非採用削除!C$4,統合マスタ!$A77,0)) -> #VALUE! | Q77: =IF(OFFSET(マスタ非採用削除!D$4,統合マスタ!$A77,0)="","",OFFSET(マスタ非採用削除!D$4,統合マスタ!$A77,0)) -> #VALUE! | R77: =IF(OFFSET(マスタ非採用削除!E$4,統合マスタ!$A77,0)="","",OFFSET(マスタ非採用削除!E$4,統合マスタ!$A77,0)) -> #VALUE! | S77: =IF(OFFSET(マスタ非採用削除!F$4,統合マスタ!$A77,0)="","",OFFSET(マスタ非採用削除!F$4,統合マスタ!$A77,0)) -> #VALUE! | T77: =IF(OFFSET(マスタ非採用削除!G$4,統合マスタ!$A77,0)="","",OFFSET(マスタ非採用削除!G$4,統合マスタ!$A77,0)) -> #VALUE! | U77: =IF(OFFSET(マスタ非採用削除!H$4,統合マスタ!$A77,0)="","",OFFSET(マスタ非採用削除!H$4,統合マスタ!$A77,0)) -> #VALUE! | ... Z77: =IF(OFFSET(マスタ非採用削除!M$4,統合マスタ!$A77,0)="","",OFFSET(マスタ非採用削除!M$4,統合マスタ!$A77,0)) -> #VALUE! | AA77: 非採用
A78: =元データ!P75 -> 35 | B78: =B77+1 -> 74 | C78: =DBCS(元データ!A75) -> アマンタジン塩酸塩錠５０ｍｇ「杏林」 | D78: =元データ!B75 -> メディセオ | E78: =元データ!C75 -> PTP | F78: =元データ!D75 -> 100T | G78: =元データ!E75 -> キョーリンリメディオ | H78: =元データ!F75 -> 6.1 | I78: =元データ!G75 -> 610 | J78: =元データ!H75 -> 100 | K78: =元データ!I75 -> 錠 | ... M78: =元データ!K75 -> 5.1 | N78: =IF(OFFSET(マスタ非採用削除!A$4,統合マスタ!$A78,0)="","",OFFSET(マスタ非採用削除!A$4,統合マスタ!$A78,0)) -> ｱﾏﾝ001 | O78: =IF(OFFSET(マスタ非採用削除!B$4,統合マスタ!$A78,0)="","",OFFSET(マスタ非採用削除!B$4,統合マスタ!$A78,0)) -> ｱﾏﾝ001 | P78: =IF(OFFSET(マスタ非採用削除!C$4,統合マスタ!$A78,0)="","",OFFSET(マスタ非採用削除!C$4,統合マスタ!$A78,0)) -> アマンタジン塩酸塩錠５０ｍｇ「杏林」 | Q78: =IF(OFFSET(マスタ非採用削除!D$4,統合マスタ!$A78,0)="","",OFFSET(マスタ非採用削除!D$4,統合マスタ!$A78,0)) -> ｱﾏﾝﾀ | R78: =IF(OFFSET(マスタ非採用削除!E$4,統合マスタ!$A78,0)="","",OFFSET(マスタ非採用削除!E$4,統合マスタ!$A78,0)) -> 1 | S78: =IF(OFFSET(マスタ非採用削除!F$4,統合マスタ!$A78,0)="","",OFFSET(マスタ非採用削除!F$4,統合マスタ!$A78,0)) | T78: =IF(OFFSET(マスタ非採用削除!G$4,統合マスタ!$A78,0)="","",OFFSET(マスタ非採用削除!G$4,統合マスタ!$A78,0)) -> 6.1 | U78: =IF(OFFSET(マスタ非採用削除!H$4,統合マスタ!$A78,0)="","",OFFSET(マスタ非採用削除!H$4,統合マスタ!$A78,0)) -> ｱﾏﾝﾀｼﾞﾝｴﾝｻﾝｴﾝｼﾞｮｳ50mg｢ｷｮｳﾘﾝ｣ | ... Z78: =IF(OFFSET(マスタ非採用削除!M$4,統合マスタ!$A78,0)="","",OFFSET(マスタ非採用削除!M$4,統合マスタ!$A78,0)) -> 5
A79: =元データ!P76 -> 37 | B79: =B78+1 -> 75 | C79: =DBCS(元データ!A76) -> アミティーザカプセル２４μｇ | D79: =元データ!B76 -> アルフレッサ | E79: =元データ!C76 -> PTP | F79: =元データ!D76 -> 500P | G79: =元データ!E76 -> ヴィアトリス | H79: =元データ!F76 -> 96.9 | I79: =元データ!G76 -> 48450 | J79: =元データ!H76 -> 500 | K79: =元データ!I76 -> cap | ... M79: =元データ!K76 -> 82.366 | N79: =IF(OFFSET(マスタ非採用削除!A$4,統合マスタ!$A79,0)="","",OFFSET(マスタ非採用削除!A$4,統合マスタ!$A79,0)) -> ｱﾐﾃ001 | O79: =IF(OFFSET(マスタ非採用削除!B$4,統合マスタ!$A79,0)="","",OFFSET(マスタ非採用削除!B$4,統合マスタ!$A79,0)) -> ｱﾐﾃ001 | P79: =IF(OFFSET(マスタ非採用削除!C$4,統合マスタ!$A79,0)="","",OFFSET(マスタ非採用削除!C$4,統合マスタ!$A79,0)) -> アミティーザカプセル２４μｇ | Q79: =IF(OFFSET(マスタ非採用削除!D$4,統合マスタ!$A79,0)="","",OFFSET(マスタ非採用削除!D$4,統合マスタ!$A79,0)) -> ｱﾐﾃ | R79: =IF(OFFSET(マスタ非採用削除!E$4,統合マスタ!$A79,0)="","",OFFSET(マスタ非採用削除!E$4,統合マスタ!$A79,0)) -> 1 | S79: =IF(OFFSET(マスタ非採用削除!F$4,統合マスタ!$A79,0)="","",OFFSET(マスタ非採用削除!F$4,統合マスタ!$A79,0)) | T79: =IF(OFFSET(マスタ非採用削除!G$4,統合マスタ!$A79,0)="","",OFFSET(マスタ非採用削除!G$4,統合マスタ!$A79,0)) -> 96.9 | U79: =IF(OFFSET(マスタ非採用削除!H$4,統合マスタ!$A79,0)="","",OFFSET(マスタ非採用削除!H$4,統合マスタ!$A79,0)) -> ｱﾐﾃｨｰｻﾞｶﾌﾟｾﾙ24μg | ... Z79: =IF(OFFSET(マスタ非採用削除!M$4,統合マスタ!$A79,0)="","",OFFSET(マスタ非採用削除!M$4,統合マスタ!$A79,0)) -> 5
A80: =元データ!P77 -> 38 | B80: =B79+1 -> 76 | C80: =DBCS(元データ!A77) -> アミノレバンＥＮ配合散 コーヒー味 | D80: =元データ!B77 | E80: =元データ!C77 -> 粉 | F80: =元データ!D77 -> 50ｇX21包 | G80: =元データ!E77 -> 大塚製薬 | H80: =元データ!F77 -> 88.8 | I80: =元データ!G77 -> 9324 | J80: =元データ!H77 -> 105 | K80: =元データ!I77 -> 10ｇ | ... M80: =元データ!K77 -> 79 | N80: =IF(OFFSET(マスタ非採用削除!A$4,統合マスタ!$A80,0)="","",OFFSET(マスタ非採用削除!A$4,統合マスタ!$A80,0)) -> ｱﾐﾉ001 | O80: =IF(OFFSET(マスタ非採用削除!B$4,統合マスタ!$A80,0)="","",OFFSET(マスタ非採用削除!B$4,統合マスタ!$A80,0)) -> ｱﾐﾉ001 | P80: =IF(OFFSET(マスタ非採用削除!C$4,統合マスタ!$A80,0)="","",OFFSET(マスタ非採用削除!C$4,統合マスタ!$A80,0)) -> アミノレバンＥＮ配合散 | Q80: =IF(OFFSET(マスタ非採用削除!D$4,統合マスタ!$A80,0)="","",OFFSET(マスタ非採用削除!D$4,統合マスタ!$A80,0)) -> ｱﾐﾉﾚ1* | R80: =IF(OFFSET(マスタ非採用削除!E$4,統合マスタ!$A80,0)="","",OFFSET(マスタ非採用削除!E$4,統合マスタ!$A80,0)) -> 1 | S80: =IF(OFFSET(マスタ非採用削除!F$4,統合マスタ!$A80,0)="","",OFFSET(マスタ非採用削除!F$4,統合マスタ!$A80,0)) | T80: =IF(OFFSET(マスタ非採用削除!G$4,統合マスタ!$A80,0)="","",OFFSET(マスタ非採用削除!G$4,統合マスタ!$A80,0)) -> 8.88 | U80: =IF(OFFSET(マスタ非採用削除!H$4,統合マスタ!$A80,0)="","",OFFSET(マスタ非採用削除!H$4,統合マスタ!$A80,0)) -> ｱﾐﾉﾚﾊﾞﾝENﾊｲｺﾞｳｻﾝ | ... Z80: =IF(OFFSET(マスタ非採用削除!M$4,統合マスタ!$A80,0)="","",OFFSET(マスタ非採用削除!M$4,統合マスタ!$A80,0)) -> 15
A81: =元データ!P78 -> 39 | B81: =B80+1 -> 77 | C81: =DBCS(元データ!A78) -> アミノレバン点滴静注 | D81: =元データ!B78 | E81: =元データ!C78 | F81: =元データ!D78 -> 500ｍｌｘ20 | G81: =元データ!E78 -> 大塚製薬 | H81: =元データ!F78 -> 715 | I81: =元データ!G78 -> 14300 | J81: =元データ!H78 -> 20 | K81: =元データ!I78 -> 袋 | ... M81: =元データ!K78 -> 636 | N81: =IF(OFFSET(マスタ非採用削除!A$4,統合マスタ!$A81,0)="","",OFFSET(マスタ非採用削除!A$4,統合マスタ!$A81,0)) -> ｱﾐﾉ002 | O81: =IF(OFFSET(マスタ非採用削除!B$4,統合マスタ!$A81,0)="","",OFFSET(マスタ非採用削除!B$4,統合マスタ!$A81,0)) -> ｱﾐﾉ002 | P81: =IF(OFFSET(マスタ非採用削除!C$4,統合マスタ!$A81,0)="","",OFFSET(マスタ非採用削除!C$4,統合マスタ!$A81,0)) -> アミノレバン点滴静注（用時購入） | Q81: =IF(OFFSET(マスタ非採用削除!D$4,統合マスタ!$A81,0)="","",OFFSET(マスタ非採用削除!D$4,統合マスタ!$A81,0)) | R81: =IF(OFFSET(マスタ非採用削除!E$4,統合マスタ!$A81,0)="","",OFFSET(マスタ非採用削除!E$4,統合マスタ!$A81,0)) -> 2 | S81: =IF(OFFSET(マスタ非採用削除!F$4,統合マスタ!$A81,0)="","",OFFSET(マスタ非採用削除!F$4,統合マスタ!$A81,0)) | T81: =IF(OFFSET(マスタ非採用削除!G$4,統合マスタ!$A81,0)="","",OFFSET(マスタ非採用削除!G$4,統合マスタ!$A81,0)) -> 715 | U81: =IF(OFFSET(マスタ非採用削除!H$4,統合マスタ!$A81,0)="","",OFFSET(マスタ非採用削除!H$4,統合マスタ!$A81,0)) -> ｱﾐﾉﾚﾊﾞﾝﾃﾝﾃｷｼﾞﾖｳﾁﾕｳ | ... Z81: =IF(OFFSET(マスタ非採用削除!M$4,統合マスタ!$A81,0)="","",OFFSET(マスタ非採用削除!M$4,統合マスタ!$A81,0)) -> 15
A82: =元データ!P79 -> 40 | B82: =B81+1 -> 78 | C82: =DBCS(元データ!A79) -> アムロジピンＯＤ錠２．５ｍｇ「明治」 | D82: =元データ!B79 -> メディセオ | E82: =元データ!C79 -> PTP | F82: =元データ!D79 -> 500T | G82: =元データ!E79 -> Ｍｅファルマ | H82: =元データ!F79 -> 10.4 | I82: =元データ!G79 -> 5200 | J82: =元データ!H79 -> 500 | K82: =元データ!I79 -> 錠 | ... M82: =元データ!K79 -> 8.36 | N82: =IF(OFFSET(マスタ非採用削除!A$4,統合マスタ!$A82,0)="","",OFFSET(マスタ非採用削除!A$4,統合マスタ!$A82,0)) -> ｱﾑﾛ002 | O82: =IF(OFFSET(マスタ非採用削除!B$4,統合マスタ!$A82,0)="","",OFFSET(マスタ非採用削除!B$4,統合マスタ!$A82,0)) -> ｱﾑﾛ002 | P82: =IF(OFFSET(マスタ非採用削除!C$4,統合マスタ!$A82,0)="","",OFFSET(マスタ非採用削除!C$4,統合マスタ!$A82,0)) -> アムロジピンＯＤ錠２．５ｍｇ「明治」 | Q82: =IF(OFFSET(マスタ非採用削除!D$4,統合マスタ!$A82,0)="","",OFFSET(マスタ非採用削除!D$4,統合マスタ!$A82,0)) | R82: =IF(OFFSET(マスタ非採用削除!E$4,統合マスタ!$A82,0)="","",OFFSET(マスタ非採用削除!E$4,統合マスタ!$A82,0)) -> 1 | S82: =IF(OFFSET(マスタ非採用削除!F$4,統合マスタ!$A82,0)="","",OFFSET(マスタ非採用削除!F$4,統合マスタ!$A82,0)) | T82: =IF(OFFSET(マスタ非採用削除!G$4,統合マスタ!$A82,0)="","",OFFSET(マスタ非採用削除!G$4,統合マスタ!$A82,0)) -> 10.4 | U82: =IF(OFFSET(マスタ非採用削除!H$4,統合マスタ!$A82,0)="","",OFFSET(マスタ非採用削除!H$4,統合マスタ!$A82,0)) -> ｱﾑﾛｼﾞﾋﾟﾝODｼﾞﾖｳ2.5MGﾒｲｼﾞ | ... Z82: =IF(OFFSET(マスタ非採用削除!M$4,統合マスタ!$A82,0)="","",OFFSET(マスタ非採用削除!M$4,統合マスタ!$A82,0)) -> 5
A83: =元データ!P80 -> 40 | B83: =B82+1 -> 79 | C83: =DBCS(元データ!A80) -> アムロジピンＯＤ錠２．５ｍｇ「明治」 | D83: =元データ!B80 -> メディセオ | E83: =元データ!C80 -> バラ | F83: =元データ!D80 -> 500T | G83: =元データ!E80 -> Ｍｅファルマ | H83: =元データ!F80 -> 10.4 | I83: =元データ!G80 -> 5200 | J83: =元データ!H80 -> 500 | K83: =元データ!I80 -> 錠 | ... M83: =元データ!K80 -> 8.36 | N83: =IF(OFFSET(マスタ非採用削除!A$4,統合マスタ!$A83,0)="","",OFFSET(マスタ非採用削除!A$4,統合マスタ!$A83,0)) -> ｱﾑﾛ002 | O83: =IF(OFFSET(マスタ非採用削除!B$4,統合マスタ!$A83,0)="","",OFFSET(マスタ非採用削除!B$4,統合マスタ!$A83,0)) -> ｱﾑﾛ002 | P83: =IF(OFFSET(マスタ非採用削除!C$4,統合マスタ!$A83,0)="","",OFFSET(マスタ非採用削除!C$4,統合マスタ!$A83,0)) -> アムロジピンＯＤ錠２．５ｍｇ「明治」 | Q83: =IF(OFFSET(マスタ非採用削除!D$4,統合マスタ!$A83,0)="","",OFFSET(マスタ非採用削除!D$4,統合マスタ!$A83,0)) | R83: =IF(OFFSET(マスタ非採用削除!E$4,統合マスタ!$A83,0)="","",OFFSET(マスタ非採用削除!E$4,統合マスタ!$A83,0)) -> 1 | S83: =IF(OFFSET(マスタ非採用削除!F$4,統合マスタ!$A83,0)="","",OFFSET(マスタ非採用削除!F$4,統合マスタ!$A83,0)) | T83: =IF(OFFSET(マスタ非採用削除!G$4,統合マスタ!$A83,0)="","",OFFSET(マスタ非採用削除!G$4,統合マスタ!$A83,0)) -> 10.4 | U83: =IF(OFFSET(マスタ非採用削除!H$4,統合マスタ!$A83,0)="","",OFFSET(マスタ非採用削除!H$4,統合マスタ!$A83,0)) -> ｱﾑﾛｼﾞﾋﾟﾝODｼﾞﾖｳ2.5MGﾒｲｼﾞ | ... Z83: =IF(OFFSET(マスタ非採用削除!M$4,統合マスタ!$A83,0)="","",OFFSET(マスタ非採用削除!M$4,統合マスタ!$A83,0)) -> 5
A84: =元データ!P81 -> 41 | B84: =B83+1 -> 80 | C84: =DBCS(元データ!A81) -> アリドネパッチ２７．５ｍｇ | D84: =元データ!B81 -> スズケン | E84: =元データ!C81 | F84: =元データ!D81 -> 28枚 | G84: =元データ!E81 -> 興和 | H84: =元データ!F81 -> 286.4 | I84: =元データ!G81 -> 8019.2 | J84: =元データ!H81 -> 28 | K84: =元データ!I81 -> 枚 | ... M84: =元データ!K81 -> 247.96429 | N84: =IF(OFFSET(マスタ非採用削除!A$4,統合マスタ!$A84,0)="","",OFFSET(マスタ非採用削除!A$4,統合マスタ!$A84,0)) -> ｱﾘﾄ001 | O84: =IF(OFFSET(マスタ非採用削除!B$4,統合マスタ!$A84,0)="","",OFFSET(マスタ非採用削除!B$4,統合マスタ!$A84,0)) -> ｱﾘﾄ001 | P84: =IF(OFFSET(マスタ非採用削除!C$4,統合マスタ!$A84,0)="","",OFFSET(マスタ非採用削除!C$4,統合マスタ!$A84,0)) -> アリドネパッチ２７．５ｍｇ | Q84: =IF(OFFSET(マスタ非採用削除!D$4,統合マスタ!$A84,0)="","",OFFSET(マスタ非採用削除!D$4,統合マスタ!$A84,0)) | R84: =IF(OFFSET(マスタ非採用削除!E$4,統合マスタ!$A84,0)="","",OFFSET(マスタ非採用削除!E$4,統合マスタ!$A84,0)) -> 1 | S84: =IF(OFFSET(マスタ非採用削除!F$4,統合マスタ!$A84,0)="","",OFFSET(マスタ非採用削除!F$4,統合マスタ!$A84,0)) | T84: =IF(OFFSET(マスタ非採用削除!G$4,統合マスタ!$A84,0)="","",OFFSET(マスタ非採用削除!G$4,統合マスタ!$A84,0)) -> 286.4 | U84: =IF(OFFSET(マスタ非採用削除!H$4,統合マスタ!$A84,0)="","",OFFSET(マスタ非採用削除!H$4,統合マスタ!$A84,0)) -> ｱﾘﾄﾞﾈﾊﾟﾂﾁ27.5MG | ... Z84: =IF(OFFSET(マスタ非採用削除!M$4,統合マスタ!$A84,0)="","",OFFSET(マスタ非採用削除!M$4,統合マスタ!$A84,0)) -> 3
A85: =元データ!P82 -> 42 | B85: =B84+1 -> 81 | C85: =DBCS(元データ!A82) -> アリドネパッチ５５ｍｇ | D85: =元データ!B82 -> スズケン | E85: =元データ!C82 | F85: =元データ!D82 -> 28枚 | G85: =元データ!E82 -> 興和 | H85: =元データ!F82 -> 437.6 | I85: =元データ!G82 -> 12252.8 | J85: =元データ!H82 -> 28 | K85: =元データ!I82 -> 枚 | ... M85: =元データ!K82 -> 378.85714 | N85: =IF(OFFSET(マスタ非採用削除!A$4,統合マスタ!$A85,0)="","",OFFSET(マスタ非採用削除!A$4,統合マスタ!$A85,0)) -> ｱﾘﾄ002 | O85: =IF(OFFSET(マスタ非採用削除!B$4,統合マスタ!$A85,0)="","",OFFSET(マスタ非採用削除!B$4,統合マスタ!$A85,0)) -> ｱﾘﾄ002 | P85: =IF(OFFSET(マスタ非採用削除!C$4,統合マスタ!$A85,0)="","",OFFSET(マスタ非採用削除!C$4,統合マスタ!$A85,0)) -> アリドネパッチ５５ｍｇ | Q85: =IF(OFFSET(マスタ非採用削除!D$4,統合マスタ!$A85,0)="","",OFFSET(マスタ非採用削除!D$4,統合マスタ!$A85,0)) | R85: =IF(OFFSET(マスタ非採用削除!E$4,統合マスタ!$A85,0)="","",OFFSET(マスタ非採用削除!E$4,統合マスタ!$A85,0)) -> 1 | S85: =IF(OFFSET(マスタ非採用削除!F$4,統合マスタ!$A85,0)="","",OFFSET(マスタ非採用削除!F$4,統合マスタ!$A85,0)) | T85: =IF(OFFSET(マスタ非採用削除!G$4,統合マスタ!$A85,0)="","",OFFSET(マスタ非採用削除!G$4,統合マスタ!$A85,0)) -> 437.6 | U85: =IF(OFFSET(マスタ非採用削除!H$4,統合マスタ!$A85,0)="","",OFFSET(マスタ非採用削除!H$4,統合マスタ!$A85,0)) -> ｱﾘﾄﾞﾈﾊﾟﾂﾁ55MG | ... Z85: =IF(OFFSET(マスタ非採用削除!M$4,統合マスタ!$A85,0)="","",OFFSET(マスタ非採用削除!M$4,統合マスタ!$A85,0)) -> 3
A86: =元データ!P83 -> 45 | B86: =B85+1 -> 82 | C86: =DBCS(元データ!A83) -> アリピプラゾールＯＤ錠１２ｍｇ「ニプロ」 | D86: =元データ!B83 -> アルフレッサ | E86: =元データ!C83 -> ＰＴＰ | F86: =元データ!D83 -> 100Ｔ | G86: =元データ!E83 -> ニプロES | H86: =元データ!F83 -> 22.7 | I86: =元データ!G83 -> 2270 | J86: =元データ!H83 -> 100 | K86: =元データ!I83 -> 錠 | ... M86: =元データ!K83 -> 19.75 | N86: =IF(OFFSET(マスタ非採用削除!A$4,統合マスタ!$A86,0)="","",OFFSET(マスタ非採用削除!A$4,統合マスタ!$A86,0)) -> ｱﾘﾋ008 | O86: =IF(OFFSET(マスタ非採用削除!B$4,統合マスタ!$A86,0)="","",OFFSET(マスタ非採用削除!B$4,統合マスタ!$A86,0)) -> ｱﾘﾋ008 | P86: =IF(OFFSET(マスタ非採用削除!C$4,統合マスタ!$A86,0)="","",OFFSET(マスタ非採用削除!C$4,統合マスタ!$A86,0)) -> アリピプラゾールＯＤ錠１２ｍｇ「ニプロ」 | Q86: =IF(OFFSET(マスタ非採用削除!D$4,統合マスタ!$A86,0)="","",OFFSET(マスタ非採用削除!D$4,統合マスタ!$A86,0)) | R86: =IF(OFFSET(マスタ非採用削除!E$4,統合マスタ!$A86,0)="","",OFFSET(マスタ非採用削除!E$4,統合マスタ!$A86,0)) -> 1 | S86: =IF(OFFSET(マスタ非採用削除!F$4,統合マスタ!$A86,0)="","",OFFSET(マスタ非採用削除!F$4,統合マスタ!$A86,0)) | T86: =IF(OFFSET(マスタ非採用削除!G$4,統合マスタ!$A86,0)="","",OFFSET(マスタ非採用削除!G$4,統合マスタ!$A86,0)) -> 22.7 | U86: =IF(OFFSET(マスタ非採用削除!H$4,統合マスタ!$A86,0)="","",OFFSET(マスタ非採用削除!H$4,統合マスタ!$A86,0)) -> ｱﾘﾋﾟﾌﾟﾗｿﾞ-ﾙODｼﾞﾖｳ12MGﾆﾌﾟﾛ | ... Z86: =IF(OFFSET(マスタ非採用削除!M$4,統合マスタ!$A86,0)="","",OFFSET(マスタ非採用削除!M$4,統合マスタ!$A86,0)) -> 6
A87: =元データ!P84 -> 45 | B87: =B86+1 -> 83 | C87: =DBCS(元データ!A84) -> アリピプラゾールＯＤ錠１２ｍｇ「ニプロ」 | D87: =元データ!B84 -> アルフレッサ | E87: =元データ!C84 -> バラ | F87: =元データ!D84 -> 500Ｔ | G87: =元データ!E84 -> ニプロＥＳ | H87: =元データ!F84 -> 22.7 | I87: =元データ!G84 -> 11350 | J87: =元データ!H84 -> 500 | K87: =元データ!I84 -> 錠 | ... M87: =元データ!K84 -> 19.75 | N87: =IF(OFFSET(マスタ非採用削除!A$4,統合マスタ!$A87,0)="","",OFFSET(マスタ非採用削除!A$4,統合マスタ!$A87,0)) -> ｱﾘﾋ008 | O87: =IF(OFFSET(マスタ非採用削除!B$4,統合マスタ!$A87,0)="","",OFFSET(マスタ非採用削除!B$4,統合マスタ!$A87,0)) -> ｱﾘﾋ008 | P87: =IF(OFFSET(マスタ非採用削除!C$4,統合マスタ!$A87,0)="","",OFFSET(マスタ非採用削除!C$4,統合マスタ!$A87,0)) -> アリピプラゾールＯＤ錠１２ｍｇ「ニプロ」 | Q87: =IF(OFFSET(マスタ非採用削除!D$4,統合マスタ!$A87,0)="","",OFFSET(マスタ非採用削除!D$4,統合マスタ!$A87,0)) | R87: =IF(OFFSET(マスタ非採用削除!E$4,統合マスタ!$A87,0)="","",OFFSET(マスタ非採用削除!E$4,統合マスタ!$A87,0)) -> 1 | S87: =IF(OFFSET(マスタ非採用削除!F$4,統合マスタ!$A87,0)="","",OFFSET(マスタ非採用削除!F$4,統合マスタ!$A87,0)) | T87: =IF(OFFSET(マスタ非採用削除!G$4,統合マスタ!$A87,0)="","",OFFSET(マスタ非採用削除!G$4,統合マスタ!$A87,0)) -> 22.7 | U87: =IF(OFFSET(マスタ非採用削除!H$4,統合マスタ!$A87,0)="","",OFFSET(マスタ非採用削除!H$4,統合マスタ!$A87,0)) -> ｱﾘﾋﾟﾌﾟﾗｿﾞ-ﾙODｼﾞﾖｳ12MGﾆﾌﾟﾛ | ... Z87: =IF(OFFSET(マスタ非採用削除!M$4,統合マスタ!$A87,0)="","",OFFSET(マスタ非採用削除!M$4,統合マスタ!$A87,0)) -> 6
A88: =元データ!P85 -> 44 | B88: =B87+1 -> 84 | C88: =DBCS(元データ!A85) -> アリピプラゾールＯＤ錠３ｍｇ「ニプロ」 | D88: =元データ!B85 -> アルフレッサ | E88: =元データ!C85 -> ＰＴＰ | F88: =元データ!D85 -> 100Ｔ | G88: =元データ!E85 -> ニプロＥＳ | H88: =元データ!F85 -> 6.4 | I88: =元データ!G85 -> 640 | J88: =元データ!H85 -> 100 | K88: =元データ!I85 -> 錠 | ... M88: =元データ!K85 -> 5.57 | N88: =IF(OFFSET(マスタ非採用削除!A$4,統合マスタ!$A88,0)="","",OFFSET(マスタ非採用削除!A$4,統合マスタ!$A88,0)) -> ｱﾘﾋ007 | O88: =IF(OFFSET(マスタ非採用削除!B$4,統合マスタ!$A88,0)="","",OFFSET(マスタ非採用削除!B$4,統合マスタ!$A88,0)) -> ｱﾘﾋ007 | P88: =IF(OFFSET(マスタ非採用削除!C$4,統合マスタ!$A88,0)="","",OFFSET(マスタ非採用削除!C$4,統合マスタ!$A88,0)) -> アリピプラゾールＯＤ錠３ｍｇ「ニプロ」 | Q88: =IF(OFFSET(マスタ非採用削除!D$4,統合マスタ!$A88,0)="","",OFFSET(マスタ非採用削除!D$4,統合マスタ!$A88,0)) | R88: =IF(OFFSET(マスタ非採用削除!E$4,統合マスタ!$A88,0)="","",OFFSET(マスタ非採用削除!E$4,統合マスタ!$A88,0)) -> 1 | S88: =IF(OFFSET(マスタ非採用削除!F$4,統合マスタ!$A88,0)="","",OFFSET(マスタ非採用削除!F$4,統合マスタ!$A88,0)) | T88: =IF(OFFSET(マスタ非採用削除!G$4,統合マスタ!$A88,0)="","",OFFSET(マスタ非採用削除!G$4,統合マスタ!$A88,0)) -> 6.4 | U88: =IF(OFFSET(マスタ非採用削除!H$4,統合マスタ!$A88,0)="","",OFFSET(マスタ非採用削除!H$4,統合マスタ!$A88,0)) -> ｱﾘﾋﾟﾌﾟﾗｿﾞ-ﾙODｼﾞﾖｳ3MGﾆﾌﾟﾛ | ... Z88: =IF(OFFSET(マスタ非採用削除!M$4,統合マスタ!$A88,0)="","",OFFSET(マスタ非採用削除!M$4,統合マスタ!$A88,0)) -> 6
A89: =元データ!P86 -> 44 | B89: =B88+1 -> 85 | C89: =DBCS(元データ!A86) -> アリピプラゾールＯＤ錠３ｍｇ「ニプロ」 | D89: =元データ!B86 -> アルフレッサ | E89: =元データ!C86 -> バラ | F89: =元データ!D86 -> 100Ｔ | G89: =元データ!E86 -> ニプロES | H89: =元データ!F86 -> 6.4 | I89: =元データ!G86 -> 640 | J89: =元データ!H86 -> 100 | K89: =元データ!I86 -> 錠 | ... M89: =元データ!K86 -> 5.57 | N89: =IF(OFFSET(マスタ非採用削除!A$4,統合マスタ!$A89,0)="","",OFFSET(マスタ非採用削除!A$4,統合マスタ!$A89,0)) -> ｱﾘﾋ007 | O89: =IF(OFFSET(マスタ非採用削除!B$4,統合マスタ!$A89,0)="","",OFFSET(マスタ非採用削除!B$4,統合マスタ!$A89,0)) -> ｱﾘﾋ007 | P89: =IF(OFFSET(マスタ非採用削除!C$4,統合マスタ!$A89,0)="","",OFFSET(マスタ非採用削除!C$4,統合マスタ!$A89,0)) -> アリピプラゾールＯＤ錠３ｍｇ「ニプロ」 | Q89: =IF(OFFSET(マスタ非採用削除!D$4,統合マスタ!$A89,0)="","",OFFSET(マスタ非採用削除!D$4,統合マスタ!$A89,0)) | R89: =IF(OFFSET(マスタ非採用削除!E$4,統合マスタ!$A89,0)="","",OFFSET(マスタ非採用削除!E$4,統合マスタ!$A89,0)) -> 1 | S89: =IF(OFFSET(マスタ非採用削除!F$4,統合マスタ!$A89,0)="","",OFFSET(マスタ非採用削除!F$4,統合マスタ!$A89,0)) | T89: =IF(OFFSET(マスタ非採用削除!G$4,統合マスタ!$A89,0)="","",OFFSET(マスタ非採用削除!G$4,統合マスタ!$A89,0)) -> 6.4 | U89: =IF(OFFSET(マスタ非採用削除!H$4,統合マスタ!$A89,0)="","",OFFSET(マスタ非採用削除!H$4,統合マスタ!$A89,0)) -> ｱﾘﾋﾟﾌﾟﾗｿﾞ-ﾙODｼﾞﾖｳ3MGﾆﾌﾟﾛ | ... Z89: =IF(OFFSET(マスタ非採用削除!M$4,統合マスタ!$A89,0)="","",OFFSET(マスタ非採用削除!M$4,統合マスタ!$A89,0)) -> 6
... A96: =元データ!P93 -> 50 | B96: =B95+1 -> 92 | C96: =DBCS(元データ!A93) -> アルブミナー２５％静注１２．５ｇ／５０ｍｌ | D96: =元データ!B93 -> アルフレッサ | E96: =元データ!C93 | F96: =元データ!D93 -> 50ｍｌｘ1V | G96: =元データ!E93 -> CSLベーリング | H96: =元データ!F93 -> 4436 | I96: =元データ!G93 -> 4436 | J96: =元データ!H93 -> 1 | K96: =元データ!I93 -> V | ... M96: =元データ!K93 -> 3960 | N96: =IF(OFFSET(マスタ非採用削除!A$4,統合マスタ!$A96,0)="","",OFFSET(マスタ非採用削除!A$4,統合マスタ!$A96,0)) -> ｱﾙﾌ002 | O96: =IF(OFFSET(マスタ非採用削除!B$4,統合マスタ!$A96,0)="","",OFFSET(マスタ非採用削除!B$4,統合マスタ!$A96,0)) -> ｱﾙﾌ002 | P96: =IF(OFFSET(マスタ非採用削除!C$4,統合マスタ!$A96,0)="","",OFFSET(マスタ非採用削除!C$4,統合マスタ!$A96,0)) -> アルブミナー２５％静注１２．５ｇ／５０ｍＬ | Q96: =IF(OFFSET(マスタ非採用削除!D$4,統合マスタ!$A96,0)="","",OFFSET(マスタ非採用削除!D$4,統合マスタ!$A96,0)) -> ｱﾙﾌﾞ | R96: =IF(OFFSET(マスタ非採用削除!E$4,統合マスタ!$A96,0)="","",OFFSET(マスタ非採用削除!E$4,統合マスタ!$A96,0)) -> 1 | S96: =IF(OFFSET(マスタ非採用削除!F$4,統合マスタ!$A96,0)="","",OFFSET(マスタ非採用削除!F$4,統合マスタ!$A96,0)) | T96: =IF(OFFSET(マスタ非採用削除!G$4,統合マスタ!$A96,0)="","",OFFSET(マスタ非採用削除!G$4,統合マスタ!$A96,0)) -> 4436 | U96: =IF(OFFSET(マスタ非採用削除!H$4,統合マスタ!$A96,0)="","",OFFSET(マスタ非採用削除!H$4,統合マスタ!$A96,0)) -> ｱﾙﾌﾞﾐﾅｰ25%ｼﾞｮｳﾁｭｳ12.5g/50mL | ... Z96: =IF(OFFSET(マスタ非採用削除!M$4,統合マスタ!$A96,0)="","",OFFSET(マスタ非採用削除!M$4,統合マスタ!$A96,0)) -> 6
A97: =元データ!P94 -> 非採用 | B97: =B96+1 -> 93 | C97: =DBCS(元データ!A94) -> アルメタ軟膏 | D97: =元データ!B94 | E97: =元データ!C94 | F97: =元データ!D94 -> 5ｇｘ10 | G97: =元データ!E94 -> 塩野義製薬 | H97: =元データ!F94 -> 20.6 | I97: =元データ!G94 -> 1030 | J97: =元データ!H94 -> 50 | K97: =元データ!I94 -> ｇ | ... M97: =元データ!K94 -> 18.34 | N97: =IF(OFFSET(マスタ非採用削除!A$4,統合マスタ!$A97,0)="","",OFFSET(マスタ非採用削除!A$4,統合マスタ!$A97,0)) -> #VALUE! | O97: =IF(OFFSET(マスタ非採用削除!B$4,統合マスタ!$A97,0)="","",OFFSET(マスタ非採用削除!B$4,統合マスタ!$A97,0)) -> #VALUE! | P97: =IF(OFFSET(マスタ非採用削除!C$4,統合マスタ!$A97,0)="","",OFFSET(マスタ非採用削除!C$4,統合マスタ!$A97,0)) -> #VALUE! | Q97: =IF(OFFSET(マスタ非採用削除!D$4,統合マスタ!$A97,0)="","",OFFSET(マスタ非採用削除!D$4,統合マスタ!$A97,0)) -> #VALUE! | R97: =IF(OFFSET(マスタ非採用削除!E$4,統合マスタ!$A97,0)="","",OFFSET(マスタ非採用削除!E$4,統合マスタ!$A97,0)) -> #VALUE! | S97: =IF(OFFSET(マスタ非採用削除!F$4,統合マスタ!$A97,0)="","",OFFSET(マスタ非採用削除!F$4,統合マスタ!$A97,0)) -> #VALUE! | T97: =IF(OFFSET(マスタ非採用削除!G$4,統合マスタ!$A97,0)="","",OFFSET(マスタ非採用削除!G$4,統合マスタ!$A97,0)) -> #VALUE! | U97: =IF(OFFSET(マスタ非採用削除!H$4,統合マスタ!$A97,0)="","",OFFSET(マスタ非採用削除!H$4,統合マスタ!$A97,0)) -> #VALUE! | ... Z97: =IF(OFFSET(マスタ非採用削除!M$4,統合マスタ!$A97,0)="","",OFFSET(マスタ非採用削除!M$4,統合マスタ!$A97,0)) -> #VALUE! | AA97: 非採用
A98: =元データ!P95 -> 非採用 | B98: =B97+1 -> 94 | C98: =DBCS(元データ!A95) -> アレギサール点眼液０．１％ 販売中止 | D98: =元データ!B95 | E98: =元データ!C95 | F98: =元データ!D95 -> 5ｍｌｘ10 | G98: =元データ!E95 -> 参天製薬 | H98: =元データ!F95 -> 421.8 | I98: =元データ!G95 -> 4218 | J98: =元データ!H95 -> 10 | K98: =元データ!I95 -> 本 | ... M98: =元データ!K95 -> 375 | N98: =IF(OFFSET(マスタ非採用削除!A$4,統合マスタ!$A98,0)="","",OFFSET(マスタ非採用削除!A$4,統合マスタ!$A98,0)) -> #VALUE! | O98: =IF(OFFSET(マスタ非採用削除!B$4,統合マスタ!$A98,0)="","",OFFSET(マスタ非採用削除!B$4,統合マスタ!$A98,0)) -> #VALUE! | P98: =IF(OFFSET(マスタ非採用削除!C$4,統合マスタ!$A98,0)="","",OFFSET(マスタ非採用削除!C$4,統合マスタ!$A98,0)) -> #VALUE! | Q98: =IF(OFFSET(マスタ非採用削除!D$4,統合マスタ!$A98,0)="","",OFFSET(マスタ非採用削除!D$4,統合マスタ!$A98,0)) -> #VALUE! | R98: =IF(OFFSET(マスタ非採用削除!E$4,統合マスタ!$A98,0)="","",OFFSET(マスタ非採用削除!E$4,統合マスタ!$A98,0)) -> #VALUE! | S98: =IF(OFFSET(マスタ非採用削除!F$4,統合マスタ!$A98,0)="","",OFFSET(マスタ非採用削除!F$4,統合マスタ!$A98,0)) -> #VALUE! | T98: =IF(OFFSET(マスタ非採用削除!G$4,統合マスタ!$A98,0)="","",OFFSET(マスタ非採用削除!G$4,統合マスタ!$A98,0)) -> #VALUE! | U98: =IF(OFFSET(マスタ非採用削除!H$4,統合マスタ!$A98,0)="","",OFFSET(マスタ非採用削除!H$4,統合マスタ!$A98,0)) -> #VALUE! | ... Z98: =IF(OFFSET(マスタ非採用削除!M$4,統合マスタ!$A98,0)="","",OFFSET(マスタ非採用削除!M$4,統合マスタ!$A98,0)) -> #VALUE! | AA98: 非採用
A99: =元データ!P96 -> 52 | B99: =B98+1 -> 95 | C99: =DBCS(元データ!A96) -> アレビアチン散１０％ | D99: =元データ!B96 | E99: =元データ!C96 -> 粉 | F99: =元データ!D96 -> 500ｇ | G99: =元データ!E96 -> 住友ファーマ | H99: =元データ!F96 -> 12.1 | I99: =元データ!G96 -> 6050 | J99: =元データ!H96 -> 500 | K99: =元データ!I96 -> ｇ | ... M99: =元データ!K96 -> 10.778 | N99: =IF(OFFSET(マスタ非採用削除!A$4,統合マスタ!$A99,0)="","",OFFSET(マスタ非採用削除!A$4,統合マスタ!$A99,0)) -> ｱﾚﾋ001 | O99: =IF(OFFSET(マスタ非採用削除!B$4,統合マスタ!$A99,0)="","",OFFSET(マスタ非採用削除!B$4,統合マスタ!$A99,0)) -> ｱﾚﾋ001 | P99: =IF(OFFSET(マスタ非採用削除!C$4,統合マスタ!$A99,0)="","",OFFSET(マスタ非採用削除!C$4,統合マスタ!$A99,0)) -> アレビアチン散１０％ | Q99: =IF(OFFSET(マスタ非採用削除!D$4,統合マスタ!$A99,0)="","",OFFSET(マスタ非採用削除!D$4,統合マスタ!$A99,0)) -> ｱﾚﾋﾞｱﾁ | R99: =IF(OFFSET(マスタ非採用削除!E$4,統合マスタ!$A99,0)="","",OFFSET(マスタ非採用削除!E$4,統合マスタ!$A99,0)) -> 1 | S99: =IF(OFFSET(マスタ非採用削除!F$4,統合マスタ!$A99,0)="","",OFFSET(マスタ非採用削除!F$4,統合マスタ!$A99,0)) | T99: =IF(OFFSET(マスタ非採用削除!G$4,統合マスタ!$A99,0)="","",OFFSET(マスタ非採用削除!G$4,統合マスタ!$A99,0)) -> 12.1 | U99: =IF(OFFSET(マスタ非採用削除!H$4,統合マスタ!$A99,0)="","",OFFSET(マスタ非採用削除!H$4,統合マスタ!$A99,0)) -> ｱﾚﾋﾞｱﾁﾝｻﾝ10% | ... Z99: =IF(OFFSET(マスタ非採用削除!M$4,統合マスタ!$A99,0)="","",OFFSET(マスタ非採用削除!M$4,統合マスタ!$A99,0)) -> 2
A100: =元データ!P97 | B100: =B99+1 -> 96 | C100: =DBCS(元データ!A97) -> アレビアチン錠１００ｍｇ | D100: =元データ!B97 | E100: =元データ!C97 -> バラ | F100: =元データ!D97 -> 100T | G100: =元データ!E97 -> 住友ファーマ | H100: =元データ!F97 -> 12.9 | I100: =元データ!G97 -> 1290 | J100: =元データ!H97 -> 100 | K100: =元データ!I97 -> 錠 | ... M100: =元データ!K97 -> 11.49 | N100: =IF(OFFSET(マスタ非採用削除!A$4,統合マスタ!$A100,0)="","",OFFSET(マスタ非採用削除!A$4,統合マスタ!$A100,0)) -> #VALUE! | O100: =IF(OFFSET(マスタ非採用削除!B$4,統合マスタ!$A100,0)="","",OFFSET(マスタ非採用削除!B$4,統合マスタ!$A100,0)) -> #VALUE! | P100: =IF(OFFSET(マスタ非採用削除!C$4,統合マスタ!$A100,0)="","",OFFSET(マスタ非採用削除!C$4,統合マスタ!$A100,0)) -> #VALUE! | Q100: =IF(OFFSET(マスタ非採用削除!D$4,統合マスタ!$A100,0)="","",OFFSET(マスタ非採用削除!D$4,統合マスタ!$A100,0)) -> #VALUE! | R100: =IF(OFFSET(マスタ非採用削除!E$4,統合マスタ!$A100,0)="","",OFFSET(マスタ非採用削除!E$4,統合マスタ!$A100,0)) -> #VALUE! | S100: =IF(OFFSET(マスタ非採用削除!F$4,統合マスタ!$A100,0)="","",OFFSET(マスタ非採用削除!F$4,統合マスタ!$A100,0)) -> #VALUE! | T100: =IF(OFFSET(マスタ非採用削除!G$4,統合マスタ!$A100,0)="","",OFFSET(マスタ非採用削除!G$4,統合マスタ!$A100,0)) -> #VALUE! | U100: =IF(OFFSET(マスタ非採用削除!H$4,統合マスタ!$A100,0)="","",OFFSET(マスタ非採用削除!H$4,統合マスタ!$A100,0)) -> #VALUE! | ... Z100: =IF(OFFSET(マスタ非採用削除!M$4,統合マスタ!$A100,0)="","",OFFSET(マスタ非採用削除!M$4,統合マスタ!$A100,0)) -> #VALUE!
A101: =元データ!P98 -> 53 | B101: =B100+1 -> 97 | C101: =DBCS(元データ!A98) -> アレビアチン注２５０ｍｇ | D101: =元データ!B98 | E101: =元データ!C98 | F101: =元データ!D98 -> ５ｍＬＸ１０管 | G101: =元データ!E98 -> 住友ファーマ | H101: =元データ!F98 -> 123 | I101: =元データ!G98 -> 1230 | J101: =元データ!H98 -> 10 | K101: =元データ!I98 -> A | ... M101: =元データ!K98 -> 109.5 | N101: =IF(OFFSET(マスタ非採用削除!A$4,統合マスタ!$A101,0)="","",OFFSET(マスタ非採用削除!A$4,統合マスタ!$A101,0)) -> ｱﾚﾋ002 | O101: =IF(OFFSET(マスタ非採用削除!B$4,統合マスタ!$A101,0)="","",OFFSET(マスタ非採用削除!B$4,統合マスタ!$A101,0)) -> ｱﾚﾋ002 | P101: =IF(OFFSET(マスタ非採用削除!C$4,統合マスタ!$A101,0)="","",OFFSET(マスタ非採用削除!C$4,統合マスタ!$A101,0)) -> アレビアチン注２５０ｍｇ | Q101: =IF(OFFSET(マスタ非採用削除!D$4,統合マスタ!$A101,0)="","",OFFSET(マスタ非採用削除!D$4,統合マスタ!$A101,0)) -> ｱﾚﾋﾞｱ | R101: =IF(OFFSET(マスタ非採用削除!E$4,統合マスタ!$A101,0)="","",OFFSET(マスタ非採用削除!E$4,統合マスタ!$A101,0)) -> 1 | S101: =IF(OFFSET(マスタ非採用削除!F$4,統合マスタ!$A101,0)="","",OFFSET(マスタ非採用削除!F$4,統合マスタ!$A101,0)) | T101: =IF(OFFSET(マスタ非採用削除!G$4,統合マスタ!$A101,0)="","",OFFSET(マスタ非採用削除!G$4,統合マスタ!$A101,0)) -> 123 | U101: =IF(OFFSET(マスタ非採用削除!H$4,統合マスタ!$A101,0)="","",OFFSET(マスタ非採用削除!H$4,統合マスタ!$A101,0)) -> ｱﾚﾋﾞｱﾁﾝﾁﾕｳ250MG | ... Z101: =IF(OFFSET(マスタ非採用削除!M$4,統合マスタ!$A101,0)="","",OFFSET(マスタ非採用削除!M$4,統合マスタ!$A101,0)) -> 9
A102: =元データ!P99 -> 54 | B102: =B101+1 -> 98 | C102: =DBCS(元データ!A99) -> アロプリノール錠１００ｍｇ「サワイ」 | D102: =元データ!B99 | E102: =元データ!C99 -> PTP | F102: =元データ!D99 -> 100T | G102: =元データ!E99 -> 沢井製薬 | H102: =元データ!F99 -> 8 | I102: =元データ!G99 -> 800 | J102: =元データ!H99 -> 100 | K102: =元データ!I99 -> 錠 | ... M102: =元データ!K99 -> 7.12 | N102: =IF(OFFSET(マスタ非採用削除!A$4,統合マスタ!$A102,0)="","",OFFSET(マスタ非採用削除!A$4,統合マスタ!$A102,0)) -> ｱﾛﾌ001 | O102: =IF(OFFSET(マスタ非採用削除!B$4,統合マスタ!$A102,0)="","",OFFSET(マスタ非採用削除!B$4,統合マスタ!$A102,0)) -> ｱﾛﾌ001 | P102: =IF(OFFSET(マスタ非採用削除!C$4,統合マスタ!$A102,0)="","",OFFSET(マスタ非採用削除!C$4,統合マスタ!$A102,0)) -> アロプリノール錠１００ｍｇ「サワイ」 | Q102: =IF(OFFSET(マスタ非採用削除!D$4,統合マスタ!$A102,0)="","",OFFSET(マスタ非採用削除!D$4,統合マスタ!$A102,0)) -> ｱﾛﾌﾟ | R102: =IF(OFFSET(マスタ非採用削除!E$4,統合マスタ!$A102,0)="","",OFFSET(マスタ非採用削除!E$4,統合マスタ!$A102,0)) -> 1 | S102: =IF(OFFSET(マスタ非採用削除!F$4,統合マスタ!$A102,0)="","",OFFSET(マスタ非採用削除!F$4,統合マスタ!$A102,0)) | T102: =IF(OFFSET(マスタ非採用削除!G$4,統合マスタ!$A102,0)="","",OFFSET(マスタ非採用削除!G$4,統合マスタ!$A102,0)) -> 8 | U102: =IF(OFFSET(マスタ非採用削除!H$4,統合マスタ!$A102,0)="","",OFFSET(マスタ非採用削除!H$4,統合マスタ!$A102,0)) -> ｱﾛﾌﾟﾘﾉｰﾙｼﾞｮｳ100mg｢ｻﾜｲ｣ | ... Z102: =IF(OFFSET(マスタ非採用削除!M$4,統合マスタ!$A102,0)="","",OFFSET(マスタ非採用削除!M$4,統合マスタ!$A102,0)) -> 5
A103: =元データ!P100 -> 54 | B103: =B102+1 -> 99 | C103: =DBCS(元データ!A100) -> アロプリノール錠１００ｍｇ「サワイ」 | D103: =元データ!B100 -> アルフレッサ | E103: =元データ!C100 -> バラ | F103: =元データ!D100 -> 1000T | G103: =元データ!E100 -> 沢井製薬 | H103: =元データ!F100 -> 8 | I103: =元データ!G100 -> 8000 | J103: =元データ!H100 -> 1000 | K103: =元データ!I100 -> 錠 | ... M103: =元データ!K100 -> 7.12 | N103: =IF(OFFSET(マスタ非採用削除!A$4,統合マスタ!$A103,0)="","",OFFSET(マスタ非採用削除!A$4,統合マスタ!$A103,0)) -> ｱﾛﾌ001 | O103: =IF(OFFSET(マスタ非採用削除!B$4,統合マスタ!$A103,0)="","",OFFSET(マスタ非採用削除!B$4,統合マスタ!$A103,0)) -> ｱﾛﾌ001 | P103: =IF(OFFSET(マスタ非採用削除!C$4,統合マスタ!$A103,0)="","",OFFSET(マスタ非採用削除!C$4,統合マスタ!$A103,0)) -> アロプリノール錠１００ｍｇ「サワイ」 | Q103: =IF(OFFSET(マスタ非採用削除!D$4,統合マスタ!$A103,0)="","",OFFSET(マスタ非採用削除!D$4,統合マスタ!$A103,0)) -> ｱﾛﾌﾟ | R103: =IF(OFFSET(マスタ非採用削除!E$4,統合マスタ!$A103,0)="","",OFFSET(マスタ非採用削除!E$4,統合マスタ!$A103,0)) -> 1 | S103: =IF(OFFSET(マスタ非採用削除!F$4,統合マスタ!$A103,0)="","",OFFSET(マスタ非採用削除!F$4,統合マスタ!$A103,0)) | T103: =IF(OFFSET(マスタ非採用削除!G$4,統合マスタ!$A103,0)="","",OFFSET(マスタ非採用削除!G$4,統合マスタ!$A103,0)) -> 8 | U103: =IF(OFFSET(マスタ非採用削除!H$4,統合マスタ!$A103,0)="","",OFFSET(マスタ非採用削除!H$4,統合マスタ!$A103,0)) -> ｱﾛﾌﾟﾘﾉｰﾙｼﾞｮｳ100mg｢ｻﾜｲ｣ | ... Z103: =IF(OFFSET(マスタ非採用削除!M$4,統合マスタ!$A103,0)="","",OFFSET(マスタ非採用削除!M$4,統合マスタ!$A103,0)) -> 5
A104: =元データ!P101 -> 0 | B104: =B103+1 -> 100 | C104: =DBCS(元データ!A101) -> アンテベート軟膏０．０５％ | D104: =元データ!B101 | E104: =元データ!C101 | F104: =元データ!D101 -> 10ｇｘ10 | G104: =元データ!E101 -> 鳥居薬品 | H104: =元データ!F101 -> 18.9 | I104: =元データ!G101 -> 1890 | J104: =元データ!H101 -> 100 | K104: =元データ!I101 -> ｇ | ... M104: =元データ!K101 -> 16.82 | N104: =IF(OFFSET(マスタ非採用削除!A$4,統合マスタ!$A104,0)="","",OFFSET(マスタ非採用削除!A$4,統合マスタ!$A104,0)) -> コード(区分値) | O104: =IF(OFFSET(マスタ非採用削除!B$4,統合マスタ!$A104,0)="","",OFFSET(マスタ非採用削除!B$4,統合マスタ!$A104,0)) -> コード | P104: =IF(OFFSET(マスタ非採用削除!C$4,統合マスタ!$A104,0)="","",OFFSET(マスタ非採用削除!C$4,統合マスタ!$A104,0)) -> 名称 | Q104: =IF(OFFSET(マスタ非採用削除!D$4,統合マスタ!$A104,0)="","",OFFSET(マスタ非採用削除!D$4,統合マスタ!$A104,0)) -> ホストコード | R104: =IF(OFFSET(マスタ非採用削除!E$4,統合マスタ!$A104,0)="","",OFFSET(マスタ非採用削除!E$4,統合マスタ!$A104,0)) -> 採用区分（区分値）(区分値) | S104: =IF(OFFSET(マスタ非採用削除!F$4,統合マスタ!$A104,0)="","",OFFSET(マスタ非採用削除!F$4,統合マスタ!$A104,0)) -> 採用区分（区分値） | T104: =IF(OFFSET(マスタ非採用削除!G$4,統合マスタ!$A104,0)="","",OFFSET(マスタ非採用削除!G$4,統合マスタ!$A104,0)) -> 薬価 | U104: =IF(OFFSET(マスタ非採用削除!H$4,統合マスタ!$A104,0)="","",OFFSET(マスタ非採用削除!H$4,統合マスタ!$A104,0)) -> カナ名称 | ... Z104: =IF(OFFSET(マスタ非採用削除!M$4,統合マスタ!$A104,0)="","",OFFSET(マスタ非採用削除!M$4,統合マスタ!$A104,0)) -> 棚
A105: =元データ!P102 -> 55 | B105: =B104+1 -> 101 | C105: =DBCS(元データ!A102) -> イコサペント酸エチルカプセル ３００ｍｇ「日医工」 | D105: =元データ!B102 -> メディセオ | E105: =元データ!C102 -> PTP | F105: =元データ!D102 -> 1000P | G105: =元データ!E102 -> 日医工 | H105: =元データ!F102 -> 12.5 | I105: =元データ!G102 -> 12500 | J105: =元データ!H102 -> 1000 | K105: =元データ!I102 -> cap | ... M105: =元データ!K102 -> 11.2 | N105: =IF(OFFSET(マスタ非採用削除!A$4,統合マスタ!$A105,0)="","",OFFSET(マスタ非採用削除!A$4,統合マスタ!$A105,0)) -> ｲｺｻ001 | O105: =IF(OFFSET(マスタ非採用削除!B$4,統合マスタ!$A105,0)="","",OFFSET(マスタ非採用削除!B$4,統合マスタ!$A105,0)) -> ｲｺｻ001 | P105: =IF(OFFSET(マスタ非採用削除!C$4,統合マスタ!$A105,0)="","",OFFSET(マスタ非採用削除!C$4,統合マスタ!$A105,0)) -> イコサペント酸エチルカプセル３００ｍｇ「日医工」 | Q105: =IF(OFFSET(マスタ非採用削除!D$4,統合マスタ!$A105,0)="","",OFFSET(マスタ非採用削除!D$4,統合マスタ!$A105,0)) -> ｲｺｻ | R105: =IF(OFFSET(マスタ非採用削除!E$4,統合マスタ!$A105,0)="","",OFFSET(マスタ非採用削除!E$4,統合マスタ!$A105,0)) -> 1 | S105: =IF(OFFSET(マスタ非採用削除!F$4,統合マスタ!$A105,0)="","",OFFSET(マスタ非採用削除!F$4,統合マスタ!$A105,0)) | T105: =IF(OFFSET(マスタ非採用削除!G$4,統合マスタ!$A105,0)="","",OFFSET(マスタ非採用削除!G$4,統合マスタ!$A105,0)) -> 12.5 | U105: =IF(OFFSET(マスタ非採用削除!H$4,統合マスタ!$A105,0)="","",OFFSET(マスタ非採用削除!H$4,統合マスタ!$A105,0)) -> ｲｺｻﾍﾟﾝﾄｻﾝｴﾁﾙｶﾌﾟｾﾙ300mg｢ﾆﾁｲｺｳ｣ | ... Z105: =IF(OFFSET(マスタ非採用削除!M$4,統合マスタ!$A105,0)="","",OFFSET(マスタ非採用削除!M$4,統合マスタ!$A105,0)) -> 5
A106: =元データ!P103 -> 0 | B106: =B105+1 -> 102 | C106: =DBCS(元データ!A103) -> イソプロパノール消毒液７０％ 「ヨシダ」 | D106: =元データ!B103 -> アルフレッサ | E106: =元データ!C103 | F106: =元データ!D103 -> 500ｍｌ | G106: =元データ!E103 -> 吉田製薬 | H106: =元データ!F103 -> 6.8 | I106: =元データ!G103 -> 340 | J106: =元データ!H103 -> 50 | K106: =元データ!I103 -> 10ｍｌ | ... M106: =元データ!K103 -> 6.04 | N106: =IF(OFFSET(マスタ非採用削除!A$4,統合マスタ!$A106,0)="","",OFFSET(マスタ非採用削除!A$4,統合マスタ!$A106,0)) -> コード(区分値) | O106: =IF(OFFSET(マスタ非採用削除!B$4,統合マスタ!$A106,0)="","",OFFSET(マスタ非採用削除!B$4,統合マスタ!$A106,0)) -> コード | P106: =IF(OFFSET(マスタ非採用削除!C$4,統合マスタ!$A106,0)="","",OFFSET(マスタ非採用削除!C$4,統合マスタ!$A106,0)) -> 名称 | Q106: =IF(OFFSET(マスタ非採用削除!D$4,統合マスタ!$A106,0)="","",OFFSET(マスタ非採用削除!D$4,統合マスタ!$A106,0)) -> ホストコード | R106: =IF(OFFSET(マスタ非採用削除!E$4,統合マスタ!$A106,0)="","",OFFSET(マスタ非採用削除!E$4,統合マスタ!$A106,0)) -> 採用区分（区分値）(区分値) | S106: =IF(OFFSET(マスタ非採用削除!F$4,統合マスタ!$A106,0)="","",OFFSET(マスタ非採用削除!F$4,統合マスタ!$A106,0)) -> 採用区分（区分値） | T106: =IF(OFFSET(マスタ非採用削除!G$4,統合マスタ!$A106,0)="","",OFFSET(マスタ非採用削除!G$4,統合マスタ!$A106,0)) -> 薬価 | U106: =IF(OFFSET(マスタ非採用削除!H$4,統合マスタ!$A106,0)="","",OFFSET(マスタ非採用削除!H$4,統合マスタ!$A106,0)) -> カナ名称 | ... Z106: =IF(OFFSET(マスタ非採用削除!M$4,統合マスタ!$A106,0)="","",OFFSET(マスタ非採用削除!M$4,統合マスタ!$A106,0)) -> 棚
A107: =元データ!P104 -> 57 | B107: =B106+1 -> 103 | C107: =DBCS(元データ!A104) -> イノソリッド配合経腸用半固形剤 | D107: =元データ!B104 -> スズケン | E107: =元データ!C104 | F107: =元データ!D104 -> 300ｇｘ18バッグ | G107: =元データ!E104 -> 大塚製薬 | H107: =元データ!F104 -> 14.4 | I107: =元データ!G104 -> 7776 | J107: =元データ!H104 -> 540 | K107: =元データ!I104 -> 10ｇ | ... M107: =元データ!K104 -> 12.766667 | N107: =IF(OFFSET(マスタ非採用削除!A$4,統合マスタ!$A107,0)="","",OFFSET(マスタ非採用削除!A$4,統合マスタ!$A107,0)) -> ｲﾉｿ001 | O107: =IF(OFFSET(マスタ非採用削除!B$4,統合マスタ!$A107,0)="","",OFFSET(マスタ非採用削除!B$4,統合マスタ!$A107,0)) -> ｲﾉｿ001 | P107: =IF(OFFSET(マスタ非採用削除!C$4,統合マスタ!$A107,0)="","",OFFSET(マスタ非採用削除!C$4,統合マスタ!$A107,0)) -> イノソリッド配合経腸用半固形剤 | Q107: =IF(OFFSET(マスタ非採用削除!D$4,統合マスタ!$A107,0)="","",OFFSET(マスタ非採用削除!D$4,統合マスタ!$A107,0)) | R107: =IF(OFFSET(マスタ非採用削除!E$4,統合マスタ!$A107,0)="","",OFFSET(マスタ非採用削除!E$4,統合マスタ!$A107,0)) -> 2 | S107: =IF(OFFSET(マスタ非採用削除!F$4,統合マスタ!$A107,0)="","",OFFSET(マスタ非採用削除!F$4,統合マスタ!$A107,0)) | T107: =IF(OFFSET(マスタ非採用削除!G$4,統合マスタ!$A107,0)="","",OFFSET(マスタ非採用削除!G$4,統合マスタ!$A107,0)) -> 1.44 | U107: =IF(OFFSET(マスタ非採用削除!H$4,統合マスタ!$A107,0)="","",OFFSET(マスタ非採用削除!H$4,統合マスタ!$A107,0)) -> ｲﾉｿﾘﾂﾄﾞﾊｲｺﾞｳｹｲﾁﾖｳﾖｳﾊﾝｺｹｲｻﾞｲ | ... Z107: =IF(OFFSET(マスタ非採用削除!M$4,統合マスタ!$A107,0)="","",OFFSET(マスタ非採用削除!M$4,統合マスタ!$A107,0)) -> 7
A108: =元データ!P105 -> 非採用 | B108: =B107+1 -> 104 | C108: =DBCS(元データ!A105) -> イノラス配合経腸用液（コーヒー） | D108: =元データ!B105 | E108: =元データ!C105 | F108: =元データ!D105 -> 187.5ｍｌｘ28 | G108: =元データ!E105 -> 大塚製薬 | H108: =元データ!F105 -> 14.1 | I108: =元データ!G105 -> 7402.5 | J108: =元データ!H105 -> 525 | K108: =元データ!I105 -> 10ｍｌ | ... M108: =元データ!K105 -> 12.533333 | N108: =IF(OFFSET(マスタ非採用削除!A$4,統合マスタ!$A108,0)="","",OFFSET(マスタ非採用削除!A$4,統合マスタ!$A108,0)) -> #VALUE! | O108: =IF(OFFSET(マスタ非採用削除!B$4,統合マスタ!$A108,0)="","",OFFSET(マスタ非採用削除!B$4,統合マスタ!$A108,0)) -> #VALUE! | P108: =IF(OFFSET(マスタ非採用削除!C$4,統合マスタ!$A108,0)="","",OFFSET(マスタ非採用削除!C$4,統合マスタ!$A108,0)) -> #VALUE! | Q108: =IF(OFFSET(マスタ非採用削除!D$4,統合マスタ!$A108,0)="","",OFFSET(マスタ非採用削除!D$4,統合マスタ!$A108,0)) -> #VALUE! | R108: =IF(OFFSET(マスタ非採用削除!E$4,統合マスタ!$A108,0)="","",OFFSET(マスタ非採用削除!E$4,統合マスタ!$A108,0)) -> #VALUE! | S108: =IF(OFFSET(マスタ非採用削除!F$4,統合マスタ!$A108,0)="","",OFFSET(マスタ非採用削除!F$4,統合マスタ!$A108,0)) -> #VALUE! | T108: =IF(OFFSET(マスタ非採用削除!G$4,統合マスタ!$A108,0)="","",OFFSET(マスタ非採用削除!G$4,統合マスタ!$A108,0)) -> #VALUE! | U108: =IF(OFFSET(マスタ非採用削除!H$4,統合マスタ!$A108,0)="","",OFFSET(マスタ非採用削除!H$4,統合マスタ!$A108,0)) -> #VALUE! | ... Z108: =IF(OFFSET(マスタ非採用削除!M$4,統合マスタ!$A108,0)="","",OFFSET(マスタ非採用削除!M$4,統合マスタ!$A108,0)) -> #VALUE! | AA108: 非採用
A109: =元データ!P106 -> 58 | B109: =B108+1 -> 105 | C109: =DBCS(元データ!A106) -> イバンドロン酸静注１ｍｇシリンジ「トーワ」 | D109: =元データ!B106 -> 東和薬品 | E109: =元データ!C106 | F109: =元データ!D106 -> 10シリンジ | G109: =元データ!E106 -> 東和薬品 | H109: =元データ!F106 -> 1588 | I109: =元データ!G106 -> 15880 | J109: =元データ!H106 -> 10 | K109: =元データ!I106 -> ｼﾘﾝｼﾞ | ... M109: =元データ!K106 -> 1271 | N109: =IF(OFFSET(マスタ非採用削除!A$4,統合マスタ!$A109,0)="","",OFFSET(マスタ非採用削除!A$4,統合マスタ!$A109,0)) -> ｲﾊﾝ001 | O109: =IF(OFFSET(マスタ非採用削除!B$4,統合マスタ!$A109,0)="","",OFFSET(マスタ非採用削除!B$4,統合マスタ!$A109,0)) -> ｲﾊﾝ001 | P109: =IF(OFFSET(マスタ非採用削除!C$4,統合マスタ!$A109,0)="","",OFFSET(マスタ非採用削除!C$4,統合マスタ!$A109,0)) -> イバンドロン酸静注１ｍｇシリンジ「トーワ」 | Q109: =IF(OFFSET(マスタ非採用削除!D$4,統合マスタ!$A109,0)="","",OFFSET(マスタ非採用削除!D$4,統合マスタ!$A109,0)) -> ｲﾊﾞﾝ | R109: =IF(OFFSET(マスタ非採用削除!E$4,統合マスタ!$A109,0)="","",OFFSET(マスタ非採用削除!E$4,統合マスタ!$A109,0)) -> 1 | S109: =IF(OFFSET(マスタ非採用削除!F$4,統合マスタ!$A109,0)="","",OFFSET(マスタ非採用削除!F$4,統合マスタ!$A109,0)) | T109: =IF(OFFSET(マスタ非採用削除!G$4,統合マスタ!$A109,0)="","",OFFSET(マスタ非採用削除!G$4,統合マスタ!$A109,0)) -> 1588 | U109: =IF(OFFSET(マスタ非採用削除!H$4,統合マスタ!$A109,0)="","",OFFSET(マスタ非採用削除!H$4,統合マスタ!$A109,0)) -> ｲﾊﾞﾝﾄﾞﾛﾝｻﾝｼﾞｮｳﾁｭｳ1mgｼﾘﾝｼﾞ｢ﾄｰﾜ｣ | ... Z109: =IF(OFFSET(マスタ非採用削除!M$4,統合マスタ!$A109,0)="","",OFFSET(マスタ非採用削除!M$4,統合マスタ!$A109,0)) -> 9
A110: =元データ!P107 -> 58 | B110: =B109+1 -> 106 | C110: =DBCS(元データ!A107) -> イバンドロン酸静注１ｍｇシリンジ「トーワ」 | D110: =元データ!B107 | E110: =元データ!C107 | F110: =元データ!D107 -> 1シリンジ | G110: =元データ!E107 -> 東和薬品 | H110: =元データ!F107 -> 1588 | I110: =元データ!G107 -> 1588 | J110: =元データ!H107 -> 1 | K110: =元データ!I107 -> ｼﾘﾝｼﾞ | ... M110: =元データ!K107 -> 1271 | N110: =IF(OFFSET(マスタ非採用削除!A$4,統合マスタ!$A110,0)="","",OFFSET(マスタ非採用削除!A$4,統合マスタ!$A110,0)) -> ｲﾊﾝ001 | O110: =IF(OFFSET(マスタ非採用削除!B$4,統合マスタ!$A110,0)="","",OFFSET(マスタ非採用削除!B$4,統合マスタ!$A110,0)) -> ｲﾊﾝ001 | P110: =IF(OFFSET(マスタ非採用削除!C$4,統合マスタ!$A110,0)="","",OFFSET(マスタ非採用削除!C$4,統合マスタ!$A110,0)) -> イバンドロン酸静注１ｍｇシリンジ「トーワ」 | Q110: =IF(OFFSET(マスタ非採用削除!D$4,統合マスタ!$A110,0)="","",OFFSET(マスタ非採用削除!D$4,統合マスタ!$A110,0)) -> ｲﾊﾞﾝ | R110: =IF(OFFSET(マスタ非採用削除!E$4,統合マスタ!$A110,0)="","",OFFSET(マスタ非採用削除!E$4,統合マスタ!$A110,0)) -> 1 | S110: =IF(OFFSET(マスタ非採用削除!F$4,統合マスタ!$A110,0)="","",OFFSET(マスタ非採用削除!F$4,統合マスタ!$A110,0)) | T110: =IF(OFFSET(マスタ非採用削除!G$4,統合マスタ!$A110,0)="","",OFFSET(マスタ非採用削除!G$4,統合マスタ!$A110,0)) -> 1588 | U110: =IF(OFFSET(マスタ非採用削除!H$4,統合マスタ!$A110,0)="","",OFFSET(マスタ非採用削除!H$4,統合マスタ!$A110,0)) -> ｲﾊﾞﾝﾄﾞﾛﾝｻﾝｼﾞｮｳﾁｭｳ1mgｼﾘﾝｼﾞ｢ﾄｰﾜ｣ | ... Z110: =IF(OFFSET(マスタ非採用削除!M$4,統合マスタ!$A110,0)="","",OFFSET(マスタ非採用削除!M$4,統合マスタ!$A110,0)) -> 9
A111: =元データ!P108 -> 60 | B111: =B110+1 -> 107 | C111: =DBCS(元データ!A108) -> イフェクサーＳＲカプセル３７．５ｍｇ | D111: =元データ!B108 -> アルフレッサ | E111: =元データ!C108 -> PTP | F111: =元データ!D108 -> 100Ｔ | G111: =元データ!E108 -> ヴィアトリス | H111: =元データ!F108 -> 101.9 | I111: =元データ!G108 -> 10190 | J111: =元データ!H108 -> 100 | K111: =元データ!I108 -> 錠 | ... M111: =元データ!K108 -> 87.63 | N111: =IF(OFFSET(マスタ非採用削除!A$4,統合マスタ!$A111,0)="","",OFFSET(マスタ非採用削除!A$4,統合マスタ!$A111,0)) -> ｲﾌｴ001 | O111: =IF(OFFSET(マスタ非採用削除!B$4,統合マスタ!$A111,0)="","",OFFSET(マスタ非採用削除!B$4,統合マスタ!$A111,0)) -> ｲﾌｴ001 | P111: =IF(OFFSET(マスタ非採用削除!C$4,統合マスタ!$A111,0)="","",OFFSET(マスタ非採用削除!C$4,統合マスタ!$A111,0)) -> イフェクサーＳＲカプセル３７．５ｍｇ | Q111: =IF(OFFSET(マスタ非採用削除!D$4,統合マスタ!$A111,0)="","",OFFSET(マスタ非採用削除!D$4,統合マスタ!$A111,0)) -> ｲﾌｪｸ | R111: =IF(OFFSET(マスタ非採用削除!E$4,統合マスタ!$A111,0)="","",OFFSET(マスタ非採用削除!E$4,統合マスタ!$A111,0)) -> 1 | S111: =IF(OFFSET(マスタ非採用削除!F$4,統合マスタ!$A111,0)="","",OFFSET(マスタ非採用削除!F$4,統合マスタ!$A111,0)) | T111: =IF(OFFSET(マスタ非採用削除!G$4,統合マスタ!$A111,0)="","",OFFSET(マスタ非採用削除!G$4,統合マスタ!$A111,0)) -> 101.9 | U111: =IF(OFFSET(マスタ非採用削除!H$4,統合マスタ!$A111,0)="","",OFFSET(マスタ非採用削除!H$4,統合マスタ!$A111,0)) -> ｲﾌｪｸｻｰSRｶﾌﾟｾﾙ37.5mg | ... Z111: =IF(OFFSET(マスタ非採用削除!M$4,統合マスタ!$A111,0)="","",OFFSET(マスタ非採用削除!M$4,統合マスタ!$A111,0)) -> 6
A112: =元データ!P109 -> 61 | B112: =B111+1 -> 108 | C112: =DBCS(元データ!A109) -> イフェクサーＳＲカプセル７５ｍｇ | D112: =元データ!B109 -> アルフレッサ | E112: =元データ!C109 -> PTP | F112: =元データ!D109 -> 100T | G112: =元データ!E109 -> ヴィアトリス | H112: =元データ!F109 -> 167.6 | I112: =元データ!G109 -> 16760 | J112: =元データ!H109 -> 100 | K112: =元データ!I109 -> 錠 | ... M112: =元データ!K109 -> 144.14 | N112: =IF(OFFSET(マスタ非採用削除!A$4,統合マスタ!$A112,0)="","",OFFSET(マスタ非採用削除!A$4,統合マスタ!$A112,0)) -> ｲﾌｴ002 | O112: =IF(OFFSET(マスタ非採用削除!B$4,統合マスタ!$A112,0)="","",OFFSET(マスタ非採用削除!B$4,統合マスタ!$A112,0)) -> ｲﾌｴ002 | P112: =IF(OFFSET(マスタ非採用削除!C$4,統合マスタ!$A112,0)="","",OFFSET(マスタ非採用削除!C$4,統合マスタ!$A112,0)) -> イフェクサーＳＲカプセル７５ｍｇ | Q112: =IF(OFFSET(マスタ非採用削除!D$4,統合マスタ!$A112,0)="","",OFFSET(マスタ非採用削除!D$4,統合マスタ!$A112,0)) -> ｲﾌｪｸ1 | R112: =IF(OFFSET(マスタ非採用削除!E$4,統合マスタ!$A112,0)="","",OFFSET(マスタ非採用削除!E$4,統合マスタ!$A112,0)) -> 1 | S112: =IF(OFFSET(マスタ非採用削除!F$4,統合マスタ!$A112,0)="","",OFFSET(マスタ非採用削除!F$4,統合マスタ!$A112,0)) | T112: =IF(OFFSET(マスタ非採用削除!G$4,統合マスタ!$A112,0)="","",OFFSET(マスタ非採用削除!G$4,統合マスタ!$A112,0)) -> 167.6 | U112: =IF(OFFSET(マスタ非採用削除!H$4,統合マスタ!$A112,0)="","",OFFSET(マスタ非採用削除!H$4,統合マスタ!$A112,0)) -> ｲﾌｪｸｻｰSRｶﾌﾟｾﾙ75mg | ... Z112: =IF(OFFSET(マスタ非採用削除!M$4,統合マスタ!$A112,0)="","",OFFSET(マスタ非採用削除!M$4,統合マスタ!$A112,0)) -> 6
A113: =元データ!P110 -> 62 | B113: =B112+1 -> 109 | C113: =DBCS(元データ!A110) -> イベニティ皮下注１０５ｍｇシリンジ | D113: =元データ!B110 -> アルフレッサ | E113: =元データ!C110 | F113: =元データ!D110 -> 2筒 | G113: =元データ!E110 -> アステラス製薬 | H113: =元データ!F110 -> 25061 | I113: =元データ!G110 -> 50122 | J113: =元データ!H110 -> 2 | K113: =元データ!I110 -> 本 | ... M113: =元データ!K110 -> 21853 | N113: =IF(OFFSET(マスタ非採用削除!A$4,統合マスタ!$A113,0)="","",OFFSET(マスタ非採用削除!A$4,統合マスタ!$A113,0)) -> ｲﾍﾆ001 | O113: =IF(OFFSET(マスタ非採用削除!B$4,統合マスタ!$A113,0)="","",OFFSET(マスタ非採用削除!B$4,統合マスタ!$A113,0)) -> ｲﾍﾆ001 | P113: =IF(OFFSET(マスタ非採用削除!C$4,統合マスタ!$A113,0)="","",OFFSET(マスタ非採用削除!C$4,統合マスタ!$A113,0)) -> イベニティ皮下注１０５ｍｇシリンジ | Q113: =IF(OFFSET(マスタ非採用削除!D$4,統合マスタ!$A113,0)="","",OFFSET(マスタ非採用削除!D$4,統合マスタ!$A113,0)) -> ｲﾍﾞﾆ | R113: =IF(OFFSET(マスタ非採用削除!E$4,統合マスタ!$A113,0)="","",OFFSET(マスタ非採用削除!E$4,統合マスタ!$A113,0)) -> 1 | S113: =IF(OFFSET(マスタ非採用削除!F$4,統合マスタ!$A113,0)="","",OFFSET(マスタ非採用削除!F$4,統合マスタ!$A113,0)) | T113: =IF(OFFSET(マスタ非採用削除!G$4,統合マスタ!$A113,0)="","",OFFSET(マスタ非採用削除!G$4,統合マスタ!$A113,0)) -> 25061 | U113: =IF(OFFSET(マスタ非採用削除!H$4,統合マスタ!$A113,0)="","",OFFSET(マスタ非採用削除!H$4,統合マスタ!$A113,0)) -> ｲﾍﾞﾆﾃｨﾋｶﾁｭｳ105mgｼﾘﾝｼﾞ | ... Z113: =IF(OFFSET(マスタ非採用削除!M$4,統合マスタ!$A113,0)="","",OFFSET(マスタ非採用削除!M$4,統合マスタ!$A113,0)) -> 11
A114: =元データ!P111 -> 63 | B114: =B113+1 -> 110 | C114: =DBCS(元データ!A111) -> イリボー錠５μｇ | D114: =元データ!B111 | E114: =元データ!C111 -> PTP | F114: =元データ!D111 -> 100T | G114: =元データ!E111 -> アステラス製薬 | H114: =元データ!F111 -> 61 | I114: =元データ!G111 -> 6100 | J114: =元データ!H111 -> 100 | K114: =元データ!I111 -> 錠 | ... M114: =元データ!K111 -> 53.38 | N114: =IF(OFFSET(マスタ非採用削除!A$4,統合マスタ!$A114,0)="","",OFFSET(マスタ非採用削除!A$4,統合マスタ!$A114,0)) -> ｲﾘﾎ001 | O114: =IF(OFFSET(マスタ非採用削除!B$4,統合マスタ!$A114,0)="","",OFFSET(マスタ非採用削除!B$4,統合マスタ!$A114,0)) -> ｲﾘﾎ001 | P114: =IF(OFFSET(マスタ非採用削除!C$4,統合マスタ!$A114,0)="","",OFFSET(マスタ非採用削除!C$4,統合マスタ!$A114,0)) -> イリボー錠５μｇ | Q114: =IF(OFFSET(マスタ非採用削除!D$4,統合マスタ!$A114,0)="","",OFFSET(マスタ非採用削除!D$4,統合マスタ!$A114,0)) -> ｲﾘﾎﾞ | R114: =IF(OFFSET(マスタ非採用削除!E$4,統合マスタ!$A114,0)="","",OFFSET(マスタ非採用削除!E$4,統合マスタ!$A114,0)) -> 2 | S114: =IF(OFFSET(マスタ非採用削除!F$4,統合マスタ!$A114,0)="","",OFFSET(マスタ非採用削除!F$4,統合マスタ!$A114,0)) | T114: =IF(OFFSET(マスタ非採用削除!G$4,統合マスタ!$A114,0)="","",OFFSET(マスタ非採用削除!G$4,統合マスタ!$A114,0)) -> 61 | U114: =IF(OFFSET(マスタ非採用削除!H$4,統合マスタ!$A114,0)="","",OFFSET(マスタ非採用削除!H$4,統合マスタ!$A114,0)) -> ｲﾘﾎﾞｰｼﾞｮｳ5μg | ... Z114: =IF(OFFSET(マスタ非採用削除!M$4,統合マスタ!$A114,0)="","",OFFSET(マスタ非採用削除!M$4,統合マスタ!$A114,0)) -> 15
A115: =元データ!P112 -> 64 | B115: =B114+1 -> 111 | C115: =DBCS(元データ!A112) -> イルベサルタン錠５０ｍｇ「サワイ」 | D115: =元データ!B112 -> スズケン | E115: =元データ!C112 -> PTP | F115: =元データ!D112 -> 100T | G115: =元データ!E112 -> 沢井製薬 | H115: =元データ!F112 -> 10.4 | I115: =元データ!G112 -> 1040 | J115: =元データ!H112 -> 100 | K115: =元データ!I112 -> 錠 | ... M115: =元データ!K112 -> 9.26 | N115: =IF(OFFSET(マスタ非採用削除!A$4,統合マスタ!$A115,0)="","",OFFSET(マスタ非採用削除!A$4,統合マスタ!$A115,0)) -> ｲﾙﾍ002 | O115: =IF(OFFSET(マスタ非採用削除!B$4,統合マスタ!$A115,0)="","",OFFSET(マスタ非採用削除!B$4,統合マスタ!$A115,0)) -> ｲﾙﾍ002 | P115: =IF(OFFSET(マスタ非採用削除!C$4,統合マスタ!$A115,0)="","",OFFSET(マスタ非採用削除!C$4,統合マスタ!$A115,0)) -> イルベサルタン錠５０ｍｇ「サワイ」 | Q115: =IF(OFFSET(マスタ非採用削除!D$4,統合マスタ!$A115,0)="","",OFFSET(マスタ非採用削除!D$4,統合マスタ!$A115,0)) -> ｲﾙﾍﾞ2 | R115: =IF(OFFSET(マスタ非採用削除!E$4,統合マスタ!$A115,0)="","",OFFSET(マスタ非採用削除!E$4,統合マスタ!$A115,0)) -> 1 | S115: =IF(OFFSET(マスタ非採用削除!F$4,統合マスタ!$A115,0)="","",OFFSET(マスタ非採用削除!F$4,統合マスタ!$A115,0)) | T115: =IF(OFFSET(マスタ非採用削除!G$4,統合マスタ!$A115,0)="","",OFFSET(マスタ非採用削除!G$4,統合マスタ!$A115,0)) -> 10.4 | U115: =IF(OFFSET(マスタ非採用削除!H$4,統合マスタ!$A115,0)="","",OFFSET(マスタ非採用削除!H$4,統合マスタ!$A115,0)) -> ｲﾙﾍﾞｻﾙﾀﾝｼﾞｮｳ50mg｢ｻﾜｲ｣ | ... Z115: =IF(OFFSET(マスタ非採用削除!M$4,統合マスタ!$A115,0)="","",OFFSET(マスタ非採用削除!M$4,統合マスタ!$A115,0)) -> 5
A116: =元データ!P113 -> 64 | B116: =B115+1 -> 112 | C116: =DBCS(元データ!A113) -> イルベサルタン錠５０ｍｇ「サワイ」 | D116: =元データ!B113 -> スズケン | E116: =元データ!C113 -> バラ | F116: =元データ!D113 -> 200T | G116: =元データ!E113 -> 沢井製薬 | H116: =元データ!F113 -> 10.4 | I116: =元データ!G113 -> 2080 | J116: =元データ!H113 -> 200 | K116: =元データ!I113 -> 錠 | ... M116: =元データ!K113 -> 9.255 | N116: =IF(OFFSET(マスタ非採用削除!A$4,統合マスタ!$A116,0)="","",OFFSET(マスタ非採用削除!A$4,統合マスタ!$A116,0)) -> ｲﾙﾍ002 | O116: =IF(OFFSET(マスタ非採用削除!B$4,統合マスタ!$A116,0)="","",OFFSET(マスタ非採用削除!B$4,統合マスタ!$A116,0)) -> ｲﾙﾍ002 | P116: =IF(OFFSET(マスタ非採用削除!C$4,統合マスタ!$A116,0)="","",OFFSET(マスタ非採用削除!C$4,統合マスタ!$A116,0)) -> イルベサルタン錠５０ｍｇ「サワイ」 | Q116: =IF(OFFSET(マスタ非採用削除!D$4,統合マスタ!$A116,0)="","",OFFSET(マスタ非採用削除!D$4,統合マスタ!$A116,0)) -> ｲﾙﾍﾞ2 | R116: =IF(OFFSET(マスタ非採用削除!E$4,統合マスタ!$A116,0)="","",OFFSET(マスタ非採用削除!E$4,統合マスタ!$A116,0)) -> 1 | S116: =IF(OFFSET(マスタ非採用削除!F$4,統合マスタ!$A116,0)="","",OFFSET(マスタ非採用削除!F$4,統合マスタ!$A116,0)) | T116: =IF(OFFSET(マスタ非採用削除!G$4,統合マスタ!$A116,0)="","",OFFSET(マスタ非採用削除!G$4,統合マスタ!$A116,0)) -> 10.4 | U116: =IF(OFFSET(マスタ非採用削除!H$4,統合マスタ!$A116,0)="","",OFFSET(マスタ非採用削除!H$4,統合マスタ!$A116,0)) -> ｲﾙﾍﾞｻﾙﾀﾝｼﾞｮｳ50mg｢ｻﾜｲ｣ | ... Z116: =IF(OFFSET(マスタ非採用削除!M$4,統合マスタ!$A116,0)="","",OFFSET(マスタ非採用削除!M$4,統合マスタ!$A116,0)) -> 5
A117: =元データ!P114 -> 65 | B117: =B116+1 -> 113 | C117: =DBCS(元データ!A114) -> インヴェガ錠３ｍｇ | D117: =元データ!B114 -> メディセオ | E117: =元データ!C114 -> PTP | F117: =元データ!D114 -> 100Ｔ | G117: =元データ!E114 -> ヤンセン | H117: =元データ!F114 -> 227.8 | I117: =元データ!G114 -> 22780 | J117: =元データ!H114 -> 100 | K117: =元データ!I114 -> 錠 | ... M117: =元データ!K114 -> 191.3 | N117: =IF(OFFSET(マスタ非採用削除!A$4,統合マスタ!$A117,0)="","",OFFSET(マスタ非採用削除!A$4,統合マスタ!$A117,0)) -> ｲﾝｳ001 | O117: =IF(OFFSET(マスタ非採用削除!B$4,統合マスタ!$A117,0)="","",OFFSET(マスタ非採用削除!B$4,統合マスタ!$A117,0)) -> ｲﾝｳ001 | P117: =IF(OFFSET(マスタ非採用削除!C$4,統合マスタ!$A117,0)="","",OFFSET(マスタ非採用削除!C$4,統合マスタ!$A117,0)) -> インヴェガ錠３ｍｇ | Q117: =IF(OFFSET(マスタ非採用削除!D$4,統合マスタ!$A117,0)="","",OFFSET(マスタ非採用削除!D$4,統合マスタ!$A117,0)) -> ｲﾝｳﾞｪ3 | R117: =IF(OFFSET(マスタ非採用削除!E$4,統合マスタ!$A117,0)="","",OFFSET(マスタ非採用削除!E$4,統合マスタ!$A117,0)) -> 1 | S117: =IF(OFFSET(マスタ非採用削除!F$4,統合マスタ!$A117,0)="","",OFFSET(マスタ非採用削除!F$4,統合マスタ!$A117,0)) | T117: =IF(OFFSET(マスタ非採用削除!G$4,統合マスタ!$A117,0)="","",OFFSET(マスタ非採用削除!G$4,統合マスタ!$A117,0)) -> 227.8 | U117: =IF(OFFSET(マスタ非採用削除!H$4,統合マスタ!$A117,0)="","",OFFSET(マスタ非採用削除!H$4,統合マスタ!$A117,0)) -> ｲﾝｳﾞｪｶﾞｼﾞｮｳ3mg | ... Z117: =IF(OFFSET(マスタ非採用削除!M$4,統合マスタ!$A117,0)="","",OFFSET(マスタ非採用削除!M$4,統合マスタ!$A117,0)) -> 6
A118: =元データ!P115 -> 66 | B118: =B117+1 -> 114 | C118: =DBCS(元データ!A115) -> インヴェガ錠６ｍｇ | D118: =元データ!B115 -> メディセオ | E118: =元データ!C115 -> PTP | F118: =元データ!D115 -> 100T | G118: =元データ!E115 -> ヤンセン | H118: =元データ!F115 -> 419.7 | I118: =元データ!G115 -> 41970 | J118: =元データ!H115 -> 100 | K118: =元データ!I115 -> 錠 | ... M118: =元データ!K115 -> 352 | N118: =IF(OFFSET(マスタ非採用削除!A$4,統合マスタ!$A118,0)="","",OFFSET(マスタ非採用削除!A$4,統合マスタ!$A118,0)) -> ｲﾝｳ002 | O118: =IF(OFFSET(マスタ非採用削除!B$4,統合マスタ!$A118,0)="","",OFFSET(マスタ非採用削除!B$4,統合マスタ!$A118,0)) -> ｲﾝｳ002 | P118: =IF(OFFSET(マスタ非採用削除!C$4,統合マスタ!$A118,0)="","",OFFSET(マスタ非採用削除!C$4,統合マスタ!$A118,0)) -> インヴェガ錠６ｍｇ | Q118: =IF(OFFSET(マスタ非採用削除!D$4,統合マスタ!$A118,0)="","",OFFSET(マスタ非採用削除!D$4,統合マスタ!$A118,0)) -> ｲﾝｳﾞｪ6 | R118: =IF(OFFSET(マスタ非採用削除!E$4,統合マスタ!$A118,0)="","",OFFSET(マスタ非採用削除!E$4,統合マスタ!$A118,0)) -> 1 | S118: =IF(OFFSET(マスタ非採用削除!F$4,統合マスタ!$A118,0)="","",OFFSET(マスタ非採用削除!F$4,統合マスタ!$A118,0)) | T118: =IF(OFFSET(マスタ非採用削除!G$4,統合マスタ!$A118,0)="","",OFFSET(マスタ非採用削除!G$4,統合マスタ!$A118,0)) -> 419.7 | U118: =IF(OFFSET(マスタ非採用削除!H$4,統合マスタ!$A118,0)="","",OFFSET(マスタ非採用削除!H$4,統合マスタ!$A118,0)) -> ｲﾝｳﾞｪｶﾞｼﾞｮｳ6mg | ... Z118: =IF(OFFSET(マスタ非採用削除!M$4,統合マスタ!$A118,0)="","",OFFSET(マスタ非採用削除!M$4,統合マスタ!$A118,0)) -> 6
A119: =元データ!P116 -> 67 | B119: =B118+1 -> 115 | C119: =DBCS(元データ!A116) -> インチュニブ錠１ｍｇ | D119: =元データ!B116 -> メディセオ | E119: =元データ!C116 -> PTP | F119: =元データ!D116 -> 100T | G119: =元データ!E116 -> 武田薬品工業 | H119: =元データ!F116 -> 398.8 | I119: =元データ!G116 -> 39880 | J119: =元データ!H116 -> 100 | K119: =元データ!I116 -> 錠 | ... M119: =元データ!K116 -> 355 | N119: =IF(OFFSET(マスタ非採用削除!A$4,統合マスタ!$A119,0)="","",OFFSET(マスタ非採用削除!A$4,統合マスタ!$A119,0)) -> ｲﾝﾁ001 | O119: =IF(OFFSET(マスタ非採用削除!B$4,統合マスタ!$A119,0)="","",OFFSET(マスタ非採用削除!B$4,統合マスタ!$A119,0)) -> ｲﾝﾁ001 | P119: =IF(OFFSET(マスタ非採用削除!C$4,統合マスタ!$A119,0)="","",OFFSET(マスタ非採用削除!C$4,統合マスタ!$A119,0)) -> インチュニブ錠１ｍｇ | Q119: =IF(OFFSET(マスタ非採用削除!D$4,統合マスタ!$A119,0)="","",OFFSET(マスタ非採用削除!D$4,統合マスタ!$A119,0)) -> ｲﾝﾁｭ | R119: =IF(OFFSET(マスタ非採用削除!E$4,統合マスタ!$A119,0)="","",OFFSET(マスタ非採用削除!E$4,統合マスタ!$A119,0)) -> 2 | S119: =IF(OFFSET(マスタ非採用削除!F$4,統合マスタ!$A119,0)="","",OFFSET(マスタ非採用削除!F$4,統合マスタ!$A119,0)) | T119: =IF(OFFSET(マスタ非採用削除!G$4,統合マスタ!$A119,0)="","",OFFSET(マスタ非採用削除!G$4,統合マスタ!$A119,0)) -> 398.8 | U119: =IF(OFFSET(マスタ非採用削除!H$4,統合マスタ!$A119,0)="","",OFFSET(マスタ非採用削除!H$4,統合マスタ!$A119,0)) -> ｲﾝﾁｭﾆﾌﾞｼﾞｮｳ1mg | ... Z119: =IF(OFFSET(マスタ非採用削除!M$4,統合マスタ!$A119,0)="","",OFFSET(マスタ非採用削除!M$4,統合マスタ!$A119,0)) -> 3
A120: =元データ!P117 -> 70 | B120: =B119+1 -> 116 | C120: =DBCS(元データ!A117) -> インテバンクリーム１％ | D120: =元データ!B117 -> メディセオ | E120: =元データ!C117 | F120: =元データ!D117 -> 25ｇｌｘ10 | G120: =元データ!E117 -> 帝国製薬 | H120: =元データ!F117 -> 3.3 | I120: =元データ!G117 -> 825 | J120: =元データ!H117 -> 250 | K120: =元データ!I117 -> ｇ | ... M120: =元データ!K117 -> 2.94 | N120: =IF(OFFSET(マスタ非採用削除!A$4,統合マスタ!$A120,0)="","",OFFSET(マスタ非採用削除!A$4,統合マスタ!$A120,0)) -> ｲﾝﾃ004 | O120: =IF(OFFSET(マスタ非採用削除!B$4,統合マスタ!$A120,0)="","",OFFSET(マスタ非採用削除!B$4,統合マスタ!$A120,0)) -> ｲﾝﾃ004 | P120: =IF(OFFSET(マスタ非採用削除!C$4,統合マスタ!$A120,0)="","",OFFSET(マスタ非採用削除!C$4,統合マスタ!$A120,0)) -> インテバンクリーム１％ | Q120: =IF(OFFSET(マスタ非採用削除!D$4,統合マスタ!$A120,0)="","",OFFSET(マスタ非採用削除!D$4,統合マスタ!$A120,0)) | R120: =IF(OFFSET(マスタ非採用削除!E$4,統合マスタ!$A120,0)="","",OFFSET(マスタ非採用削除!E$4,統合マスタ!$A120,0)) -> 1 | S120: =IF(OFFSET(マスタ非採用削除!F$4,統合マスタ!$A120,0)="","",OFFSET(マスタ非採用削除!F$4,統合マスタ!$A120,0)) | T120: =IF(OFFSET(マスタ非採用削除!G$4,統合マスタ!$A120,0)="","",OFFSET(マスタ非採用削除!G$4,統合マスタ!$A120,0)) -> 3.3 | U120: =IF(OFFSET(マスタ非採用削除!H$4,統合マスタ!$A120,0)="","",OFFSET(マスタ非採用削除!H$4,統合マスタ!$A120,0)) -> ｲﾝﾃﾊﾞﾝｸﾘ-ﾑ1% | ... Z120: =IF(OFFSET(マスタ非採用削除!M$4,統合マスタ!$A120,0)="","",OFFSET(マスタ非採用削除!M$4,統合マスタ!$A120,0)) -> 1
... A153: =元データ!P150 -> 94 | B153: =B152+1 -> 149 | C153: =DBCS(元データ!A150) -> エリスロシン錠２００ｍｇ | D153: =元データ!B150 -> メディセオ | E153: =元データ!C150 -> PTP | F153: =元データ!D150 -> 100T | G153: =元データ!E150 -> ヴィアトリス | H153: =元データ!F150 -> 8.7 | I153: =元データ!G150 -> 870 | J153: =元データ!H150 -> 100 | K153: =元データ!I150 -> 錠 | ... M153: =元データ!K150 -> 7.75 | N153: =IF(OFFSET(マスタ非採用削除!A$4,統合マスタ!$A153,0)="","",OFFSET(マスタ非採用削除!A$4,統合マスタ!$A153,0)) -> ｴﾘｽ003 | O153: =IF(OFFSET(マスタ非採用削除!B$4,統合マスタ!$A153,0)="","",OFFSET(マスタ非採用削除!B$4,統合マスタ!$A153,0)) -> ｴﾘｽ003 | P153: =IF(OFFSET(マスタ非採用削除!C$4,統合マスタ!$A153,0)="","",OFFSET(マスタ非採用削除!C$4,統合マスタ!$A153,0)) -> エリスロシン錠２００ｍｇ | Q153: =IF(OFFSET(マスタ非採用削除!D$4,統合マスタ!$A153,0)="","",OFFSET(マスタ非採用削除!D$4,統合マスタ!$A153,0)) | R153: =IF(OFFSET(マスタ非採用削除!E$4,統合マスタ!$A153,0)="","",OFFSET(マスタ非採用削除!E$4,統合マスタ!$A153,0)) -> 2 | S153: =IF(OFFSET(マスタ非採用削除!F$4,統合マスタ!$A153,0)="","",OFFSET(マスタ非採用削除!F$4,統合マスタ!$A153,0)) | T153: =IF(OFFSET(マスタ非採用削除!G$4,統合マスタ!$A153,0)="","",OFFSET(マスタ非採用削除!G$4,統合マスタ!$A153,0)) -> 8.7 | U153: =IF(OFFSET(マスタ非採用削除!H$4,統合マスタ!$A153,0)="","",OFFSET(マスタ非採用削除!H$4,統合マスタ!$A153,0)) -> ｴﾘｽﾛｼﾝｼﾞﾖｳ200MG | ... Z153: =IF(OFFSET(マスタ非採用削除!M$4,統合マスタ!$A153,0)="","",OFFSET(マスタ非採用削除!M$4,統合マスタ!$A153,0)) -> 15
A154: =元データ!P151 -> 非採用 | B154: =B153+1 -> 150 | C154: =DBCS(元データ!A151) -> エンテカビルＯＤ錠０．５ｍｇ「サワイ」 | D154: =元データ!B151 | E154: =元データ!C151 -> PTP | F154: =元データ!D151 -> 70T | G154: =元データ!E151 -> 沢井製薬 | H154: =元データ!F151 -> 71.5 | I154: =元データ!G151 -> 5005 | J154: =元データ!H151 -> 70 | K154: =元データ!I151 -> 錠 | ... M154: =元データ!K151 -> 63.571429 | N154: =IF(OFFSET(マスタ非採用削除!A$4,統合マスタ!$A154,0)="","",OFFSET(マスタ非採用削除!A$4,統合マスタ!$A154,0)) -> #VALUE! | O154: =IF(OFFSET(マスタ非採用削除!B$4,統合マスタ!$A154,0)="","",OFFSET(マスタ非採用削除!B$4,統合マスタ!$A154,0)) -> #VALUE! | P154: =IF(OFFSET(マスタ非採用削除!C$4,統合マスタ!$A154,0)="","",OFFSET(マスタ非採用削除!C$4,統合マスタ!$A154,0)) -> #VALUE! | Q154: =IF(OFFSET(マスタ非採用削除!D$4,統合マスタ!$A154,0)="","",OFFSET(マスタ非採用削除!D$4,統合マスタ!$A154,0)) -> #VALUE! | R154: =IF(OFFSET(マスタ非採用削除!E$4,統合マスタ!$A154,0)="","",OFFSET(マスタ非採用削除!E$4,統合マスタ!$A154,0)) -> #VALUE! | S154: =IF(OFFSET(マスタ非採用削除!F$4,統合マスタ!$A154,0)="","",OFFSET(マスタ非採用削除!F$4,統合マスタ!$A154,0)) -> #VALUE! | T154: =IF(OFFSET(マスタ非採用削除!G$4,統合マスタ!$A154,0)="","",OFFSET(マスタ非採用削除!G$4,統合マスタ!$A154,0)) -> #VALUE! | U154: =IF(OFFSET(マスタ非採用削除!H$4,統合マスタ!$A154,0)="","",OFFSET(マスタ非採用削除!H$4,統合マスタ!$A154,0)) -> #VALUE! | ... Z154: =IF(OFFSET(マスタ非採用削除!M$4,統合マスタ!$A154,0)="","",OFFSET(マスタ非採用削除!M$4,統合マスタ!$A154,0)) -> #VALUE! | AA154: 非採用
A155: =元データ!P152 -> 99 | B155: =B154+1 -> 151 | C155: =DBCS(元データ!A152) -> エンレスト錠１００ｍｇ | D155: =元データ!B152 -> メディセオ | E155: =元データ!C152 -> ＰＴＰ | F155: =元データ!D152 -> 100Ｔ | G155: =元データ!E152 -> ノバルティス | H155: =元データ!F152 -> 106.9 | I155: =元データ!G152 -> 10690 | J155: =元データ!H152 -> 100 | K155: =元データ!I152 -> 錠 | ... M155: =元データ!K152 -> 94.39 | N155: =IF(OFFSET(マスタ非採用削除!A$4,統合マスタ!$A155,0)="","",OFFSET(マスタ非採用削除!A$4,統合マスタ!$A155,0)) -> ｴﾝﾚ001 | O155: =IF(OFFSET(マスタ非採用削除!B$4,統合マスタ!$A155,0)="","",OFFSET(マスタ非採用削除!B$4,統合マスタ!$A155,0)) -> ｴﾝﾚ001 | P155: =IF(OFFSET(マスタ非採用削除!C$4,統合マスタ!$A155,0)="","",OFFSET(マスタ非採用削除!C$4,統合マスタ!$A155,0)) -> エンレスト錠１００ｍｇ | Q155: =IF(OFFSET(マスタ非採用削除!D$4,統合マスタ!$A155,0)="","",OFFSET(マスタ非採用削除!D$4,統合マスタ!$A155,0)) -> ｴﾝﾚ | R155: =IF(OFFSET(マスタ非採用削除!E$4,統合マスタ!$A155,0)="","",OFFSET(マスタ非採用削除!E$4,統合マスタ!$A155,0)) -> 2 | S155: =IF(OFFSET(マスタ非採用削除!F$4,統合マスタ!$A155,0)="","",OFFSET(マスタ非採用削除!F$4,統合マスタ!$A155,0)) | T155: =IF(OFFSET(マスタ非採用削除!G$4,統合マスタ!$A155,0)="","",OFFSET(マスタ非採用削除!G$4,統合マスタ!$A155,0)) -> 106.9 | U155: =IF(OFFSET(マスタ非採用削除!H$4,統合マスタ!$A155,0)="","",OFFSET(マスタ非採用削除!H$4,統合マスタ!$A155,0)) -> ｴﾝﾚｽﾄｼﾞｮｳ100mg | ... Z155: =IF(OFFSET(マスタ非採用削除!M$4,統合マスタ!$A155,0)="","",OFFSET(マスタ非採用削除!M$4,統合マスタ!$A155,0)) -> 3
A156: =元データ!P153 -> 100 | B156: =B155+1 -> 152 | C156: =DBCS(元データ!A153) -> オイラックスクリーム１０％ | D156: =元データ!B153 -> メディセオ | E156: =元データ!C153 | F156: =元データ!D153 -> １０ｇＸ１０ | G156: =元データ!E153 -> 日新製薬 | H156: =元データ!F153 -> 58.1 | I156: =元データ!G153 -> 581 | J156: =元データ!H153 -> 10 | K156: =元データ!I153 -> 10ｇ | ... M156: =元データ!K153 -> 70.8 | N156: =IF(OFFSET(マスタ非採用削除!A$4,統合マスタ!$A156,0)="","",OFFSET(マスタ非採用削除!A$4,統合マスタ!$A156,0)) -> ｵｲﾗ001 | O156: =IF(OFFSET(マスタ非採用削除!B$4,統合マスタ!$A156,0)="","",OFFSET(マスタ非採用削除!B$4,統合マスタ!$A156,0)) -> ｵｲﾗ001 | P156: =IF(OFFSET(マスタ非採用削除!C$4,統合マスタ!$A156,0)="","",OFFSET(マスタ非採用削除!C$4,統合マスタ!$A156,0)) -> オイラックスクリーム１０％ | Q156: =IF(OFFSET(マスタ非採用削除!D$4,統合マスタ!$A156,0)="","",OFFSET(マスタ非採用削除!D$4,統合マスタ!$A156,0)) -> ｵｲﾗｯｸ | R156: =IF(OFFSET(マスタ非採用削除!E$4,統合マスタ!$A156,0)="","",OFFSET(マスタ非採用削除!E$4,統合マスタ!$A156,0)) -> 1 | S156: =IF(OFFSET(マスタ非採用削除!F$4,統合マスタ!$A156,0)="","",OFFSET(マスタ非採用削除!F$4,統合マスタ!$A156,0)) | T156: =IF(OFFSET(マスタ非採用削除!G$4,統合マスタ!$A156,0)="","",OFFSET(マスタ非採用削除!G$4,統合マスタ!$A156,0)) -> 5.81 | U156: =IF(OFFSET(マスタ非採用削除!H$4,統合マスタ!$A156,0)="","",OFFSET(マスタ非採用削除!H$4,統合マスタ!$A156,0)) -> ｵｲﾗｯｸｽｸﾘｰﾑ10% | ... Z156: =IF(OFFSET(マスタ非採用削除!M$4,統合マスタ!$A156,0)="","",OFFSET(マスタ非採用削除!M$4,統合マスタ!$A156,0)) -> 3
A157: =元データ!P154 -> 102 | B157: =B156+1 -> 153 | C157: =DBCS(元データ!A154) -> オーグメンチン配合錠２５０ＲＳ（３７５ｍｇ） | D157: =元データ!B154 | E157: =元データ!C154 -> ＰＴＰ | F157: =元データ!D154 -> 30Ｔ | G157: =元データ!E154 -> ＧＳＫ | H157: =元データ!F154 -> 45.7 | I157: =元データ!G154 -> 1371 | J157: =元データ!H154 -> 30 | K157: =元データ!I154 -> 錠 | ... M157: =元データ!K154 -> 40.7 | N157: =IF(OFFSET(マスタ非採用削除!A$4,統合マスタ!$A157,0)="","",OFFSET(マスタ非採用削除!A$4,統合マスタ!$A157,0)) -> ｵｸﾒ001 | O157: =IF(OFFSET(マスタ非採用削除!B$4,統合マスタ!$A157,0)="","",OFFSET(マスタ非採用削除!B$4,統合マスタ!$A157,0)) -> ｵｸﾒ001 | P157: =IF(OFFSET(マスタ非採用削除!C$4,統合マスタ!$A157,0)="","",OFFSET(マスタ非採用削除!C$4,統合マスタ!$A157,0)) -> オーグメンチン配合錠２５０ＲＳ | Q157: =IF(OFFSET(マスタ非採用削除!D$4,統合マスタ!$A157,0)="","",OFFSET(マスタ非採用削除!D$4,統合マスタ!$A157,0)) -> ｵｰｸﾞ | R157: =IF(OFFSET(マスタ非採用削除!E$4,統合マスタ!$A157,0)="","",OFFSET(マスタ非採用削除!E$4,統合マスタ!$A157,0)) -> 2 | S157: =IF(OFFSET(マスタ非採用削除!F$4,統合マスタ!$A157,0)="","",OFFSET(マスタ非採用削除!F$4,統合マスタ!$A157,0)) | T157: =IF(OFFSET(マスタ非採用削除!G$4,統合マスタ!$A157,0)="","",OFFSET(マスタ非採用削除!G$4,統合マスタ!$A157,0)) -> 45.7 | U157: =IF(OFFSET(マスタ非採用削除!H$4,統合マスタ!$A157,0)="","",OFFSET(マスタ非採用削除!H$4,統合マスタ!$A157,0)) -> ｵｰｸﾞﾒﾝﾁﾝﾊｲｺﾞｳｼﾞｮｳ250RS | ... Z157: =IF(OFFSET(マスタ非採用削除!M$4,統合マスタ!$A157,0)="","",OFFSET(マスタ非採用削除!M$4,統合マスタ!$A157,0)) -> 15
A158: =元データ!P155 -> 101 | B158: =B157+1 -> 154 | C158: =DBCS(元データ!A155) -> オキサロール軟膏２５μｇ／ｇ０．００２５％ | D158: =元データ!B155 -> アルフレッサ | E158: =元データ!C155 | F158: =元データ!D155 -> 10GX10 | G158: =元データ!E155 -> マルホ | H158: =元データ!F155 -> 50.2 | I158: =元データ!G155 -> 5020 | J158: =元データ!H155 -> 100 | K158: =元データ!I155 -> ｇ | ... M158: =元データ!K155 -> 41.89 | N158: =IF(OFFSET(マスタ非採用削除!A$4,統合マスタ!$A158,0)="","",OFFSET(マスタ非採用削除!A$4,統合マスタ!$A158,0)) -> ｵｷｻ001 | O158: =IF(OFFSET(マスタ非採用削除!B$4,統合マスタ!$A158,0)="","",OFFSET(マスタ非採用削除!B$4,統合マスタ!$A158,0)) -> ｵｷｻ001 | P158: =IF(OFFSET(マスタ非採用削除!C$4,統合マスタ!$A158,0)="","",OFFSET(マスタ非採用削除!C$4,統合マスタ!$A158,0)) -> オキサロール軟膏２５μｇ／ｇ | Q158: =IF(OFFSET(マスタ非採用削除!D$4,統合マスタ!$A158,0)="","",OFFSET(マスタ非採用削除!D$4,統合マスタ!$A158,0)) -> ｵｷｻﾛｰﾙ | R158: =IF(OFFSET(マスタ非採用削除!E$4,統合マスタ!$A158,0)="","",OFFSET(マスタ非採用削除!E$4,統合マスタ!$A158,0)) -> 1 | S158: =IF(OFFSET(マスタ非採用削除!F$4,統合マスタ!$A158,0)="","",OFFSET(マスタ非採用削除!F$4,統合マスタ!$A158,0)) | T158: =IF(OFFSET(マスタ非採用削除!G$4,統合マスタ!$A158,0)="","",OFFSET(マスタ非採用削除!G$4,統合マスタ!$A158,0)) -> 50.2 | U158: =IF(OFFSET(マスタ非採用削除!H$4,統合マスタ!$A158,0)="","",OFFSET(マスタ非採用削除!H$4,統合マスタ!$A158,0)) -> ｵｷｻﾛｰﾙﾅﾝｺｳ25μg/g | ... Z158: =IF(OFFSET(マスタ非採用削除!M$4,統合マスタ!$A158,0)="","",OFFSET(マスタ非採用削除!M$4,統合マスタ!$A158,0)) -> 3
A159: =元データ!P156 -> 103 | B159: =B158+1 -> 155 | C159: =DBCS(元データ!A156) -> オセルタミビルカプセル７５ｍｇ「サワイ」 | D159: =元データ!B156 | E159: =元データ!C156 -> PTP | F159: =元データ!D156 -> 10P | G159: =元データ!E156 -> 沢井製薬 | H159: =元データ!F156 -> 111.6 | I159: =元データ!G156 -> 1116 | J159: =元データ!H156 -> 10 | K159: =元データ!I156 -> cap | ... M159: =元データ!K156 -> 100.7 | N159: =IF(OFFSET(マスタ非採用削除!A$4,統合マスタ!$A159,0)="","",OFFSET(マスタ非採用削除!A$4,統合マスタ!$A159,0)) -> ｵｾﾙ001 | O159: =IF(OFFSET(マスタ非採用削除!B$4,統合マスタ!$A159,0)="","",OFFSET(マスタ非採用削除!B$4,統合マスタ!$A159,0)) -> ｵｾﾙ001 | P159: =IF(OFFSET(マスタ非採用削除!C$4,統合マスタ!$A159,0)="","",OFFSET(マスタ非採用削除!C$4,統合マスタ!$A159,0)) -> オセルタミビルカプセル７５ｍｇ「サワイ」 | Q159: =IF(OFFSET(マスタ非採用削除!D$4,統合マスタ!$A159,0)="","",OFFSET(マスタ非採用削除!D$4,統合マスタ!$A159,0)) -> ｵｾﾙ | R159: =IF(OFFSET(マスタ非採用削除!E$4,統合マスタ!$A159,0)="","",OFFSET(マスタ非採用削除!E$4,統合マスタ!$A159,0)) -> 1 | S159: =IF(OFFSET(マスタ非採用削除!F$4,統合マスタ!$A159,0)="","",OFFSET(マスタ非採用削除!F$4,統合マスタ!$A159,0)) | T159: =IF(OFFSET(マスタ非採用削除!G$4,統合マスタ!$A159,0)="","",OFFSET(マスタ非採用削除!G$4,統合マスタ!$A159,0)) -> 111.6 | U159: =IF(OFFSET(マスタ非採用削除!H$4,統合マスタ!$A159,0)="","",OFFSET(マスタ非採用削除!H$4,統合マスタ!$A159,0)) -> ｵｾﾙﾀﾐﾋﾞﾙｶﾌﾟｾﾙ75mg｢ｻﾜｲ｣ | ... Z159: =IF(OFFSET(マスタ非採用削除!M$4,統合マスタ!$A159,0)="","",OFFSET(マスタ非採用削除!M$4,統合マスタ!$A159,0)) -> 6
A160: =元データ!P157 -> 105 | B160: =B159+1 -> 156 | C160: =DBCS(元データ!A157) -> オフロキサシン点眼液０．３％「ＪＧ」 | D160: =元データ!B157 -> 東邦 | E160: =元データ!C157 | F160: =元データ!D157 -> 5ｍｌｘ10 | G160: =元データ!E157 -> 日本ジェネリック | H160: =元データ!F157 -> 107.4 | I160: =元データ!G157 -> 5370 | J160: =元データ!H157 -> 50 | K160: =元データ!I157 -> ｍｌ | ... M160: =元データ!K157 -> 97.62 | N160: =IF(OFFSET(マスタ非採用削除!A$4,統合マスタ!$A160,0)="","",OFFSET(マスタ非採用削除!A$4,統合マスタ!$A160,0)) -> ｵﾌﾛ001 | O160: =IF(OFFSET(マスタ非採用削除!B$4,統合マスタ!$A160,0)="","",OFFSET(マスタ非採用削除!B$4,統合マスタ!$A160,0)) -> ｵﾌﾛ001 | P160: =IF(OFFSET(マスタ非採用削除!C$4,統合マスタ!$A160,0)="","",OFFSET(マスタ非採用削除!C$4,統合マスタ!$A160,0)) -> オフロキサシン点眼液０．３％「ＪＧ」 | Q160: =IF(OFFSET(マスタ非採用削除!D$4,統合マスタ!$A160,0)="","",OFFSET(マスタ非採用削除!D$4,統合マスタ!$A160,0)) -> ｵﾌﾛ | R160: =IF(OFFSET(マスタ非採用削除!E$4,統合マスタ!$A160,0)="","",OFFSET(マスタ非採用削除!E$4,統合マスタ!$A160,0)) -> 1 | S160: =IF(OFFSET(マスタ非採用削除!F$4,統合マスタ!$A160,0)="","",OFFSET(マスタ非採用削除!F$4,統合マスタ!$A160,0)) | T160: =IF(OFFSET(マスタ非採用削除!G$4,統合マスタ!$A160,0)="","",OFFSET(マスタ非採用削除!G$4,統合マスタ!$A160,0)) -> 107.4 | U160: =IF(OFFSET(マスタ非採用削除!H$4,統合マスタ!$A160,0)="","",OFFSET(マスタ非採用削除!H$4,統合マスタ!$A160,0)) -> ｵﾌﾛｷｻｼﾝﾃﾝｶﾞﾝｴｷ0.3%｢JG｣ | ... Z160: =IF(OFFSET(マスタ非採用削除!M$4,統合マスタ!$A160,0)="","",OFFSET(マスタ非採用削除!M$4,統合マスタ!$A160,0)) -> 3
A161: =元データ!P158 -> 107 | B161: =B160+1 -> 157 | C161: =DBCS(元データ!A158) -> オランザピンＯＤ錠１０ｍｇ「ニプロ」 | D161: =元データ!B158 -> メディセオ | E161: =元データ!C158 -> PTP | F161: =元データ!D158 -> 100Ｔ | G161: =元データ!E158 -> ニプロ | H161: =元データ!F158 -> 30.7 | I161: =元データ!G158 -> 3070 | J161: =元データ!H158 -> 100 | K161: =元データ!I158 -> 錠 | ... M161: =元データ!K158 -> 26 | N161: =IF(OFFSET(マスタ非採用削除!A$4,統合マスタ!$A161,0)="","",OFFSET(マスタ非採用削除!A$4,統合マスタ!$A161,0)) -> ｵﾗﾝ011 | O161: =IF(OFFSET(マスタ非採用削除!B$4,統合マスタ!$A161,0)="","",OFFSET(マスタ非採用削除!B$4,統合マスタ!$A161,0)) -> ｵﾗﾝ011 | P161: =IF(OFFSET(マスタ非採用削除!C$4,統合マスタ!$A161,0)="","",OFFSET(マスタ非採用削除!C$4,統合マスタ!$A161,0)) -> オランザピンＯＤ錠１０ｍｇ「ニプロ」 | Q161: =IF(OFFSET(マスタ非採用削除!D$4,統合マスタ!$A161,0)="","",OFFSET(マスタ非採用削除!D$4,統合マスタ!$A161,0)) | R161: =IF(OFFSET(マスタ非採用削除!E$4,統合マスタ!$A161,0)="","",OFFSET(マスタ非採用削除!E$4,統合マスタ!$A161,0)) -> 1 | S161: =IF(OFFSET(マスタ非採用削除!F$4,統合マスタ!$A161,0)="","",OFFSET(マスタ非採用削除!F$4,統合マスタ!$A161,0)) | T161: =IF(OFFSET(マスタ非採用削除!G$4,統合マスタ!$A161,0)="","",OFFSET(マスタ非採用削除!G$4,統合マスタ!$A161,0)) -> 30.7 | U161: =IF(OFFSET(マスタ非採用削除!H$4,統合マスタ!$A161,0)="","",OFFSET(マスタ非採用削除!H$4,統合マスタ!$A161,0)) -> ｵﾗﾝｻﾞﾋﾟﾝODｼﾞﾖｳ10MGﾆﾌﾟﾛ | ... Z161: =IF(OFFSET(マスタ非採用削除!M$4,統合マスタ!$A161,0)="","",OFFSET(マスタ非採用削除!M$4,統合マスタ!$A161,0)) -> 6
A162: =元データ!P159 -> 107 | B162: =B161+1 -> 158 | C162: =DBCS(元データ!A159) -> オランザピンＯＤ錠１０ｍｇ「ニプロ」 | D162: =元データ!B159 -> メディセオ | E162: =元データ!C159 -> バラ | F162: =元データ!D159 -> 100Ｔ | G162: =元データ!E159 -> ニプロ | H162: =元データ!F159 -> 30.7 | I162: =元データ!G159 -> 3070 | J162: =元データ!H159 -> 100 | K162: =元データ!I159 -> 錠 | ... M162: =元データ!K159 -> 26 | N162: =IF(OFFSET(マスタ非採用削除!A$4,統合マスタ!$A162,0)="","",OFFSET(マスタ非採用削除!A$4,統合マスタ!$A162,0)) -> ｵﾗﾝ011 | O162: =IF(OFFSET(マスタ非採用削除!B$4,統合マスタ!$A162,0)="","",OFFSET(マスタ非採用削除!B$4,統合マスタ!$A162,0)) -> ｵﾗﾝ011 | P162: =IF(OFFSET(マスタ非採用削除!C$4,統合マスタ!$A162,0)="","",OFFSET(マスタ非採用削除!C$4,統合マスタ!$A162,0)) -> オランザピンＯＤ錠１０ｍｇ「ニプロ」 | Q162: =IF(OFFSET(マスタ非採用削除!D$4,統合マスタ!$A162,0)="","",OFFSET(マスタ非採用削除!D$4,統合マスタ!$A162,0)) | R162: =IF(OFFSET(マスタ非採用削除!E$4,統合マスタ!$A162,0)="","",OFFSET(マスタ非採用削除!E$4,統合マスタ!$A162,0)) -> 1 | S162: =IF(OFFSET(マスタ非採用削除!F$4,統合マスタ!$A162,0)="","",OFFSET(マスタ非採用削除!F$4,統合マスタ!$A162,0)) | T162: =IF(OFFSET(マスタ非採用削除!G$4,統合マスタ!$A162,0)="","",OFFSET(マスタ非採用削除!G$4,統合マスタ!$A162,0)) -> 30.7 | U162: =IF(OFFSET(マスタ非採用削除!H$4,統合マスタ!$A162,0)="","",OFFSET(マスタ非採用削除!H$4,統合マスタ!$A162,0)) -> ｵﾗﾝｻﾞﾋﾟﾝODｼﾞﾖｳ10MGﾆﾌﾟﾛ | ... Z162: =IF(OFFSET(マスタ非採用削除!M$4,統合マスタ!$A162,0)="","",OFFSET(マスタ非採用削除!M$4,統合マスタ!$A162,0)) -> 6
...

Sheet match_results_不採用
A1: A行番号 | C1: A薬品名 | D1: 判定 | E1: 候補1_薬品名 | F1: 候補1_行番号
A2: 1 | B2: =MATCH(C2,統合マスタ!$C$5:$C$1000,0) -> #N/A | C2: EK19 小青竜湯エキス細粒 | D2: 薬価一致候補 | E2: クラシエ小青竜湯エキス細粒 | F2: 98
A3: 2 | B3: =MATCH(C3,統合マスタ!$C$5:$C$1000,0) -> #N/A | C3: アイファガン点眼液0.1％ | D3: 薬価一致候補 | E3: アイファガン点眼液０．１％ | F3: 1
A4: 3 | B4: =MATCH(C4,統合マスタ!$C$5:$C$1000,0) -> #N/A | C4: アウィクリ注 フレックスタッチ 総量300単位 | D4: 薬価一致候補 | E4: アウィクリ注 フレックスタッチ 総量３００単位 | F4: 2
A5: 4 | B5: =MATCH(C5,統合マスタ!$C$5:$C$1000,0) -> #N/A | C5: アキネトン細粒1％ | D5: 薬価一致候補 | E5: アキネトン細粒１％ | F5: 3
A6: 5 | B6: =MATCH(C6,統合マスタ!$C$5:$C$1000,0) -> #N/A | C6: アズノール軟膏0.033% | D6: 不一致
A7: 6 | B7: =MATCH(C7,統合マスタ!$C$5:$C$1000,0) -> #N/A | C7: アノーロエリプタ30吸入用 | D7: 薬価一致候補 | E7: アノーロエリプタ３０吸入用 | F7: 19
A8: 7 | B8: =MATCH(C8,統合マスタ!$C$5:$C$1000,0) -> #N/A | C8: アミノレバンEN配合散 コーヒー味 | D8: 不一致
A9: 8 | B9: =MATCH(C9,統合マスタ!$C$5:$C$1000,0) -> 93 | C9: アルメタ軟膏 | D9: 完全一致 | E9: アルメタ軟膏 | F9: 32
A10: 9 | B10: =MATCH(C10,統合マスタ!$C$5:$C$1000,0) -> #N/A | C10: アレギサール点眼液0.1％ 販売中止 | D10: 薬価一致候補 | E10: アレギサール点眼液０．１％ | F10: 33
A11: 10 | B11: =MATCH(C11,統合マスタ!$C$5:$C$1000,0) -> #N/A | C11: アレビアチン錠100ｍｇ | D11: 不一致
A12: 11 | B12: =MATCH(C12,統合マスタ!$C$5:$C$1000,0) -> 104 | C12: イノラス配合経腸用液（コーヒー） | D12: 薬価一致候補 | E12: ルボックス錠２５ | F12: 335
A13: 12 | B13: =MATCH(C13,統合マスタ!$C$5:$C$1000,0) -> #N/A | C13: エピペン注射液0.3ｍｇ | D13: 不一致
A14: 13 | B14: =MATCH(C14,統合マスタ!$C$5:$C$1000,0) -> #N/A | C14: エンテカビルOD錠0.5ｍｇ「サワイ」 | D14: 薬価一致候補 | E14: エンテカビルＯＤ錠０．５ｍｇ「サワイ」 | F14: 68
A15: 14 | B15: =MATCH(C15,統合マスタ!$C$5:$C$1000,0) -> #N/A | C15: オイラックスクリーム10% | D15: 不一致
A16: 15 | B16: =MATCH(C16,統合マスタ!$C$5:$C$1000,0) -> 164 | C16: オリブ油 | D16: 不一致
A17: 16 | B17: =MATCH(C17,統合マスタ!$C$5:$C$1000,0) -> #N/A | C17: グラナテック点眼液0.4％ | D17: 薬価一致候補 | E17: グラナテック点眼液０．４％ | F17: 101
A18: 17 | B18: =MATCH(C18,統合マスタ!$C$5:$C$1000,0) -> #N/A | C18: クレナフィン爪外用液10％3.56ｇ | D18: 薬価一致候補 | E18: クレナフィン爪外用液１０％ | F18: 106
A19: 18 | B19: =MATCH(C19,統合マスタ!$C$5:$C$1000,0) -> 241 | C19: サリベートエアゾール | D19: 完全一致 | E19: サリベートエアゾール | F19: 122
A20: 19 | B20: =MATCH(C20,統合マスタ!$C$5:$C$1000,0) -> #N/A | C20: ジクアス点眼液3％ | D20: 不一致
A21: 20 | B21: =MATCH(C21,統合マスタ!$C$5:$C$1000,0) -> #N/A | C21: ジスバルカプセル40ｍｇ | D21: 薬価一致候補 | E21: ジスバルカプセル４０ｍｇ | F21: 124
A22: 21 | B22: =MATCH(C22,統合マスタ!$C$5:$C$1000,0) -> #N/A | C22: スピリーバ2.5μｇレスピマット60吸入 | D22: 薬価一致候補 | E22: スピリーバ２．５μｇレスピマット６０吸入 | F22: 131
A23: 22 | B23: =MATCH(C23,統合マスタ!$C$5:$C$1000,0) -> #N/A | C23: デカドロン注射液6.6ｍｇ | D23: 不一致
A24: 23 | B24: =MATCH(C24,統合マスタ!$C$5:$C$1000,0) -> #N/A | C24: ドロキシドパカプセル100mg「アメル」 | D24: 薬価一致候補 | E24: ドロキシドパカプセル１００ｍｇ「アメル」 | F24: 209
A25: 24 | B25: =MATCH(C25,統合マスタ!$C$5:$C$1000,0) -> #N/A | C25: ネオメドロールEE軟膏 | D25: 不一致
A26: 25 | B26: =MATCH(C26,統合マスタ!$C$5:$C$1000,0) -> #N/A | C26: ノウリアスト錠20ｍｇ | D26: 薬価一致候補 | E26: ノウリアスト錠２０ｍｇ | F26: 226
A27: 26 | B27: =MATCH(C27,統合マスタ!$C$5:$C$1000,0) -> #N/A | C27: ヒアルロン酸Na点眼液0.1％「ニットー」 | D27: 不一致
A28: 27 | B28: =MATCH(C28,統合マスタ!$C$5:$C$1000,0) -> #N/A | C28: ビムパット錠100ｍｇ | D28: 薬価一致候補 | E28: ビムパット錠１００ｍｇ | F28: 249
A29: 28 | B29: =MATCH(C29,統合マスタ!$C$5:$C$1000,0) -> #N/A | C29: ビムパット錠50ｍｇ 採用中止 | D29: 薬価一致候補 | E29: ビムパット錠５０ｍｇ | F29: 248
A30: 29 | B30: =MATCH(C30,統合マスタ!$C$5:$C$1000,0) -> #N/A | C30: ヒューマリンR注ミリオペン 300単位 | D30: 薬価一致候補 | E30: ヒューマリンＲ注ミリオペン | F30: 251
A31: 30 | B31: =MATCH(C31,統合マスタ!$C$5:$C$1000,0) -> #N/A | C31: ベタニス錠50ｍｇ | D31: 薬価一致候補 | E31: ベタニス錠５０ｍｇ | F31: 284
A32: 31 | B32: =MATCH(C32,統合マスタ!$C$5:$C$1000,0) -> #N/A | C32: ユリス錠1ｍｇ | D32: 薬価一致候補 | E32: ユリス錠１ｍｇ | F32: 309
A33: 32 | B33: =MATCH(C33,統合マスタ!$C$5:$C$1000,0) -> #N/A | C33: ランタスXR注ソロスター450単位 | D33: 薬価一致候補 | E33: ランタスＸＲ注ソロスター | F33: 314
A34: 33 | B34: =MATCH(C34,統合マスタ!$C$5:$C$1000,0) -> #N/A | C34: リスペリドン細粒1％「アメル」 | D34: 薬価一致候補 | E34: リスペリドン細粒１％「アメル」 | F34: 321
A35: 34 | B35: =MATCH(C35,統合マスタ!$C$5:$C$1000,0) -> #N/A | C35: リフキシマ錠200ｍｇ | D35: 薬価一致候補 | E35: リフキシマ錠２００ｍｇ | F35: 329
A36: 35 | B36: =MATCH(C36,統合マスタ!$C$5:$C$1000,0) -> #N/A | C36: ロイコボリン注3ｍｇ | D36: 不一致
A37: 36 | B37: =MATCH(C37,統合マスタ!$C$5:$C$1000,0) -> 809 | C37: 重カマ「ヨシダ」（細粒状） | D37: 不一致
A38: 37 | B38: =MATCH(C38,統合マスタ!$C$5:$C$1000,0) -> 818 | C38: 精製水「ケンエー」 | D38: 不一致
A39: 38 | B39: =MATCH(C39,統合マスタ!$C$5:$C$1000,0) -> 819 | C39: 静注用キシロカイン２％ | D39: 完全一致 | E39: 静注用キシロカイン２％ | F39: 94
A40: 39 | B40: =MATCH(C40,統合マスタ!$C$5:$C$1000,0) -> #N/A | C40: 白色ワセリン「ケンエー」 | D40: 不一致
A41: 40 | B41: =MATCH(C41,統合マスタ!$C$5:$C$1000,0) -> #N/A
A42: 41 | B42: =MATCH(C42,統合マスタ!$C$5:$C$1000,0) -> #N/A
A43: 42 | B43: =MATCH(C43,統合マスタ!$C$5:$C$1000,0) -> #N/A
A44: 43 | B44: =MATCH(C44,統合マスタ!$C$5:$C$1000,0) -> #N/A
A45: 44 | B45: =MATCH(C45,統合マスタ!$C$5:$C$1000,0) -> #N/A
A46: 45 | B46: =MATCH(C46,統合マスタ!$C$5:$C$1000,0) -> #N/A
A47: 46 | B47: =MATCH(C47,統合マスタ!$C$5:$C$1000,0) -> #N/A
A48: 47 | B48: =MATCH(C48,統合マスタ!$C$5:$C$1000,0) -> #N/A
A49: 48 | B49: =MATCH(C49,統合マスタ!$C$5:$C$1000,0) -> #N/A
A50: 49 | B50: =MATCH(C50,統合マスタ!$C$5:$C$1000,0) -> #N/A
A51: 50 | B51: =MATCH(C51,統合マスタ!$C$5:$C$1000,0) -> #N/A
A52: 51 | B52: =MATCH(C52,統合マスタ!$C$5:$C$1000,0) -> #N/A
... A533: 532 | B533: =MATCH(C533,統合マスタ!$C$5:$C$1000,0) -> #N/A

Sheet 臨時
B2: {=RIGHT(CELL("filename",A1),LEN(CELL("filename",A1))-FIND("]",CELL("filename",A1)))} -> 臨時
B4: No | C4: 薬品名 | D4: 毒劇区分 | E4: 棚 | F4: 包装形態 | G4: 容量
B5: 1 | C5: {=_xlfn._xlws.SORT(_xlfn.CHOOSECOLS(_xlfn._xlws.FILTER(IFERROR(統合マスタ!B5:Z1500,""),IFERROR(統合マスタ!R5:R1500=2,FALSE)),2,23,25,4,5),2,1)} -> ００７ ツムラ ハチミジオウガン | D5: 0 | E5: 4 | F5: 粉 | G5: 2.5ｇｘ189
B6: =B5+1 -> 2 | C6: ００７ ツムラ ハチミジオウガン | D6: 0 | E6: 4 | F6: 粉 | G6: 2.5ｇｘ42
B7: =B6+1 -> 3 | C7: ０１２ ツムラ サイコカリュウコツボレイトウ | D7: 0 | E7: 4 | F7: 粉 | G7: 2.5ｇｘ189
B8: =B7+1 -> 4 | C8: ０１６ ツムラ ハンゲコウボクトウ | D8: 0 | E8: 4 | F8: 粉 | G8: 2.5ｇｘ189
B9: =B8+1 -> 5 | C9: ０１９ ツムラ ショウセイリュウトウ | D9: 0 | E9: 4 | F9: 粉 | G9: 3ｇX42
B10: =B9+1 -> 6 | C10: ０４３ ツムラ リツクンシトウ | D10: 0 | E10: 4 | F10: 粉 | G10: 2.5ｇｘ189
B11: =B10+1 -> 7 | C11: １０８ ツムラ ニンジンヨウエイトウ | D11: 0 | E11: 4 | F11: 粉 | G11: 3ｇｘ42包
B12: =B11+1 -> 8 | C12: １１２ ツムラ チョレイトウゴウシモットウ | D12: 0 | E12: 4 | F12: 粉 | G12: 2.5ｇｘ42
B13: =B12+1 -> 9 | C13: ＥＫ１１４ 柴苓湯 | D13: 0 | E13: 4 | F13: 粉 | G13: 2.7ｇ×２９４
B14: =B13+1 -> 10 | C14: ＥＫ１５ 黄連解毒湯エキス細粒 | D14: 0 | E14: 4 | F14: 粉 | G14: 2ｇｘ42包
B15: =B14+1 -> 11 | C15: ＥＫ４０ 猪苓湯エキス細粒 | D15: 0 | E15: 4 | F15: 粉 | G15: 2ｇｘ42包
B16: =B15+1 -> 12 | C16: Ｔ７２ ヨクイニンエキス錠「コタロー」 | D16: 0 | E16: 15 | F16: バラ | G16: 126Tx10
B17: =B16+1 -> 13 | C17: アザルフィジンＥＮ錠５００ｍｇ | D17: 0 | E17: 3 | F17: PTP | G17: 100Ｔ
B18: =B17+1 -> 14 | C18: アシクロビル点滴静注用２５０ｍｇ「サワイ」 | D18: 0 | E18: 9 | G18: 10V
B19: =B18+1 -> 15 | C19: アゾセミド錠３０ｍｇ「ＤＳＥＰ」 | D19: 0 | E19: 3 | F19: PTP | G19: 100T
B20: =B19+1 -> 16 | C20: アドエア５００ディスカス ６０吸入用 | D20: 0 | E20: 3 | G20: 60ﾌﾞﾘｽﾀｰｘ１
B21: =B20+1 -> 17 | C21: アミノレバン点滴静注 | D21: 0 | E21: 15 | G21: 500ｍｌｘ20
B22: =B21+1 -> 18 | C22: イノソリッド配合経腸用半固形剤 | D22: 0 | E22: 7 | G22: 300ｇｘ18バッグ
B23: =B22+1 -> 19 | C23: イントラリポス輸液２０％ ソフトバッグ １００ｍｌ | D23: 0 | E23: 8 | G23: 100ｍｌｘ10
B24: =B23+1 -> 20 | C24: エイゾプト懸濁性点眼液１％ | D24: 0 | E24: 15 | G24: 5ｍｌｘ10
B25: =B24+1 -> 21 | C25: エゼチミブＯＤ錠１０ｍｇ「トーワ」 | D25: 0 | E25: 3 | F25: PTP | G25: 100T
B26: =B25+1 -> 22 | C26: エフィエント錠２．５ｍｇ | D26: 0 | E26: 15 | F26: PTP | G26: 100Ｔ
B27: =B26+1 -> 23 | C27: エフィナコナゾール爪外用液１０％「サワイ」 ３．５６ｇ | D27: 0 | E27: 3 | G27: 4.1ｍｌｘ5
B28: =B27+1 -> 24 | C28: エリキュース錠２．５ｍｇ | D28: 0 | E28: 3 | F28: PTP | G28: 100T
B29: =B28+1 -> 25 | C29: エリスロシン錠２００ｍｇ | D29: 0 | E29: 15 | F29: PTP | G29: 100T
B30: =B29+1 -> 26 | C30: エンレスト錠１００ｍｇ | D30: 0 | E30: 3 | F30: ＰＴＰ | G30: 100Ｔ
B31: =B30+1 -> 27 | C31: オーグメンチン配合錠２５０ＲＳ（３７５ｍｇ） | D31: 0 | E31: 15 | F31: ＰＴＰ | G31: 30Ｔ
B32: =B31+1 -> 28 | C32: オルメテックＯＤ錠１０ｍｇ | D32: 0 | E32: 3 | F32: ＰＴＰ | G32: 100T
B33: =B32+1 -> 29 | C33: カリメートドライシロップ９２．５９％ | D33: 0 | E33: 15 | G33: 5.4ｇｘ126包
B34: =B33+1 -> 30 | C34: グラアルファ配合点眼液 | D34: 0 | E34: 3 | G34: 5ｍｌｘ5
B35: =B34+1 -> 31 | C35: クロピドグレル錠２５ｍｇ「ＪＧ」 | D35: 0 | E35: 3 | F35: PTP | G35: 100Ｔ
B36: =B35+1 -> 32 | C36: クロフェクトン錠２５ｍｇ | D36: 0 | E36: 3 | F36: PTP | G36: 100T
B37: =B36+1 -> 33 | C37: コソプト配合点眼液 | D37: 0 | E37: 3 | G37: 5ｍｌｘ10
B38: =B37+1 -> 34 | C38: ジクアス点眼液３％ | D38: 0 | E38: 3 | G38: 5ｍｌｘ10
B39: =B38+1 -> 35 | C39: スミスリンローション５％ | D39: 0 | E39: 3 | G39: 30ｇｘ2
B40: =B39+1 -> 36 | C40: セララ錠５０ｍｇ | D40: 0 | E40: 3 | F40: PTP | G40: 100T
B41: =B40+1 -> 37 | C41: ソタロール塩酸塩錠８０ｍｇ「ＴＥ」 | D41: 0 | E41: 15 | F41: PTP | G41: 140T
B42: =B41+1 -> 38 | C42: ダイフェン配合錠 | D42: 0 | E42: 15 | F42: PTP | G42: 100T
B43: =B42+1 -> 39 | C43: タチオン錠５０ｍｇ | D43: 0 | E43: 3 | F43: PTP | G43: 120T
B44: =B43+1 -> 40 | C44: ダラシンカプセル１５０ｍｇ | D44: 0 | E44: 15 | F44: PTP | G44: 100T
B45: =B44+1 -> 41 | C45: タリージェ錠５ｍｇ | D45: 0 | E45: 3 | F45: PTP | G45: 100T
B46: =B45+1 -> 42 | C46: チエナム点滴静注用０．５ｇ | D46: 0 | E46: 8 | G46: 10瓶
B47: =B46+1 -> 43 | C47: チモロール点眼液０．５％「ニッテン」 | D47: 0 | E47: 3 | G47: 5MLX10
B48: =B47+1 -> 44 | C48: ツイミーグ錠５００ｍｇ | D48: 0 | E48: 3 | F48: PTP | G48: 100Ｔ
B49: =B48+1 -> 45 | C49: デキストロメトルファン臭化水素酸塩錠１５ｍｇ「トーワ」 | D49: 0 | E49: 3 | F49: バラ | G49: 1000Ｔ
B50: =B49+1 -> 46 | C50: デパス細粒１％ | D50: 0 | E50: 2 | F50: 粉 | G50: 100ｇ
B51: =B50+1 -> 47 | C51: テリボン皮下注用５６．５μｇ 溶解液付 | D51: 0 | E51: 15 | G51: 1瓶
B52: =B51+1 -> 48 | C52: ドパストン静注５０ｍｇ | D52: 0 | E52: 9 | G52: 20ｍｌｘ10A
B53: =B52+1 -> 49 | C53: トラセミド錠４ｍｇ「ＫＯ」 | D53: 0 | E53: 3 | F53: ＰＴＰ | G53: 100Ｔ
B54: =B53+1 -> 50 | C54: トラゼンタ錠５ｍｇ | D54: 0 | E54: 3 | F54: PTP | G54: 100Ｔ
B55: =B54+1 -> 51 | C55: ドルミカム注射液１０ｍｇ | D55: 0 | E55: 15 | G55: 2ｍｌｘ10A
B56: =B55+1 -> 52 | C56: ネイリンカプセル１００ｍｇ | D56: 0 | E56: 3 | F56: PTP | G56: 84T
B57: =B56+1 -> 53 | C57: バルプロ酸ＮＡ徐放顆粒４０％「フジナガ」 | D57: 0 | E57: 15 | F57: 粉 | G57: 500ｇ
B58: =B57+1 -> 54 | C58: ピーゼットシー糖衣錠４ｍｇ | D58: 0 | E58: 3 | F58: PTP | G58: 100T
B59: =B58+1 -> 55 | C59: ビソノテープ２ｍｇ | D59: 0 | E59: 3 | G59: 70枚
B60: =B59+1 -> 56 | C60: ビソノテープ４ｍｇ | D60: 0 | E60: 3 | G60: 70枚
B61: =B60+1 -> 57 | C61: ピモベンダン錠１．２５ｍｇ「ＴＥ」 | D61: 0 | E61: 15 | F61: PTP | G61: 100T
B62: =B61+1 -> 58 | C62: ピレノキシン懸濁性点眼液０．００５％「参天」 | D62: 0 | E62: 3 | G62: 5ｍｌｘ10
B63: =B62+1 -> 59 | C63: フラジール内服錠２５０ｍｇ | D63: 0 | E63: 3 | F63: PTP | G63: 100錠
B64: =B63+1 -> 60 | C64: フラジール腟錠２５０ｍｇ | D64: 0 | E64: 15 | F64: PTP | G64: 60T
B65: =B64+1 -> 61 | C65: フルイトラン錠２ｍｇ | D65: 0 | E65: 3 | F65: PTP | G65: 100T
B66: =B65+1 -> 62 | C66: フルオロメトロン点眼液０．１％「ＮＩＴ」 | D66: 0 | E66: 3 | G66: 5ｍｌｘ10
B67: =B66+1 -> 63 | C67: プレガバリンＯＤ錠２５ｍｇ「サワイ」 | D67: 0 | E67: 1 | F67: ＰＴＰ | G67: 100Ｔ
B68: =B67+1 -> 64 | C68: プレガバリンＯＤ錠７５ｍｇ「サワイ」 | D68: 0 | E68: 1 | F68: PTP | G68: 100T
B69: =B68+1 -> 65 | C69: プレドニゾロン錠１ｍｇ「ＶＴＲＳ」 | D69: 0 | E69: 1 | F69: PTP | G69: 100T
B70: =B69+1 -> 66 | C70: ブロナック点眼液０．１％ | D70: 0 | E70: 3 | G70: 5ｍｌｘ10
B71: =B70+1 -> 67 | C71: ベタナミン錠１０ｍｇ | D71: 0 | E71: 15 | F71: PTP | G71: 100T
B72: =B71+1 -> 68 | C72: ペンタサ顆粒９４％ ５００ｍｇ含有 | D72: 0 | E72: 1 | F72: 粉 | G72: 0.53ｇｘ100包
B73: =B72+1 -> 69 | C73: ホーリンＶ膣用錠１ｍｇ | D73: 0 | E73: 3 | F73: PTP | G73: 100T
B74: =B73+1 -> 70 | C74: ホスリボン配合顆粒 | D74: 0 | E74: 15 | F74: 粉 | G74: 200包
B75: =B74+1 -> 71 | C75: ポララミン注５ｍｇ | D75: 0 | E75: 15 | G75: 1ｍｌｘ10Ａ
B76: =B75+1 -> 72 | C76: ボルズイ錠５ｍｇ | D76: 0 | E76: 3 | F76: PTP | G76: 100T
B77: =B76+1 -> 73 | C77: ミケルナ配合点眼液 | D77: 0 | E77: 3 | G77: 2.5ｍｌｘ10
B78: =B77+1 -> 74 | C78: ムコスタ点眼液ＵＤ２％ | D78: 0 | E78: 3 | G78: 0.35ｍｌｘ112
B79: =B78+1 -> 75 | C79: メリスロン錠６ｍｇ | D79: 0 | E79: 3 | F79: ＰＴＰ | G79: 100Ｔ
B80: =B79+1 -> 76 | C80: メルカゾール錠５ｍｇ | D80: 0 | E80: 3 | F80: ＰＴＰ | G80: 100Ｔ
B81: =B80+1 -> 77 | C81: ユリス錠２ｍｇ | D81: 0 | E81: 1 | F81: PTP | G81: 100T
B82: =B81+1 -> 78 | C82: ヨウ化カリウム丸５０ｍｇ「日医工」 | D82: 0 | E82: 15 | F82: PTP | G82: 1000丸
B83: =B82+1 -> 79 | C83: ラジカット内用懸濁液２．１％ ３５ｍｌ | D83: 0 | E83: 15 | G83: 35ｍｌｘ1
B84: =B83+1 -> 80 | C84: ラジカット内用懸濁液２．１％ ５０ｍｌ | D84: 0 | E84: 15 | G84: 50ｍｌｘ1
B85: =B84+1 -> 81 | C85: ラピアクタ点滴静注バッグ３００ｍｇ | D85: 0 | E85: 6 | G85: 60ｍｌｘ1
B86: =B85+1 -> 82 | C86: リドメックスコーワ軟膏０．３％ | D86: 0 | E86: 3 | G86: 10ｇｘ10
B87: =B86+1 -> 83 | C87: リルゾール錠５０ｍｇ「ニプロ」 | D87: 0 | E87: 15 | F87: PTP | G87: 56T
B88: =B87+1 -> 84 | C88: リンデロン懸濁注２．５ｍｇ | D88: 0 | E88: 11 | G88: 0.5ｘ10A
B89: =B88+1 -> 85 | C89: レボカルニチンＦＦ錠２５０ｍｇ「アメル」 | D89: 0 | E89: 15 | F89: PTP | G89: 100T
B90: =B89+1 -> 86 | C90: レボフロキサシン細粒１０％「ＤＳＥＰ」 | D90: 0 | E90: 2 | F90: 粉 | G90: 100ｇ
B91: =B90+1 -> 87 | C91: レボフロキサシン点眼液１．５％「ニットー」 | D91: 0 | E91: 3 | G91: 5ｍｌｘ10
B92: =B91+1 -> 88 | C92: レルベア１００エリプタ３０吸入用 | D92: 0 | E92: 3 | G92: 1個
B93: =B92+1 -> 89 | C93: レルベア２００エリプタ３０吸入用 | D93: 0 | E93: 3 | G93: 1個
B94: =B93+1 -> 90 | C94: ロケルマ懸濁用散分包５ｇ | D94: 0 | E94: 3 | F94: 粉 | G94: 28包
B95: =B94+1 -> 91 | C95: ロゼレム錠８ｍｇ | D95: 0 | E95: 3 | F95: PTP | G95: 100T
B96: =B95+1 -> 92 | C96: 水溶性プレドニン１０ｍｇ | D96: 0 | E96: 9 | G96: 10A
B97: =B96+1 -> 93 | C97: アセリオ静注液１０００ｍｇバッグ | D97: 2 | E97: 8 | G97: 100ｍｌｘ20
B98: =B97+1 -> 94 | C98: アセレンド注１００μｇ | D98: 2 | E98: 9 | G98: 2ｍｌｘ10A
B99: =B98+1 -> 95 | C99: アナストロゾール錠１ｍｇ「サワイ」 | D99: 2 | E99: 3 | F99: PTP | G99: 30Ｔ
B100: =B99+1 -> 96 | C100: イリボー錠５μｇ | D100: 2 | E100: 15 | F100: PTP | G100: 100T
B101: =B100+1 -> 97 | C101: インチュニブ錠１ｍｇ | D101: 2 | E101: 3 | F101: PTP | G101: 100T
B102: =B101+1 -> 98 | C102: コンサータ錠１８ｍｇ | D102: 2 | E102: 3 | F102: PTP | G102: 100T
...

Sheet 外用
B2: {=RIGHT(CELL("filename",A1),LEN(CELL("filename",A1))-FIND("]",CELL("filename",A1)))} -> 外用
B4: No | C4: 薬品名 | D4: 毒劇区分 | E4: 棚 | F4: 包装形態 | G4: 容量
B5: 1 | C5: {=_xlfn._xlws.SORT(_xlfn.CHOOSECOLS(_xlfn._xlws.FILTER(IFERROR(統合マスタ!B2:Z1500,""),IFERROR(統合マスタ!R2:R1500=1,FALSE)*IFERROR(ISNUMBER(MATCH(統合マスタ!V2:V1500,分類!H8:H15,0)),FALSE)),2,23,25,4,5),2,1)} -> ＳＰトローチ０．２５ｍｇ「明治」 | D5: 0 | E5: 3 | F5: PTP | G5: 1200T
B6: =B5+1 -> 2 | C6: アクアチムクリーム１％ | D6: 0 | E6: 3 | G6: 10ｇX10
B7: =B6+1 -> 3 | C7: アクトシン軟膏３％ | D7: 0 | E7: 15 | G7: 30ｇ
B8: =B7+1 -> 4 | C8: アズレン点眼液０．０２％「ニットー」 | D8: 0 | E8: 3 | G8: 5ｍｌｘ10
B9: =B8+1 -> 5 | C9: アドフィードパップ４０ｍｇ | D9: 0 | E9: 12 | G9: ７枚ｘ50
B10: =B9+1 -> 6 | C10: インテバンクリーム１％ | D10: 0 | E10: 1 | G10: 25ｇｌｘ10
B11: =B10+1 -> 7 | C11: インテバン外用液１％ | D11: 0 | E11: 3 | G11: 50ｍｌｘ10
B12: =B11+1 -> 8 | C12: オイラックスクリーム１０％ | D12: 0 | E12: 3 | G12: １０ｇＸ１０
B13: =B12+1 -> 9 | C13: オフロキサシン点眼液０．３％「ＪＧ」 | D13: 0 | E13: 3 | G13: 5ｍｌｘ10
B14: =B13+1 -> 10 | C14: キュバール１００エアゾール１５ｍｇ | D14: 0 | E14: 3 | G14: 8.7ｇｘ1
B15: =B14+1 -> 11 | C15: クロモグリク酸Ｎａ点眼液２％「ニットー」 | D15: 0 | E15: 3 | G15: 5MLX5V
B16: =B15+1 -> 12 | C16: クロモグリク酸Ｎａ点眼液２％「ニットー」 | D16: 0 | E16: 3 | G16: 5MLX10V
B17: =B16+1 -> 13 | C17: ゲーベンクリーム１％ | D17: 0 | E17: 7 | G17: １００ｇ
... B67: =B66+1 -> 63 | C67: ロナセンテープ４０ｍｇ | D67: 2 | E67: 3 | G67: 70枚
B68: =B67+1 -> 64
B69: =B68+1 -> 65
B70: =B69+1 -> 66
B71: =B70+1 -> 67
B72: =B71+1 -> 68
B73: =B72+1 -> 69
B74: =B73+1 -> 70
B75: =B74+1 -> 71
B76: =B75+1 -> 72
B77: =B76+1 -> 73
B78: =B77+1 -> 74
B79: =B78+1 -> 75
... B304: =B303+1 -> 300

Sheet 散剤
B2: {=RIGHT(CELL("filename",A1),LEN(CELL("filename",A1))-FIND("]",CELL("filename",A1)))} -> 散剤
B4: No | C4: 薬品名 | D4: 毒劇区分 | E4: 棚 | F4: 包装形態 | G4: 容量
B5: 1 | C5: {=_xlfn._xlws.SORT(_xlfn.CHOOSECOLS(_xlfn._xlws.FILTER(IFERROR(統合マスタ!B2:Z1500,""),IFERROR(統合マスタ!R2:R1500=1,FALSE)*IFERROR(ISNUMBER(MATCH(統合マスタ!V2:V1500,分類!K8:K15,0)),FALSE)),2,23,25,4,5),2,1)} -> ０１７ ツムラ ゴレイサン | D5: 0 | E5: 4 | F5: 粉 | G5: 2.5ｇｘ189
B6: =B5+1 -> 2 | C6: ０５４ ツムラ ヨクカンサン | D6: 0 | E6: 4 | F6: 粉 | G6: 2.5ｇX189
B7: =B6+1 -> 3 | C7: ０６２ ツムラ ボウフウツウシヨウサン | D7: 0 | E7: 4 | F7: 粉 | G7: 2.5ｇｘ189
B8: =B7+1 -> 4 | C8: ０６８ ツムラ シャクヤクカンゾウトウ | D8: 0 | E8: 4 | F8: 粉 | G8: 2.5ｇｘ42
B9: =B8+1 -> 5 | C9: ０８３ ツムラ ヨクカンサンカチンピハンゲ | D9: 0 | E9: 4 | F9: 粉 | G9: 2.5ｇｘ189
B10: =B9+1 -> 6 | C10: １００ ツムラ ダイケンチユウトウ | D10: 0 | E10: 4 | F10: 粉 | G10: 2.5ｇX189
B11: =B10+1 -> 7 | C11: ＥＫ１ 葛根湯エキス細粒 | D11: 0 | E11: 4 | F11: 粉 | G11: 2.5ｇ×294
B12: =B11+1 -> 8 | C12: ＥＫ２４ 加味逍遥散料エキス細粒 | D12: 0 | E12: 4 | F12: 粉 | G12: 2ｇｘ42包
B13: =B12+1 -> 9 | C13: ＥＫ４１ 補中益気湯エキス細粒 | D13: 0 | E13: 4 | F13: 粉 | G13: 2.5ｇｘ294
B14: =B13+1 -> 10 | C14: アスパラカリウム散５０％ | D14: 0 | E14: 2 | F14: 粉 | G14: 500ｇ
B15: =B14+1 -> 11 | C15: アドナ散１０％ | D15: 0 | E15: 2 | F15: 粉 | G15: 100ｇ
B16: =B15+1 -> 12 | C16: アミノレバンＥＮ配合散 コーヒー味 | D16: 0 | E16: 15 | F16: 粉 | G16: 50ｇX21包
B17: =B16+1 -> 13 | C17: カルバマゼピン細粒５０％「アメル」 | D17: 0 | E17: 2 | F17: 粉 | G17: 500ｇ
B18: =B17+1 -> 14 | C18: グラマリール細粒１０％ | D18: 0 | E18: 2 | F18: 粉 | G18: 100ｇ
B19: =B18+1 -> 15 | C19: クレメジン細粒分包２ｇ | D19: 0 | E19: 3 | G19: 2ｇｘ84包
B20: =B19+1 -> 16 | C20: シーピー配合顆粒 | D20: 0 | E20: 3 | F20: 粉 | G20: 1ｇｘ1050包
B21: =B20+1 -> 17 | C21: センブリ・重曹散 | D21: 0 | E21: 2 | F21: 粉 | G21: 500ｇ
B22: =B21+1 -> 18 | C22: タンニン酸アルブミン「ＶＴＲＳ」原末 | D22: 0 | E22: 2 | F22: 粉 | G22: 500ｇ
B23: =B22+1 -> 19 | C23: テプレノン細粒１０％「ＹＤ」 | D23: 0 | E23: 2 | F23: 粉 | G23: 100ｇ
B24: =B23+1 -> 20 | C24: パントシン散２０％ | D24: 0 | E24: 2 | F24: 粉 | G24: 100ｇ
B25: =B24+1 -> 21 | C25: ビオフェルミン配合散 | D25: 0 | E25: 3 | F25: 粉 | G25: 1ｇｘ120
B26: =B25+1 -> 22 | C26: ビオフェルミン配合散 | D26: 0 | E26: 3 | F26: 粉 | G26: 1ｇｘ600
B27: =B26+1 -> 23 | C27: ビオフェルミン配合散 | D27: 0 | E27: 3 | F27: 粉 | G27: 1ｋｇ
B28: =B27+1 -> 24 | C28: フロセミド細粒４％「ＥＭＥＣ」 | D28: 0 | E28: 2 | F28: 粉 | G28: 100ｇ
B29: =B28+1 -> 25 | C29: マーズレンＳ配合顆粒 | D29: 0 | E29: 3 | F29: 粉 | G29: 400ｇ（0.67ｆｘ600）
B30: =B29+1 -> 26 | C30: マーズレンＳ配合顆粒 | D30: 0 | E30: 3 | F30: 粉 | G30: 1000ｇ
B31: =B30+1 -> 27 | C31: モサプリドクエン酸塩散１％「日医工」 | D31: 0 | E31: 2 | F31: 粉 | G31: 100ｇ
... B44: =B43+1 -> 40 | C44: リスパダール細粒１％ | D44: 2 | E44: 1 | F44: 粉 | G44: 100ｇ
B45: =B44+1 -> 41 | C45: ロドピン細粒５０％ | D45: 2 | E45: 2 | G45: 100ｇ
B46: =B45+1 -> 42
B47: =B46+1 -> 43
B48: =B47+1 -> 44
B49: =B48+1 -> 45
B50: =B49+1 -> 46
B51: =B50+1 -> 47
B52: =B51+1 -> 48
B53: =B52+1 -> 49
B54: =B53+1 -> 50
B55: =B54+1 -> 51
B56: =B55+1 -> 52
B57: =B56+1 -> 53
... B304: =B303+1 -> 300

Sheet 錠剤
B2: {=RIGHT(CELL("filename",A1),LEN(CELL("filename",A1))-FIND("]",CELL("filename",A1)))} -> 錠剤
B4: No | C4: 薬品名 | D4: 毒劇区分 | E4: 棚 | F4: 包装形態 | G4: 容量
B5: 1 | C5: {=_xlfn._xlws.SORT(_xlfn.CHOOSECOLS(_xlfn._xlws.FILTER(IFERROR(統合マスタ!B2:Z1500,""),IFERROR(統合マスタ!R2:R1500=1,FALSE)*IFERROR(ISNUMBER(MATCH(統合マスタ!V2:V1500,分類!N8:N15,0)),FALSE)),2,23,25,4,5),2,1)} -> ２５ｍｇアリナミン Ｆ糖衣錠 | D5: 0 | E5: 5 | F5: PTP | G5: 100Ｔ
B6: =B5+1 -> 2 | C6: アーチスト錠１．２５ｍｇ | D6: 0 | E6: 5 | F6: PTP | G6: 100T
B7: =B6+1 -> 3 | C7: アジスロマイシン錠２５０ｍｇ「トーワ」 | D7: 0 | E7: 1 | F7: ＰＴＰ | G7: 60T
B8: =B7+1 -> 4 | C8: アジルサルタンＯＤ錠２０ｍｇ「サワイ」 | D8: 0 | E8: 5 | F8: PTP | G8: 100T
B9: =B8+1 -> 5 | C9: アジルサルタンＯＤ錠２０ｍｇ「サワイ」 | D9: 0 | E9: 5 | F9: バラ | G9: 200T
B10: =B9+1 -> 6 | C10: アスパラ－ＣＡ錠２００ | D10: 0 | E10: 5 | F10: PTP | G10: 100T
B11: =B10+1 -> 7 | C11: アスパラ－ＣＡ錠２００ | D11: 0 | E11: 5 | F11: バラ | G11: 500Ｔ
B12: =B11+1 -> 8 | C12: アスパラカリウム錠３００ｍｇ | D12: 0 | E12: 1 | F12: ＰＴＰ | G12: 1000T
B13: =B12+1 -> 9 | C13: アスパラカリウム錠３００ｍｇ | D13: 0 | E13: 1 | F13: ＰＴＰ | G13: 100T
B14: =B13+1 -> 10 | C14: アタラックス錠２５ｍｇ | D14: 0 | E14: 5 | F14: PTP | G14: 100Ｔ
B15: =B14+1 -> 11 | C15: アドナ錠３０ｍｇ | D15: 0 | E15: 5 | F15: バラ | G15: 500T
B16: =B15+1 -> 12 | C16: アトルバスタチンＯＤ錠１０ｍｇ「トーワ」 | D16: 0 | E16: 5 | F16: ＰＴＰ | G16: 100T
B17: =B16+1 -> 13 | C17: アトルバスタチンＯＤ錠１０ｍｇ「トーワ」 | D17: 0 | E17: 5 | F17: バラ | G17: 300T
... B370: =B369+1 -> 366 | C370: 炭酸リチウム錠２００ｍｇ「大正」 | D370: 2 | E370: 6 | F370: バラ | G370: 1000T
B371: =B370+1 -> 367
B372: =B371+1 -> 368
B373: =B372+1 -> 369
B374: =B373+1 -> 370
B375: =B374+1 -> 371
B376: =B375+1 -> 372
B377: =B376+1 -> 373
B378: =B377+1 -> 374
B379: =B378+1 -> 375
B380: =B379+1 -> 376
B381: =B380+1 -> 377
B382: =B381+1 -> 378
... B504: =B503+1 -> 500

Sheet 注射
B2: {=RIGHT(CELL("filename",A1),LEN(CELL("filename",A1))-FIND("]",CELL("filename",A1)))} -> 注射
B4: No | C4: 薬品名 | D4: 毒劇区分 | E4: 棚 | F4: 包装形態 | G4: 容量
B5: 1 | C5: {=_xlfn._xlws.SORT(_xlfn.CHOOSECOLS(_xlfn._xlws.FILTER(IFERROR(統合マスタ!B2:Z1500,""),IFERROR(統合マスタ!R2:R1500=1,FALSE)*IFERROR(ISNUMBER(MATCH(統合マスタ!V2:V1500,分類!Q8:Q15,0)),FALSE)),2,23,25,4,5),2,1)} -> アクチット輸液 | D5: 0 | E5: 10 | G5: 500ｍｌｘ20袋
B6: =B5+1 -> 2 | C6: アスコルビン酸注５００ｍｇ「イセイ」 | D6: 0 | E6: 11 | G6: 2ｍｌｘ50Ａ
B7: =B6+1 -> 3 | C7: アスパラギン酸カリウム注 １０ＭＥＱキット「テルモ」 | D7: 0 | E7: 9 | G7: 10ｍｌｘ10
B8: =B7+1 -> 4 | C8: アドナ注（静脈用）５０ｍｇ | D8: 0 | E8: 9 | G8: 10ml×10A
B9: =B8+1 -> 5 | C9: アドナ注（静脈用）５０ｍｇ | D9: 0 | E9: 9 | G9: 10ml×50A
B10: =B9+1 -> 6 | C10: アルブミナー２５％静注１２．５ｇ／５０ｍｌ | D10: 0 | E10: 6 | G10: 50ｍｌｘ1V
B11: =B10+1 -> 7 | C11: イベニティ皮下注１０５ｍｇシリンジ | D11: 0 | E11: 11 | G11: 2筒
B12: =B11+1 -> 8 | C12: グリセオール注 | D12: 0 | E12: 9 | G12: 200ｍｌｘ10
B13: =B12+1 -> 9 | C13: ケイツーＮ静注１０ｍｇ | D13: 0 | E13: 9 | G13: 2ｍｌｘ１０管
B14: =B13+1 -> 10 | C14: ジアゼパム注射液５ｍｇ「ＮＩＧ」 | D14: 0 | E14: 9 | G14: 1ｍｌｘ10A
B15: =B14+1 -> 11 | C15: スルバシリン静注用１．５ｇ | D15: 0 | E15: 8 | G15: 10瓶
B16: =B15+1 -> 12 | C16: セフェピム塩酸塩静注用１ｇ「サンド」 | D16: 0 | E16: 8 | G16: 10V
B17: =B16+1 -> 13 | C17: セフタジジム静注用１ｇ「ＶＴＲＳ」 | D17: 0 | E17: 8 | G17: 10V
... B88: =B87+1 -> 84 | C88: ワソラン静注５ｍｇ | D88: 2 | E88: 9 | G88: 2ｍｌｘ10Ａ
B89: =B88+1 -> 85
B90: =B89+1 -> 86
B91: =B90+1 -> 87
B92: =B91+1 -> 88
B93: =B92+1 -> 89
B94: =B93+1 -> 90
B95: =B94+1 -> 91
B96: =B95+1 -> 92
B97: =B96+1 -> 93
B98: =B97+1 -> 94
B99: =B98+1 -> 95
B100: =B99+1 -> 96
... B304: =B303+1 -> 300

Sheet 元データ
A1: 品名 | B1: 2025年度卸 | C1: 包装形態 | D1: 容量 | E1: メーカー | F1: 新単位薬価 | G1: 2025年度薬価 | H1: 単位数量 | I1: 薬価単位 | J1: 2025年納入価格 | K1: 単位納入価 | L1: 分類 | M1: 単位当たり利益 | N1: マスタと完全一致 | O1: 薬価一致 | P1: 候補列番 | Q1: マスタ名 | S1: 品名 | T1: チェック | U1: 非採用
A2: 007 ﾂﾑﾗ ハチミジオウガン | B2: メディセオ | C2: 粉 | D2: 2.5ｇｘ189 | E2: ツムラ | F2: 9.8 | G2: 4630.5 | H2: =G2/F2 -> 472.5 | I2: ｇ | J2: 4093 | K2: =J2/H2 -> 8.6624339 | L2: 5.2 | M2: =F2-K2 -> 1.1375661 | N2: =IF(match_results_2!C2="完全一致","〇","×") -> × | O2: =IF(match_results_2!C2="薬価一致候補","〇","×") -> 〇 | P2: =IF(match_results_2!E2="","",match_results_2!E2) -> 295 | Q2: =OFFSET(マスタ非採用削除!$C$4,元データ!P2,0) -> ツムラ八味地黄丸エキス顆粒（医療用） | R2: =1 -> 1 | S2: =A2 -> 007 ﾂﾑﾗ ハチミジオウガン | T2: 2 | U2: =統合マスタ!AA5 -> 0
A3: 007 ﾂﾑﾗ ハチミジオウガン | C3: 粉 | D3: 2.5ｇｘ42 | E3: ツムラ | F3: 9.8 | G3: 1029 | H3: =G3/F3 -> 105 | I3: ｇ | J3: 935 | K3: =J3/H3 -> 8.9047619 | L3: 5.2 | M3: =F3-K3 -> 0.8952381 | N3: =IF(match_results_2!C3="完全一致","〇","×") -> × | O3: =IF(match_results_2!C3="薬価一致候補","〇","×") -> 〇 | P3: =IF(match_results_2!E3="","",match_results_2!E3) -> 295 | Q3: =OFFSET(マスタ非採用削除!$C$4,元データ!P3,0) -> ツムラ八味地黄丸エキス顆粒（医療用） | R3: =R2+1 -> 2 | S3: =A3 -> 007 ﾂﾑﾗ ハチミジオウガン | T3: 2 | U3: =統合マスタ!AA6 -> 0
A4: 012 ﾂﾑﾗ ｻｲｺｶﾘｭｳｺﾂﾎﾞﾚｲﾄｳ | B4: メディセオ | C4: 粉 | D4: 2.5ｇｘ189 | E4: ツムラ | F4: 20.3 | G4: 9591.75 | H4: =G4/F4 -> 472.5 | I4: g | J4: 8544 | K4: =J4/H4 -> 18.08254 | L4: 5.2 | M4: =F4-K4 -> 2.2174603 | N4: =IF(match_results_2!C4="完全一致","〇","×") -> × | O4: =IF(match_results_2!C4="薬価一致候補","〇","×") -> 〇 | P4: =IF(match_results_2!E4="","",match_results_2!E4) -> 296 | Q4: =OFFSET(マスタ非採用削除!$C$4,元データ!P4,0) -> ツムラ柴胡加竜骨牡蛎湯エキス顆粒（医療用） | R4: =R3+1 -> 3 | S4: =A4 -> 012 ﾂﾑﾗ ｻｲｺｶﾘｭｳｺﾂﾎﾞﾚｲﾄｳ | T4: 2 | U4: =統合マスタ!AA7 -> 0
A5: 016 ﾂﾑﾗ ハンゲコウボクトウ | B5: メディセオ | C5: 粉 | D5: 2.5ｇｘ189 | E5: ツムラ | F5: 14.6 | G5: 6898.5 | H5: =G5/F5 -> 472.5 | I5: ｇ | J5: 6211 | K5: =J5/H5 -> 13.144974 | L5: 5.2 | M5: =F5-K5 -> 1.4550265 | N5: =IF(match_results_2!C5="完全一致","〇","×") -> × | O5: =IF(match_results_2!C5="薬価一致候補","〇","×") -> 〇 | P5: =IF(match_results_2!E5="","",match_results_2!E5) -> 297 | Q5: =OFFSET(マスタ非採用削除!$C$4,元データ!P5,0) -> ツムラ半夏厚朴湯エキス顆粒（医療用） | R5: =R4+1 -> 4 | S5: =A5 -> 016 ﾂﾑﾗ ハンゲコウボクトウ | T5: 2 | U5: =統合マスタ!AA8 -> 0
A6: 017 ﾂﾑﾗ ｺﾞﾚｲｻﾝ | B6: メディセオ | C6: 粉 | D6: 2.5ｇｘ189 | E6: ツムラ | F6: 13.6 | G6: 6426 | H6: =G6/F6 -> 472.5 | I6: g | J6: 5728 | K6: =J6/H6 -> 12.122751 | L6: 5.2 | M6: =F6-K6 -> 1.4772487 | N6: =IF(match_results_2!C6="完全一致","〇","×") -> × | O6: =IF(match_results_2!C6="薬価一致候補","〇","×") -> 〇 | P6: =IF(match_results_2!E6="","",match_results_2!E6) -> 298 | Q6: =OFFSET(マスタ非採用削除!$C$4,元データ!P6,0) -> ツムラ五苓散エキス顆粒（医療用） | R6: =R5+1 -> 5 | S6: =A6 -> 017 ﾂﾑﾗ ｺﾞﾚｲｻﾝ | T6: 2 | U6: =統合マスタ!AA9 -> 0
A7: 019 ツムラ ショウセイリュウトウ | B7: メディセオ | C7: 粉 | D7: 3ｇX42 | E7: ツムラ | F7: 12.8 | G7: 1612.8 | H7: =G7/F7 -> 126 | I7: g | J7: 1465 | K7: =J7/H7 -> 11.626984 | L7: 5.2 | M7: =F7-K7 -> 1.1730159 | N7: =IF(match_results_2!C7="完全一致","〇","×") -> × | O7: =IF(match_results_2!C7="薬価一致候補","〇","×") -> 〇 | P7: 299 | Q7: =OFFSET(マスタ非採用削除!$C$4,元データ!P7,0) -> ツムラ小青竜湯エキス顆粒（医療用） | R7: =R6+1 -> 6 | S7: =A7 -> 019 ツムラ ショウセイリュウトウ | T7: 2 | U7: =統合マスタ!AA10 -> 0
A8: 043 ツムラ リツクンシトウ | B8: メディセオ | C8: 粉 | D8: 2.5ｇｘ189 | E8: ツムラ | F8: 18 | G8: 8505 | H8: =G8/F8 -> 472.5 | I8: g | J8: 7576 | K8: =J8/H8 -> 16.033862 | L8: 5.2 | M8: =F8-K8 -> 1.9661376 | N8: =IF(match_results_2!C8="完全一致","〇","×") -> × | O8: =IF(match_results_2!C8="薬価一致候補","〇","×") -> 〇 | P8: =IF(match_results_2!E8="","",match_results_2!E8) -> 301 | Q8: =OFFSET(マスタ非採用削除!$C$4,元データ!P8,0) -> ツムラ六君子湯エキス顆粒（医療用） | R8: =R7+1 -> 7 | S8: =A8 -> 043 ツムラ リツクンシトウ | T8: 2 | U8: =統合マスタ!AA11 -> 0
A9: 048 ﾂﾑﾗ ｼﾞｭｳｾﾞﾝﾀｲﾎﾄｳ | C9: 粉 | D9: 2.5ｇｘ189包 | E9: ツムラ | F9: 18.4 | G9: 8694 | H9: =G9/F9 -> 472.5 | I9: g | J9: 7750 | K9: =J9/H9 -> 16.402116 | L9: 5.2 | M9: =F9-K9 -> 1.9978836 | N9: =IF(match_results_2!C9="完全一致","〇","×") -> × | O9: =IF(match_results_2!C9="薬価一致候補","〇","×") -> 〇 | Q9: =OFFSET(マスタ非採用削除!$C$4,元データ!P9,0) -> 名称 | R9: =R8+1 -> 8 | S9: =A9 -> 048 ﾂﾑﾗ ｼﾞｭｳｾﾞﾝﾀｲﾎﾄｳ | T9: 0 | U9: =統合マスタ!AA12 -> 0
A10: 054 ﾂﾑﾗ ﾖｸｶﾝｻﾝ | B10: メディセオ | C10: 粉 | D10: 2.5ｇX189 | E10: ツムラ | F10: 16.1 | G10: 7607.25 | H10: =G10/F10 -> 472.5 | I10: g | J10: 6849 | K10: =J10/H10 -> 14.495238 | L10: 5.2 | M10: =F10-K10 -> 1.6047619 | N10: =IF(match_results_2!C10="完全一致","〇","×") -> × | O10: =IF(match_results_2!C10="薬価一致候補","〇","×") -> 〇 | P10: 302 | Q10: =OFFSET(マスタ非採用削除!$C$4,元データ!P10,0) -> ツムラ抑肝散エキス顆粒（医療用） | R10: =R9+1 -> 9 | S10: =A10 -> 054 ﾂﾑﾗ ﾖｸｶﾝｻﾝ | T10: 2 | U10: =統合マスタ!AA13 -> 0
A11: 062 ﾂﾑﾗ ﾎﾞｳﾌｳﾂｳｼﾖｳｻﾝ | B11: メディセオ | C11: 粉 | D11: 2.5ｇｘ189 | E11: ツムラ | F11: 13.8 | G11: 6520.5 | H11: =G11/F11 -> 472.5 | I11: g | J11: 5871 | K11: =J11/H11 -> 12.425397 | L11: 5.2 | M11: =F11-K11 -> 1.3746032 | N11: =IF(match_results_2!C11="完全一致","〇","×") -> × | O11: =IF(match_results_2!C11="薬価一致候補","〇","×") -> 〇 | P11: =IF(match_results_2!E11="","",match_results_2!E11) -> 303 | Q11: =OFFSET(マスタ非採用削除!$C$4,元データ!P11,0) -> ツムラ防風通聖散エキス顆粒（医療用） | R11: =R10+1 -> 10 | S11: =A11 -> 062 ﾂﾑﾗ ﾎﾞｳﾌｳﾂｳｼﾖｳｻﾝ | T11: 2 | U11: =統合マスタ!AA14 -> 0
A12: 068 ﾂﾑﾗ ｼｬｸﾔｸｶﾝｿﾞｳﾄｳ | B12: メディセオ | C12: 粉 | D12: 2.5ｇｘ42 | E12: ツムラ | F12: 10.4 | G12: 1092 | H12: =G12/F12 -> 105 | I12: g | J12: 992 | K12: =J12/H12 -> 9.447619 | L12: 5.2 | M12: =F12-K12 -> 0.95238095 | N12: =IF(match_results_2!C12="完全一致","〇","×") -> × | O12: =IF(match_results_2!C12="薬価一致候補","〇","×") -> 〇 | P12: 304 | Q12: =OFFSET(マスタ非採用削除!$C$4,元データ!P12,0) -> ツムラ芍薬甘草湯エキス顆粒（医療用） | R12: =R11+1 -> 11 | S12: =A12 -> 068 ﾂﾑﾗ ｼｬｸﾔｸｶﾝｿﾞｳﾄｳ | T12: 2 | U12: =統合マスタ!AA15 -> 0
A13: 083 ﾂﾑﾗ ﾖｸｶﾝｻﾝｶﾁﾝﾋﾟﾊﾝｹﾞ | B13: メディセオ | C13: 粉 | D13: 2.5ｇｘ189 | E13: ツムラ | F13: 14.4 | G13: 6804 | H13: =G13/F13 -> 472.5 | I13: g | J13: 6065 | K13: =J13/H13 -> 12.835979 | L13: 5.2 | M13: =F13-K13 -> 1.5640212 | N13: =IF(match_results_2!C13="完全一致","〇","×") -> × | O13: =IF(match_results_2!C13="薬価一致候補","〇","×") -> 〇 | P13: 305 | Q13: =OFFSET(マスタ非採用削除!$C$4,元データ!P13,0) -> ツムラ抑肝散加陳皮半夏エキス顆粒（医療用） | R13: =R12+1 -> 12 | S13: =A13 -> 083 ﾂﾑﾗ ﾖｸｶﾝｻﾝｶﾁﾝﾋﾟﾊﾝｹﾞ | T13: 2 | U13: =統合マスタ!AA16 -> 0
A14: 100 ﾂﾑﾗ ﾀﾞｲｹﾝﾁﾕｳﾄｳ | B14: メディセオ | C14: 粉 | D14: 2.5ｇX189 | E14: ツムラ | F14: 13.7 | G14: 6473.25 | H14: =G14/F14 -> 472.5 | I14: g | J14: 5828 | K14: =J14/H14 -> 12.334392 | L14: 5.2 | M14: =F14-K14 -> 1.3656085 | N14: =IF(match_results_2!C14="完全一致","〇","×") -> × | O14: =IF(match_results_2!C14="薬価一致候補","〇","×") -> 〇 | P14: =IF(match_results_2!E14="","",match_results_2!E14) -> 306 | Q14: =OFFSET(マスタ非採用削除!$C$4,元データ!P14,0) -> ツムラ大建中湯エキス顆粒（医療用） | R14: =R13+1 -> 13 | S14: =A14 -> 100 ﾂﾑﾗ ﾀﾞｲｹﾝﾁﾕｳﾄｳ | T14: 2 | U14: =統合マスタ!AA17 -> 0
A15: 108 ツムラ ニンジンヨウエイトウ | B15: メディセオ | C15: 粉 | D15: 3ｇｘ42包 | E15: ツムラ | F15: 20.1 | G15: 2532.6 | H15: =G15/F15 -> 126 | I15: ｇ | J15: 2301 | K15: =J15/H15 -> 18.261905 | L15: 5.2 | M15: =F15-K15 -> 1.8380952 | N15: =IF(match_results_2!C15="完全一致","〇","×") -> × | O15: =IF(match_results_2!C15="薬価一致候補","〇","×") -> 〇 | P15: =IF(match_results_2!E15="","",match_results_2!E15) -> 307 | Q15: =OFFSET(マスタ非採用削除!$C$4,元データ!P15,0) -> ツムラ人参養栄湯エキス顆粒（医療用） | R15: =R14+1 -> 14 | S15: =A15 -> 108 ツムラ ニンジンヨウエイトウ | T15: 2 | U15: =統合マスタ!AA18 -> 0
A16: 112 ツムラ チョレイトウゴウシモットウ | C16: 粉 | D16: 2.5ｇｘ42 | E16: ツムラ | F16: 22.9 | G16: 2404.5 | H16: =G16/F16 -> 105 | I16: g | J16: 2185 | K16: =J16/H16 -> 20.809524 | L16: 5.2 | M16: =F16-K16 -> 2.0904762 | N16: =IF(match_results_2!C16="完全一致","〇","×") -> × | O16: =IF(match_results_2!C16="薬価一致候補","〇","×") -> 〇 | P16: =IF(match_results_2!E16="","",match_results_2!E16) -> 308 | Q16: =OFFSET(マスタ非採用削除!$C$4,元データ!P16,0) -> ツムラ猪苓湯合四物湯エキス顆粒（医療用） | R16: =R15+1 -> 15 | S16: =A16 -> 112 ツムラ チョレイトウゴウシモットウ | T16: 2 | U16: =統合マスタ!AA19 -> 0
A17: 25ｍｇｱﾘﾅﾐﾝ F糖衣錠 | B17: メディセオ | C17: PTP | D17: 100Ｔ | E17: 武田薬品工業 | F17: 6.1 | G17: 610 | H17: =G17/F17 -> 100 | I17: 錠 | J17: 544 | K17: =J17/H17 -> 5.44 | L17: 3.1.2 | M17: =F17-K17 -> 0.66 | N17: =IF(match_results_2!C17="完全一致","〇","×") -> × | O17: =IF(match_results_2!C17="薬価一致候補","〇","×") -> 〇 | P17: 43 | Q17: =OFFSET(マスタ非採用削除!$C$4,元データ!P17,0) -> ２５ｍｇアリナミンＦ糖衣錠 | R17: =R16+1 -> 16 | S17: =A17 -> 25ｍｇｱﾘﾅﾐﾝ F糖衣錠 | T17: 2 | U17: =統合マスタ!AA20 -> 0
A18: ＥＫ１ 葛根湯エキス細粒 | B18: メディセオ | C18: 粉 | D18: 2.5ｇ×294 | E18: クラシエ | F18: 10.2 | G18: 7497 | H18: =G18/F18 -> 735 | I18: g | J18: 6679 | K18: =J18/H18 -> 9.0870748 | L18: 5.2 | M18: =F18-K18 -> 1.1129252 | N18: =IF(match_results_2!C18="完全一致","〇","×") -> × | O18: =IF(match_results_2!C18="薬価一致候補","〇","×") -> 〇 | P18: =IF(match_results_2!E18="","",match_results_2!E18) -> 139 | Q18: =OFFSET(マスタ非採用削除!$C$4,元データ!P18,0) -> クラシエ葛根湯エキス細粒 | R18: =R17+1 -> 17 | S18: =A18 -> ＥＫ１ 葛根湯エキス細粒 | T18: 2 | U18: =統合マスタ!AA21 -> 0
A19: EK114 柴苓湯 | B19: メディセオ | C19: 粉 | D19: 2.7ｇ×２９４ | E19: クラシエ | F19: 46.8 | G19: 37149.84 | H19: =G19/F19 -> 793.8 | I19: g | J19: 33097 | K19: =J19/H19 -> 41.694381 | L19: 5.2 | M19: =F19-K19 -> 5.1056185 | N19: =IF(match_results_2!C19="完全一致","〇","×") -> × | O19: =IF(match_results_2!C19="薬価一致候補","〇","×") -> 〇 | P19: =IF(match_results_2!E19="","",match_results_2!E19) -> 144 | Q19: =OFFSET(マスタ非採用削除!$C$4,元データ!P19,0) -> クラシエ柴苓湯エキス細粒 | R19: =R18+1 -> 18 | S19: =A19 -> EK114 柴苓湯 | T19: 2 | U19: =統合マスタ!AA22 -> 0
A20: EK15 黄連解毒湯エキス細粒 | B20: メディセオ | C20: 粉 | D20: 2ｇｘ42包 | E20: クラシエ | F20: 13.3 | G20: 1117.2 | H20: =G20/F20 -> 84 | I20: g | J20: 1015 | K20: =J20/H20 -> 12.083333 | L20: 5.2 | M20: =F20-K20 -> 1.2166667 | N20: =IF(match_results_2!C20="完全一致","〇","×") -> × | O20: =IF(match_results_2!C20="薬価一致候補","〇","×") -> 〇 | P20: =IF(match_results_2!E20="","",match_results_2!E20) -> 140 | Q20: =OFFSET(マスタ非採用削除!$C$4,元データ!P20,0) -> クラシエ黄連解毒湯エキス細粒 | R20: =R19+1 -> 19 | S20: =A20 -> EK15 黄連解毒湯エキス細粒 | T20: 2 | U20: =統合マスタ!AA23 -> 0
A21: EK19 小青竜湯エキス細粒 | B21: アルフレッサ | D21: 2ｇｘ42包 | E21: クラシエ | F21: 24.1 | G21: 2024.4 | H21: =G21/F21 -> 84 | I21: g | J21: 1840 | K21: =J21/H21 -> 21.904762 | L21: 5.2 | M21: =F21-K21 -> 2.1952381 | N21: =IF(match_results_2!C21="完全一致","〇","×") -> × | O21: =IF(match_results_2!C21="薬価一致候補","〇","×") -> × | P21: 非採用 | Q21: =OFFSET(マスタ非採用削除!$C$4,元データ!P21,0) -> #VALUE! | R21: =R20+1 -> 20 | S21: =A21 -> EK19 小青竜湯エキス細粒 | T21: 1 | U21: =統合マスタ!AA24 -> 非採用
A22: ＥＫ24 加味逍遥散料エキス細粒 | B22: メディセオ | C22: 粉 | D22: 2ｇｘ42包 | E22: クラシエ | F22: 18.3 | G22: 1537.2 | H22: =G22/F22 -> 84 | I22: g | J22: 1397 | K22: =J22/H22 -> 16.630952 | L22: 5.2 | M22: =F22-K22 -> 1.6690476 | N22: =IF(match_results_2!C22="完全一致","〇","×") -> × | O22: =IF(match_results_2!C22="薬価一致候補","〇","×") -> 〇 | P22: =IF(match_results_2!E22="","",match_results_2!E22) -> 141 | Q22: =OFFSET(マスタ非採用削除!$C$4,元データ!P22,0) -> クラシエ加味逍遙散料エキス細粒 | R22: =R21+1 -> 21 | S22: =A22 -> ＥＫ24 加味逍遥散料エキス細粒 | T22: 2 | U22: =統合マスタ!AA25 -> 0
A23: ＥＫ40 猪苓湯エキス細粒 | B23: メディセオ | C23: 粉 | D23: 2ｇｘ42包 | E23: クラシエ | F23: 14.8 | G23: 1243.2 | H23: =G23/F23 -> 84 | I23: g | J23: 1130 | K23: =J23/H23 -> 13.452381 | L23: 5.2 | M23: =F23-K23 -> 1.347619 | N23: =IF(match_results_2!C23="完全一致","〇","×") -> × | O23: =IF(match_results_2!C23="薬価一致候補","〇","×") -> 〇 | P23: =IF(match_results_2!E23="","",match_results_2!E23) -> 142 | Q23: =OFFSET(マスタ非採用削除!$C$4,元データ!P23,0) -> クラシエ猪苓湯エキス細粒 | R23: =R22+1 -> 22 | S23: =A23 -> ＥＫ40 猪苓湯エキス細粒 | T23: 2 | U23: =統合マスタ!AA26 -> 0
A24: EK41 補中益気湯エキス細粒 | B24: メディセオ | C24: 粉 | D24: 2.5ｇｘ294 | E24: クラシエ | F24: 20.4 | G24: 14994 | H24: =G24/F24 -> 735 | I24: g | J24: 13358 | K24: =J24/H24 -> 18.17415 | L24: 5.2 | M24: =F24-K24 -> 2.2258503 | N24: =IF(match_results_2!C24="完全一致","〇","×") -> × | O24: =IF(match_results_2!C24="薬価一致候補","〇","×") -> 〇 | P24: =IF(match_results_2!E24="","",match_results_2!E24) -> 143 | Q24: =OFFSET(マスタ非採用削除!$C$4,元データ!P24,0) -> クラシエ補中益気湯エキス細粒 | R24: =R23+1 -> 23 | S24: =A24 -> EK41 補中益気湯エキス細粒 | T24: 2 | U24: =統合マスタ!AA27 -> 0
A25: EPLカプセル250ｍｇ 販売中止 | B25: アルフレッサ | C25: ＰＴＰ | D25: ４００Ｐ | E25: アルフレッサファーマ | F25: 6.1 | G25: 2440 | H25: =G25/F25 -> 400 | I25: cap | J25: 2218 | K25: =J25/H25 -> 5.545 | L25: 2.1.8 | M25: =F25-K25 -> 0.555 | N25: =IF(match_results_2!C25="完全一致","〇","×") -> × | O25: =IF(match_results_2!C25="薬価一致候補","〇","×") -> 〇 | P25: 59 | Q25: =OFFSET(マスタ非採用削除!$C$4,元データ!P25,0) -> ＥＰＬカプセル２５０ｍｇ | R25: =R24+1 -> 24 | S25: =A25 -> EPLカプセル250ｍｇ 販売中止 | T25: 2 | U25: =統合マスタ!AA28 -> 0
A26: SPトローチ0.25ｍｇ「明治」 | B26: メディセオ | C26: PTP | D26: 1200T | E26: meijiseika | F26: 5.9 | G26: 7080 | H26: =G26/F26 -> 1200 | I26: 錠 | J26: 6435 | K26: =J26/H26 -> 5.3625 | L26: 2.3.9 | M26: =F26-K26 -> 0.5375 | N26: =IF(match_results_2!C26="完全一致","〇","×") -> 〇 | O26: =IF(match_results_2!C26="薬価一致候補","〇","×") -> × | P26: =IF(match_results_2!E26="","",match_results_2!E26) -> 76 | Q26: =OFFSET(マスタ非採用削除!$C$4,元データ!P26,0) -> ＳＰトローチ０．２５ｍｇ「明治」 | R26: =R25+1 -> 25 | S26: =A26 -> SPトローチ0.25ｍｇ「明治」 | T26: 1 | U26: =統合マスタ!AA29 -> 0
A27: T72 ヨクイニンエキス錠「コタロー」 | B27: メディセオ | C27: バラ | D27: 126Tx10 | E27: 小太郎漢方 | F27: 6.5 | G27: 8190 | H27: =G27/F27 -> 1260 | I27: 錠 | J27: 7445 | K27: =J27/H27 -> 5.9087302 | L27: 5.2 | M27: =F27-K27 -> 0.59126984 | N27: =IF(match_results_2!C27="完全一致","〇","×") -> × | O27: =IF(match_results_2!C27="薬価一致候補","〇","×") -> 〇 | P27: 581 | Q27: =OFFSET(マスタ非採用削除!$C$4,元データ!P27,0) -> ヨクイニンエキス錠「コタロー」 | R27: =R26+1 -> 26 | S27: =A27 -> T72 ヨクイニンエキス錠「コタロー」 | T27: 2 | U27: =統合マスタ!AA30 -> 0
A28: アーチスト錠1.25ｍｇ | B28: メディセオ | C28: PTP | D28: 100T | E28: 第一三共 | F28: 10.4 | G28: 1040 | H28: =G28/F28 -> 100 | I28: 錠 | J28: 926 | K28: =J28/H28 -> 9.26 | L28: 2.1.4 | M28: =F28-K28 -> 1.14 | N28: =IF(match_results_2!C28="完全一致","〇","×") -> 〇 | O28: =IF(match_results_2!C28="薬価一致候補","〇","×") -> × | P28: =IF(match_results_2!E28="","",match_results_2!E28) -> 22 | Q28: =OFFSET(マスタ非採用削除!$C$4,元データ!P28,0) -> アーチスト錠１．２５ｍｇ | R28: =R27+1 -> 27 | S28: =A28 -> アーチスト錠1.25ｍｇ | T28: 1 | U28: =統合マスタ!AA31 -> 0
A29: アイファガン点眼液0.1％ | D29: 5ｍｌｘ5 | E29: 武田薬品工業 | F29: 268.9 | G29: 6722.5 | H29: =G29/F29 -> 25 | I29: ｍｌ | J29: 5858 | K29: =J29/H29 -> 234.32 | L29: 1.3.1 | M29: =F29-K29 -> 34.58 | N29: =IF(match_results_2!C29="完全一致","〇","×") -> × | O29: =IF(match_results_2!C29="薬価一致候補","〇","×") -> × | P29: 非採用 | Q29: =OFFSET(マスタ非採用削除!$C$4,元データ!P29,0) -> #VALUE! | R29: =R28+1 -> 28 | S29: =A29 -> アイファガン点眼液0.1％ | T29: 1 | U29: =統合マスタ!AA32 -> 非採用
A30: アウィクリ注 フレックスタッチ 総量300単位 | B30: アルフレッサ | D30: 0.43ｍｌｘ2kit | E30: ノボノルディスク | F30: 2081 | G30: 4162 | H30: =G30/F30 -> 2 | I30: kit | J30: 3689 | K30: =J30/H30 -> 1844.5 | L30: 2.4.9 | M30: =F30-K30 -> 236.5 | N30: =IF(match_results_2!C30="完全一致","〇","×") -> × | O30: =IF(match_results_2!C30="薬価一致候補","〇","×") -> × | P30: 非採用 | Q30: =OFFSET(マスタ非採用削除!$C$4,元データ!P30,0) -> #VALUE! | R30: =R29+1 -> 29 | S30: =A30 -> アウィクリ注 フレックスタッチ 総量300単位 | T30: 1 | U30: =統合マスタ!AA33 -> 非採用
A31: アキネトン細粒1％ | C31: 粉 | D31: 100ｇ | E31: 住友ファーマ | F31: 21.4 | G31: 2140 | H31: =G31/F31 -> 100 | I31: ｇ | J31: 1907 | K31: =J31/H31 -> 19.07 | L31: 1.1.6 | M31: =F31-K31 -> 2.33 | N31: =IF(match_results_2!C31="完全一致","〇","×") -> × | O31: =IF(match_results_2!C31="薬価一致候補","〇","×") -> × | P31: 非採用 | Q31: =OFFSET(マスタ非採用削除!$C$4,元データ!P31,0) -> #VALUE! | R31: =R30+1 -> 30 | S31: =A31 -> アキネトン細粒1％ | T31: 1 | U31: =統合マスタ!AA34 -> 非採用
A32: アキネトン注射液５ｍｇ | D32: １ｍＬ×5０Ａ | E32: 住友ファーマ | F32: 61 | G32: 3050 | H32: =G32/F32 -> 50 | I32: A | J32: 2718 | K32: =J32/H32 -> 54.36 | L32: 1.1.6 | M32: =F32-K32 -> 6.64 | N32: =IF(match_results_2!C32="完全一致","〇","×") -> × | O32: =IF(match_results_2!C32="薬価一致候補","〇","×") -> 〇 | P32: =IF(match_results_2!E32="","",match_results_2!E32) -> 2 | Q32: =OFFSET(マスタ非採用削除!$C$4,元データ!P32,0) -> アキネトン注射液５ｍｇ | R32: =R31+1 -> 31 | S32: =A32 -> アキネトン注射液５ｍｇ | T32: 2 | U32: =統合マスタ!AA35 -> 0
A33: アクアチムクリーム1% | B33: スズケン | D33: 10ｇX10 | E33: 大塚製薬 | F33: 20.7 | G33: 2070 | H33: =G33/F33 -> 100 | I33: ｇ | J33: 1841 | K33: =J33/H33 -> 18.41 | L33: 2.6.3 | M33: =F33-K33 -> 2.29 | N33: =IF(match_results_2!C33="完全一致","〇","×") -> 〇 | O33: =IF(match_results_2!C33="薬価一致候補","〇","×") -> × | P33: =IF(match_results_2!E33="","",match_results_2!E33) -> 3 | Q33: =OFFSET(マスタ非採用削除!$C$4,元データ!P33,0) -> アクアチムクリーム１％ | R33: =R32+1 -> 32 | S33: =A33 -> アクアチムクリーム1% | T33: 1 | U33: =統合マスタ!AA36 -> 0
A34: アクチット輸液 | B34: メディセオ | D34: 500ｍｌｘ20袋 | E34: 扶桑薬品 | F34: 341 | G34: 6820 | H34: =G34/F34 -> 20 | I34: 袋 | J34: 6075 | K34: =J34/H34 -> 303.75 | L34: 3.3.1 | M34: =F34-K34 -> 37.25 | N34: =IF(match_results_2!C34="完全一致","〇","×") -> × | O34: =IF(match_results_2!C34="薬価一致候補","〇","×") -> 〇 | P34: =IF(match_results_2!E34="","",match_results_2!E34) -> 4 | Q34: =OFFSET(マスタ非採用削除!$C$4,元データ!P34,0) -> アクチット輸液 | R34: =R33+1 -> 33 | S34: =A34 -> アクチット輸液 | T34: 2 | U34: =統合マスタ!AA37 -> 0
A35: アクトシン軟膏３％ | B35: アルフレッサ | D35: 30ｇ | E35: マルホ | F35: 50 | G35: 1500 | H35: =G35/F35 -> 30 | I35: g | J35: 1251 | K35: =J35/H35 -> 41.7 | L35: 2.6.9 | M35: =F35-K35 -> 8.3 | N35: =IF(match_results_2!C35="完全一致","〇","×") -> 〇 | O35: =IF(match_results_2!C35="薬価一致候補","〇","×") -> × | P35: =IF(match_results_2!E35="","",match_results_2!E35) -> 5 | Q35: =OFFSET(マスタ非採用削除!$C$4,元データ!P35,0) -> アクトシン軟膏３％ | R35: =R34+1 -> 34 | S35: =A35 -> アクトシン軟膏３％ | T35: 1 | U35: =統合マスタ!AA38 -> 0
A36: アザルフィジンＥＮ錠500ｍｇ | B36: KSK | C36: PTP | D36: 100Ｔ | E36: ファイザー | F36: 25.9 | G36: 2590 | H36: =G36/F36 -> 100 | I36: 錠 | J36: 2308 | K36: =J36/H36 -> 23.08 | L36: 6.2.1 | M36: =F36-K36 -> 2.82 | N36: =IF(match_results_2!C36="完全一致","〇","×") -> 〇 | O36: =IF(match_results_2!C36="薬価一致候補","〇","×") -> × | P36: =IF(match_results_2!E36="","",match_results_2!E36) -> 6 | Q36: =OFFSET(マスタ非採用削除!$C$4,元データ!P36,0) -> アザルフィジンＥＮ錠５００ｍｇ | R36: =R35+1 -> 35 | S36: =A36 -> アザルフィジンＥＮ錠500ｍｇ | T36: 1 | U36: =統合マスタ!AA39 -> 0
A37: アシクロビル点滴静注用250ｍｇ「サワイ」 | D37: 10V | E37: 沢井製薬 | F37: 368 | G37: 3680 | H37: =G37/F37 -> 10 | I37: V | J37: 3238 | K37: =J37/H37 -> 323.8 | L37: 6.2.5 | M37: =F37-K37 -> 44.2 | N37: =IF(match_results_2!C37="完全一致","〇","×") -> 〇 | O37: =IF(match_results_2!C37="薬価一致候補","〇","×") -> × | P37: =IF(match_results_2!E37="","",match_results_2!E37) -> 7 | Q37: =OFFSET(マスタ非採用削除!$C$4,元データ!P37,0) -> アシクロビル点滴静注用２５０ｍｇ「サワイ」 | R37: =R36+1 -> 36 | S37: =A37 -> アシクロビル点滴静注用250ｍｇ「サワイ」 | T37: 1 | U37: =統合マスタ!AA40 -> 0
A38: アジスロマイシン錠250ｍｇ「ﾄｰﾜ」 | C38: ＰＴＰ | D38: 60T | E38: 東和薬品 | F38: 60.7 | G38: 3642 | H38: =G38/F38 -> 60 | I38: 錠 | J38: 2952 | K38: =J38/H38 -> 49.2 | L38: 6.1.4 | M38: =F38-K38 -> 11.5 | N38: =IF(match_results_2!C38="完全一致","〇","×") -> 〇 | O38: =IF(match_results_2!C38="薬価一致候補","〇","×") -> × | P38: =IF(match_results_2!E38="","",match_results_2!E38) -> 8 | Q38: =OFFSET(マスタ非採用削除!$C$4,元データ!P38,0) -> アジスロマイシン錠２５０ｍｇ「トーワ」 | R38: =R37+1 -> 37 | S38: =A38 -> アジスロマイシン錠250ｍｇ「ﾄｰﾜ」 | T38: 1 | U38: =統合マスタ!AA41 -> 0
A39: アジルサルタンOD錠20ｍｇ「サワイ」 | B39: アルフレッサ | C39: PTP | D39: 100T | E39: 沢井製薬 | F39: 27.4 | G39: 2740 | H39: =G39/F39 -> 100 | I39: 錠 | J39: 2082 | K39: =J39/H39 -> 20.82 | L39: 2.1.4 | M39: =F39-K39 -> 6.58 | N39: =IF(match_results_2!C39="完全一致","〇","×") -> 〇 | O39: =IF(match_results_2!C39="薬価一致候補","〇","×") -> × | P39: =IF(match_results_2!E39="","",match_results_2!E39) -> 9 | Q39: =OFFSET(マスタ非採用削除!$C$4,元データ!P39,0) -> アジルサルタンＯＤ錠２０ｍｇ「サワイ」 | R39: =R38+1 -> 38 | S39: =A39 -> アジルサルタンOD錠20ｍｇ「サワイ」 | T39: 1 | U39: =統合マスタ!AA42 -> 0
A40: アジルサルタンOD錠20ｍｇ「サワイ」 | B40: アルフレッサ | C40: バラ | D40: 200T | E40: 沢井製薬 | F40: 27.4 | G40: 5480 | H40: =G40/F40 -> 200 | I40: 錠 | J40: 4165 | K40: =J40/H40 -> 20.825 | L40: 2.1.4 | M40: =F40-K40 -> 6.575 | N40: =IF(match_results_2!C40="完全一致","〇","×") -> 〇 | O40: =IF(match_results_2!C40="薬価一致候補","〇","×") -> × | P40: =IF(match_results_2!E40="","",match_results_2!E40) -> 9 | Q40: =OFFSET(マスタ非採用削除!$C$4,元データ!P40,0) -> アジルサルタンＯＤ錠２０ｍｇ「サワイ」 | R40: =R39+1 -> 39 | S40: =A40 -> アジルサルタンOD錠20ｍｇ「サワイ」 | T40: 1 | U40: =統合マスタ!AA43 -> 0
A41: アスコルビン酸注500ｍｇ「イセイ」 | B41: アルフレッサ | D41: 2ｍｌｘ50Ａ | E41: 愛知イセイ | F41: 100 | G41: 5000 | H41: =G41/F41 -> 50 | I41: A | J41: 4545 | K41: =J41/H41 -> 90.9 | L41: 3.1.4 | M41: =F41-K41 -> 9.1 | N41: =IF(match_results_2!C41="完全一致","〇","×") -> × | O41: =IF(match_results_2!C41="薬価一致候補","〇","×") -> 〇 | P41: =IF(match_results_2!E41="","",match_results_2!E41) -> 10 | Q41: =OFFSET(マスタ非採用削除!$C$4,元データ!P41,0) -> アスコルビン酸注５００ｍｇ「イセイ」 | R41: =R40+1 -> 40 | S41: =A41 -> アスコルビン酸注500ｍｇ「イセイ」 | T41: 2 | U41: =統合マスタ!AA44 -> 0
A42: アスコルビン酸注射液500ｍｇ「トーワ」 | B42: 東和薬品 | D42: 2ｍｌｘ1００Ａ | E42: 東和薬品 | F42: 100 | G42: 10000 | H42: =G42/F42 -> 100 | I42: A | J42: 7220 | K42: =J42/H42 -> 72.2 | L42: 3.1.4 | M42: =F42-K42 -> 27.8 | N42: =IF(match_results_2!C42="完全一致","〇","×") -> × | O42: =IF(match_results_2!C42="薬価一致候補","〇","×") -> 〇 | Q42: =OFFSET(マスタ非採用削除!$C$4,元データ!P42,0) -> 名称 | R42: =R41+1 -> 41 | S42: =A42 -> アスコルビン酸注射液500ｍｇ「トーワ」 | T42: 0 | U42: =統合マスタ!AA45 -> 0
A43: アズノール軟膏0.033% | B43: メディセオ | D43: 20ｇｘ10 | E43: 日本新薬 | F43: 80.3 | G43: 1606 | H43: =G43/F43 -> 20 | I43: 10ｇ | J43: 1431 | K43: =J43/H43 -> 71.55 | L43: 2.6.4 | M43: =F43-K43 -> 8.75 | N43: =IF(match_results_2!C43="完全一致","〇","×") -> × | O43: =IF(match_results_2!C43="薬価一致候補","〇","×") -> × | P43: 非採用 | Q43: =OFFSET(マスタ非採用削除!$C$4,元データ!P43,0) -> #VALUE! | R43: =R42+1 -> 42 | S43: =A43 -> アズノール軟膏0.033% | T43: 1 | U43: =統合マスタ!AA46 -> 非採用
A44: アスパラ-CA錠200 | B44: KSK | C44: PTP | D44: 100T | E44: ニプロES | F44: 5.9 | G44: 590 | H44: =G44/F44 -> 100 | I44: 錠 | J44: 525 | K44: =J44/H44 -> 5.25 | L44: 3.2.1 | M44: =F44-K44 -> 0.65 | N44: =IF(match_results_2!C44="完全一致","〇","×") -> 〇 | O44: =IF(match_results_2!C44="薬価一致候補","〇","×") -> × | P44: =IF(match_results_2!E44="","",match_results_2!E44) -> 12 | Q44: =OFFSET(マスタ非採用削除!$C$4,元データ!P44,0) -> アスパラ－ＣＡ錠２００ | R44: =R43+1 -> 43 | S44: =A44 -> アスパラ-CA錠200 | T44: 1 | U44: =統合マスタ!AA47 -> 0
A45: アスパラ-CA錠200 | B45: KSK | C45: バラ | D45: 500Ｔ | E45: ニプロＥＳ | F45: 5.9 | G45: 2950 | H45: =G45/F45 -> 500 | I45: 錠 | J45: 2629 | K45: =J45/H45 -> 5.258 | L45: 3.2.1 | M45: =F45-K45 -> 0.642 | N45: =IF(match_results_2!C45="完全一致","〇","×") -> 〇 | O45: =IF(match_results_2!C45="薬価一致候補","〇","×") -> × | P45: =IF(match_results_2!E45="","",match_results_2!E45) -> 12 | Q45: =OFFSET(マスタ非採用削除!$C$4,元データ!P45,0) -> アスパラ－ＣＡ錠２００ | R45: =R44+1 -> 44 | S45: =A45 -> アスパラ-CA錠200 | T45: 1 | U45: =統合マスタ!AA48 -> 0
A46: アスパラカリウム散50％ | B46: KSK | C46: 粉 | D46: 500ｇ | E46: ニプロES | F46: 6.7 | G46: 3350 | H46: =G46/F46 -> 500 | I46: ｇ | J46: 2985 | K46: =J46/H46 -> 5.97 | L46: 3.2.2 | M46: =F46-K46 -> 0.73 | N46: =IF(match_results_2!C46="完全一致","〇","×") -> 〇 | O46: =IF(match_results_2!C46="薬価一致候補","〇","×") -> × | P46: =IF(match_results_2!E46="","",match_results_2!E46) -> 14 | Q46: =OFFSET(マスタ非採用削除!$C$4,元データ!P46,0) -> アスパラカリウム散５０％ | R46: =R45+1 -> 45 | S46: =A46 -> アスパラカリウム散50％ | T46: 1 | U46: =統合マスタ!AA49 -> 0
A47: アスパラカリウム錠300ｍｇ | B47: KSK | C47: ＰＴＰ | D47: 1000T | E47: ニプロES | F47: 6.1 | G47: 6100 | H47: =G47/F47 -> 1000 | I47: 錠 | J47: 5435 | K47: =J47/H47 -> 5.435 | L47: 3.2.2 | M47: =F47-K47 -> 0.665 | N47: =IF(match_results_2!C47="完全一致","〇","×") -> 〇 | O47: =IF(match_results_2!C47="薬価一致候補","〇","×") -> × | P47: =IF(match_results_2!E47="","",match_results_2!E47) -> 13 | Q47: =OFFSET(マスタ非採用削除!$C$4,元データ!P47,0) -> アスパラカリウム錠３００ｍｇ | R47: =R46+1 -> 46 | S47: =A47 -> アスパラカリウム錠300ｍｇ | T47: 1 | U47: =統合マスタ!AA50 -> 0
A48: アスパラカリウム錠300ｍｇ | B48: KSK | C48: ＰＴＰ | D48: 100T | E48: ニプロ | F48: 6.1 | G48: 610 | H48: =G48/F48 -> 100 | I48: 錠 | J48: 544 | K48: =J48/H48 -> 5.44 | L48: 3.2.2 | M48: =F48-K48 -> 0.66 | N48: =IF(match_results_2!C48="完全一致","〇","×") -> 〇 | O48: =IF(match_results_2!C48="薬価一致候補","〇","×") -> × | P48: =IF(match_results_2!E48="","",match_results_2!E48) -> 13 | Q48: =OFFSET(マスタ非採用削除!$C$4,元データ!P48,0) -> アスパラカリウム錠３００ｍｇ | R48: =R47+1 -> 47 | S48: =A48 -> アスパラカリウム錠300ｍｇ | T48: 1 | U48: =統合マスタ!AA51 -> 0
A49: アスパラギン酸カリウム注 10MEQｷｯﾄ「テルモ」 | B49: アルフレッサ | D49: 10ｍｌｘ10 | E49: テルモ | F49: 181 | G49: 1810 | H49: =G49/F49 -> 10 | I49: 10ｍｌ | J49: 1637 | K49: =J49/H49 -> 163.7 | L49: 3.2.2 | M49: =F49-K49 -> 17.3 | N49: =IF(match_results_2!C49="完全一致","〇","×") -> × | O49: =IF(match_results_2!C49="薬価一致候補","〇","×") -> 〇 | P49: =IF(match_results_2!E49="","",match_results_2!E49) -> 15 | Q49: =OFFSET(マスタ非採用削除!$C$4,元データ!P49,0) -> アスパラギン酸カリウム注１０ｍＥｑキット「テルモ」 | R49: =R48+1 -> 48 | S49: =A49 -> アスパラギン酸カリウム注 10MEQｷｯﾄ「テルモ」 | T49: 2 | U49: =統合マスタ!AA52 -> 0
A50: アズレン点眼液0.02％「ﾆｯﾄｰ」 | D50: 5ｍｌｘ10 | E50: 日東メディック | F50: 91.6 | G50: 916 | H50: =G50/F50 -> 10 | I50: 瓶 | J50: 832 | K50: =J50/H50 -> 83.2 | L50: 1.3.1 | M50: =F50-K50 -> 8.4 | N50: =IF(match_results_2!C50="完全一致","〇","×") -> 〇 | O50: =IF(match_results_2!C50="薬価一致候補","〇","×") -> × | P50: =IF(match_results_2!E50="","",match_results_2!E50) -> 16 | Q50: =OFFSET(マスタ非採用削除!$C$4,元データ!P50,0) -> アズレン点眼液０．０２％「ニットー」 | R50: =R49+1 -> 49 | S50: =A50 -> アズレン点眼液0.02％「ﾆｯﾄｰ」 | T50: 1 | U50: =統合マスタ!AA53 -> 0
A51: アセサイド消毒液6％ 800ｍｌｘ2 | D51: 6本セット | E51: オリンパス | H51: =G51/F51 -> #DIV/0! | J51: 68824 | K51: =J51/H51 -> #DIV/0! | L51: 8 | M51: =F51-K51 -> #DIV/0! | N51: =IF(match_results_2!C51="完全一致","〇","×") -> × | O51: =IF(match_results_2!C51="薬価一致候補","〇","×") -> 〇 | Q51: =OFFSET(マスタ非採用削除!$C$4,元データ!P51,0) -> 名称 | R51: =R50+1 -> 50 | S51: =A51 -> アセサイド消毒液6％ 800ｍｌｘ2 | T51: 0 | U51: =統合マスタ!AA54 -> 0
A52: アセリオ静注液1000ｍｇバッグ | B52: アルフレッサ | D52: 100ｍｌｘ20 | E52: テルモ | F52: 298 | G52: 5960 | H52: =G52/F52 -> 20 | I52: 袋 | J52: 5360 | K52: =J52/H52 -> 268 | L52: 1.1.4 | M52: =F52-K52 -> 30 | N52: =IF(match_results_2!C52="完全一致","〇","×") -> 〇 | O52: =IF(match_results_2!C52="薬価一致候補","〇","×") -> × | P52: =IF(match_results_2!E52="","",match_results_2!E52) -> 17 | Q52: =OFFSET(マスタ非採用削除!$C$4,元データ!P52,0) -> アセリオ静注液１０００ｍｇバッグ | R52: =R51+1 -> 51 | S52: =A52 -> アセリオ静注液1000ｍｇバッグ | T52: 1 | U52: =統合マスタ!AA55 -> 0
A53: アセレンド注100μｇ | D53: 2ｍｌｘ10A | E53: 藤本製薬 | F53: 1646 | G53: 16460 | H53: =G53/F53 -> 10 | I53: 瓶 | J53: 14830 | K53: =J53/H53 -> 1483 | L53: 3.2.2 | M53: =F53-K53 -> 163 | N53: =IF(match_results_2!C53="完全一致","〇","×") -> 〇 | O53: =IF(match_results_2!C53="薬価一致候補","〇","×") -> × | P53: =IF(match_results_2!E53="","",match_results_2!E53) -> 18 | Q53: =OFFSET(マスタ非採用削除!$C$4,元データ!P53,0) -> アセレンド注１００μｇ | R53: =R52+1 -> 52 | S53: =A53 -> アセレンド注100μｇ | T53: 1 | U53: =統合マスタ!AA56 -> 0
A54: アゾセミド錠30ｍｇ「ＤＳＥＰ」 | B54: メディセオ | C54: PTP | D54: 100T | E54: 第一三共 | F54: 10.4 | G54: 1040 | H54: =G54/F54 -> 100 | I54: 錠 | J54: 926 | K54: =J54/H54 -> 9.26 | L54: 2.1.3 | M54: =F54-K54 -> 1.14 | N54: =IF(match_results_2!C54="完全一致","〇","×") -> 〇 | O54: =IF(match_results_2!C54="薬価一致候補","〇","×") -> × | P54: =IF(match_results_2!E54="","",match_results_2!E54) -> 19 | Q54: =OFFSET(マスタ非採用削除!$C$4,元データ!P54,0) -> アゾセミド錠３０ｍｇ「ＤＳＥＰ」 | R54: =R53+1 -> 53 | S54: =A54 -> アゾセミド錠30ｍｇ「ＤＳＥＰ」 | T54: 1 | U54: =統合マスタ!AA57 -> 0
A55: アゾセミド錠60ｍｇ「ＤＳＥＰ」 | C55: PTP | D55: 100T | E55: 第一三共 | F55: 11.3 | G55: 1130 | H55: =G55/F55 -> 100 | I55: 錠 | J55: 1006 | K55: =J55/H55 -> 10.06 | L55: 2.1.3 | M55: =F55-K55 -> 1.24 | N55: =IF(match_results_2!C55="完全一致","〇","×") -> × | O55: =IF(match_results_2!C55="薬価一致候補","〇","×") -> 〇 | Q55: =OFFSET(マスタ非採用削除!$C$4,元データ!P55,0) -> 名称 | R55: =R54+1 -> 54 | S55: =A55 -> アゾセミド錠60ｍｇ「ＤＳＥＰ」 | T55: 0 | U55: =統合マスタ!AA58 -> 0
A56: アダラートCR錠20ｍｇ | B56: メディセオ | C56: PTP | D56: 100Ｔ | E56: バイエル | F56: 13.2 | G56: 1320 | H56: =G56/F56 -> 100 | I56: 錠 | J56: 1176 | K56: =J56/H56 -> 11.76 | L56: 2.1.7 | M56: =F56-K56 -> 1.44 | N56: =IF(match_results_2!C56="完全一致","〇","×") -> 〇 | O56: =IF(match_results_2!C56="薬価一致候補","〇","×") -> × | P56: =IF(match_results_2!E56="","",match_results_2!E56) -> 21 | Q56: =OFFSET(マスタ非採用削除!$C$4,元データ!P56,0) -> アダラートＣＲ錠２０ｍｇ | R56: =R55+1 -> 55 | S56: =A56 -> アダラートCR錠20ｍｇ | T56: 1 | U56: =統合マスタ!AA59 -> 0
A57: アタラックス錠25ｍｇ | B57: KSK | C57: PTP | D57: 100Ｔ | E57: ファイザー | F57: 6.1 | G57: 610 | H57: =G57/F57 -> 100 | I57: 錠 | J57: 536 | K57: =J57/H57 -> 5.36 | L57: 1.1.7.1 | M57: =F57-K57 -> 0.74 | N57: =IF(match_results_2!C57="完全一致","〇","×") -> 〇 | O57: =IF(match_results_2!C57="薬価一致候補","〇","×") -> × | P57: =IF(match_results_2!E57="","",match_results_2!E57) -> 20 | Q57: =OFFSET(マスタ非採用削除!$C$4,元データ!P57,0) -> アタラックス錠２５ｍｇ | R57: =R56+1 -> 56 | S57: =A57 -> アタラックス錠25ｍｇ | T57: 1 | U57: =統合マスタ!AA60 -> 0
A58: アドエア500ディスカス 60吸入用 | B58: 東邦 | D58: 60ﾌﾞﾘｽﾀｰｘ１ | E58: GSK | F58: 3952.1 | G58: 3952.1 | H58: =G58/F58 -> 1 | I58: 個 | J58: 3430 | K58: =J58/H58 -> 3430 | L58: 2.2.9 | M58: =F58-K58 -> 522.1 | N58: =IF(match_results_2!C58="完全一致","〇","×") -> × | O58: =IF(match_results_2!C58="薬価一致候補","〇","×") -> 〇 | P58: =IF(match_results_2!E58="","",match_results_2!E58) -> 23 | Q58: =OFFSET(マスタ非採用削除!$C$4,元データ!P58,0) -> アドエア５００ディスカス６０吸入用 | R58: =R57+1 -> 57 | S58: =A58 -> アドエア500ディスカス 60吸入用 | T58: 2 | U58: =統合マスタ!AA61 -> 0
A59: アドナ散10％ | B59: アルフレッサ | C59: 粉 | D59: 100ｇ | E59: ニプロES | F59: 32.5 | G59: 3250 | H59: =G59/F59 -> 100 | I59: ｇ | J59: 2860 | K59: =J59/H59 -> 28.6 | L59: 3.3.2 | M59: =F59-K59 -> 3.9 | N59: =IF(match_results_2!C59="完全一致","〇","×") -> 〇 | O59: =IF(match_results_2!C59="薬価一致候補","〇","×") -> × | P59: =IF(match_results_2!E59="","",match_results_2!E59) -> 26 | Q59: =OFFSET(マスタ非採用削除!$C$4,元データ!P59,0) -> アドナ散１０％ | R59: =R58+1 -> 58 | S59: =A59 -> アドナ散10％ | T59: 1 | U59: =統合マスタ!AA62 -> 0
A60: アドナ錠30ｍｇ | B60: アルフレッサ | C60: バラ | D60: 500T | E60: ニプロES | F60: 7.7 | G60: 3850 | H60: =G60/F60 -> 500 | I60: 錠 | J60: 3388 | K60: =J60/H60 -> 6.776 | L60: 3.3.2 | M60: =F60-K60 -> 0.924 | N60: =IF(match_results_2!C60="完全一致","〇","×") -> 〇 | O60: =IF(match_results_2!C60="薬価一致候補","〇","×") -> × | P60: =IF(match_results_2!E60="","",match_results_2!E60) -> 24 | Q60: =OFFSET(マスタ非採用削除!$C$4,元データ!P60,0) -> アドナ錠３０ｍｇ | R60: =R59+1 -> 59 | S60: =A60 -> アドナ錠30ｍｇ | T60: 1 | U60: =統合マスタ!AA63 -> 0
A61: アドナ注（静脈用）５０ｍｇ | B61: アルフレッサ | D61: 10ml×10A | E61: ニプロ | F61: 89 | G61: 890 | H61: =G61/F61 -> 10 | I61: A | J61: 792 | K61: =J61/H61 -> 79.2 | L61: 3.3.2 | M61: =F61-K61 -> 9.8 | N61: =IF(match_results_2!C61="完全一致","〇","×") -> × | O61: =IF(match_results_2!C61="薬価一致候補","〇","×") -> 〇 | P61: =IF(match_results_2!E61="","",match_results_2!E61) -> 25 | Q61: =OFFSET(マスタ非採用削除!$C$4,元データ!P61,0) -> アドナ注（静脈用）５０ｍｇ | R61: =R60+1 -> 60 | S61: =A61 -> アドナ注（静脈用）５０ｍｇ | T61: 2 | U61: =統合マスタ!AA64 -> 0
A62: アドナ注（静脈用）５０ｍｇ | D62: 10ml×50A | E62: ニプロ | F62: 89 | G62: 4450 | H62: =G62/F62 -> 50 | I62: A | J62: 3961 | K62: =J62/H62 -> 79.22 | L62: 3.3.2 | M62: =F62-K62 -> 9.78 | N62: =IF(match_results_2!C62="完全一致","〇","×") -> × | O62: =IF(match_results_2!C62="薬価一致候補","〇","×") -> 〇 | P62: =IF(match_results_2!E62="","",match_results_2!E62) -> 25 | Q62: =OFFSET(マスタ非採用削除!$C$4,元データ!P62,0) -> アドナ注（静脈用）５０ｍｇ | R62: =R61+1 -> 61 | S62: =A62 -> アドナ注（静脈用）５０ｍｇ | T62: 2 | U62: =統合マスタ!AA65 -> 0
A63: アドフィードパップ40ｍｇ | D63: ７枚ｘ50 | E63: 科研製薬 | F63: 17.6 | G63: 6160 | H63: =G63/F63 -> 350 | I63: 枚 | J63: 5489 | K63: =J63/H63 -> 15.682857 | L63: 2.6.4 | M63: =F63-K63 -> 1.9171429 | N63: =IF(match_results_2!C63="完全一致","〇","×") -> 〇 | O63: =IF(match_results_2!C63="薬価一致候補","〇","×") -> × | P63: =IF(match_results_2!E63="","",match_results_2!E63) -> 27 | Q63: =OFFSET(マスタ非採用削除!$C$4,元データ!P63,0) -> アドフィードパップ４０ｍｇ | R63: =R62+1 -> 62 | S63: =A63 -> アドフィードパップ40ｍｇ | T63: 1 | U63: =統合マスタ!AA66 -> 0
A64: アトモキセチンカプセル10ｍｇ 「VTRS」 | B64: メディセオ | C64: PTP | D64: 140P | E64: ヴィアトリス製薬 | F64: 50.3 | G64: 7042 | H64: =G64/F64 -> 140 | I64: cap | J64: 6273 | K64: =J64/H64 -> 44.807143 | L64: 1.1.7.3 | M64: =F64-K64 -> 5.4928571 | N64: =IF(match_results_2!C64="完全一致","〇","×") -> × | O64: =IF(match_results_2!C64="薬価一致候補","〇","×") -> 〇 | Q64: =OFFSET(マスタ非採用削除!$C$4,元データ!P64,0) -> 名称 | R64: =R63+1 -> 63 | S64: =A64 -> アトモキセチンカプセル10ｍｇ 「VTRS」 | T64: 0 | U64: =統合マスタ!AA67 -> 0
A65: アトモキセチンカプセル10ｍｇ 「サワイ」 | B65: アルフレッサ | C65: PTP | D65: 140P | E65: 沢井製薬 | F65: 50.3 | G65: 7042 | H65: =G65/F65 -> 140 | I65: cap | J65: 5563 | K65: =J65/H65 -> 39.735714 | L65: 1.1.7.3 | M65: =F65-K65 -> 10.564286 | N65: =IF(match_results_2!C65="完全一致","〇","×") -> × | O65: =IF(match_results_2!C65="薬価一致候補","〇","×") -> 〇 | P65: =IF(match_results_2!E65="","",match_results_2!E65) -> 28 | Q65: =OFFSET(マスタ非採用削除!$C$4,元データ!P65,0) -> アトモキセチンカプセル１０ｍｇ「サワイ」 | R65: =R64+1 -> 64 | S65: =A65 -> アトモキセチンカプセル10ｍｇ 「サワイ」 | T65: 2 | U65: =統合マスタ!AA68 -> 0
A66: アトモキセチンカプセル40ｍｇ 「VTRS」 | B66: メディセオ | C66: PTP | D66: 140P | E66: ヴィアトリス製薬 | F66: 64.7 | G66: 9058 | H66: =G66/F66 -> 140 | I66: cap | J66: 8069 | K66: =J66/H66 -> 57.635714 | L66: 1.1.7.3 | M66: =F66-K66 -> 7.0642857 | N66: =IF(match_results_2!C66="完全一致","〇","×") -> × | O66: =IF(match_results_2!C66="薬価一致候補","〇","×") -> 〇 | P66: =IF(match_results_2!E66="","",match_results_2!E66) -> 29 | Q66: =OFFSET(マスタ非採用削除!$C$4,元データ!P66,0) -> アトモキセチンカプセル４０ｍｇ「ＶＴＲＳ」 | R66: =R65+1 -> 65 | S66: =A66 -> アトモキセチンカプセル40ｍｇ 「VTRS」 | T66: 2 | U66: =統合マスタ!AA69 -> 0
A67: アトモキセチンカプセル40ｍｇ 「サワイ」 | B67: アルフレッサ | C67: PTP | D67: 140P | E67: 沢井製薬 | F67: 64.7 | G67: 9058 | H67: =G67/F67 -> 140 | I67: cap | J67: 7156 | K67: =J67/H67 -> 51.114286 | L67: 1.1.7.3 | M67: =F67-K67 -> 13.585714 | N67: =IF(match_results_2!C67="完全一致","〇","×") -> × | O67: =IF(match_results_2!C67="薬価一致候補","〇","×") -> 〇 | Q67: =OFFSET(マスタ非採用削除!$C$4,元データ!P67,0) -> 名称 | R67: =R66+1 -> 66 | S67: =A67 -> アトモキセチンカプセル40ｍｇ 「サワイ」 | T67: 0 | U67: =統合マスタ!AA70 -> 0
A68: アトルバスタチンOD錠10ｍｇ「ﾄｰﾜ」 | B68: 東和薬品 | C68: ＰＴＰ | D68: 100T | E68: 東和薬品 | F68: 13.9 | G68: 1390 | H68: =G68/F68 -> 100 | I68: 錠 | J68: 1210 | K68: =J68/H68 -> 12.1 | L68: 2.1.8 | M68: =F68-K68 -> 1.8 | N68: =IF(match_results_2!C68="完全一致","〇","×") -> 〇 | O68: =IF(match_results_2!C68="薬価一致候補","〇","×") -> × | P68: =IF(match_results_2!E68="","",match_results_2!E68) -> 30 | Q68: =OFFSET(マスタ非採用削除!$C$4,元データ!P68,0) -> アトルバスタチンＯＤ錠１０ｍｇ「トーワ」 | R68: =R67+1 -> 67 | S68: =A68 -> アトルバスタチンOD錠10ｍｇ「ﾄｰﾜ」 | T68: 1 | U68: =統合マスタ!AA71 -> 0
A69: アトルバスタチンOD錠10ｍｇ「ﾄｰﾜ」 | B69: 東和薬品 | C69: バラ | D69: 300T | E69: 東和薬品 | F69: 13.9 | G69: 4170 | H69: =G69/F69 -> 300 | I69: 錠 | J69: 3630 | K69: =J69/H69 -> 12.1 | L69: 2.1.8 | M69: =F69-K69 -> 1.8 | N69: =IF(match_results_2!C69="完全一致","〇","×") -> 〇 | O69: =IF(match_results_2!C69="薬価一致候補","〇","×") -> × | P69: =IF(match_results_2!E69="","",match_results_2!E69) -> 30 | Q69: =OFFSET(マスタ非採用削除!$C$4,元データ!P69,0) -> アトルバスタチンＯＤ錠１０ｍｇ「トーワ」 | R69: =R68+1 -> 68 | S69: =A69 -> アトルバスタチンOD錠10ｍｇ「ﾄｰﾜ」 | T69: 1 | U69: =統合マスタ!AA72 -> 0
A70: アトロピン硫酸塩注0.5ｍｇ「ニプロ」 | D70: 1ｍｌｘ10A | E70: ニプロ | F70: 100 | G70: 1000 | H70: =G70/F70 -> 10 | I70: A | J70: 891 | K70: =J70/H70 -> 89.1 | L70: 1.2.4 | M70: =F70-K70 -> 10.9 | N70: =IF(match_results_2!C70="完全一致","〇","×") -> 〇 | O70: =IF(match_results_2!C70="薬価一致候補","〇","×") -> × | P70: =IF(match_results_2!E70="","",match_results_2!E70) -> 31 | Q70: =OFFSET(マスタ非採用削除!$C$4,元データ!P70,0) -> アトロピン硫酸塩注０．５ｍｇ「ニプロ」 | R70: =R69+1 -> 69 | S70: =A70 -> アトロピン硫酸塩注0.5ｍｇ「ニプロ」 | T70: 1 | U70: =統合マスタ!AA73 -> 0
A71: アナストロゾール錠1ｍｇ「サワイ」 | B71: メディセオ | C71: PTP | D71: 30Ｔ | E71: 沢井製薬 | F71: 58.5 | G71: 1755 | H71: =G71/F71 -> 30 | I71: 錠 | J71: 1458 | K71: =J71/H71 -> 48.6 | L71: 4.2.9 | M71: =F71-K71 -> 9.9 | N71: =IF(match_results_2!C71="完全一致","〇","×") -> 〇 | O71: =IF(match_results_2!C71="薬価一致候補","〇","×") -> × | P71: =IF(match_results_2!E71="","",match_results_2!E71) -> 32 | Q71: =OFFSET(マスタ非採用削除!$C$4,元データ!P71,0) -> アナストロゾール錠１ｍｇ「サワイ」 | R71: =R70+1 -> 70 | S71: =A71 -> アナストロゾール錠1ｍｇ「サワイ」 | T71: 1 | U71: =統合マスタ!AA74 -> 0
A72: アナフラニール錠１０ｍｇ | C72: PTP | D72: 300錠 | E72: アルフレッサファーマ | F72: 9.9 | G72: 2970 | H72: =G72/F72 -> 300 | I72: 錠 | J72: 2700 | K72: =J72/H72 -> 9 | L72: 1.1.7.3 | M72: =F72-K72 -> 0.9 | N72: =IF(match_results_2!C72="完全一致","〇","×") -> × | O72: =IF(match_results_2!C72="薬価一致候補","〇","×") -> 〇 | Q72: =OFFSET(マスタ非採用削除!$C$4,元データ!P72,0) -> 名称 | R72: =R71+1 -> 71 | S72: =A72 -> アナフラニール錠１０ｍｇ | T72: 0 | U72: =統合マスタ!AA75 -> 0
A73: アネキセート注射液0.5MG | B73: KSK | D73: 5MLX5A | E73: アステラス製薬 | F73: 2001 | G73: 10005 | H73: =G73/F73 -> 5 | I73: A | J73: 9005 | K73: =J73/H73 -> 1801 | L73: 2.2.1 | M73: =F73-K73 -> 200 | N73: =IF(match_results_2!C73="完全一致","〇","×") -> × | O73: =IF(match_results_2!C73="薬価一致候補","〇","×") -> 〇 | P73: 34 | Q73: =OFFSET(マスタ非採用削除!$C$4,元データ!P73,0) -> アネキセート注射液０．５ｍｇ | R73: =R72+1 -> 72 | S73: =A73 -> アネキセート注射液0.5MG | T73: 2 | U73: =統合マスタ!AA76 -> 0
A74: アノーロエリプタ30吸入用 | D74: 1個 | E74: GSK | F74: 5445.1 | G74: 5445.1 | H74: =G74/F74 -> 1 | I74: キット | J74: 4726 | K74: =J74/H74 -> 4726 | L74: 2.2.5 | M74: =F74-K74 -> 719.1 | N74: =IF(match_results_2!C74="完全一致","〇","×") -> × | O74: =IF(match_results_2!C74="薬価一致候補","〇","×") -> × | P74: 非採用 | Q74: =OFFSET(マスタ非採用削除!$C$4,元データ!P74,0) -> #VALUE! | R74: =R73+1 -> 73 | S74: =A74 -> アノーロエリプタ30吸入用 | T74: 1 | U74: =統合マスタ!AA77 -> 非採用
A75: アマンタジン塩酸塩錠50ｍｇ「杏林」 | B75: メディセオ | C75: PTP | D75: 100T | E75: キョーリンリメディオ | F75: 6.1 | G75: 610 | H75: =G75/F75 -> 100 | I75: 錠 | J75: 510 | K75: =J75/H75 -> 5.1 | L75: 1.1.6 | M75: =F75-K75 -> 1 | N75: =IF(match_results_2!C75="完全一致","〇","×") -> 〇 | O75: =IF(match_results_2!C75="薬価一致候補","〇","×") -> × | P75: =IF(match_results_2!E75="","",match_results_2!E75) -> 35 | Q75: =OFFSET(マスタ非採用削除!$C$4,元データ!P75,0) -> アマンタジン塩酸塩錠５０ｍｇ「杏林」 | R75: =R74+1 -> 74 | S75: =A75 -> アマンタジン塩酸塩錠50ｍｇ「杏林」 | T75: 1 | U75: =統合マスタ!AA78 -> 0
A76: アミティーザカプセル24μｇ | B76: アルフレッサ | C76: PTP | D76: 500P | E76: ヴィアトリス | F76: 96.9 | G76: 48450 | H76: =G76/F76 -> 500 | I76: cap | J76: 41183 | K76: =J76/H76 -> 82.366 | L76: 2.3.5 | M76: =F76-K76 -> 14.534 | N76: =IF(match_results_2!C76="完全一致","〇","×") -> 〇 | O76: =IF(match_results_2!C76="薬価一致候補","〇","×") -> × | P76: =IF(match_results_2!E76="","",match_results_2!E76) -> 37 | Q76: =OFFSET(マスタ非採用削除!$C$4,元データ!P76,0) -> アミティーザカプセル２４μｇ | R76: =R75+1 -> 75 | S76: =A76 -> アミティーザカプセル24μｇ | T76: 1 | U76: =統合マスタ!AA79 -> 0
A77: アミノレバンEN配合散 コーヒー味 | C77: 粉 | D77: 50ｇX21包 | E77: 大塚製薬 | F77: 88.8 | G77: 9324 | H77: =G77/F77 -> 105 | I77: 10ｇ | J77: 8295 | K77: =J77/H77 -> 79 | L77: 3.2.5 | M77: =F77-K77 -> 9.8 | N77: =IF(match_results_2!C77="完全一致","〇","×") -> × | O77: =IF(match_results_2!C77="薬価一致候補","〇","×") -> × | P77: 38 | Q77: =OFFSET(マスタ非採用削除!$C$4,元データ!P77,0) -> アミノレバンＥＮ配合散 | R77: =R76+1 -> 76 | S77: =A77 -> アミノレバンEN配合散 コーヒー味 | T77: 2 | U77: =統合マスタ!AA80 -> 0
A78: アミノレバン点滴静注 | D78: 500ｍｌｘ20 | E78: 大塚製薬 | F78: 715 | G78: 14300 | H78: =G78/F78 -> 20 | I78: 袋 | J78: 12720 | K78: =J78/H78 -> 636 | L78: 3.2.5 | M78: =F78-K78 -> 79 | N78: =IF(match_results_2!C78="完全一致","〇","×") -> × | O78: =IF(match_results_2!C78="薬価一致候補","〇","×") -> 〇 | P78: =IF(match_results_2!E78="","",match_results_2!E78) -> 39 | Q78: =OFFSET(マスタ非採用削除!$C$4,元データ!P78,0) -> アミノレバン点滴静注（用時購入） | R78: =R77+1 -> 77 | S78: =A78 -> アミノレバン点滴静注 | T78: 2 | U78: =統合マスタ!AA81 -> 0
A79: アムロジピンOD錠2.5ｍｇ「明治」 | B79: メディセオ | C79: PTP | D79: 500T | E79: Ｍｅファルマ | F79: 10.4 | G79: 5200 | H79: =G79/F79 -> 500 | I79: 錠 | J79: 4180 | K79: =J79/H79 -> 8.36 | L79: 2.1.7 | M79: =F79-K79 -> 2.04 | N79: =IF(match_results_2!C79="完全一致","〇","×") -> 〇 | O79: =IF(match_results_2!C79="薬価一致候補","〇","×") -> × | P79: =IF(match_results_2!E79="","",match_results_2!E79) -> 40 | Q79: =OFFSET(マスタ非採用削除!$C$4,元データ!P79,0) -> アムロジピンＯＤ錠２．５ｍｇ「明治」 | R79: =R78+1 -> 78 | S79: =A79 -> アムロジピンOD錠2.5ｍｇ「明治」 | T79: 1 | U79: =統合マスタ!AA82 -> 0
A80: アムロジピンOD錠2.5ｍｇ「明治」 | B80: メディセオ | C80: バラ | D80: 500T | E80: Ｍｅファルマ | F80: 10.4 | G80: 5200 | H80: =G80/F80 -> 500 | I80: 錠 | J80: 4180 | K80: =J80/H80 -> 8.36 | L80: 2.1.7 | M80: =F80-K80 -> 2.04 | N80: =IF(match_results_2!C80="完全一致","〇","×") -> 〇 | O80: =IF(match_results_2!C80="薬価一致候補","〇","×") -> × | P80: =IF(match_results_2!E80="","",match_results_2!E80) -> 40 | Q80: =OFFSET(マスタ非採用削除!$C$4,元データ!P80,0) -> アムロジピンＯＤ錠２．５ｍｇ「明治」 | R80: =R79+1 -> 79 | S80: =A80 -> アムロジピンOD錠2.5ｍｇ「明治」 | T80: 1 | U80: =統合マスタ!AA83 -> 0
A81: アリドネパッチ27.5ｍｇ | B81: スズケン | D81: 28枚 | E81: 興和 | F81: 286.4 | G81: 8019.2 | H81: =G81/F81 -> 28 | I81: 枚 | J81: 6943 | K81: =J81/H81 -> 247.96429 | L81: 1.1.9 | M81: =F81-K81 -> 38.435714 | N81: =IF(match_results_2!C81="完全一致","〇","×") -> 〇 | O81: =IF(match_results_2!C81="薬価一致候補","〇","×") -> × | P81: =IF(match_results_2!E81="","",match_results_2!E81) -> 41 | Q81: =OFFSET(マスタ非採用削除!$C$4,元データ!P81,0) -> アリドネパッチ２７．５ｍｇ | R81: =R80+1 -> 80 | S81: =A81 -> アリドネパッチ27.5ｍｇ | T81: 1 | U81: =統合マスタ!AA84 -> 0
A82: アリドネパッチ55ｍｇ | B82: スズケン | D82: 28枚 | E82: 興和 | F82: 437.6 | G82: 12252.8 | H82: =G82/F82 -> 28 | I82: 枚 | J82: 10608 | K82: =J82/H82 -> 378.85714 | L82: 1.1.9 | M82: =F82-K82 -> 58.742857 | N82: =IF(match_results_2!C82="完全一致","〇","×") -> 〇 | O82: =IF(match_results_2!C82="薬価一致候補","〇","×") -> × | P82: =IF(match_results_2!E82="","",match_results_2!E82) -> 42 | Q82: =OFFSET(マスタ非採用削除!$C$4,元データ!P82,0) -> アリドネパッチ５５ｍｇ | R82: =R81+1 -> 81 | S82: =A82 -> アリドネパッチ55ｍｇ | T82: 1 | U82: =統合マスタ!AA85 -> 0
A83: アリピプラゾールＯＤ錠12ｍｇ「ニプロ」 | B83: アルフレッサ | C83: ＰＴＰ | D83: 100Ｔ | E83: ニプロES | F83: 22.7 | G83: 2270 | H83: =G83/F83 -> 100 | I83: 錠 | J83: 1975 | K83: =J83/H83 -> 19.75 | L83: 1.1.7.2 | M83: =F83-K83 -> 2.95 | N83: =IF(match_results_2!C83="完全一致","〇","×") -> 〇 | O83: =IF(match_results_2!C83="薬価一致候補","〇","×") -> × | P83: =IF(match_results_2!E83="","",match_results_2!E83) -> 45 | Q83: =OFFSET(マスタ非採用削除!$C$4,元データ!P83,0) -> アリピプラゾールＯＤ錠１２ｍｇ「ニプロ」 | R83: =R82+1 -> 82 | S83: =A83 -> アリピプラゾールＯＤ錠12ｍｇ「ニプロ」 | T83: 1 | U83: =統合マスタ!AA86 -> 0
A84: アリピプラゾールＯＤ錠12ｍｇ「ニプロ」 | B84: アルフレッサ | C84: バラ | D84: 500Ｔ | E84: ニプロＥＳ | F84: 22.7 | G84: 11350 | H84: =G84/F84 -> 500 | I84: 錠 | J84: 9875 | K84: =J84/H84 -> 19.75 | L84: 1.1.7.2 | M84: =F84-K84 -> 2.95 | N84: =IF(match_results_2!C84="完全一致","〇","×") -> 〇 | O84: =IF(match_results_2!C84="薬価一致候補","〇","×") -> × | P84: =IF(match_results_2!E84="","",match_results_2!E84) -> 45 | Q84: =OFFSET(マスタ非採用削除!$C$4,元データ!P84,0) -> アリピプラゾールＯＤ錠１２ｍｇ「ニプロ」 | R84: =R83+1 -> 83 | S84: =A84 -> アリピプラゾールＯＤ錠12ｍｇ「ニプロ」 | T84: 1 | U84: =統合マスタ!AA87 -> 0
A85: アリピプラゾールＯＤ錠3ｍｇ「ニプロ」 | B85: アルフレッサ | C85: ＰＴＰ | D85: 100Ｔ | E85: ニプロＥＳ | F85: 6.4 | G85: 640 | H85: =G85/F85 -> 100 | I85: 錠 | J85: 557 | K85: =J85/H85 -> 5.57 | L85: 1.1.7.2 | M85: =F85-K85 -> 0.83 | N85: =IF(match_results_2!C85="完全一致","〇","×") -> 〇 | O85: =IF(match_results_2!C85="薬価一致候補","〇","×") -> × | P85: =IF(match_results_2!E85="","",match_results_2!E85) -> 44 | Q85: =OFFSET(マスタ非採用削除!$C$4,元データ!P85,0) -> アリピプラゾールＯＤ錠３ｍｇ「ニプロ」 | R85: =R84+1 -> 84 | S85: =A85 -> アリピプラゾールＯＤ錠3ｍｇ「ニプロ」 | T85: 1 | U85: =統合マスタ!AA88 -> 0
A86: アリピプラゾールＯＤ錠3ｍｇ「ニプロ」 | B86: アルフレッサ | C86: バラ | D86: 100Ｔ | E86: ニプロES | F86: 6.4 | G86: 640 | H86: =G86/F86 -> 100 | I86: 錠 | J86: 557 | K86: =J86/H86 -> 5.57 | L86: 1.1.7.2 | M86: =F86-K86 -> 0.83 | N86: =IF(match_results_2!C86="完全一致","〇","×") -> 〇 | O86: =IF(match_results_2!C86="薬価一致候補","〇","×") -> × | P86: =IF(match_results_2!E86="","",match_results_2!E86) -> 44 | Q86: =OFFSET(マスタ非採用削除!$C$4,元データ!P86,0) -> アリピプラゾールＯＤ錠３ｍｇ「ニプロ」 | R86: =R85+1 -> 85 | S86: =A86 -> アリピプラゾールＯＤ錠3ｍｇ「ニプロ」 | T86: 1 | U86: =統合マスタ!AA89 -> 0
A87: アリピプラゾールＯＤ錠6ｍｇ「ニプロ」 | B87: アルフレッサ | C87: ＰＴＰ | D87: 100Ｔ | E87: ニプロＥＳ | F87: 11.8 | G87: 1180 | H87: =G87/F87 -> 100 | I87: 錠 | J87: 1027 | K87: =J87/H87 -> 10.27 | L87: 1.1.7.2 | M87: =F87-K87 -> 1.53 | N87: =IF(match_results_2!C87="完全一致","〇","×") -> 〇 | O87: =IF(match_results_2!C87="薬価一致候補","〇","×") -> × | P87: =IF(match_results_2!E87="","",match_results_2!E87) -> 46 | Q87: =OFFSET(マスタ非採用削除!$C$4,元データ!P87,0) -> アリピプラゾールＯＤ錠６ｍｇ「ニプロ」 | R87: =R86+1 -> 86 | S87: =A87 -> アリピプラゾールＯＤ錠6ｍｇ「ニプロ」 | T87: 1 | U87: =統合マスタ!AA90 -> 0
A88: アリピプラゾールＯＤ錠6ｍｇ「ニプロ」 | B88: アルフレッサ | C88: バラ | D88: 100Ｔ | E88: ニプロＥＳ | F88: 11.8 | G88: 1180 | H88: =G88/F88 -> 100 | I88: 錠 | J88: 1027 | K88: =J88/H88 -> 10.27 | L88: 1.1.7.2 | M88: =F88-K88 -> 1.53 | N88: =IF(match_results_2!C88="完全一致","〇","×") -> 〇 | O88: =IF(match_results_2!C88="薬価一致候補","〇","×") -> × | P88: =IF(match_results_2!E88="","",match_results_2!E88) -> 46 | Q88: =OFFSET(マスタ非採用削除!$C$4,元データ!P88,0) -> アリピプラゾールＯＤ錠６ｍｇ「ニプロ」 | R88: =R87+1 -> 87 | S88: =A88 -> アリピプラゾールＯＤ錠6ｍｇ「ニプロ」 | T88: 1 | U88: =統合マスタ!AA91 -> 0
A89: アリピプラゾール散1％「ニプロ」 | B89: メディセオ | C89: 粉 | D89: 100ｇ | E89: ニプロES | F89: 18.6 | G89: 1860 | H89: =G89/F89 -> 100 | I89: ｇ | J89: 1657 | K89: =J89/H89 -> 16.57 | L89: 1.1.7.2 | M89: =F89-K89 -> 2.03 | N89: =IF(match_results_2!C89="完全一致","〇","×") -> 〇 | O89: =IF(match_results_2!C89="薬価一致候補","〇","×") -> × | P89: =IF(match_results_2!E89="","",match_results_2!E89) -> 47 | Q89: =OFFSET(マスタ非採用削除!$C$4,元データ!P89,0) -> アリピプラゾール散１％「ニプロ」 | R89: =R88+1 -> 88 | S89: =A89 -> アリピプラゾール散1％「ニプロ」 | T89: 1 | U89: =統合マスタ!AA92 -> 0
A90: アリピプラゾール錠1ｍｇ「サワイ」 | B90: メディセオ | C90: PTP | D90: 100T | E90: 沢井製薬 | F90: 6.1 | G90: 610 | H90: =G90/F90 -> 100 | I90: 錠 | J90: 545 | K90: =J90/H90 -> 5.45 | L90: 1.1.7.2 | M90: =F90-K90 -> 0.65 | N90: =IF(match_results_2!C90="完全一致","〇","×") -> 〇 | O90: =IF(match_results_2!C90="薬価一致候補","〇","×") -> × | P90: =IF(match_results_2!E90="","",match_results_2!E90) -> 48 | Q90: =OFFSET(マスタ非採用削除!$C$4,元データ!P90,0) -> アリピプラゾール錠１ｍｇ「サワイ」 | R90: =R89+1 -> 89 | S90: =A90 -> アリピプラゾール錠1ｍｇ「サワイ」 | T90: 1 | U90: =統合マスタ!AA93 -> 0
A91: アルダクトンＡ錠25ｍｇ | B91: アルフレッサ | C91: バラ | D91: 100Ｔ | E91: ファイザー | F91: 13.1 | G91: 1310 | H91: =G91/F91 -> 100 | I91: 錠 | J91: 1137 | K91: =J91/H91 -> 11.37 | L91: 2.1.3 | M91: =F91-K91 -> 1.73 | N91: =IF(match_results_2!C91="完全一致","〇","×") -> 〇 | O91: =IF(match_results_2!C91="薬価一致候補","〇","×") -> × | P91: =IF(match_results_2!E91="","",match_results_2!E91) -> 49 | Q91: =OFFSET(マスタ非採用削除!$C$4,元データ!P91,0) -> アルダクトンＡ錠２５ｍｇ | R91: =R90+1 -> 90 | S91: =A91 -> アルダクトンＡ錠25ｍｇ | T91: 1 | U91: =統合マスタ!AA94 -> 0
A92: アルファカルシドールカプセル0.5μｇ「フソー」 | B92: アルフレッサ | C92: PTP | D92: 500P | E92: 沢井製薬 | F92: 6.1 | G92: 3050 | H92: =G92/F92 -> 500 | I92: cap | J92: 2684 | K92: =J92/H92 -> 5.368 | L92: 3.1.1 | M92: =F92-K92 -> 0.732 | N92: =IF(match_results_2!C92="完全一致","〇","×") -> 〇 | O92: =IF(match_results_2!C92="薬価一致候補","〇","×") -> × | P92: =IF(match_results_2!E92="","",match_results_2!E92) -> 51 | Q92: =OFFSET(マスタ非採用削除!$C$4,元データ!P92,0) -> アルファカルシドールカプセル０．５μｇ「フソー」 | R92: =R91+1 -> 91 | S92: =A92 -> アルファカルシドールカプセル0.5μｇ「フソー」 | T92: 1 | U92: =統合マスタ!AA95 -> 0
A93: アルブミナー25％静注12.5ｇ/50ｍｌ | B93: アルフレッサ | D93: 50ｍｌｘ1V | E93: CSLベーリング | F93: 4436 | G93: 4436 | H93: =G93/F93 -> 1 | I93: V | J93: 3960 | K93: =J93/H93 -> 3960 | L93: 6.3.4 | M93: =F93-K93 -> 476 | N93: =IF(match_results_2!C93="完全一致","〇","×") -> × | O93: =IF(match_results_2!C93="薬価一致候補","〇","×") -> 〇 | P93: =IF(match_results_2!E93="","",match_results_2!E93) -> 50 | Q93: =OFFSET(マスタ非採用削除!$C$4,元データ!P93,0) -> アルブミナー２５％静注１２．５ｇ／５０ｍＬ | R93: =R92+1 -> 92 | S93: =A93 -> アルブミナー25％静注12.5ｇ/50ｍｌ | T93: 2 | U93: =統合マスタ!AA96 -> 0
A94: アルメタ軟膏 | D94: 5ｇｘ10 | E94: 塩野義製薬 | F94: 20.6 | G94: 1030 | H94: =G94/F94 -> 50 | I94: ｇ | J94: 917 | K94: =J94/H94 -> 18.34 | L94: 2.6.4 | M94: =F94-K94 -> 2.26 | N94: =IF(match_results_2!C94="完全一致","〇","×") -> × | O94: =IF(match_results_2!C94="薬価一致候補","〇","×") -> × | P94: 非採用 | Q94: =OFFSET(マスタ非採用削除!$C$4,元データ!P94,0) -> #VALUE! | R94: =R93+1 -> 93 | S94: =A94 -> アルメタ軟膏 | T94: 1 | U94: =統合マスタ!AA97 -> 非採用
A95: アレギサール点眼液0.1％ 販売中止 | D95: 5ｍｌｘ10 | E95: 参天製薬 | F95: 421.8 | G95: 4218 | H95: =G95/F95 -> 10 | I95: 本 | J95: 3750 | K95: =J95/H95 -> 375 | L95: 1.3.1 | M95: =F95-K95 -> 46.8 | N95: =IF(match_results_2!C95="完全一致","〇","×") -> × | O95: =IF(match_results_2!C95="薬価一致候補","〇","×") -> × | P95: 非採用 | Q95: =OFFSET(マスタ非採用削除!$C$4,元データ!P95,0) -> #VALUE! | R95: =R94+1 -> 94 | S95: =A95 -> アレギサール点眼液0.1％ 販売中止 | T95: 1 | U95: =統合マスタ!AA98 -> 非採用
A96: アレビアチン散１０％ | C96: 粉 | D96: 500ｇ | E96: 住友ファーマ | F96: 12.1 | G96: 6050 | H96: =G96/F96 -> 500 | I96: ｇ | J96: 5389 | K96: =J96/H96 -> 10.778 | L96: 1.1.3 | M96: =F96-K96 -> 1.322 | N96: =IF(match_results_2!C96="完全一致","〇","×") -> 〇 | O96: =IF(match_results_2!C96="薬価一致候補","〇","×") -> × | P96: =IF(match_results_2!E96="","",match_results_2!E96) -> 52 | Q96: =OFFSET(マスタ非採用削除!$C$4,元データ!P96,0) -> アレビアチン散１０％ | R96: =R95+1 -> 95 | S96: =A96 -> アレビアチン散１０％ | T96: 1 | U96: =統合マスタ!AA99 -> 0
A97: アレビアチン錠100ｍｇ | C97: バラ | D97: 100T | E97: 住友ファーマ | F97: 12.9 | G97: 1290 | H97: =G97/F97 -> 100 | I97: 錠 | J97: 1149 | K97: =J97/H97 -> 11.49 | L97: 1.1.3 | M97: =F97-K97 -> 1.41 | N97: =IF(match_results_2!C97="完全一致","〇","×") -> × | O97: =IF(match_results_2!C97="薬価一致候補","〇","×") -> × | P97: =IF(match_results_2!E97="","",match_results_2!E97) | Q97: =OFFSET(マスタ非採用削除!$C$4,元データ!P97,0) -> #VALUE! | R97: =R96+1 -> 96 | S97: =A97 -> アレビアチン錠100ｍｇ | T97: 0 | U97: =統合マスタ!AA100 -> 0
A98: アレビアチン注２５０ｍｇ | D98: ５ｍＬＸ１０管 | E98: 住友ファーマ | F98: 123 | G98: 1230 | H98: =G98/F98 -> 10 | I98: A | J98: 1095 | K98: =J98/H98 -> 109.5 | L98: 1.1.3 | M98: =F98-K98 -> 13.5 | N98: =IF(match_results_2!C98="完全一致","〇","×") -> 〇 | O98: =IF(match_results_2!C98="薬価一致候補","〇","×") -> × | P98: =IF(match_results_2!E98="","",match_results_2!E98) -> 53 | Q98: =OFFSET(マスタ非採用削除!$C$4,元データ!P98,0) -> アレビアチン注２５０ｍｇ | R98: =R97+1 -> 97 | S98: =A98 -> アレビアチン注２５０ｍｇ | T98: 1 | U98: =統合マスタ!AA101 -> 0
A99: アロプリノール錠100mg｢ｻﾜｲ」 | C99: PTP | D99: 100T | E99: 沢井製薬 | F99: 8 | G99: 800 | H99: =G99/F99 -> 100 | I99: 錠 | J99: 712 | K99: =J99/H99 -> 7.12 | L99: 3.9.4 | M99: =F99-K99 -> 0.88 | N99: =IF(match_results_2!C99="完全一致","〇","×") -> 〇 | O99: =IF(match_results_2!C99="薬価一致候補","〇","×") -> × | P99: =IF(match_results_2!E99="","",match_results_2!E99) -> 54 | Q99: =OFFSET(マスタ非採用削除!$C$4,元データ!P99,0) -> アロプリノール錠１００ｍｇ「サワイ」 | R99: =R98+1 -> 98 | S99: =A99 -> アロプリノール錠100mg｢ｻﾜｲ」 | T99: 1 | U99: =統合マスタ!AA102 -> 0
A100: アロプリノール錠100mg｢ｻﾜｲ」 | B100: アルフレッサ | C100: バラ | D100: 1000T | E100: 沢井製薬 | F100: 8 | G100: 8000 | H100: =G100/F100 -> 1000 | I100: 錠 | J100: 7120 | K100: =J100/H100 -> 7.12 | L100: 3.9.4 | M100: =F100-K100 -> 0.88 | N100: =IF(match_results_2!C100="完全一致","〇","×") -> 〇 | O100: =IF(match_results_2!C100="薬価一致候補","〇","×") -> × | P100: =IF(match_results_2!E100="","",match_results_2!E100) -> 54 | Q100: =OFFSET(マスタ非採用削除!$C$4,元データ!P100,0) -> アロプリノール錠１００ｍｇ「サワイ」 | R100: =R99+1 -> 99 | S100: =A100 -> アロプリノール錠100mg｢ｻﾜｲ」 | T100: 1 | U100: =統合マスタ!AA103 -> 0
...

Sheet 分類
A2: No | B2: 分類
A3: 1 | B3: 錠剤 | F3: 採用０（非採用）はいらない
A4: 2 | B4: カプセル | F4: 採用２（臨時採用薬）で1グループ
A5: 3 | B5: 散 | F5: 採用１（採用薬）
A6: 4 | B6: 細粒
A7: 5 | B7: 顆粒 | G7: 外用剤 | J7: 散剤 | M7: 錠剤 | P7: 注射
A8: 6 | B8: シロップ | G8: クリーム | H8: 15 | J8: 散剤 | K8: 3 | M8: 錠剤 | N8: 1 | P8: 注射 | Q8: 25
A9: 7 | B9: 液（内用） | G9: 軟膏 | H9: 14
A10: 8 | B10: トローチ | G10: トローチ | H10: 8
A11: 9 | B11: 含漱剤 | G11: 点眼 | H11: 21
A12: 10 | B12: 吸入剤 | G12: 点鼻 | H12: 23
A13: 11 | B13: 膣錠 | G13: 外用剤 | H13: 17
A14: 12 | B14: 坐剤 | G14: 吸入 | H14: 10
A15: 13 | B15: 浣腸 | G15: 貼付薬 | H15: 19
A16: 14 | B16: 軟膏
A17: 15 | B17: クリーム
A18: 16 | B18: ゼリー（ゲル）
A19: 17 | B19: 外用液剤
A20: 18 | B20: 噴霧剤
A21: 19 | B21: 貼付剤
A22: 21 | B22: 点眼剤
A23: 22 | B23: 点耳薬
A24: 23 | B24: 点鼻薬
A25: 24 | B25: その他
A26: 25 | B26: 注射剤

Sheet match_results_top5
A1: A行番号 | C1: A薬品名 | D1: B候補1 | E1: B行番号1 | F1: 類似度1 | G1: B候補2 | H1: B行番号2 | I1: 類似度2 | J1: B候補3 | K1: B行番号3 | L1: 類似度3 | M1: B候補4 | N1: B行番号4 | O1: 類似度4 | P1: B候補5 | Q1: B行番号5 | R1: 類似度5
A2: 1 | B2: =MATCH(C2,統合マスタ!$C$5:$C$836,0) -> 41 | C2: アスコルビン酸注射液５００ｍｇ「トーワ」 | D2: アスコルビン酸注５００ｍｇ「イセイ」 | E2: 10 | F2: 78.947368 | G2: アジスロマイシン錠２５０ｍｇ「トーワ」 | H2: 8 | I2: 61.538462 | J2: ニコランジル錠５ｍｇ「トーワ」 | K2: 370 | L2: 57.142857 | M2: ニセルゴリン錠５ｍｇ「トーワ」 | N2: 371 | O2: 57.142857 | P2: メコバラミン錠５００「トーワ」 | Q2: 563 | R2: 57.142857
A3: 3 | B3: =MATCH(C3,統合マスタ!$C$5:$C$836,0) -> 50 | C3: アセサイド消毒液６％ ８００ｍｌｘ２ | D3: アセリオ静注液１０００ｍｇバッグ | E3: 17 | F3: 35.294118 | G3: アセレンド注１００μｇ | H3: 18 | I3: 34.482759 | J3: エビリファイ内用液０．１％ ３ｍｌ | K3: 87 | L3: 34.285714 | M3: エビリファイ内用液０．１％ ６ｍｌ | N3: 88 | O3: 34.285714 | P3: 水溶性ハイドロコートン注射液１００ｍｇ | Q3: 209 | R3: 32.432432
A4: 4 | B4: =MATCH(C4,統合マスタ!$C$5:$C$836,0) -> 54 | C4: アゾセミド錠６０ｍｇ「ＤＳＥＰ」 | D4: アゾセミド錠３０ｍｇ「ＤＳＥＰ」 | E4: 19 | F4: 93.75 | G4: ゾニサミドＯＤ錠２５ｍｇＴＲＥ「ＤＳＥＰ」 | H4: 250 | I4: 64.864865 | J4: セレコキシブ錠１００ｍｇ「ＤＳＥＰ」 | K4: 240 | L4: 64.705882 | M4: カルベジロール錠１０ｍｇ「ＤＳＥＰ」 | N4: 121 | O4: 58.823529 | P4: フロセミド錠２０ｍｇ「ＮＩＧ」 | Q4: 488 | R4: 58.064516
A5: 5 | B5: =MATCH(C5,統合マスタ!$C$5:$C$836,0) -> 63 | C5: アトモキセチンカプセル１０ｍｇ 「ＶＴＲＳ」 | D5: アトモキセチンカプセル１０ｍｇ「サワイ」 | E5: 28 | F5: 71.428571 | G5: アトモキセチンカプセル４０ｍｇ「ＶＴＲＳ」 | H5: 29 | I5: 65.116279 | J5: ダラシンカプセル１５０ｍｇ | K5: 270 | L5: 51.428571 | M5: デュロキセチンカプセル２０ｍｇ「ＤＳＥＰ」 | N5: 328 | O5: 51.162791 | P5: メキシチールカプセル５０ｍｇ | Q5: 562 | R5: 50
A6: 6 | B6: =MATCH(C6,統合マスタ!$C$5:$C$836,0) -> 66 | C6: アトモキセチンカプセル４０ｍｇ 「サワイ」 | D6: アトモキセチンカプセル４０ｍｇ「ＶＴＲＳ」 | E6: 29 | F6: 71.428571 | G6: アトモキセチンカプセル１０ｍｇ「サワイ」 | H6: 28 | I6: 68.292683 | J6: デュロキセチンカプセル２０ｍｇ「ＤＳＥＰ」 | K6: 328 | L6: 52.380952 | M6: メキシチールカプセル５０ｍｇ | N6: 562 | O6: 51.428571 | P6: トランサミンカプセル２５０ｍｇ | Q6: 349 | R6: 50
A7: 7 | B7: =MATCH(C7,統合マスタ!$C$5:$C$836,0) -> 71 | C7: アナフラニール錠１０ｍｇ | D7: トフラニール錠１０ｍｇ | E7: 344 | F7: 86.956522 | G7: アイトロール錠１０ｍｇ | H7: 170 | I7: 69.565217 | J7: アイトロール錠１０ｍｇ | K7: 319 | L7: 69.565217 | M7: ニューレプチル錠１０ｍｇ | N7: 380 | O7: 66.666667 | P7: フラジール腟錠２５０ｍｇ | Q7: 467 | R7: 66.666667
A8: 8 | B8: =MATCH(C8,統合マスタ!$C$5:$C$836,0) -> 100 | C8: アンテベート軟膏０．０５％ | D8: マイザー軟膏０．０５％ | E8: 543 | F8: 66.666667 | G8: アズノール軟膏０．０３３％ | H8: 11 | I8: 61.538462 | J8: ボアラ軟膏０．１２％ | K8: 529 | L8: 52.173913 | M8: プロスタンディン軟膏０．００３％ | N8: 487 | O8: 48.275862 | P8: アクトシン軟膏３％ | Q8: 5 | R8: 45.454545
A9: 9 | B9: =MATCH(C9,統合マスタ!$C$5:$C$836,0) -> 102 | C9: イソプロパノール消毒液７０％ 「ヨシダ」 | D9: カロナール細粒２０％ | E9: 123 | F9: 33.333333 | G9: アイトロール錠１０ｍｇ | H9: 170 | I9: 32.258065 | J9: アイトロール錠１０ｍｇ | K9: 319 | L9: 32.258065 | M9: チモロール点眼液０．５％「ニッテン」 | N9: 287 | O9: 31.578947 | P9: ポビドンヨードゲル１０％ | Q9: 537 | R9: 31.25
A10: 10 | B10: =MATCH(C10,統合マスタ!$C$5:$C$836,0) -> 120 | C10: ウインタミン細粒１０％ 採用中止 | D10: ヒルナミン細粒１０％ | E10: 445 | F10: 53.846154 | G10: ベンザリン細粒１％ | H10: 526 | I10: 48 | J10: ロキソニン細粒１０％ | K10: 664 | L10: 46.153846 | M10: セパミット細粒１％ | N10: 229 | O10: 40 | P10: テプレノン細粒１０％「ＹＤ」 | Q10: 324 | R10: 40
A11: 11 | B11: =MATCH(C11,統合マスタ!$C$5:$C$836,0) -> 182 | C11: キシロカイン注ポリアンプ０．５％ | D11: キシロカイン注シリンジ０．５％ | E11: 126 | F11: 83.870968 | G11: キシロカインポンプスプレー８％ | H11: 127 | I11: 64.516129 | J11: モキシフロキサシン点眼液０．５％「サンド」 | K11: 572 | L11: 43.243243 | M11: ゾシン静注用４．５ | N11: 247 | O11: 40 | P11: シクロスポリンカプセル５０ｍｇ「トーワ」 | Q11: 193 | R11: 38.888889
A12: 12 | B12: =MATCH(C12,統合マスタ!$C$5:$C$836,0) -> 187 | C12: クービビック錠５０ｍｇ | D12: クービビック錠２５ｍｇ | E12: 135 | F12: 90.909091 | G12: ビプレッソ徐放錠５０ｍｇ | H12: 431 | I12: 60.869565 | J12: ベオーバ錠５０ｍｇ | K12: 505 | L12: 60 | M12: ビプレッソ徐放錠１５０ｍｇ | N12: 432 | O12: 58.333333 | P12: ダーブロック錠２ｍｇ | Q12: 268 | R12: 57.142857
A13: 13 | B13: =MATCH(C13,統合マスタ!$C$5:$C$836,0) -> 226 | C13: ケフレックスカプセル２５０ｍｇ | D13: ケフラールカプセル２５０ｍｇ | E13: 166 | F13: 75.862069 | G13: ＥＰＬカプセル２５０ｍｇ | H13: 59 | I13: 66.666667 | J13: レルパックス錠２０ｍｇ | K13: 660 | L13: 61.538462 | M13: トランサミンカプセル２５０ｍｇ | N13: 349 | O13: 60 | P13: イフェクサーＳＲカプセル７５ｍｇ | Q13: 61 | R13: 58.064516
... A16: 16 | B16: =MATCH(C16,統合マスタ!$C$5:$C$836,0) -> 233 | C16: コミナティ筋注シリンジ | D16: イベニティ皮下注１０５ｍｇシリンジ | E16: 62 | F16: 50 | G16: 生食注シリンジ「ＮＰ」 | H16: 223 | I16: 45.454545 | J16: ゼプリオン水懸筋注２５ｍｇシリンジ | K16: 233 | L16: 42.857143 | M16: ゼプリオン水懸筋注５０ｍｇシリンジ | N16: 234 | O16: 42.857143 | P16: ゼプリオン水懸筋注７５ｍｇシリンジ | Q16: 235 | R16: 42.857143
A17: 17 | B17: =MATCH(C17,統合マスタ!$C$5:$C$836,0) -> 282 | C17: スワブスティック （ヘキシジン） | D17: ブロムヘキシン塩酸塩０．２％吸入液 | E17: 502 | F17: 30.30303
A18: 18 | B18: =MATCH(C18,統合マスタ!$C$5:$C$836,0) -> 283 | C18: スワブスティック（ポビドンヨード） Ｍサイズ | D18: ポビドンヨードゲル１０％ | E18: 537 | F18: 41.176471 | G18: ポビドンヨードガーグル液７％「ケンエー」 | H18: 536 | I18: 33.333333
A19: 19 | B19: =MATCH(C19,統合マスタ!$C$5:$C$836,0) -> 362 | C19: デカドロン錠０．５ｍｇ | D19: デカドロン注射液３．３ｍｇ | E19: 314 | F19: 66.666667 | G19: リンゼス錠０．２５ｍｇ | H19: 632 | I19: 63.636364 | J19: ロドピン錠２５ｍｇ | K19: 670 | L19: 60 | M19: ロドピン錠５０ｍｇ | N19: 671 | O19: 60 | P19: ニトロペン舌下錠０．３ｍｇ | Q19: 374 | R19: 58.333333
A20: 20 | B20: =MATCH(C20,統合マスタ!$C$5:$C$836,0) -> 364 | C20: デカドロン注射液６．６ｍｇ | D20: デカドロン注射液３．３ｍｇ | E20: 314 | F20: 84.615385 | G20: ハベカシン注射液７５ｍｇ | H20: 400 | I20: 56 | J20: アキネトン注射液５ｍｇ | K20: 2 | L20: 50 | M20: 水溶性ハイドロコートン注射液１００ｍｇ | N20: 209 | O20: 50 | P20: ドルミカム注射液１０ｍｇ | Q20: 359 | R20: 48
A21: 21 | B21: =MATCH(C21,統合マスタ!$C$5:$C$836,0) -> 370 | C21: デノタスチュアブル配合錠 | D21: ノイロビタン配合錠 | E21: 389 | F21: 47.619048 | G21: グリチロン配合錠 | H21: 153 | I21: 40 | J21: セレスタミン配合錠 | K21: 241 | L21: 38.095238 | M21: インチュニブ錠１ｍｇ | N21: 67 | O21: 36.363636 | P21: グラアルファ配合点眼液 | Q21: 137 | R21: 34.782609
A22: 22 | B22: =MATCH(C22,統合マスタ!$C$5:$C$836,0) -> 388 | C22: デルモベート軟膏０．０５％ | D22: マイザー軟膏０．０５％ | E22: 543 | F22: 66.666667 | G22: デルモゾールＧ軟膏 | H22: 333 | I22: 54.545455 | J22: アズノール軟膏０．０３３％ | K22: 11 | L22: 53.846154 | M22: ヒルドイドソフト軟膏０．３％ | N22: 441 | O22: 51.851852 | P22: プロスタンディン軟膏０．００３％ | Q22: 487 | R22: 48.275862
A23: 23 | B23: =MATCH(C23,統合マスタ!$C$5:$C$836,0) -> 409 | C23: トリアゾラム錠０．１２５ｍｇ「ＣＨ」 採用中止 | D23: トリアゾラム錠０．２５ｍｇ「日医工」 | E23: 351 | F23: 73.170732 | G23: ブロチゾラム錠０．２５ｍｇ「ヨシトミ」 | H23: 491 | I23: 57.142857 | J23: エチゾラム錠０．５ｍｇ「アメル」 | K23: 79 | L23: 56.410256 | M23: ロラゼパム錠０．５ｍｇ「サワイ」 | N23: 676 | O23: 51.282051 | P23: エチゾラム錠１ｍｇ「アメル」 | Q23: 80 | R23: 48.648649
A24: 24 | B24: =MATCH(C24,統合マスタ!$C$5:$C$836,0) -> 410 | C24: トリアゾラム錠０．２５ｍｇ「ＣＨ」 採用中止 | D24: トリアゾラム錠０．２５ｍｇ「日医工」 | E24: 351 | F24: 75 | G24: ブロチゾラム錠０．２５ｍｇ「ヨシトミ」 | H24: 491 | I24: 58.536585 | J24: エチゾラム錠０．５ｍｇ「アメル」 | K24: 79 | L24: 57.894737 | M24: ロラゼパム錠０．５ｍｇ「サワイ」 | N24: 676 | O24: 52.631579 | P24: セルトラリン錠２５ｍｇ「明治」 | Q24: 239 | R24: 48.648649
A25: 25 | B25: =MATCH(C25,統合マスタ!$C$5:$C$836,0) -> 438 | C25: ニルバジピン錠２ｍｇ「サワイ」 | D25: ニルバジピン錠４ｍｇ「サワイ」 | E25: 382 | F25: 93.333333 | G25: ファモチジンＤ錠２０ｍｇ「サワイ」 | H25: 447 | I25: 68.75 | J25: プレガバリンＯＤ錠２５ｍｇ「サワイ」 | K25: 482 | L25: 66.666667 | M25: ミルタザピンＯＤ錠１５ｍｇ「サワイ」 | N25: 558 | O25: 66.666667 | P25: アジルサルタンＯＤ錠２０ｍｇ「サワイ」 | Q25: 9 | R25: 64.705882
A26: 26 | B26: =MATCH(C26,統合マスタ!$C$5:$C$836,0) -> 481 | C26: ピオグリダゾンＯＤ錠１５ｍｇ「トーワ」 | D26: グリメピリドＯＤ錠１ｍｇ「トーワ」 | E26: 154 | F26: 72.222222 | G26: オロパタジン塩酸塩ＯＤ錠５ｍｇ「トーワ」 | H26: 111 | I26: 66.666667 | J26: ランソプラゾールＯＤ錠１５ｍｇ「トーワ」 | K26: 596 | L26: 66.666667 | M26: パロキセチンＯＤ錠１０ｍｇ「トーワ」 | N26: 405 | O26: 64.864865 | P26: ミルタザピンＯＤ錠１５ｍｇ「サワイ」 | Q26: 558 | R26: 64.864865
A27: 27 | B27: =MATCH(C27,統合マスタ!$C$5:$C$836,0) -> 503 | C27: ヒベルナ注２５ｍｇ | D27: ヒベルナ糖衣錠２５ｍｇ | E27: 435 | F27: 80 | G27: ヒルナミン錠（２５ｍｇ） | H27: 443 | I27: 66.666667 | J27: ノベルジン錠２５ｍｇ | K27: 390 | L27: 63.157895 | M27: ヒルナミン錠（５ｍｇ） | N27: 442 | O27: 60 | P27: ヒルナミン錠（５０ｍｇ） | Q27: 444 | R27: 57.142857
A28: 28 | B28: =MATCH(C28,統合マスタ!$C$5:$C$836,0) -> 513 | C28: ピューラックス６％ | D28: オイラックスクリーム１０％ | E28: 100 | F28: 45.454545 | G28: メイラックス錠１ｍｇ | H28: 560 | I28: 42.105263 | J28: アタラックス錠２５ｍｇ | K28: 20 | L28: 40 | M28: ソラナックス０．４ｍｇ錠 | N28: 253 | O28: 38.095238 | P28: ソラナックス０．８ｍｇ錠 | Q28: 254 | R28: 38.095238
A29: 29 | B29: =MATCH(C29,統合マスタ!$C$5:$C$836,0) -> #N/A | C29: フェノバルビタール散１０％_x000D_ 「ホエイ」 | D29: フェノバルビタール散１０％「ホエイ」 | E29: 453 | F29: 70.27027 | G29: フェノバール注射液１００ｍｇ | H29: 455 | I29: 48.484848 | J29: フェノバール錠３０ｍｇ | K29: 454 | L29: 46.666667 | M29: ポビドンヨードゲル１０％ | N29: 537 | O29: 38.709677 | P29: エフィナコナゾール爪外用液１０％「サワイ」 | Q29: 90 | R29: 35
A30: 31 | B30: =MATCH(C30,統合マスタ!$C$5:$C$836,0) -> 537 | C30: フェロミア顆粒８．３％ | D30: フェロミア錠５０ｍｇ | E30: 457 | F30: 47.619048 | G30: フロセミド細粒４％「ＥＭＥＣ」 | H30: 489 | I30: 38.461538 | J30: オフロキサシン点眼液０．３％「ＪＧ」 | K30: 105 | L30: 34.482759 | M30: アズノール軟膏０．０３３％ | N30: 11 | O30: 33.333333 | P30: ヒルドイドソフト軟膏０．３％ | Q30: 441 | R30: 32
... A32: 33 | B32: =MATCH(C32,統合マスタ!$C$5:$C$836,0) -> 540 | C32: ブスコパン注２０ｍｇ ２％ | D32: ブスコパン注２０ｍｇ | E32: 462 | F32: 86.956522 | G32: レスプレン錠２０ｍｇ | H32: 647 | I32: 52.173913 | J32: デパケンＲ錠２００ｍｇ | K32: 322 | L32: 50 | M32: ドパストン静注５０ｍｇ | N32: 340 | O32: 50 | P32: アレビアチン注２５０ｍｇ | Q32: 53 | R32: 48
A33: 34 | B33: =MATCH(C33,統合マスタ!$C$5:$C$836,0) -> 541 | C33: ブドウ糖 | D33: ブドウ糖＊（扶桑） | E33: 463 | F33: 61.538462 | G33: ブドウ糖注５％ＰＬ「フソー」 | H33: 464 | I33: 44.444444 | J33: ブドウ糖注５％ＰＬ「フソー」 | K33: 466 | L33: 44.444444 | M33: ブドウ糖注５０％ＰＬ「フソー」 | N33: 465 | O33: 42.105263
A34: 36 | B34: =MATCH(C34,統合マスタ!$C$5:$C$836,0) -> 542 | C34: ブドウ糖注２０％ＰＬ「フソー」 | D34: ブドウ糖注５０％ＰＬ「フソー」 | E34: 465 | F34: 93.333333 | G34: ブドウ糖注５％ＰＬ「フソー」 | H34: 464 | I34: 89.655172 | J34: ブドウ糖注５％ＰＬ「フソー」 | K34: 466 | L34: 89.655172 | M34: 注射用水ＰＬ「フソー」 | N34: 288 | O34: 61.538462 | P34: 注射用水ＰＬ「フソー」 | Q34: 289 | R34: 61.538462
A35: 38 | B35: =MATCH(C35,統合マスタ!$C$5:$C$836,0) -> 544 | C35: ブドウ糖注５％ＰＬ「フソー」２０ｍｌ | D35: ブドウ糖注５％ＰＬ「フソー」 | E35: 464 | F35: 87.5 | G35: ブドウ糖注５％ＰＬ「フソー」 | H35: 466 | I35: 87.5 | J35: ブドウ糖注５０％ＰＬ「フソー」 | K35: 465 | L35: 84.848485 | M35: 注射用水ＰＬ「フソー」 | N35: 288 | O35: 55.172414 | P35: 注射用水ＰＬ「フソー」 | Q35: 289 | R35: 55.172414
A36: 39 | B36: =MATCH(C36,統合マスタ!$C$5:$C$836,0) -> 566 | C36: フロセミド注２０ｍｇ「ＮＩＧ」 | D36: フロセミド錠２０ｍｇ「ＮＩＧ」 | E36: 488 | F36: 93.333333 | G36: フロセミド注２０ｍｇ「トーワ」 | H36: 490 | I36: 80 | J36: フェロジピン錠５ｍｇ「ＮＩＧ」 | K36: 458 | L36: 60 | M36: ジフェニドール塩酸塩錠２５ｍｇ「ＮＩＧ」 | N36: 196 | O36: 57.142857 | P36: ラコサミド錠５０ｍｇ「ＪＧ」 | Q36: 584 | R36: 55.172414
A37: 40 | B37: =MATCH(C37,統合マスタ!$C$5:$C$836,0) -> 619 | C37: ポビドンヨード液１０％ 綿球２０ケンエー | D37: ポビドンヨードガーグル液７％「ケンエー」 | E37: 536 | F37: 65 | G37: ポビドンヨードゲル１０％ | H37: 537 | I37: 62.5 | J37: キュバール１００エアゾール | K37: 128 | L37: 36.363636 | M37: アレビアチン散１０％ | N37: 52 | O37: 33.333333 | P37: ニコチン酸アミド散１０％「ゾンネ」 | Q37: 369 | R37: 32.432432
A38: 41 | B38: =MATCH(C38,統合マスタ!$C$5:$C$836,0) -> 634 | C38: マドパー配合錠Ｌ１００ | D38: ネオドパストン配合錠Ｌ１００ | E38: 384 | F38: 72 | G38: リマチル錠１００ｍｇ | H38: 628 | I38: 47.619048 | J38: クロマイ腟錠１００ｍｇ | K38: 161 | L38: 45.454545 | M38: ドプスＯＤ錠１００ｍｇ | N38: 343 | O38: 45.454545 | P38: モディオダール錠１００ｍｇ | Q38: 575 | R38: 41.666667
A39: 42 | B39: =MATCH(C39,統合マスタ!$C$5:$C$836,0) -> 777 | C39: ロイコボリン注３ｍｇ | D39: ボスミン注１ｍｇ | E39: 532 | F39: 55.555556 | G39: タケプロン静注用３０ｍｇ | H39: 265 | I39: 54.545455 | J39: インヴェガ錠３ｍｇ | K39: 65 | L39: 52.631579 | M39: トロペロン注４ｍｇ | N39: 364 | O39: 52.631579 | P39: デカドロン注射液３．３ｍｇ | Q39: 314 | R39: 52.173913
A40: 43 | B40: =MATCH(C40,統合マスタ!$C$5:$C$836,0) -> 807 | C40: 塩酸メトクロプラミド注射液１０ｍｇ「タカタ」 | D40: プリンペラン注射液１０ｍｇ | E40: 475 | F40: 51.428571 | G40: テトラミド錠１０ｍｇ | H40: 320 | I40: 50 | J40: フロセミド注２０ｍｇ「トーワ」 | K40: 490 | L40: 48.648649 | M40: シロスタゾールＯＤ錠１００ｍｇ「タカタ」 | N40: 205 | O40: 47.619048 | P40: ドルミカム注射液１０ｍｇ | Q40: 359 | R40: 47.058824
A41: 44 | B41: =MATCH(C41,統合マスタ!$C$5:$C$836,0) -> 808 | C41: 逆性石ケン液１０％「ヨシダ」 | D41: センブリ・重曹散「ヨシダ」 | E41: 246 | F41: 44.444444 | G41: テプレノン細粒１０％「ＹＤ」 | H41: 324 | I41: 42.857143 | J41: ケトチフェン点鼻液０．０５％「サワイ」 | K41: 164 | L41: 42.424242 | M41: ニコチン酸アミド散１０％「ゾンネ」 | N41: 369 | O41: 38.709677 | P41: ハロペリドール細粒１％「ヨシトミ」 | Q41: 410 | R41: 38.709677
A42: 45 | B42: =MATCH(C42,統合マスタ!$C$5:$C$836,0) -> 809 | C42: 重カマ「ヨシダ」（細粒状） | D42: センブリ・重曹散「ヨシダ」 | E42: 246 | F42: 46.153846
A43: 48 | B43: =MATCH(C43,統合マスタ!$C$5:$C$836,0) -> 814 | C43: 生食注シリンジ「ＮＰ」中口１０ｍｌ | D43: 生食注シリンジ「ＮＰ」 | E43: 223 | F43: 78.571429 | G43: キシロカイン注シリンジ０．５％ | H43: 126 | I43: 37.5 | J43: ヘパリンＮａロック用１０単位／ｍＬシリンジ「オーツカ」１０ｍＬ | K43: 513 | L43: 37.5 | M43: クラリチン錠１０ｍｇ | N43: 148 | O43: 37.037037 | P43: シングレア錠１０ｍｇ | Q43: 207 | R43: 37.037037
A44: 49 | B44: =MATCH(C44,統合マスタ!$C$5:$C$836,0) -> 817 | C44: 生理食塩液「ＶＴＲＳ」２０ｍｌ | D44: 生理食塩液「ＶＴＲＳ」 | E44: 224 | F44: 84.615385 | G44: 生理食塩液「ＶＴＲＳ」 | H44: 225 | I44: 84.615385 | J44: セフタジジム静注用１ｇ「ＶＴＲＳ」 | K44: 231 | L44: 37.5 | M44: プレドニゾロン錠１ｍｇ「ＶＴＲＳ」 | N44: 484 | O44: 37.5 | P44: プレドニゾロン錠５ｍｇ「ＶＴＲＳ」 | Q44: 485 | R44: 37.5
