Workbook

Sheet 統合マスタ
C3: 棚卸 | N3: マスタ
B4: no | C4: 名称 | D4: 2025年度卸 | E4: 包装形態 | F4: 容量 | G4: メーカー | H4: 新単位薬価 | I4: 2025年度薬価 | J4: 単位数量 | K4: 薬価単位 | L4: 2025年納入価格 | M4: 単位納入価 | N4: コード(区分値) | O4: コード | P4: 名称 | Q4: ホストコード | R4: 採用区分（区分値）(区分値) | S4: 採用区分（区分値） | T4: 薬価 | U4: カナ名称 | V4: 剤形(区分値) | W4: 剤形 | X4: 毒劇薬（区分値）(区分値) | Y4: 毒劇薬（区分値） | Z4: 場所番号 | AA4: 非採用/処置薬 | AB4: Excelシート | AC4: ソートキー | AD4: 数量合計
A5: =元データ!P2 -> 295 | B5: 1 | C5: =DBCS(元データ!A2) -> ００７ ツムラ ハチミジオウガン | D5: =元データ!B2 -> メディセオ | E5: =DBCS(元データ!C2) -> 粉 | F5: =DBCS(元データ!D2) -> ２．５ｇｘ１８９ | G5: =元データ!E2 -> ツムラ | H5: =元データ!F2 -> 9.8 | I5: =元データ!G2 -> 4630.5 | J5: =元データ!H2 -> 472.5 | K5: =元データ!I2 -> ｇ | L5: =元データ!J2 -> 4093 | M5: =元データ!K2 -> 8.6624339 | N5: =IF(OFFSET(マスタ非採用削除!A$4,統合マスタ!$A5,0)="","",OFFSET(マスタ非採用削除!A$4,統合マスタ!$A5,0)) -> ﾂﾑﾗ007 | O5: =IF(OFFSET(マスタ非採用削除!B$4,統合マスタ!$A5,0)="","",OFFSET(マスタ非採用削除!B$4,統合マスタ!$A5,0)) -> ﾂﾑﾗ007 | P5: =IF(OFFSET(マスタ非採用削除!C$4,統合マスタ!$A5,0)="","",OFFSET(マスタ非採用削除!C$4,統合マスタ!$A5,0)) -> ツムラ八味地黄丸エキス顆粒（医療用） | Q5: =IF(OFFSET(マスタ非採用削除!D$4,統合マスタ!$A5,0)="","",OFFSET(マスタ非採用削除!D$4,統合マスタ!$A5,0)) -> ﾊﾁﾐ | R5: =IF(OR(A5="非採用",A5="処置薬",A5="非採用特別"),0,IF(OFFSET(マスタ非採用削除!E$4,統合マスタ!$A5,0)="","",OFFSET(マスタ非採用削除!E$4,統合マスタ!$A5,0))) -> 2 | S5: =IF(OFFSET(マスタ非採用削除!F$4,統合マスタ!$A5,0)="","",OFFSET(マスタ非採用削除!F$4,統合マスタ!$A5,0)) | T5: =IF(OFFSET(マスタ非採用削除!G$4,統合マスタ!$A5,0)="","",OFFSET(マスタ非採用削除!G$4,統合マスタ!$A5,0)) -> 9.8 | U5: =IF(OFFSET(マスタ非採用削除!H$4,統合マスタ!$A5,0)="","",OFFSET(マスタ非採用削除!H$4,統合マスタ!$A5,0)) -> ﾂﾑﾗﾊﾁﾐｼﾞｵｳｶﾞﾝｴｷｽｶﾘｭｳ(ｲﾘｮｳﾖｳ) | V5: =IF(OFFSET(マスタ非採用削除!I$4,統合マスタ!$A5,0)="","",OFFSET(マスタ非採用削除!I$4,統合マスタ!$A5,0)) -> 3 | W5: =IF(OFFSET(マスタ非採用削除!J$4,統合マスタ!$A5,0)="","",OFFSET(マスタ非採用削除!J$4,統合マスタ!$A5,0)) -> 散 | X5: =IF(OFFSET(マスタ非採用削除!K$4,統合マスタ!$A5,0)="","",OFFSET(マスタ非採用削除!K$4,統合マスタ!$A5,0)) -> 0 | Y5: =IF(OFFSET(マスタ非採用削除!L$4,統合マスタ!$A5,0)="","",OFFSET(マスタ非採用削除!L$4,統合マスタ!$A5,0)) | Z5: =IF(OFFSET(マスタ非採用削除!M$4,統合マスタ!$A5,0)="","",OFFSET(マスタ非採用削除!M$4,統合マスタ!$A5,0)) -> 4 | AA5: =IF(A5="非採用","非採用",IF(A5="処置薬","処置薬","")) | AB5: =IF(A5="非採用特別","非採用特別",IF(R5=2,"臨時", IF(COUNTIF(分類!$H$8:$H$19, 統合マスタ!V5)>0, 分類!$G$7, IF(COUNTIF(分類!$K$8:$K$19, 統合マスタ!V5)>0, 分類!$J$7, IF(COUNTIF(分類!$N$8:$N$19, 統合マスタ!V5)>0, 分類!$M$7, IF(COUNTIF(分類!$Q$8:$Q$19, 統合マスタ!V5)>0, 分類!$P$7, IF(COUNTIF(分類!$T$8:$T$19, 統合マスタ!V5)>0, 分類!$S$7, "無し"))))))) -> 臨時 | AC5: =X5*100000+B5 -> 1 | AD5: {=IF(A5="非採用","非採用",OFFSET( INDIRECT("'" & AB5 & "'!A4"), MATCH(B5, INDIRECT("'" & AB5 & "'!C5:C1000"), 0), MATCH("合計", INDIRECT("'" & AB5 & "'!4:4"), 0) - 1 ))} -> 0
A6: =元データ!P3 -> 295 | B6: =B5+1 -> 2 | C6: =DBCS(元データ!A3) -> ００７ ツムラ ハチミジオウガン | D6: =元データ!B3 | E6: =DBCS(元データ!C3) -> 粉 | F6: =DBCS(元データ!D3) -> ２．５ｇｘ４２ | G6: =元データ!E3 -> ツムラ | H6: =元データ!F3 -> 9.8 | I6: =元データ!G3 -> 1029 | J6: =元データ!H3 -> 105 | K6: =元データ!I3 -> ｇ | L6: =元データ!J3 -> 935 | M6: =元データ!K3 -> 8.9047619 | N6: =IF(OFFSET(マスタ非採用削除!A$4,統合マスタ!$A6,0)="","",OFFSET(マスタ非採用削除!A$4,統合マスタ!$A6,0)) -> ﾂﾑﾗ007 | O6: =IF(OFFSET(マスタ非採用削除!B$4,統合マスタ!$A6,0)="","",OFFSET(マスタ非採用削除!B$4,統合マスタ!$A6,0)) -> ﾂﾑﾗ007 | P6: =IF(OFFSET(マスタ非採用削除!C$4,統合マスタ!$A6,0)="","",OFFSET(マスタ非採用削除!C$4,統合マスタ!$A6,0)) -> ツムラ八味地黄丸エキス顆粒（医療用） | Q6: =IF(OFFSET(マスタ非採用削除!D$4,統合マスタ!$A6,0)="","",OFFSET(マスタ非採用削除!D$4,統合マスタ!$A6,0)) -> ﾊﾁﾐ | R6: =IF(OR(A6="非採用",A6="処置薬",A6="非採用特別"),0,IF(OFFSET(マスタ非採用削除!E$4,統合マスタ!$A6,0)="","",OFFSET(マスタ非採用削除!E$4,統合マスタ!$A6,0))) -> 2 | S6: =IF(OFFSET(マスタ非採用削除!F$4,統合マスタ!$A6,0)="","",OFFSET(マスタ非採用削除!F$4,統合マスタ!$A6,0)) | T6: =IF(OFFSET(マスタ非採用削除!G$4,統合マスタ!$A6,0)="","",OFFSET(マスタ非採用削除!G$4,統合マスタ!$A6,0)) -> 9.8 | U6: =IF(OFFSET(マスタ非採用削除!H$4,統合マスタ!$A6,0)="","",OFFSET(マスタ非採用削除!H$4,統合マスタ!$A6,0)) -> ﾂﾑﾗﾊﾁﾐｼﾞｵｳｶﾞﾝｴｷｽｶﾘｭｳ(ｲﾘｮｳﾖｳ) | V6: =IF(OFFSET(マスタ非採用削除!I$4,統合マスタ!$A6,0)="","",OFFSET(マスタ非採用削除!I$4,統合マスタ!$A6,0)) -> 3 | W6: =IF(OFFSET(マスタ非採用削除!J$4,統合マスタ!$A6,0)="","",OFFSET(マスタ非採用削除!J$4,統合マスタ!$A6,0)) -> 散 | X6: =IF(OFFSET(マスタ非採用削除!K$4,統合マスタ!$A6,0)="","",OFFSET(マスタ非採用削除!K$4,統合マスタ!$A6,0)) -> 0 | Y6: =IF(OFFSET(マスタ非採用削除!L$4,統合マスタ!$A6,0)="","",OFFSET(マスタ非採用削除!L$4,統合マスタ!$A6,0)) | Z6: =IF(OFFSET(マスタ非採用削除!M$4,統合マスタ!$A6,0)="","",OFFSET(マスタ非採用削除!M$4,統合マスタ!$A6,0)) -> 4 | AA6: =IF(A6="非採用","非採用",IF(A6="処置薬","処置薬","")) | AB6: =IF(A6="非採用特別","非採用特別",IF(R6=2,"臨時", IF(COUNTIF(分類!$H$8:$H$19, 統合マスタ!V6)>0, 分類!$G$7, IF(COUNTIF(分類!$K$8:$K$19, 統合マスタ!V6)>0, 分類!$J$7, IF(COUNTIF(分類!$N$8:$N$19, 統合マスタ!V6)>0, 分類!$M$7, IF(COUNTIF(分類!$Q$8:$Q$19, 統合マスタ!V6)>0, 分類!$P$7, IF(COUNTIF(分類!$T$8:$T$19, 統合マスタ!V6)>0, 分類!$S$7, "無し"))))))) -> 臨時 | AC6: =X6*100000+B6 -> 2 | AD6: {=IF(A6="非採用","非採用",OFFSET( INDIRECT("'" & AB6 & "'!A4"), MATCH(B6, INDIRECT("'" & AB6 & "'!C5:C1000"), 0), MATCH("合計", INDIRECT("'" & AB6 & "'!4:4"), 0) - 1 ))} -> 0
A7: =元データ!P4 -> 296 | B7: =B6+1 -> 3 | C7: =DBCS(元データ!A4) -> ０１２ ツムラ サイコカリュウコツボレイトウ | D7: =元データ!B4 -> メディセオ | E7: =DBCS(元データ!C4) -> 粉 | F7: =DBCS(元データ!D4) -> ２．５ｇｘ１８９ | G7: =元データ!E4 -> ツムラ | H7: =元データ!F4 -> 20.3 | I7: =元データ!G4 -> 9591.75 | J7: =元データ!H4 -> 472.5 | K7: =元データ!I4 -> g | L7: =元データ!J4 -> 8544 | M7: =元データ!K4 -> 18.08254 | N7: =IF(OFFSET(マスタ非採用削除!A$4,統合マスタ!$A7,0)="","",OFFSET(マスタ非採用削除!A$4,統合マスタ!$A7,0)) -> ﾂﾑﾗ012 | O7: =IF(OFFSET(マスタ非採用削除!B$4,統合マスタ!$A7,0)="","",OFFSET(マスタ非採用削除!B$4,統合マスタ!$A7,0)) -> ﾂﾑﾗ012 | P7: =IF(OFFSET(マスタ非採用削除!C$4,統合マスタ!$A7,0)="","",OFFSET(マスタ非採用削除!C$4,統合マスタ!$A7,0)) -> ツムラ柴胡加竜骨牡蛎湯エキス顆粒（医療用） | Q7: =IF(OFFSET(マスタ非採用削除!D$4,統合マスタ!$A7,0)="","",OFFSET(マスタ非採用削除!D$4,統合マスタ!$A7,0)) -> ｻｲｺ | R7: =IF(OR(A7="非採用",A7="処置薬",A7="非採用特別"),0,IF(OFFSET(マスタ非採用削除!E$4,統合マスタ!$A7,0)="","",OFFSET(マスタ非採用削除!E$4,統合マスタ!$A7,0))) -> 2 | S7: =IF(OFFSET(マスタ非採用削除!F$4,統合マスタ!$A7,0)="","",OFFSET(マスタ非採用削除!F$4,統合マスタ!$A7,0)) | T7: =IF(OFFSET(マスタ非採用削除!G$4,統合マスタ!$A7,0)="","",OFFSET(マスタ非採用削除!G$4,統合マスタ!$A7,0)) -> 20.3 | U7: =IF(OFFSET(マスタ非採用削除!H$4,統合マスタ!$A7,0)="","",OFFSET(マスタ非採用削除!H$4,統合マスタ!$A7,0)) -> ﾂﾑﾗｻｲｺｶﾘｭｳｺﾂﾎﾞﾚｲﾄｳｴｷｽｶﾘｭｳ(ｲﾘｮｳﾖｳ) | V7: =IF(OFFSET(マスタ非採用削除!I$4,統合マスタ!$A7,0)="","",OFFSET(マスタ非採用削除!I$4,統合マスタ!$A7,0)) -> 3 | W7: =IF(OFFSET(マスタ非採用削除!J$4,統合マスタ!$A7,0)="","",OFFSET(マスタ非採用削除!J$4,統合マスタ!$A7,0)) -> 散 | X7: =IF(OFFSET(マスタ非採用削除!K$4,統合マスタ!$A7,0)="","",OFFSET(マスタ非採用削除!K$4,統合マスタ!$A7,0)) -> 0 | Y7: =IF(OFFSET(マスタ非採用削除!L$4,統合マスタ!$A7,0)="","",OFFSET(マスタ非採用削除!L$4,統合マスタ!$A7,0)) | Z7: =IF(OFFSET(マスタ非採用削除!M$4,統合マスタ!$A7,0)="","",OFFSET(マスタ非採用削除!M$4,統合マスタ!$A7,0)) -> 4 | AA7: =IF(A7="非採用","非採用",IF(A7="処置薬","処置薬","")) | AB7: =IF(A7="非採用特別","非採用特別",IF(R7=2,"臨時", IF(COUNTIF(分類!$H$8:$H$19, 統合マスタ!V7)>0, 分類!$G$7, IF(COUNTIF(分類!$K$8:$K$19, 統合マスタ!V7)>0, 分類!$J$7, IF(COUNTIF(分類!$N$8:$N$19, 統合マスタ!V7)>0, 分類!$M$7, IF(COUNTIF(分類!$Q$8:$Q$19, 統合マスタ!V7)>0, 分類!$P$7, IF(COUNTIF(分類!$T$8:$T$19, 統合マスタ!V7)>0, 分類!$S$7, "無し"))))))) -> 臨時 | AC7: =X7*100000+B7 -> 3 | AD7: {=IF(A7="非採用","非採用",OFFSET( INDIRECT("'" & AB7 & "'!A4"), MATCH(B7, INDIRECT("'" & AB7 & "'!C5:C1000"), 0), MATCH("合計", INDIRECT("'" & AB7 & "'!4:4"), 0) - 1 ))} -> 0
A8: =元データ!P5 -> 297 | B8: =B7+1 -> 4 | C8: =DBCS(元データ!A5) -> ０１６ ツムラ ハンゲコウボクトウ | D8: =元データ!B5 -> メディセオ | E8: =DBCS(元データ!C5) -> 粉 | F8: =DBCS(元データ!D5) -> ２．５ｇｘ１８９ | G8: =元データ!E5 -> ツムラ | H8: =元データ!F5 -> 14.6 | I8: =元データ!G5 -> 6898.5 | J8: =元データ!H5 -> 472.5 | K8: =元データ!I5 -> ｇ | L8: =元データ!J5 -> 6211 | M8: =元データ!K5 -> 13.144974 | N8: =IF(OFFSET(マスタ非採用削除!A$4,統合マスタ!$A8,0)="","",OFFSET(マスタ非採用削除!A$4,統合マスタ!$A8,0)) -> ﾂﾑﾗ016 | O8: =IF(OFFSET(マスタ非採用削除!B$4,統合マスタ!$A8,0)="","",OFFSET(マスタ非採用削除!B$4,統合マスタ!$A8,0)) -> ﾂﾑﾗ016 | P8: =IF(OFFSET(マスタ非採用削除!C$4,統合マスタ!$A8,0)="","",OFFSET(マスタ非採用削除!C$4,統合マスタ!$A8,0)) -> ツムラ半夏厚朴湯エキス顆粒（医療用） | Q8: =IF(OFFSET(マスタ非採用削除!D$4,統合マスタ!$A8,0)="","",OFFSET(マスタ非採用削除!D$4,統合マスタ!$A8,0)) -> ﾊﾝｹﾞｺ | R8: =IF(OR(A8="非採用",A8="処置薬",A8="非採用特別"),0,IF(OFFSET(マスタ非採用削除!E$4,統合マスタ!$A8,0)="","",OFFSET(マスタ非採用削除!E$4,統合マスタ!$A8,0))) -> 2 | S8: =IF(OFFSET(マスタ非採用削除!F$4,統合マスタ!$A8,0)="","",OFFSET(マスタ非採用削除!F$4,統合マスタ!$A8,0)) | T8: =IF(OFFSET(マスタ非採用削除!G$4,統合マスタ!$A8,0)="","",OFFSET(マスタ非採用削除!G$4,統合マスタ!$A8,0)) -> 14.6 | U8: =IF(OFFSET(マスタ非採用削除!H$4,統合マスタ!$A8,0)="","",OFFSET(マスタ非採用削除!H$4,統合マスタ!$A8,0)) -> ﾂﾑﾗﾊﾝｹﾞｺｳﾎﾞｸﾄｳｴｷｽｶﾘｭｳ(ｲﾘｮｳﾖｳ) | V8: =IF(OFFSET(マスタ非採用削除!I$4,統合マスタ!$A8,0)="","",OFFSET(マスタ非採用削除!I$4,統合マスタ!$A8,0)) -> 3 | W8: =IF(OFFSET(マスタ非採用削除!J$4,統合マスタ!$A8,0)="","",OFFSET(マスタ非採用削除!J$4,統合マスタ!$A8,0)) -> 散 | X8: =IF(OFFSET(マスタ非採用削除!K$4,統合マスタ!$A8,0)="","",OFFSET(マスタ非採用削除!K$4,統合マスタ!$A8,0)) -> 0 | Y8: =IF(OFFSET(マスタ非採用削除!L$4,統合マスタ!$A8,0)="","",OFFSET(マスタ非採用削除!L$4,統合マスタ!$A8,0)) | Z8: =IF(OFFSET(マスタ非採用削除!M$4,統合マスタ!$A8,0)="","",OFFSET(マスタ非採用削除!M$4,統合マスタ!$A8,0)) -> 4 | AA8: =IF(A8="非採用","非採用",IF(A8="処置薬","処置薬","")) | AB8: =IF(A8="非採用特別","非採用特別",IF(R8=2,"臨時", IF(COUNTIF(分類!$H$8:$H$19, 統合マスタ!V8)>0, 分類!$G$7, IF(COUNTIF(分類!$K$8:$K$19, 統合マスタ!V8)>0, 分類!$J$7, IF(COUNTIF(分類!$N$8:$N$19, 統合マスタ!V8)>0, 分類!$M$7, IF(COUNTIF(分類!$Q$8:$Q$19, 統合マスタ!V8)>0, 分類!$P$7, IF(COUNTIF(分類!$T$8:$T$19, 統合マスタ!V8)>0, 分類!$S$7, "無し"))))))) -> 臨時 | AC8: =X8*100000+B8 -> 4 | AD8: {=IF(A8="非採用","非採用",OFFSET( INDIRECT("'" & AB8 & "'!A4"), MATCH(B8, INDIRECT("'" & AB8 & "'!C5:C1000"), 0), MATCH("合計", INDIRECT("'" & AB8 & "'!4:4"), 0) - 1 ))} -> 0
A9: =元データ!P6 -> 298 | B9: =B8+1 -> 5 | C9: =DBCS(元データ!A6) -> ０１７ ツムラ ゴレイサン | D9: =元データ!B6 -> メディセオ | E9: =DBCS(元データ!C6) -> 粉 | F9: =DBCS(元データ!D6) -> ２．５ｇｘ１８９ | G9: =元データ!E6 -> ツムラ | H9: =元データ!F6 -> 13.6 | I9: =元データ!G6 -> 6426 | J9: =元データ!H6 -> 472.5 | K9: =元データ!I6 -> g | L9: =元データ!J6 -> 5728 | M9: =元データ!K6 -> 12.122751 | N9: =IF(OFFSET(マスタ非採用削除!A$4,統合マスタ!$A9,0)="","",OFFSET(マスタ非採用削除!A$4,統合マスタ!$A9,0)) -> ﾂﾑﾗ017 | O9: =IF(OFFSET(マスタ非採用削除!B$4,統合マスタ!$A9,0)="","",OFFSET(マスタ非採用削除!B$4,統合マスタ!$A9,0)) -> ﾂﾑﾗ017 | P9: =IF(OFFSET(マスタ非採用削除!C$4,統合マスタ!$A9,0)="","",OFFSET(マスタ非採用削除!C$4,統合マスタ!$A9,0)) -> ツムラ五苓散エキス顆粒（医療用） | Q9: =IF(OFFSET(マスタ非採用削除!D$4,統合マスタ!$A9,0)="","",OFFSET(マスタ非採用削除!D$4,統合マスタ!$A9,0)) -> ｺﾞﾚｲ | R9: =IF(OR(A9="非採用",A9="処置薬",A9="非採用特別"),0,IF(OFFSET(マスタ非採用削除!E$4,統合マスタ!$A9,0)="","",OFFSET(マスタ非採用削除!E$4,統合マスタ!$A9,0))) -> 1 | S9: =IF(OFFSET(マスタ非採用削除!F$4,統合マスタ!$A9,0)="","",OFFSET(マスタ非採用削除!F$4,統合マスタ!$A9,0)) | T9: =IF(OFFSET(マスタ非採用削除!G$4,統合マスタ!$A9,0)="","",OFFSET(マスタ非採用削除!G$4,統合マスタ!$A9,0)) -> 13.6 | U9: =IF(OFFSET(マスタ非採用削除!H$4,統合マスタ!$A9,0)="","",OFFSET(マスタ非採用削除!H$4,統合マスタ!$A9,0)) -> ﾂﾑﾗｺﾞﾚｲｻﾝｴｷｽｶﾘｭｳ(ｲﾘｮｳﾖｳ) | V9: =IF(OFFSET(マスタ非採用削除!I$4,統合マスタ!$A9,0)="","",OFFSET(マスタ非採用削除!I$4,統合マスタ!$A9,0)) -> 3 | W9: =IF(OFFSET(マスタ非採用削除!J$4,統合マスタ!$A9,0)="","",OFFSET(マスタ非採用削除!J$4,統合マスタ!$A9,0)) -> 散 | X9: =IF(OFFSET(マスタ非採用削除!K$4,統合マスタ!$A9,0)="","",OFFSET(マスタ非採用削除!K$4,統合マスタ!$A9,0)) -> 0 | Y9: =IF(OFFSET(マスタ非採用削除!L$4,統合マスタ!$A9,0)="","",OFFSET(マスタ非採用削除!L$4,統合マスタ!$A9,0)) | Z9: =IF(OFFSET(マスタ非採用削除!M$4,統合マスタ!$A9,0)="","",OFFSET(マスタ非採用削除!M$4,統合マスタ!$A9,0)) -> 4 | AA9: =IF(A9="非採用","非採用",IF(A9="処置薬","処置薬","")) | AB9: =IF(A9="非採用特別","非採用特別",IF(R9=2,"臨時", IF(COUNTIF(分類!$H$8:$H$19, 統合マスタ!V9)>0, 分類!$G$7, IF(COUNTIF(分類!$K$8:$K$19, 統合マスタ!V9)>0, 分類!$J$7, IF(COUNTIF(分類!$N$8:$N$19, 統合マスタ!V9)>0, 分類!$M$7, IF(COUNTIF(分類!$Q$8:$Q$19, 統合マスタ!V9)>0, 分類!$P$7, IF(COUNTIF(分類!$T$8:$T$19, 統合マスタ!V9)>0, 分類!$S$7, "無し"))))))) -> 散剤 | AC9: =X9*100000+B9 -> 5 | AD9: {=IF(A9="非採用","非採用",OFFSET( INDIRECT("'" & AB9 & "'!A4"), MATCH(B9, INDIRECT("'" & AB9 & "'!C5:C1000"), 0), MATCH("合計", INDIRECT("'" & AB9 & "'!4:4"), 0) - 1 ))} -> 0
A10: =元データ!P7 -> 299 | B10: =B9+1 -> 6 | C10: =DBCS(元データ!A7) -> ０１９ ツムラ ショウセイリュウトウ | D10: =元データ!B7 -> メディセオ | E10: =DBCS(元データ!C7) -> 粉 | F10: =DBCS(元データ!D7) -> ３ｇＸ４２ | G10: =元データ!E7 -> ツムラ | H10: =元データ!F7 -> 12.8 | I10: =元データ!G7 -> 1612.8 | J10: =元データ!H7 -> 126 | K10: =元データ!I7 -> g | L10: =元データ!J7 -> 1465 | M10: =元データ!K7 -> 11.626984 | N10: =IF(OFFSET(マスタ非採用削除!A$4,統合マスタ!$A10,0)="","",OFFSET(マスタ非採用削除!A$4,統合マスタ!$A10,0)) -> ﾂﾑﾗ019 | O10: =IF(OFFSET(マスタ非採用削除!B$4,統合マスタ!$A10,0)="","",OFFSET(マスタ非採用削除!B$4,統合マスタ!$A10,0)) -> ﾂﾑﾗ019 | P10: =IF(OFFSET(マスタ非採用削除!C$4,統合マスタ!$A10,0)="","",OFFSET(マスタ非採用削除!C$4,統合マスタ!$A10,0)) -> ツムラ小青竜湯エキス顆粒（医療用） | Q10: =IF(OFFSET(マスタ非採用削除!D$4,統合マスタ!$A10,0)="","",OFFSET(マスタ非採用削除!D$4,統合マスタ!$A10,0)) | R10: =IF(OR(A10="非採用",A10="処置薬",A10="非採用特別"),0,IF(OFFSET(マスタ非採用削除!E$4,統合マスタ!$A10,0)="","",OFFSET(マスタ非採用削除!E$4,統合マスタ!$A10,0))) -> 2 | S10: =IF(OFFSET(マスタ非採用削除!F$4,統合マスタ!$A10,0)="","",OFFSET(マスタ非採用削除!F$4,統合マスタ!$A10,0)) | T10: =IF(OFFSET(マスタ非採用削除!G$4,統合マスタ!$A10,0)="","",OFFSET(マスタ非採用削除!G$4,統合マスタ!$A10,0)) -> 12.8 | U10: =IF(OFFSET(マスタ非採用削除!H$4,統合マスタ!$A10,0)="","",OFFSET(マスタ非採用削除!H$4,統合マスタ!$A10,0)) -> ﾂﾑﾗｼﾖｳｾｲﾘﾕｳﾄｳｴｷｽｶﾘﾕｳｲﾘﾖｳﾖｳ | V10: =IF(OFFSET(マスタ非採用削除!I$4,統合マスタ!$A10,0)="","",OFFSET(マスタ非採用削除!I$4,統合マスタ!$A10,0)) -> 5 | W10: =IF(OFFSET(マスタ非採用削除!J$4,統合マスタ!$A10,0)="","",OFFSET(マスタ非採用削除!J$4,統合マスタ!$A10,0)) -> 顆粒 | X10: =IF(OFFSET(マスタ非採用削除!K$4,統合マスタ!$A10,0)="","",OFFSET(マスタ非採用削除!K$4,統合マスタ!$A10,0)) -> 0 | Y10: =IF(OFFSET(マスタ非採用削除!L$4,統合マスタ!$A10,0)="","",OFFSET(マスタ非採用削除!L$4,統合マスタ!$A10,0)) | Z10: =IF(OFFSET(マスタ非採用削除!M$4,統合マスタ!$A10,0)="","",OFFSET(マスタ非採用削除!M$4,統合マスタ!$A10,0)) -> 4 | AA10: =IF(A10="非採用","非採用",IF(A10="処置薬","処置薬","")) | AB10: =IF(A10="非採用特別","非採用特別",IF(R10=2,"臨時", IF(COUNTIF(分類!$H$8:$H$19, 統合マスタ!V10)>0, 分類!$G$7, IF(COUNTIF(分類!$K$8:$K$19, 統合マスタ!V10)>0, 分類!$J$7, IF(COUNTIF(分類!$N$8:$N$19, 統合マスタ!V10)>0, 分類!$M$7, IF(COUNTIF(分類!$Q$8:$Q$19, 統合マスタ!V10)>0, 分類!$P$7, IF(COUNTIF(分類!$T$8:$T$19, 統合マスタ!V10)>0, 分類!$S$7, "無し"))))))) -> 臨時 | AC10: =X10*100000+B10 -> 6 | AD10: {=IF(A10="非採用","非採用",OFFSET( INDIRECT("'" & AB10 & "'!A4"), MATCH(B10, INDIRECT("'" & AB10 & "'!C5:C1000"), 0), MATCH("合計", INDIRECT("'" & AB10 & "'!4:4"), 0) - 1 ))} -> 0
A11: =元データ!P8 -> 301 | B11: =B10+1 -> 7 | C11: =DBCS(元データ!A8) -> ０４３ ツムラ リツクンシトウ | D11: =元データ!B8 -> メディセオ | E11: =DBCS(元データ!C8) -> 粉 | F11: =DBCS(元データ!D8) -> ２．５ｇｘ１８９ | G11: =元データ!E8 -> ツムラ | H11: =元データ!F8 -> 18 | I11: =元データ!G8 -> 8505 | J11: =元データ!H8 -> 472.5 | K11: =元データ!I8 -> g | L11: =元データ!J8 -> 7576 | M11: =元データ!K8 -> 16.033862 | N11: =IF(OFFSET(マスタ非採用削除!A$4,統合マスタ!$A11,0)="","",OFFSET(マスタ非採用削除!A$4,統合マスタ!$A11,0)) -> ﾂﾑﾗ043 | O11: =IF(OFFSET(マスタ非採用削除!B$4,統合マスタ!$A11,0)="","",OFFSET(マスタ非採用削除!B$4,統合マスタ!$A11,0)) -> ﾂﾑﾗ043 | P11: =IF(OFFSET(マスタ非採用削除!C$4,統合マスタ!$A11,0)="","",OFFSET(マスタ非採用削除!C$4,統合マスタ!$A11,0)) -> ツムラ六君子湯エキス顆粒（医療用） | Q11: =IF(OFFSET(マスタ非採用削除!D$4,統合マスタ!$A11,0)="","",OFFSET(マスタ非採用削除!D$4,統合マスタ!$A11,0)) -> ﾘｯｸ | R11: =IF(OR(A11="非採用",A11="処置薬",A11="非採用特別"),0,IF(OFFSET(マスタ非採用削除!E$4,統合マスタ!$A11,0)="","",OFFSET(マスタ非採用削除!E$4,統合マスタ!$A11,0))) -> 2 | S11: =IF(OFFSET(マスタ非採用削除!F$4,統合マスタ!$A11,0)="","",OFFSET(マスタ非採用削除!F$4,統合マスタ!$A11,0)) | T11: =IF(OFFSET(マスタ非採用削除!G$4,統合マスタ!$A11,0)="","",OFFSET(マスタ非採用削除!G$4,統合マスタ!$A11,0)) -> 18 | U11: =IF(OFFSET(マスタ非採用削除!H$4,統合マスタ!$A11,0)="","",OFFSET(マスタ非採用削除!H$4,統合マスタ!$A11,0)) -> ﾂﾑﾗﾘｯｸﾝｼﾄｳｴｷｽｶﾘｭｳ(ｲﾘｮｳﾖｳ) | V11: =IF(OFFSET(マスタ非採用削除!I$4,統合マスタ!$A11,0)="","",OFFSET(マスタ非採用削除!I$4,統合マスタ!$A11,0)) -> 3 | W11: =IF(OFFSET(マスタ非採用削除!J$4,統合マスタ!$A11,0)="","",OFFSET(マスタ非採用削除!J$4,統合マスタ!$A11,0)) -> 散 | X11: =IF(OFFSET(マスタ非採用削除!K$4,統合マスタ!$A11,0)="","",OFFSET(マスタ非採用削除!K$4,統合マスタ!$A11,0)) -> 0 | Y11: =IF(OFFSET(マスタ非採用削除!L$4,統合マスタ!$A11,0)="","",OFFSET(マスタ非採用削除!L$4,統合マスタ!$A11,0)) | Z11: =IF(OFFSET(マスタ非採用削除!M$4,統合マスタ!$A11,0)="","",OFFSET(マスタ非採用削除!M$4,統合マスタ!$A11,0)) -> 4 | AA11: =IF(A11="非採用","非採用",IF(A11="処置薬","処置薬","")) | AB11: =IF(A11="非採用特別","非採用特別",IF(R11=2,"臨時", IF(COUNTIF(分類!$H$8:$H$19, 統合マスタ!V11)>0, 分類!$G$7, IF(COUNTIF(分類!$K$8:$K$19, 統合マスタ!V11)>0, 分類!$J$7, IF(COUNTIF(分類!$N$8:$N$19, 統合マスタ!V11)>0, 分類!$M$7, IF(COUNTIF(分類!$Q$8:$Q$19, 統合マスタ!V11)>0, 分類!$P$7, IF(COUNTIF(分類!$T$8:$T$19, 統合マスタ!V11)>0, 分類!$S$7, "無し"))))))) -> 臨時 | AC11: =X11*100000+B11 -> 7 | AD11: {=IF(A11="非採用","非採用",OFFSET( INDIRECT("'" & AB11 & "'!A4"), MATCH(B11, INDIRECT("'" & AB11 & "'!C5:C1000"), 0), MATCH("合計", INDIRECT("'" & AB11 & "'!4:4"), 0) - 1 ))} -> 0
A12: =元データ!P9 -> 非採用 | B12: =B11+1 -> 8 | C12: =DBCS(元データ!A9) -> ０４８ ツムラ ジュウゼンタイホトウ | D12: =元データ!B9 | E12: =DBCS(元データ!C9) -> 粉 | F12: =DBCS(元データ!D9) -> ２．５ｇｘ１８９包 | G12: =元データ!E9 -> ツムラ | H12: =元データ!F9 -> 18.4 | I12: =元データ!G9 -> 8694 | J12: =元データ!H9 -> 472.5 | K12: =元データ!I9 -> g | L12: =元データ!J9 -> 7750 | M12: =元データ!K9 -> 16.402116 | N12: =IF(OFFSET(マスタ非採用削除!A$4,統合マスタ!$A12,0)="","",OFFSET(マスタ非採用削除!A$4,統合マスタ!$A12,0)) -> #VALUE! | O12: =IF(OFFSET(マスタ非採用削除!B$4,統合マスタ!$A12,0)="","",OFFSET(マスタ非採用削除!B$4,統合マスタ!$A12,0)) -> #VALUE! | P12: =IF(OFFSET(マスタ非採用削除!C$4,統合マスタ!$A12,0)="","",OFFSET(マスタ非採用削除!C$4,統合マスタ!$A12,0)) -> #VALUE! | Q12: =IF(OFFSET(マスタ非採用削除!D$4,統合マスタ!$A12,0)="","",OFFSET(マスタ非採用削除!D$4,統合マスタ!$A12,0)) -> #VALUE! | R12: =IF(OR(A12="非採用",A12="処置薬",A12="非採用特別"),0,IF(OFFSET(マスタ非採用削除!E$4,統合マスタ!$A12,0)="","",OFFSET(マスタ非採用削除!E$4,統合マスタ!$A12,0))) -> 0 | S12: =IF(OFFSET(マスタ非採用削除!F$4,統合マスタ!$A12,0)="","",OFFSET(マスタ非採用削除!F$4,統合マスタ!$A12,0)) -> #VALUE! | T12: =IF(OFFSET(マスタ非採用削除!G$4,統合マスタ!$A12,0)="","",OFFSET(マスタ非採用削除!G$4,統合マスタ!$A12,0)) -> #VALUE! | U12: =IF(OFFSET(マスタ非採用削除!H$4,統合マスタ!$A12,0)="","",OFFSET(マスタ非採用削除!H$4,統合マスタ!$A12,0)) -> #VALUE! | V12: =IF(OFFSET(マスタ非採用削除!I$4,統合マスタ!$A12,0)="","",OFFSET(マスタ非採用削除!I$4,統合マスタ!$A12,0)) -> #VALUE! | W12: =IF(OFFSET(マスタ非採用削除!J$4,統合マスタ!$A12,0)="","",OFFSET(マスタ非採用削除!J$4,統合マスタ!$A12,0)) -> #VALUE! | X12: =IF(OFFSET(マスタ非採用削除!K$4,統合マスタ!$A12,0)="","",OFFSET(マスタ非採用削除!K$4,統合マスタ!$A12,0)) -> #VALUE! | Y12: =IF(OFFSET(マスタ非採用削除!L$4,統合マスタ!$A12,0)="","",OFFSET(マスタ非採用削除!L$4,統合マスタ!$A12,0)) -> #VALUE! | Z12: =IF(OFFSET(マスタ非採用削除!M$4,統合マスタ!$A12,0)="","",OFFSET(マスタ非採用削除!M$4,統合マスタ!$A12,0)) -> #VALUE! | AA12: =IF(A12="非採用","非採用",IF(A12="処置薬","処置薬","")) -> 非採用 | AB12: =IF(A12="非採用特別","非採用特別",IF(R12=2,"臨時", IF(COUNTIF(分類!$H$8:$H$19, 統合マスタ!V12)>0, 分類!$G$7, IF(COUNTIF(分類!$K$8:$K$19, 統合マスタ!V12)>0, 分類!$J$7, IF(COUNTIF(分類!$N$8:$N$19, 統合マスタ!V12)>0, 分類!$M$7, IF(COUNTIF(分類!$Q$8:$Q$19, 統合マスタ!V12)>0, 分類!$P$7, IF(COUNTIF(分類!$T$8:$T$19, 統合マスタ!V12)>0, 分類!$S$7, "無し"))))))) -> 無し | AC12: =X12*100000+B12 -> #VALUE! | AD12: {=IF(A12="非採用","非採用",OFFSET( INDIRECT("'" & AB12 & "'!A4"), MATCH(B12, INDIRECT("'" & AB12 & "'!C5:C1000"), 0), MATCH("合計", INDIRECT("'" & AB12 & "'!4:4"), 0) - 1 ))} -> 非採用
A13: =元データ!P10 -> 302 | B13: =B12+1 -> 9 | C13: =DBCS(元データ!A10) -> ０５４ ツムラ ヨクカンサン | D13: =元データ!B10 -> メディセオ | E13: =DBCS(元データ!C10) -> 粉 | F13: =DBCS(元データ!D10) -> ２．５ｇＸ１８９ | G13: =元データ!E10 -> ツムラ | H13: =元データ!F10 -> 16.1 | I13: =元データ!G10 -> 7607.25 | J13: =元データ!H10 -> 472.5 | K13: =元データ!I10 -> g | L13: =元データ!J10 -> 6849 | M13: =元データ!K10 -> 14.495238 | N13: =IF(OFFSET(マスタ非採用削除!A$4,統合マスタ!$A13,0)="","",OFFSET(マスタ非採用削除!A$4,統合マスタ!$A13,0)) -> ﾂﾑﾗ054 | O13: =IF(OFFSET(マスタ非採用削除!B$4,統合マスタ!$A13,0)="","",OFFSET(マスタ非採用削除!B$4,統合マスタ!$A13,0)) -> ﾂﾑﾗ054 | P13: =IF(OFFSET(マスタ非採用削除!C$4,統合マスタ!$A13,0)="","",OFFSET(マスタ非採用削除!C$4,統合マスタ!$A13,0)) -> ツムラ抑肝散エキス顆粒（医療用） | Q13: =IF(OFFSET(マスタ非採用削除!D$4,統合マスタ!$A13,0)="","",OFFSET(マスタ非採用削除!D$4,統合マスタ!$A13,0)) -> ﾖｸｶ | R13: =IF(OR(A13="非採用",A13="処置薬",A13="非採用特別"),0,IF(OFFSET(マスタ非採用削除!E$4,統合マスタ!$A13,0)="","",OFFSET(マスタ非採用削除!E$4,統合マスタ!$A13,0))) -> 1 | S13: =IF(OFFSET(マスタ非採用削除!F$4,統合マスタ!$A13,0)="","",OFFSET(マスタ非採用削除!F$4,統合マスタ!$A13,0)) | T13: =IF(OFFSET(マスタ非採用削除!G$4,統合マスタ!$A13,0)="","",OFFSET(マスタ非採用削除!G$4,統合マスタ!$A13,0)) -> 16.1 | U13: =IF(OFFSET(マスタ非採用削除!H$4,統合マスタ!$A13,0)="","",OFFSET(マスタ非採用削除!H$4,統合マスタ!$A13,0)) -> ﾂﾑﾗﾖｸｶﾝｻﾝｴｷｽｶﾘｭｳ(ｲﾘｮｳﾖｳ) | V13: =IF(OFFSET(マスタ非採用削除!I$4,統合マスタ!$A13,0)="","",OFFSET(マスタ非採用削除!I$4,統合マスタ!$A13,0)) -> 3 | W13: =IF(OFFSET(マスタ非採用削除!J$4,統合マスタ!$A13,0)="","",OFFSET(マスタ非採用削除!J$4,統合マスタ!$A13,0)) -> 散 | X13: =IF(OFFSET(マスタ非採用削除!K$4,統合マスタ!$A13,0)="","",OFFSET(マスタ非採用削除!K$4,統合マスタ!$A13,0)) -> 0 | Y13: =IF(OFFSET(マスタ非採用削除!L$4,統合マスタ!$A13,0)="","",OFFSET(マスタ非採用削除!L$4,統合マスタ!$A13,0)) | Z13: =IF(OFFSET(マスタ非採用削除!M$4,統合マスタ!$A13,0)="","",OFFSET(マスタ非採用削除!M$4,統合マスタ!$A13,0)) -> 4 | AA13: =IF(A13="非採用","非採用",IF(A13="処置薬","処置薬","")) | AB13: =IF(A13="非採用特別","非採用特別",IF(R13=2,"臨時", IF(COUNTIF(分類!$H$8:$H$19, 統合マスタ!V13)>0, 分類!$G$7, IF(COUNTIF(分類!$K$8:$K$19, 統合マスタ!V13)>0, 分類!$J$7, IF(COUNTIF(分類!$N$8:$N$19, 統合マスタ!V13)>0, 分類!$M$7, IF(COUNTIF(分類!$Q$8:$Q$19, 統合マスタ!V13)>0, 分類!$P$7, IF(COUNTIF(分類!$T$8:$T$19, 統合マスタ!V13)>0, 分類!$S$7, "無し"))))))) -> 散剤 | AC13: =X13*100000+B13 -> 9 | AD13: {=IF(A13="非採用","非採用",OFFSET( INDIRECT("'" & AB13 & "'!A4"), MATCH(B13, INDIRECT("'" & AB13 & "'!C5:C1000"), 0), MATCH("合計", INDIRECT("'" & AB13 & "'!4:4"), 0) - 1 ))} -> 0
A14: =元データ!P11 -> 303 | B14: =B13+1 -> 10 | C14: =DBCS(元データ!A11) -> ０６２ ツムラ ボウフウツウシヨウサン | D14: =元データ!B11 -> メディセオ | E14: =DBCS(元データ!C11) -> 粉 | F14: =DBCS(元データ!D11) -> ２．５ｇｘ１８９ | G14: =元データ!E11 -> ツムラ | H14: =元データ!F11 -> 13.8 | I14: =元データ!G11 -> 6520.5 | J14: =元データ!H11 -> 472.5 | K14: =元データ!I11 -> g | L14: =元データ!J11 -> 5871 | M14: =元データ!K11 -> 12.425397 | N14: =IF(OFFSET(マスタ非採用削除!A$4,統合マスタ!$A14,0)="","",OFFSET(マスタ非採用削除!A$4,統合マスタ!$A14,0)) -> ﾂﾑﾗ062 | O14: =IF(OFFSET(マスタ非採用削除!B$4,統合マスタ!$A14,0)="","",OFFSET(マスタ非採用削除!B$4,統合マスタ!$A14,0)) -> ﾂﾑﾗ062 | P14: =IF(OFFSET(マスタ非採用削除!C$4,統合マスタ!$A14,0)="","",OFFSET(マスタ非採用削除!C$4,統合マスタ!$A14,0)) -> ツムラ防風通聖散エキス顆粒（医療用） | Q14: =IF(OFFSET(マスタ非採用削除!D$4,統合マスタ!$A14,0)="","",OFFSET(マスタ非採用削除!D$4,統合マスタ!$A14,0)) -> ﾎﾞｳﾌｳ | R14: =IF(OR(A14="非採用",A14="処置薬",A14="非採用特別"),0,IF(OFFSET(マスタ非採用削除!E$4,統合マスタ!$A14,0)="","",OFFSET(マスタ非採用削除!E$4,統合マスタ!$A14,0))) -> 1 | S14: =IF(OFFSET(マスタ非採用削除!F$4,統合マスタ!$A14,0)="","",OFFSET(マスタ非採用削除!F$4,統合マスタ!$A14,0)) | T14: =IF(OFFSET(マスタ非採用削除!G$4,統合マスタ!$A14,0)="","",OFFSET(マスタ非採用削除!G$4,統合マスタ!$A14,0)) -> 13.8 | U14: =IF(OFFSET(マスタ非採用削除!H$4,統合マスタ!$A14,0)="","",OFFSET(マスタ非採用削除!H$4,統合マスタ!$A14,0)) -> ﾂﾑﾗﾎﾞｳﾌｳﾂｳｼｮｳｻﾝｴｷｽｶﾘｭｳ(ｲﾘｮｳﾖｳ) | V14: =IF(OFFSET(マスタ非採用削除!I$4,統合マスタ!$A14,0)="","",OFFSET(マスタ非採用削除!I$4,統合マスタ!$A14,0)) -> 3 | W14: =IF(OFFSET(マスタ非採用削除!J$4,統合マスタ!$A14,0)="","",OFFSET(マスタ非採用削除!J$4,統合マスタ!$A14,0)) -> 散 | X14: =IF(OFFSET(マスタ非採用削除!K$4,統合マスタ!$A14,0)="","",OFFSET(マスタ非採用削除!K$4,統合マスタ!$A14,0)) -> 0 | Y14: =IF(OFFSET(マスタ非採用削除!L$4,統合マスタ!$A14,0)="","",OFFSET(マスタ非採用削除!L$4,統合マスタ!$A14,0)) | Z14: =IF(OFFSET(マスタ非採用削除!M$4,統合マスタ!$A14,0)="","",OFFSET(マスタ非採用削除!M$4,統合マスタ!$A14,0)) -> 4 | AA14: =IF(A14="非採用","非採用",IF(A14="処置薬","処置薬","")) | AB14: =IF(A14="非採用特別","非採用特別",IF(R14=2,"臨時", IF(COUNTIF(分類!$H$8:$H$19, 統合マスタ!V14)>0, 分類!$G$7, IF(COUNTIF(分類!$K$8:$K$19, 統合マスタ!V14)>0, 分類!$J$7, IF(COUNTIF(分類!$N$8:$N$19, 統合マスタ!V14)>0, 分類!$M$7, IF(COUNTIF(分類!$Q$8:$Q$19, 統合マスタ!V14)>0, 分類!$P$7, IF(COUNTIF(分類!$T$8:$T$19, 統合マスタ!V14)>0, 分類!$S$7, "無し"))))))) -> 散剤 | AC14: =X14*100000+B14 -> 10 | AD14: {=IF(A14="非採用","非採用",OFFSET( INDIRECT("'" & AB14 & "'!A4"), MATCH(B14, INDIRECT("'" & AB14 & "'!C5:C1000"), 0), MATCH("合計", INDIRECT("'" & AB14 & "'!4:4"), 0) - 1 ))} -> 0
A15: =元データ!P12 -> 304 | B15: =B14+1 -> 11 | C15: =DBCS(元データ!A12) -> ０６８ ツムラ シャクヤクカンゾウトウ | D15: =元データ!B12 -> メディセオ | E15: =DBCS(元データ!C12) -> 粉 | F15: =DBCS(元データ!D12) -> ２．５ｇｘ４２ | G15: =元データ!E12 -> ツムラ | H15: =元データ!F12 -> 10.4 | I15: =元データ!G12 -> 1092 | J15: =元データ!H12 -> 105 | K15: =元データ!I12 -> g | L15: =元データ!J12 -> 992 | M15: =元データ!K12 -> 9.447619 | N15: =IF(OFFSET(マスタ非採用削除!A$4,統合マスタ!$A15,0)="","",OFFSET(マスタ非採用削除!A$4,統合マスタ!$A15,0)) -> ﾂﾑﾗ068 | O15: =IF(OFFSET(マスタ非採用削除!B$4,統合マスタ!$A15,0)="","",OFFSET(マスタ非採用削除!B$4,統合マスタ!$A15,0)) -> ﾂﾑﾗ068 | P15: =IF(OFFSET(マスタ非採用削除!C$4,統合マスタ!$A15,0)="","",OFFSET(マスタ非採用削除!C$4,統合マスタ!$A15,0)) -> ツムラ芍薬甘草湯エキス顆粒（医療用） | Q15: =IF(OFFSET(マスタ非採用削除!D$4,統合マスタ!$A15,0)="","",OFFSET(マスタ非採用削除!D$4,統合マスタ!$A15,0)) -> ｼｬｸ | R15: =IF(OR(A15="非採用",A15="処置薬",A15="非採用特別"),0,IF(OFFSET(マスタ非採用削除!E$4,統合マスタ!$A15,0)="","",OFFSET(マスタ非採用削除!E$4,統合マスタ!$A15,0))) -> 1 | S15: =IF(OFFSET(マスタ非採用削除!F$4,統合マスタ!$A15,0)="","",OFFSET(マスタ非採用削除!F$4,統合マスタ!$A15,0)) | T15: =IF(OFFSET(マスタ非採用削除!G$4,統合マスタ!$A15,0)="","",OFFSET(マスタ非採用削除!G$4,統合マスタ!$A15,0)) -> 10.4 | U15: =IF(OFFSET(マスタ非採用削除!H$4,統合マスタ!$A15,0)="","",OFFSET(マスタ非採用削除!H$4,統合マスタ!$A15,0)) -> ﾂﾑﾗｼｬｸﾔｸｶﾝｿﾞｳﾄｳｴｷｽｶﾘｭｳ(ｲﾘｮｳﾖｳ) | V15: =IF(OFFSET(マスタ非採用削除!I$4,統合マスタ!$A15,0)="","",OFFSET(マスタ非採用削除!I$4,統合マスタ!$A15,0)) -> 3 | W15: =IF(OFFSET(マスタ非採用削除!J$4,統合マスタ!$A15,0)="","",OFFSET(マスタ非採用削除!J$4,統合マスタ!$A15,0)) -> 散 | X15: =IF(OFFSET(マスタ非採用削除!K$4,統合マスタ!$A15,0)="","",OFFSET(マスタ非採用削除!K$4,統合マスタ!$A15,0)) -> 0 | Y15: =IF(OFFSET(マスタ非採用削除!L$4,統合マスタ!$A15,0)="","",OFFSET(マスタ非採用削除!L$4,統合マスタ!$A15,0)) | Z15: =IF(OFFSET(マスタ非採用削除!M$4,統合マスタ!$A15,0)="","",OFFSET(マスタ非採用削除!M$4,統合マスタ!$A15,0)) -> 4 | AA15: =IF(A15="非採用","非採用",IF(A15="処置薬","処置薬","")) | AB15: =IF(A15="非採用特別","非採用特別",IF(R15=2,"臨時", IF(COUNTIF(分類!$H$8:$H$19, 統合マスタ!V15)>0, 分類!$G$7, IF(COUNTIF(分類!$K$8:$K$19, 統合マスタ!V15)>0, 分類!$J$7, IF(COUNTIF(分類!$N$8:$N$19, 統合マスタ!V15)>0, 分類!$M$7, IF(COUNTIF(分類!$Q$8:$Q$19, 統合マスタ!V15)>0, 分類!$P$7, IF(COUNTIF(分類!$T$8:$T$19, 統合マスタ!V15)>0, 分類!$S$7, "無し"))))))) -> 散剤 | AC15: =X15*100000+B15 -> 11 | AD15: {=IF(A15="非採用","非採用",OFFSET( INDIRECT("'" & AB15 & "'!A4"), MATCH(B15, INDIRECT("'" & AB15 & "'!C5:C1000"), 0), MATCH("合計", INDIRECT("'" & AB15 & "'!4:4"), 0) - 1 ))} -> 0
A16: =元データ!P13 -> 305 | B16: =B15+1 -> 12 | C16: =DBCS(元データ!A13) -> ０８３ ツムラ ヨクカンサンカチンピハンゲ | D16: =元データ!B13 -> メディセオ | E16: =DBCS(元データ!C13) -> 粉 | F16: =DBCS(元データ!D13) -> ２．５ｇｘ１８９ | G16: =元データ!E13 -> ツムラ | H16: =元データ!F13 -> 14.4 | I16: =元データ!G13 -> 6804 | J16: =元データ!H13 -> 472.5 | K16: =元データ!I13 -> g | L16: =元データ!J13 -> 6065 | M16: =元データ!K13 -> 12.835979 | N16: =IF(OFFSET(マスタ非採用削除!A$4,統合マスタ!$A16,0)="","",OFFSET(マスタ非採用削除!A$4,統合マスタ!$A16,0)) -> ﾂﾑﾗ083 | O16: =IF(OFFSET(マスタ非採用削除!B$4,統合マスタ!$A16,0)="","",OFFSET(マスタ非採用削除!B$4,統合マスタ!$A16,0)) -> ﾂﾑﾗ083 | P16: =IF(OFFSET(マスタ非採用削除!C$4,統合マスタ!$A16,0)="","",OFFSET(マスタ非採用削除!C$4,統合マスタ!$A16,0)) -> ツムラ抑肝散加陳皮半夏エキス顆粒（医療用） | Q16: =IF(OFFSET(マスタ非採用削除!D$4,統合マスタ!$A16,0)="","",OFFSET(マスタ非採用削除!D$4,統合マスタ!$A16,0)) -> ﾖｸｶﾁﾝ | R16: =IF(OR(A16="非採用",A16="処置薬",A16="非採用特別"),0,IF(OFFSET(マスタ非採用削除!E$4,統合マスタ!$A16,0)="","",OFFSET(マスタ非採用削除!E$4,統合マスタ!$A16,0))) -> 1 | S16: =IF(OFFSET(マスタ非採用削除!F$4,統合マスタ!$A16,0)="","",OFFSET(マスタ非採用削除!F$4,統合マスタ!$A16,0)) | T16: =IF(OFFSET(マスタ非採用削除!G$4,統合マスタ!$A16,0)="","",OFFSET(マスタ非採用削除!G$4,統合マスタ!$A16,0)) -> 14.4 | U16: =IF(OFFSET(マスタ非採用削除!H$4,統合マスタ!$A16,0)="","",OFFSET(マスタ非採用削除!H$4,統合マスタ!$A16,0)) -> ﾂﾑﾗﾖｸｶﾝｻﾝｶﾁﾝﾋﾟﾊﾝｹﾞｴｷｽｶﾘｭｳ(ｲﾘｮｳﾖｳ) | V16: =IF(OFFSET(マスタ非採用削除!I$4,統合マスタ!$A16,0)="","",OFFSET(マスタ非採用削除!I$4,統合マスタ!$A16,0)) -> 3 | W16: =IF(OFFSET(マスタ非採用削除!J$4,統合マスタ!$A16,0)="","",OFFSET(マスタ非採用削除!J$4,統合マスタ!$A16,0)) -> 散 | X16: =IF(OFFSET(マスタ非採用削除!K$4,統合マスタ!$A16,0)="","",OFFSET(マスタ非採用削除!K$4,統合マスタ!$A16,0)) -> 0 | Y16: =IF(OFFSET(マスタ非採用削除!L$4,統合マスタ!$A16,0)="","",OFFSET(マスタ非採用削除!L$4,統合マスタ!$A16,0)) | Z16: =IF(OFFSET(マスタ非採用削除!M$4,統合マスタ!$A16,0)="","",OFFSET(マスタ非採用削除!M$4,統合マスタ!$A16,0)) -> 4 | AA16: =IF(A16="非採用","非採用",IF(A16="処置薬","処置薬","")) | AB16: =IF(A16="非採用特別","非採用特別",IF(R16=2,"臨時", IF(COUNTIF(分類!$H$8:$H$19, 統合マスタ!V16)>0, 分類!$G$7, IF(COUNTIF(分類!$K$8:$K$19, 統合マスタ!V16)>0, 分類!$J$7, IF(COUNTIF(分類!$N$8:$N$19, 統合マスタ!V16)>0, 分類!$M$7, IF(COUNTIF(分類!$Q$8:$Q$19, 統合マスタ!V16)>0, 分類!$P$7, IF(COUNTIF(分類!$T$8:$T$19, 統合マスタ!V16)>0, 分類!$S$7, "無し"))))))) -> 散剤 | AC16: =X16*100000+B16 -> 12 | AD16: {=IF(A16="非採用","非採用",OFFSET( INDIRECT("'" & AB16 & "'!A4"), MATCH(B16, INDIRECT("'" & AB16 & "'!C5:C1000"), 0), MATCH("合計", INDIRECT("'" & AB16 & "'!4:4"), 0) - 1 ))} -> 0
A17: =元データ!P14 -> 306 | B17: =B16+1 -> 13 | C17: =DBCS(元データ!A14) -> １００ ツムラ ダイケンチユウトウ | D17: =元データ!B14 -> メディセオ | E17: =DBCS(元データ!C14) -> 粉 | F17: =DBCS(元データ!D14) -> ２．５ｇＸ１８９ | G17: =元データ!E14 -> ツムラ | H17: =元データ!F14 -> 13.7 | I17: =元データ!G14 -> 6473.25 | J17: =元データ!H14 -> 472.5 | K17: =元データ!I14 -> g | L17: =元データ!J14 -> 5828 | M17: =元データ!K14 -> 12.334392 | N17: =IF(OFFSET(マスタ非採用削除!A$4,統合マスタ!$A17,0)="","",OFFSET(マスタ非採用削除!A$4,統合マスタ!$A17,0)) -> ﾂﾑﾗ100 | O17: =IF(OFFSET(マスタ非採用削除!B$4,統合マスタ!$A17,0)="","",OFFSET(マスタ非採用削除!B$4,統合マスタ!$A17,0)) -> ﾂﾑﾗ100 | P17: =IF(OFFSET(マスタ非採用削除!C$4,統合マスタ!$A17,0)="","",OFFSET(マスタ非採用削除!C$4,統合マスタ!$A17,0)) -> ツムラ大建中湯エキス顆粒（医療用） | Q17: =IF(OFFSET(マスタ非採用削除!D$4,統合マスタ!$A17,0)="","",OFFSET(マスタ非採用削除!D$4,統合マスタ!$A17,0)) -> ﾀﾞｲｹﾝﾁ | R17: =IF(OR(A17="非採用",A17="処置薬",A17="非採用特別"),0,IF(OFFSET(マスタ非採用削除!E$4,統合マスタ!$A17,0)="","",OFFSET(マスタ非採用削除!E$4,統合マスタ!$A17,0))) -> 1 | S17: =IF(OFFSET(マスタ非採用削除!F$4,統合マスタ!$A17,0)="","",OFFSET(マスタ非採用削除!F$4,統合マスタ!$A17,0)) | T17: =IF(OFFSET(マスタ非採用削除!G$4,統合マスタ!$A17,0)="","",OFFSET(マスタ非採用削除!G$4,統合マスタ!$A17,0)) -> 13.7 | U17: =IF(OFFSET(マスタ非採用削除!H$4,統合マスタ!$A17,0)="","",OFFSET(マスタ非採用削除!H$4,統合マスタ!$A17,0)) -> ﾂﾑﾗﾀﾞｲｹﾝﾁｭｳﾄｳｴｷｽｶﾘｭｳ(ｲﾘｮｳﾖｳ) | V17: =IF(OFFSET(マスタ非採用削除!I$4,統合マスタ!$A17,0)="","",OFFSET(マスタ非採用削除!I$4,統合マスタ!$A17,0)) -> 3 | W17: =IF(OFFSET(マスタ非採用削除!J$4,統合マスタ!$A17,0)="","",OFFSET(マスタ非採用削除!J$4,統合マスタ!$A17,0)) -> 散 | X17: =IF(OFFSET(マスタ非採用削除!K$4,統合マスタ!$A17,0)="","",OFFSET(マスタ非採用削除!K$4,統合マスタ!$A17,0)) -> 0 | Y17: =IF(OFFSET(マスタ非採用削除!L$4,統合マスタ!$A17,0)="","",OFFSET(マスタ非採用削除!L$4,統合マスタ!$A17,0)) | Z17: =IF(OFFSET(マスタ非採用削除!M$4,統合マスタ!$A17,0)="","",OFFSET(マスタ非採用削除!M$4,統合マスタ!$A17,0)) -> 4 | AA17: =IF(A17="非採用","非採用",IF(A17="処置薬","処置薬","")) | AB17: =IF(A17="非採用特別","非採用特別",IF(R17=2,"臨時", IF(COUNTIF(分類!$H$8:$H$19, 統合マスタ!V17)>0, 分類!$G$7, IF(COUNTIF(分類!$K$8:$K$19, 統合マスタ!V17)>0, 分類!$J$7, IF(COUNTIF(分類!$N$8:$N$19, 統合マスタ!V17)>0, 分類!$M$7, IF(COUNTIF(分類!$Q$8:$Q$19, 統合マスタ!V17)>0, 分類!$P$7, IF(COUNTIF(分類!$T$8:$T$19, 統合マスタ!V17)>0, 分類!$S$7, "無し"))))))) -> 散剤 | AC17: =X17*100000+B17 -> 13 | AD17: {=IF(A17="非採用","非採用",OFFSET( INDIRECT("'" & AB17 & "'!A4"), MATCH(B17, INDIRECT("'" & AB17 & "'!C5:C1000"), 0), MATCH("合計", INDIRECT("'" & AB17 & "'!4:4"), 0) - 1 ))} -> 0
... A837: =元データ!P834 -> 685 | B837: =B836+1 -> 833 | C837: =DBCS(元データ!A834) -> 白色ワセリン「ケンエー」 | D837: =元データ!B834 -> アルフレッサ | E837: =DBCS(元データ!C834) | F837: =DBCS(元データ!D834) -> ５００ｇ | G837: =元データ!E834 -> ケンエー | H837: =元データ!F834 -> 24.3 | I837: =元データ!G834 -> 1215 | J837: =元データ!H834 -> 50 | K837: =元データ!I834 -> 10ｇ | L837: =元データ!J834 -> 1082 | M837: =元データ!K834 -> 21.64 | N837: =IF(OFFSET(マスタ非採用削除!A$4,統合マスタ!$A837,0)="","",OFFSET(マスタ非採用削除!A$4,統合マスタ!$A837,0)) -> ﾊｸｼ001 | O837: =IF(OFFSET(マスタ非採用削除!B$4,統合マスタ!$A837,0)="","",OFFSET(マスタ非採用削除!B$4,統合マスタ!$A837,0)) -> ﾊｸｼ001 | P837: =IF(OFFSET(マスタ非採用削除!C$4,統合マスタ!$A837,0)="","",OFFSET(マスタ非採用削除!C$4,統合マスタ!$A837,0)) -> 白色ワセリン | Q837: =IF(OFFSET(マスタ非採用削除!D$4,統合マスタ!$A837,0)="","",OFFSET(マスタ非採用削除!D$4,統合マスタ!$A837,0)) -> ﾜｾﾘﾝ | R837: =IF(OR(A837="非採用",A837="処置薬",A837="非採用特別"),0,IF(OFFSET(マスタ非採用削除!E$4,統合マスタ!$A837,0)="","",OFFSET(マスタ非採用削除!E$4,統合マスタ!$A837,0))) -> 1 | S837: =IF(OFFSET(マスタ非採用削除!F$4,統合マスタ!$A837,0)="","",OFFSET(マスタ非採用削除!F$4,統合マスタ!$A837,0)) | T837: =IF(OFFSET(マスタ非採用削除!G$4,統合マスタ!$A837,0)="","",OFFSET(マスタ非採用削除!G$4,統合マスタ!$A837,0)) -> 2.09 | U837: =IF(OFFSET(マスタ非採用削除!H$4,統合マスタ!$A837,0)="","",OFFSET(マスタ非採用削除!H$4,統合マスタ!$A837,0)) -> ﾊｸｼｮｸﾜｾﾘﾝ | V837: =IF(OFFSET(マスタ非採用削除!I$4,統合マスタ!$A837,0)="","",OFFSET(マスタ非採用削除!I$4,統合マスタ!$A837,0)) -> 15 | W837: =IF(OFFSET(マスタ非採用削除!J$4,統合マスタ!$A837,0)="","",OFFSET(マスタ非採用削除!J$4,統合マスタ!$A837,0)) -> その他 | X837: =IF(OFFSET(マスタ非採用削除!K$4,統合マスタ!$A837,0)="","",OFFSET(マスタ非採用削除!K$4,統合マスタ!$A837,0)) -> 0 | Y837: =IF(OFFSET(マスタ非採用削除!L$4,統合マスタ!$A837,0)="","",OFFSET(マスタ非採用削除!L$4,統合マスタ!$A837,0)) | Z837: =IF(OFFSET(マスタ非採用削除!M$4,統合マスタ!$A837,0)="","",OFFSET(マスタ非採用削除!M$4,統合マスタ!$A837,0)) -> 7 | AA837: =IF(A837="非採用","非採用",IF(A837="処置薬","処置薬","")) | AB837: =IF(A837="非採用特別","非採用特別",IF(R837=2,"臨時", IF(COUNTIF(分類!$H$8:$H$19, 統合マスタ!V837)>0, 分類!$G$7, IF(COUNTIF(分類!$K$8:$K$19, 統合マスタ!V837)>0, 分類!$J$7, IF(COUNTIF(分類!$N$8:$N$19, 統合マスタ!V837)>0, 分類!$M$7, IF(COUNTIF(分類!$Q$8:$Q$19, 統合マスタ!V837)>0, 分類!$P$7, IF(COUNTIF(分類!$T$8:$T$19, 統合マスタ!V837)>0, 分類!$S$7, "無し"))))))) -> 外用 | AC837: =X837*100000+B837 -> 833 | AD837: {=IF(A837="非採用","非採用",OFFSET( INDIRECT("'" & AB837 & "'!A4"), MATCH(B837, INDIRECT("'" & AB837 & "'!C5:C1000"), 0), MATCH("合計", INDIRECT("'" & AB837 & "'!4:4"), 0) - 1 ))} -> 0

Sheet 臨時
B2: {=RIGHT(CELL("filename",A1),LEN(CELL("filename",A1))-FIND("]",CELL("filename",A1)))} -> 臨時
A4: ソートキー | B4: No | C4: マスタNo | D4: 薬品名 | E4: 毒劇区分 | F4: 棚番 | G4: 包装形態 | H4: 容量 | I4: 薬価単位 | J4: 場所 | K4: 袋当り 重量 | L4: 在庫数 | M4: 合計
A5: {=IFERROR(SMALL(IF(統合マスタ!$R$5:$R$1500=2,統合マスタ!$AC$5:$AC$1500),ROW(A1)),"")} -> 1 | B5: 1 | C5: =IF($A5="","",OFFSET(統合マスタ!$B$4,MATCH($A5,統合マスタ!$AC$5:$AC$1500,0),0)) -> 1 | D5: =IF($A5="","",OFFSET(統合マスタ!$C$4,MATCH($A5,統合マスタ!$AC$5:$AC$1500,0),0)) -> ００７ ツムラ ハチミジオウガン | E5: =IF($A5="","",OFFSET(統合マスタ!$X$4,MATCH($A5,統合マスタ!$AC$5:$AC$1500,0),0)) -> 0 | F5: =IF($A5="","",OFFSET(統合マスタ!$Z$4,MATCH($A5,統合マスタ!$AC$5:$AC$1500,0),0)) -> 4 | G5: =IF($A5="","",OFFSET(統合マスタ!$E$4,MATCH($A5,統合マスタ!$AC$5:$AC$1500,0),0)) -> 粉 | H5: =IF($A5="","",OFFSET(統合マスタ!$F$4,MATCH($A5,統合マスタ!$AC$5:$AC$1500,0),0)) -> ２．５ｇｘ１８９ | I5: =IF($A5="","",OFFSET(統合マスタ!$K$4,MATCH($A5,統合マスタ!$AC$5:$AC$1500,0),0)) -> ｇ | J5: =IF(F5="","",OFFSET(分類!$B$29,MATCH(F5,分類!$A$30:$A$46,0),0)) -> 漢方薬 | K5: =IF(G5="粉",VALUE(SUBSTITUTE(SUBSTITUTE(LEFT(H5, FIND("ｇ", H5) - 1), "．", "."), " ", "")),"") -> 2.5 | M5: =IFERROR(K5 * L5, L5) -> 0
A6: {=IFERROR(SMALL(IF(統合マスタ!$R$5:$R$1500=2,統合マスタ!$AC$5:$AC$1500),ROW(A2)),"")} -> 2 | B6: =B5+1 -> 2 | C6: =IF(A6="","",OFFSET(統合マスタ!$B$4,MATCH(A6,統合マスタ!$AC$5:$AC$1500,0),0)) -> 2 | D6: =IF($A6="","",OFFSET(統合マスタ!$C$4,MATCH($A6,統合マスタ!$AC$5:$AC$1500,0),0)) -> ００７ ツムラ ハチミジオウガン | E6: =IF($A6="","",OFFSET(統合マスタ!$X$4,MATCH($A6,統合マスタ!$AC$5:$AC$1500,0),0)) -> 0 | F6: =IF($A6="","",OFFSET(統合マスタ!$Z$4,MATCH($A6,統合マスタ!$AC$5:$AC$1500,0),0)) -> 4 | G6: =IF($A6="","",OFFSET(統合マスタ!$E$4,MATCH($A6,統合マスタ!$AC$5:$AC$1500,0),0)) -> 粉 | H6: =IF($A6="","",OFFSET(統合マスタ!$F$4,MATCH($A6,統合マスタ!$AC$5:$AC$1500,0),0)) -> ２．５ｇｘ４２ | I6: =IF($A6="","",OFFSET(統合マスタ!$K$4,MATCH($A6,統合マスタ!$AC$5:$AC$1500,0),0)) -> ｇ | J6: =IF(F6="","",OFFSET(分類!$B$29,MATCH(F6,分類!$A$30:$A$46,0),0)) -> 漢方薬 | K6: =IF(G6="粉",VALUE(SUBSTITUTE(SUBSTITUTE(LEFT(H6, FIND("ｇ", H6) - 1), "．", "."), " ", "")),"") -> 2.5 | M6: =IFERROR(K6 * L6, L6) -> 0
A7: {=IFERROR(SMALL(IF(統合マスタ!$R$5:$R$1500=2,統合マスタ!$AC$5:$AC$1500),ROW(A3)),"")} -> 3 | B7: =B6+1 -> 3 | C7: =IF(A7="","",OFFSET(統合マスタ!$B$4,MATCH(A7,統合マスタ!$AC$5:$AC$1500,0),0)) -> 3 | D7: =IF($A7="","",OFFSET(統合マスタ!$C$4,MATCH($A7,統合マスタ!$AC$5:$AC$1500,0),0)) -> ０１２ ツムラ サイコカリュウコツボレイトウ | E7: =IF($A7="","",OFFSET(統合マスタ!$X$4,MATCH($A7,統合マスタ!$AC$5:$AC$1500,0),0)) -> 0 | F7: =IF($A7="","",OFFSET(統合マスタ!$Z$4,MATCH($A7,統合マスタ!$AC$5:$AC$1500,0),0)) -> 4 | G7: =IF($A7="","",OFFSET(統合マスタ!$E$4,MATCH($A7,統合マスタ!$AC$5:$AC$1500,0),0)) -> 粉 | H7: =IF($A7="","",OFFSET(統合マスタ!$F$4,MATCH($A7,統合マスタ!$AC$5:$AC$1500,0),0)) -> ２．５ｇｘ１８９ | I7: =IF($A7="","",OFFSET(統合マスタ!$K$4,MATCH($A7,統合マスタ!$AC$5:$AC$1500,0),0)) -> g | J7: =IF(F7="","",OFFSET(分類!$B$29,MATCH(F7,分類!$A$30:$A$46,0),0)) -> 漢方薬 | K7: =IF(G7="粉",VALUE(SUBSTITUTE(SUBSTITUTE(LEFT(H7, FIND("ｇ", H7) - 1), "．", "."), " ", "")),"") -> 2.5 | M7: =IFERROR(K7 * L7, L7) -> 0
A8: {=IFERROR(SMALL(IF(統合マスタ!$R$5:$R$1500=2,統合マスタ!$AC$5:$AC$1500),ROW(A4)),"")} -> 4 | B8: =B7+1 -> 4 | C8: =IF(A8="","",OFFSET(統合マスタ!$B$4,MATCH(A8,統合マスタ!$AC$5:$AC$1500,0),0)) -> 4 | D8: =IF($A8="","",OFFSET(統合マスタ!$C$4,MATCH($A8,統合マスタ!$AC$5:$AC$1500,0),0)) -> ０１６ ツムラ ハンゲコウボクトウ | E8: =IF($A8="","",OFFSET(統合マスタ!$X$4,MATCH($A8,統合マスタ!$AC$5:$AC$1500,0),0)) -> 0 | F8: =IF($A8="","",OFFSET(統合マスタ!$Z$4,MATCH($A8,統合マスタ!$AC$5:$AC$1500,0),0)) -> 4 | G8: =IF($A8="","",OFFSET(統合マスタ!$E$4,MATCH($A8,統合マスタ!$AC$5:$AC$1500,0),0)) -> 粉 | H8: =IF($A8="","",OFFSET(統合マスタ!$F$4,MATCH($A8,統合マスタ!$AC$5:$AC$1500,0),0)) -> ２．５ｇｘ１８９ | I8: =IF($A8="","",OFFSET(統合マスタ!$K$4,MATCH($A8,統合マスタ!$AC$5:$AC$1500,0),0)) -> ｇ | J8: =IF(F8="","",OFFSET(分類!$B$29,MATCH(F8,分類!$A$30:$A$46,0),0)) -> 漢方薬 | K8: =IF(G8="粉",VALUE(SUBSTITUTE(SUBSTITUTE(LEFT(H8, FIND("ｇ", H8) - 1), "．", "."), " ", "")),"") -> 2.5 | M8: =IFERROR(K8 * L8, L8) -> 0
A9: {=IFERROR(SMALL(IF(統合マスタ!$R$5:$R$1500=2,統合マスタ!$AC$5:$AC$1500),ROW(A5)),"")} -> 6 | B9: =B8+1 -> 5 | C9: =IF(A9="","",OFFSET(統合マスタ!$B$4,MATCH(A9,統合マスタ!$AC$5:$AC$1500,0),0)) -> 6 | D9: =IF($A9="","",OFFSET(統合マスタ!$C$4,MATCH($A9,統合マスタ!$AC$5:$AC$1500,0),0)) -> ０１９ ツムラ ショウセイリュウトウ | E9: =IF($A9="","",OFFSET(統合マスタ!$X$4,MATCH($A9,統合マスタ!$AC$5:$AC$1500,0),0)) -> 0 | F9: =IF($A9="","",OFFSET(統合マスタ!$Z$4,MATCH($A9,統合マスタ!$AC$5:$AC$1500,0),0)) -> 4 | G9: =IF($A9="","",OFFSET(統合マスタ!$E$4,MATCH($A9,統合マスタ!$AC$5:$AC$1500,0),0)) -> 粉 | H9: =IF($A9="","",OFFSET(統合マスタ!$F$4,MATCH($A9,統合マスタ!$AC$5:$AC$1500,0),0)) -> ３ｇＸ４２ | I9: =IF($A9="","",OFFSET(統合マスタ!$K$4,MATCH($A9,統合マスタ!$AC$5:$AC$1500,0),0)) -> g | J9: =IF(F9="","",OFFSET(分類!$B$29,MATCH(F9,分類!$A$30:$A$46,0),0)) -> 漢方薬 | K9: =IF(G9="粉",VALUE(SUBSTITUTE(SUBSTITUTE(LEFT(H9, FIND("ｇ", H9) - 1), "．", "."), " ", "")),"") -> 3 | M9: =IFERROR(K9 * L9, L9) -> 0
A10: {=IFERROR(SMALL(IF(統合マスタ!$R$5:$R$1500=2,統合マスタ!$AC$5:$AC$1500),ROW(A6)),"")} -> 7 | B10: =B9+1 -> 6 | C10: =IF(A10="","",OFFSET(統合マスタ!$B$4,MATCH(A10,統合マスタ!$AC$5:$AC$1500,0),0)) -> 7 | D10: =IF($A10="","",OFFSET(統合マスタ!$C$4,MATCH($A10,統合マスタ!$AC$5:$AC$1500,0),0)) -> ０４３ ツムラ リツクンシトウ | E10: =IF($A10="","",OFFSET(統合マスタ!$X$4,MATCH($A10,統合マスタ!$AC$5:$AC$1500,0),0)) -> 0 | F10: =IF($A10="","",OFFSET(統合マスタ!$Z$4,MATCH($A10,統合マスタ!$AC$5:$AC$1500,0),0)) -> 4 | G10: =IF($A10="","",OFFSET(統合マスタ!$E$4,MATCH($A10,統合マスタ!$AC$5:$AC$1500,0),0)) -> 粉 | H10: =IF($A10="","",OFFSET(統合マスタ!$F$4,MATCH($A10,統合マスタ!$AC$5:$AC$1500,0),0)) -> ２．５ｇｘ１８９ | I10: =IF($A10="","",OFFSET(統合マスタ!$K$4,MATCH($A10,統合マスタ!$AC$5:$AC$1500,0),0)) -> g | J10: =IF(F10="","",OFFSET(分類!$B$29,MATCH(F10,分類!$A$30:$A$46,0),0)) -> 漢方薬 | K10: =IF(G10="粉",VALUE(SUBSTITUTE(SUBSTITUTE(LEFT(H10, FIND("ｇ", H10) - 1), "．", "."), " ", "")),"") -> 2.5 | M10: =IFERROR(K10 * L10, L10) -> 0
A11: {=IFERROR(SMALL(IF(統合マスタ!$R$5:$R$1500=2,統合マスタ!$AC$5:$AC$1500),ROW(A7)),"")} -> 14 | B11: =B10+1 -> 7 | C11: =IF(A11="","",OFFSET(統合マスタ!$B$4,MATCH(A11,統合マスタ!$AC$5:$AC$1500,0),0)) -> 14 | D11: =IF($A11="","",OFFSET(統合マスタ!$C$4,MATCH($A11,統合マスタ!$AC$5:$AC$1500,0),0)) -> １０８ ツムラ ニンジンヨウエイトウ | E11: =IF($A11="","",OFFSET(統合マスタ!$X$4,MATCH($A11,統合マスタ!$AC$5:$AC$1500,0),0)) -> 0 | F11: =IF($A11="","",OFFSET(統合マスタ!$Z$4,MATCH($A11,統合マスタ!$AC$5:$AC$1500,0),0)) -> 4 | G11: =IF($A11="","",OFFSET(統合マスタ!$E$4,MATCH($A11,統合マスタ!$AC$5:$AC$1500,0),0)) -> 粉 | H11: =IF($A11="","",OFFSET(統合マスタ!$F$4,MATCH($A11,統合マスタ!$AC$5:$AC$1500,0),0)) -> ３ｇｘ４２包 | I11: =IF($A11="","",OFFSET(統合マスタ!$K$4,MATCH($A11,統合マスタ!$AC$5:$AC$1500,0),0)) -> ｇ | J11: =IF(F11="","",OFFSET(分類!$B$29,MATCH(F11,分類!$A$30:$A$46,0),0)) -> 漢方薬 | K11: =IF(G11="粉",VALUE(SUBSTITUTE(SUBSTITUTE(LEFT(H11, FIND("ｇ", H11) - 1), "．", "."), " ", "")),"") -> 3 | M11: =IFERROR(K11 * L11, L11) -> 0
A12: {=IFERROR(SMALL(IF(統合マスタ!$R$5:$R$1500=2,統合マスタ!$AC$5:$AC$1500),ROW(A8)),"")} -> 15 | B12: =B11+1 -> 8 | C12: =IF(A12="","",OFFSET(統合マスタ!$B$4,MATCH(A12,統合マスタ!$AC$5:$AC$1500,0),0)) -> 15 | D12: =IF($A12="","",OFFSET(統合マスタ!$C$4,MATCH($A12,統合マスタ!$AC$5:$AC$1500,0),0)) -> １１２ ツムラ チョレイトウゴウシモットウ | E12: =IF($A12="","",OFFSET(統合マスタ!$X$4,MATCH($A12,統合マスタ!$AC$5:$AC$1500,0),0)) -> 0 | F12: =IF($A12="","",OFFSET(統合マスタ!$Z$4,MATCH($A12,統合マスタ!$AC$5:$AC$1500,0),0)) -> 4 | G12: =IF($A12="","",OFFSET(統合マスタ!$E$4,MATCH($A12,統合マスタ!$AC$5:$AC$1500,0),0)) -> 粉 | H12: =IF($A12="","",OFFSET(統合マスタ!$F$4,MATCH($A12,統合マスタ!$AC$5:$AC$1500,0),0)) -> ２．５ｇｘ４２ | I12: =IF($A12="","",OFFSET(統合マスタ!$K$4,MATCH($A12,統合マスタ!$AC$5:$AC$1500,0),0)) -> g | J12: =IF(F12="","",OFFSET(分類!$B$29,MATCH(F12,分類!$A$30:$A$46,0),0)) -> 漢方薬 | K12: =IF(G12="粉",VALUE(SUBSTITUTE(SUBSTITUTE(LEFT(H12, FIND("ｇ", H12) - 1), "．", "."), " ", "")),"") -> 2.5 | M12: =IFERROR(K12 * L12, L12) -> 0
A13: {=IFERROR(SMALL(IF(統合マスタ!$R$5:$R$1500=2,統合マスタ!$AC$5:$AC$1500),ROW(A9)),"")} -> 18 | B13: =B12+1 -> 9 | C13: =IF(A13="","",OFFSET(統合マスタ!$B$4,MATCH(A13,統合マスタ!$AC$5:$AC$1500,0),0)) -> 18 | D13: =IF($A13="","",OFFSET(統合マスタ!$C$4,MATCH($A13,統合マスタ!$AC$5:$AC$1500,0),0)) -> ＥＫ１１４ 柴苓湯 | E13: =IF($A13="","",OFFSET(統合マスタ!$X$4,MATCH($A13,統合マスタ!$AC$5:$AC$1500,0),0)) -> 0 | F13: =IF($A13="","",OFFSET(統合マスタ!$Z$4,MATCH($A13,統合マスタ!$AC$5:$AC$1500,0),0)) -> 4 | G13: =IF($A13="","",OFFSET(統合マスタ!$E$4,MATCH($A13,統合マスタ!$AC$5:$AC$1500,0),0)) -> 粉 | H13: =IF($A13="","",OFFSET(統合マスタ!$F$4,MATCH($A13,統合マスタ!$AC$5:$AC$1500,0),0)) -> ２．７ｇ×２９４ | I13: =IF($A13="","",OFFSET(統合マスタ!$K$4,MATCH($A13,統合マスタ!$AC$5:$AC$1500,0),0)) -> g | J13: =IF(F13="","",OFFSET(分類!$B$29,MATCH(F13,分類!$A$30:$A$46,0),0)) -> 漢方薬 | K13: =IF(G13="粉",VALUE(SUBSTITUTE(SUBSTITUTE(LEFT(H13, FIND("ｇ", H13) - 1), "．", "."), " ", "")),"") -> 2.7 | M13: =IFERROR(K13 * L13, L13) -> 0
A14: {=IFERROR(SMALL(IF(統合マスタ!$R$5:$R$1500=2,統合マスタ!$AC$5:$AC$1500),ROW(A10)),"")} -> 19 | B14: =B13+1 -> 10 | C14: =IF(A14="","",OFFSET(統合マスタ!$B$4,MATCH(A14,統合マスタ!$AC$5:$AC$1500,0),0)) -> 19 | D14: =IF($A14="","",OFFSET(統合マスタ!$C$4,MATCH($A14,統合マスタ!$AC$5:$AC$1500,0),0)) -> ＥＫ１５ 黄連解毒湯エキス細粒 | E14: =IF($A14="","",OFFSET(統合マスタ!$X$4,MATCH($A14,統合マスタ!$AC$5:$AC$1500,0),0)) -> 0 | F14: =IF($A14="","",OFFSET(統合マスタ!$Z$4,MATCH($A14,統合マスタ!$AC$5:$AC$1500,0),0)) -> 4 | G14: =IF($A14="","",OFFSET(統合マスタ!$E$4,MATCH($A14,統合マスタ!$AC$5:$AC$1500,0),0)) -> 粉 | H14: =IF($A14="","",OFFSET(統合マスタ!$F$4,MATCH($A14,統合マスタ!$AC$5:$AC$1500,0),0)) -> ２ｇｘ４２包 | I14: =IF($A14="","",OFFSET(統合マスタ!$K$4,MATCH($A14,統合マスタ!$AC$5:$AC$1500,0),0)) -> g | J14: =IF(F14="","",OFFSET(分類!$B$29,MATCH(F14,分類!$A$30:$A$46,0),0)) -> 漢方薬 | K14: =IF(G14="粉",VALUE(SUBSTITUTE(SUBSTITUTE(LEFT(H14, FIND("ｇ", H14) - 1), "．", "."), " ", "")),"") -> 2 | M14: =IFERROR(K14 * L14, L14) -> 0
A15: {=IFERROR(SMALL(IF(統合マスタ!$R$5:$R$1500=2,統合マスタ!$AC$5:$AC$1500),ROW(A11)),"")} -> 22 | B15: =B14+1 -> 11 | C15: =IF(A15="","",OFFSET(統合マスタ!$B$4,MATCH(A15,統合マスタ!$AC$5:$AC$1500,0),0)) -> 22 | D15: =IF($A15="","",OFFSET(統合マスタ!$C$4,MATCH($A15,統合マスタ!$AC$5:$AC$1500,0),0)) -> ＥＫ４０ 猪苓湯エキス細粒 | E15: =IF($A15="","",OFFSET(統合マスタ!$X$4,MATCH($A15,統合マスタ!$AC$5:$AC$1500,0),0)) -> 0 | F15: =IF($A15="","",OFFSET(統合マスタ!$Z$4,MATCH($A15,統合マスタ!$AC$5:$AC$1500,0),0)) -> 4 | G15: =IF($A15="","",OFFSET(統合マスタ!$E$4,MATCH($A15,統合マスタ!$AC$5:$AC$1500,0),0)) -> 粉 | H15: =IF($A15="","",OFFSET(統合マスタ!$F$4,MATCH($A15,統合マスタ!$AC$5:$AC$1500,0),0)) -> ２ｇｘ４２包 | I15: =IF($A15="","",OFFSET(統合マスタ!$K$4,MATCH($A15,統合マスタ!$AC$5:$AC$1500,0),0)) -> g | J15: =IF(F15="","",OFFSET(分類!$B$29,MATCH(F15,分類!$A$30:$A$46,0),0)) -> 漢方薬 | K15: =IF(G15="粉",VALUE(SUBSTITUTE(SUBSTITUTE(LEFT(H15, FIND("ｇ", H15) - 1), "．", "."), " ", "")),"") -> 2 | M15: =IFERROR(K15 * L15, L15) -> 0
A16: {=IFERROR(SMALL(IF(統合マスタ!$R$5:$R$1500=2,統合マスタ!$AC$5:$AC$1500),ROW(A12)),"")} -> 26 | B16: =B15+1 -> 12 | C16: =IF(A16="","",OFFSET(統合マスタ!$B$4,MATCH(A16,統合マスタ!$AC$5:$AC$1500,0),0)) -> 26 | D16: =IF($A16="","",OFFSET(統合マスタ!$C$4,MATCH($A16,統合マスタ!$AC$5:$AC$1500,0),0)) -> Ｔ７２ ヨクイニンエキス錠「コタロー」 | E16: =IF($A16="","",OFFSET(統合マスタ!$X$4,MATCH($A16,統合マスタ!$AC$5:$AC$1500,0),0)) -> 0 | F16: =IF($A16="","",OFFSET(統合マスタ!$Z$4,MATCH($A16,統合マスタ!$AC$5:$AC$1500,0),0)) -> 15 | G16: =IF($A16="","",OFFSET(統合マスタ!$E$4,MATCH($A16,統合マスタ!$AC$5:$AC$1500,0),0)) -> バラ | H16: =IF($A16="","",OFFSET(統合マスタ!$F$4,MATCH($A16,統合マスタ!$AC$5:$AC$1500,0),0)) -> １２６Ｔｘ１０ | I16: =IF($A16="","",OFFSET(統合マスタ!$K$4,MATCH($A16,統合マスタ!$AC$5:$AC$1500,0),0)) -> 錠 | J16: =IF(F16="","",OFFSET(分類!$B$29,MATCH(F16,分類!$A$30:$A$46,0),0)) -> 不良在庫 | K16: =IF(G16="粉",VALUE(SUBSTITUTE(SUBSTITUTE(LEFT(H16, FIND("ｇ", H16) - 1), "．", "."), " ", "")),"") | M16: =IFERROR(K16 * L16, L16) -> 0
A17: {=IFERROR(SMALL(IF(統合マスタ!$R$5:$R$1500=2,統合マスタ!$AC$5:$AC$1500),ROW(A13)),"")} -> 35 | B17: =B16+1 -> 13 | C17: =IF(A17="","",OFFSET(統合マスタ!$B$4,MATCH(A17,統合マスタ!$AC$5:$AC$1500,0),0)) -> 35 | D17: =IF($A17="","",OFFSET(統合マスタ!$C$4,MATCH($A17,統合マスタ!$AC$5:$AC$1500,0),0)) -> アザルフィジンＥＮ錠５００ｍｇ | E17: =IF($A17="","",OFFSET(統合マスタ!$X$4,MATCH($A17,統合マスタ!$AC$5:$AC$1500,0),0)) -> 0 | F17: =IF($A17="","",OFFSET(統合マスタ!$Z$4,MATCH($A17,統合マスタ!$AC$5:$AC$1500,0),0)) -> 3 | G17: =IF($A17="","",OFFSET(統合マスタ!$E$4,MATCH($A17,統合マスタ!$AC$5:$AC$1500,0),0)) -> ＰＴＰ | H17: =IF($A17="","",OFFSET(統合マスタ!$F$4,MATCH($A17,統合マスタ!$AC$5:$AC$1500,0),0)) -> １００Ｔ | I17: =IF($A17="","",OFFSET(統合マスタ!$K$4,MATCH($A17,統合マスタ!$AC$5:$AC$1500,0),0)) -> 錠 | J17: =IF(F17="","",OFFSET(分類!$B$29,MATCH(F17,分類!$A$30:$A$46,0),0)) -> 外用.臨時.散薬ヒート | K17: =IF(G17="粉",VALUE(SUBSTITUTE(SUBSTITUTE(LEFT(H17, FIND("ｇ", H17) - 1), "．", "."), " ", "")),"") | M17: =IFERROR(K17 * L17, L17) -> 0
... A304: {=IFERROR(SMALL(IF(統合マスタ!$R$5:$R$1500=2,統合マスタ!$AC$5:$AC$1500),ROW(A300)),"")} | B304: =B303+1 -> 300 | C304: =IF(A304="","",OFFSET(統合マスタ!$B$4,MATCH(A304,統合マスタ!$AC$5:$AC$1500,0),0)) | D304: =IF($A304="","",OFFSET(統合マスタ!$C$4,MATCH($A304,統合マスタ!$AC$5:$AC$1500,0),0)) | E304: =IF($A304="","",OFFSET(統合マスタ!$X$4,MATCH($A304,統合マスタ!$AC$5:$AC$1500,0),0)) | F304: =IF($A304="","",OFFSET(統合マスタ!$Z$4,MATCH($A304,統合マスタ!$AC$5:$AC$1500,0),0)) | G304: =IF($A304="","",OFFSET(統合マスタ!$E$4,MATCH($A304,統合マスタ!$AC$5:$AC$1500,0),0)) | H304: =IF($A304="","",OFFSET(統合マスタ!$F$4,MATCH($A304,統合マスタ!$AC$5:$AC$1500,0),0)) | I304: =IF($A304="","",OFFSET(統合マスタ!$K$4,MATCH($A304,統合マスタ!$AC$5:$AC$1500,0),0)) | J304: =IF(F304="","",OFFSET(分類!$B$29,MATCH(F304,分類!$A$30:$A$46,0),0)) | K304: =IF(G304="粉",VALUE(SUBSTITUTE(SUBSTITUTE(LEFT(H304, FIND("ｇ", H304) - 1), "．", "."), " ", "")),"") | M304: =IFERROR(K304 * L304, L304) -> 0

Sheet 外用
B2: {=RIGHT(CELL("filename",A1),LEN(CELL("filename",A1))-FIND("]",CELL("filename",A1)))} -> 外用
A4: ソートキー | B4: No | C4: マスタNo | D4: 薬品名 | E4: 毒劇区分 | F4: 棚番 | G4: 包装形態 | H4: 容量 | I4: 薬価単位 | J4: 場所 | K4: 数量 | L4: 数える単位 | M4: 係数 | N4: 合計 | O4: 薬価単位
A5: {=IFERROR( SMALL( IF((統合マスタ!$R$5:$R$1500=1)* (ISNUMBER(MATCH(統合マスタ!$V$5:$V$1500, 分類!$H$8:$H$16, 0))), 統合マスタ!$AC$5:$AC$1500), ROW(A1) ), "")} -> 25 | B5: 1 | C5: =IF($A5="","",OFFSET(統合マスタ!$B$4,MATCH($A5,統合マスタ!$AC$5:$AC$1500,0),0)) -> 25 | D5: =IF($A5="","",OFFSET(統合マスタ!$C$4,MATCH($A5,統合マスタ!$AC$5:$AC$1500,0),0)) -> ＳＰトローチ０．２５ｍｇ「明治」 | E5: =IF($A5="","",OFFSET(統合マスタ!$X$4,MATCH($A5,統合マスタ!$AC$5:$AC$1500,0),0)) -> 0 | F5: =IF($A5="","",OFFSET(統合マスタ!$Z$4,MATCH($A5,統合マスタ!$AC$5:$AC$1500,0),0)) -> 3 | G5: =IF($A5="","",OFFSET(統合マスタ!$E$4,MATCH($A5,統合マスタ!$AC$5:$AC$1500,0),0)) -> ＰＴＰ | H5: =IF($A5="","",OFFSET(統合マスタ!$F$4,MATCH($A5,統合マスタ!$AC$5:$AC$1500,0),0)) -> １２００Ｔ | I5: =IF($A5="","",OFFSET(統合マスタ!$K$4,MATCH($A5,統合マスタ!$AC$5:$AC$1500,0),0)) -> 錠 | J5: =IF(F5="","",OFFSET(分類!$B$29,MATCH(F5,分類!$A$30:$A$46,0),0)) -> 外用.臨時.散薬ヒート | L5: 錠 | N5: =IF(M5="",K5,K5*M5) -> 0 | O5: =I5 -> 錠
A6: {=IFERROR( SMALL( IF((統合マスタ!$R$5:$R$1500=1)* (ISNUMBER(MATCH(統合マスタ!$V$5:$V$1500, 分類!$H$8:$H$16, 0))), 統合マスタ!$AC$5:$AC$1500), ROW(A2) ), "")} -> 32 | B6: =B5+1 -> 2 | C6: =IF($A6="","",OFFSET(統合マスタ!$B$4,MATCH($A6,統合マスタ!$AC$5:$AC$1500,0),0)) -> 32 | D6: =IF($A6="","",OFFSET(統合マスタ!$C$4,MATCH($A6,統合マスタ!$AC$5:$AC$1500,0),0)) -> アクアチムクリーム１％ | E6: =IF($A6="","",OFFSET(統合マスタ!$X$4,MATCH($A6,統合マスタ!$AC$5:$AC$1500,0),0)) -> 0 | F6: =IF($A6="","",OFFSET(統合マスタ!$Z$4,MATCH($A6,統合マスタ!$AC$5:$AC$1500,0),0)) -> 3 | G6: =IF($A6="","",OFFSET(統合マスタ!$E$4,MATCH($A6,統合マスタ!$AC$5:$AC$1500,0),0)) | H6: =IF($A6="","",OFFSET(統合マスタ!$F$4,MATCH($A6,統合マスタ!$AC$5:$AC$1500,0),0)) -> １０ｇＸ１０ | I6: =IF($A6="","",OFFSET(統合マスタ!$K$4,MATCH($A6,統合マスタ!$AC$5:$AC$1500,0),0)) -> ｇ | J6: =IF(F6="","",OFFSET(分類!$B$29,MATCH(F6,分類!$A$30:$A$46,0),0)) -> 外用.臨時.散薬ヒート | L6: 本 | M6: 10 | N6: =IF(M6="",K6,K6*M6) -> 0 | O6: =I6 -> ｇ
A7: {=IFERROR( SMALL( IF((統合マスタ!$R$5:$R$1500=1)* (ISNUMBER(MATCH(統合マスタ!$V$5:$V$1500, 分類!$H$8:$H$16, 0))), 統合マスタ!$AC$5:$AC$1500), ROW(A3) ), "")} -> 34 | B7: =B6+1 -> 3 | C7: =IF($A7="","",OFFSET(統合マスタ!$B$4,MATCH($A7,統合マスタ!$AC$5:$AC$1500,0),0)) -> 34 | D7: =IF($A7="","",OFFSET(統合マスタ!$C$4,MATCH($A7,統合マスタ!$AC$5:$AC$1500,0),0)) -> アクトシン軟膏３％ | E7: =IF($A7="","",OFFSET(統合マスタ!$X$4,MATCH($A7,統合マスタ!$AC$5:$AC$1500,0),0)) -> 0 | F7: =IF($A7="","",OFFSET(統合マスタ!$Z$4,MATCH($A7,統合マスタ!$AC$5:$AC$1500,0),0)) -> 15 | G7: =IF($A7="","",OFFSET(統合マスタ!$E$4,MATCH($A7,統合マスタ!$AC$5:$AC$1500,0),0)) | H7: =IF($A7="","",OFFSET(統合マスタ!$F$4,MATCH($A7,統合マスタ!$AC$5:$AC$1500,0),0)) -> ３０ｇ | I7: =IF($A7="","",OFFSET(統合マスタ!$K$4,MATCH($A7,統合マスタ!$AC$5:$AC$1500,0),0)) -> g | J7: =IF(F7="","",OFFSET(分類!$B$29,MATCH(F7,分類!$A$30:$A$46,0),0)) -> 不良在庫 | L7: 本 | M7: 30 | N7: =IF(M7="",K7,K7*M7) -> 0 | O7: =I7 -> g
A8: {=IFERROR( SMALL( IF((統合マスタ!$R$5:$R$1500=1)* (ISNUMBER(MATCH(統合マスタ!$V$5:$V$1500, 分類!$H$8:$H$16, 0))), 統合マスタ!$AC$5:$AC$1500), ROW(A4) ), "")} -> 49 | B8: =B7+1 -> 4 | C8: =IF($A8="","",OFFSET(統合マスタ!$B$4,MATCH($A8,統合マスタ!$AC$5:$AC$1500,0),0)) -> 49 | D8: =IF($A8="","",OFFSET(統合マスタ!$C$4,MATCH($A8,統合マスタ!$AC$5:$AC$1500,0),0)) -> アズレン点眼液０．０２％「ニットー」 | E8: =IF($A8="","",OFFSET(統合マスタ!$X$4,MATCH($A8,統合マスタ!$AC$5:$AC$1500,0),0)) -> 0 | F8: =IF($A8="","",OFFSET(統合マスタ!$Z$4,MATCH($A8,統合マスタ!$AC$5:$AC$1500,0),0)) -> 3 | G8: =IF($A8="","",OFFSET(統合マスタ!$E$4,MATCH($A8,統合マスタ!$AC$5:$AC$1500,0),0)) | H8: =IF($A8="","",OFFSET(統合マスタ!$F$4,MATCH($A8,統合マスタ!$AC$5:$AC$1500,0),0)) -> ５ｍｌｘ１０ | I8: =IF($A8="","",OFFSET(統合マスタ!$K$4,MATCH($A8,統合マスタ!$AC$5:$AC$1500,0),0)) -> 瓶 | J8: =IF(F8="","",OFFSET(分類!$B$29,MATCH(F8,分類!$A$30:$A$46,0),0)) -> 外用.臨時.散薬ヒート | L8: 瓶 | N8: =IF(M8="",K8,K8*M8) -> 0 | O8: =I8 -> 瓶
A9: {=IFERROR( SMALL( IF((統合マスタ!$R$5:$R$1500=1)* (ISNUMBER(MATCH(統合マスタ!$V$5:$V$1500, 分類!$H$8:$H$16, 0))), 統合マスタ!$AC$5:$AC$1500), ROW(A5) ), "")} -> 62 | B9: =B8+1 -> 5 | C9: =IF($A9="","",OFFSET(統合マスタ!$B$4,MATCH($A9,統合マスタ!$AC$5:$AC$1500,0),0)) -> 62 | D9: =IF($A9="","",OFFSET(統合マスタ!$C$4,MATCH($A9,統合マスタ!$AC$5:$AC$1500,0),0)) -> アドフィードパップ４０ｍｇ | E9: =IF($A9="","",OFFSET(統合マスタ!$X$4,MATCH($A9,統合マスタ!$AC$5:$AC$1500,0),0)) -> 0 | F9: =IF($A9="","",OFFSET(統合マスタ!$Z$4,MATCH($A9,統合マスタ!$AC$5:$AC$1500,0),0)) -> 12 | G9: =IF($A9="","",OFFSET(統合マスタ!$E$4,MATCH($A9,統合マスタ!$AC$5:$AC$1500,0),0)) | H9: =IF($A9="","",OFFSET(統合マスタ!$F$4,MATCH($A9,統合マスタ!$AC$5:$AC$1500,0),0)) -> ７枚ｘ５０ | I9: =IF($A9="","",OFFSET(統合マスタ!$K$4,MATCH($A9,統合マスタ!$AC$5:$AC$1500,0),0)) -> 枚 | J9: =IF(F9="","",OFFSET(分類!$B$29,MATCH(F9,分類!$A$30:$A$46,0),0)) -> 湿布 | L9: 袋 | M9: 7 | N9: =IF(M9="",K9,K9*M9) -> 0 | O9: =I9 -> 枚
A10: {=IFERROR( SMALL( IF((統合マスタ!$R$5:$R$1500=1)* (ISNUMBER(MATCH(統合マスタ!$V$5:$V$1500, 分類!$H$8:$H$16, 0))), 統合マスタ!$AC$5:$AC$1500), ROW(A6) ), "")} -> 116 | B10: =B9+1 -> 6 | C10: =IF($A10="","",OFFSET(統合マスタ!$B$4,MATCH($A10,統合マスタ!$AC$5:$AC$1500,0),0)) -> 116 | D10: =IF($A10="","",OFFSET(統合マスタ!$C$4,MATCH($A10,統合マスタ!$AC$5:$AC$1500,0),0)) -> インテバンクリーム１％ | E10: =IF($A10="","",OFFSET(統合マスタ!$X$4,MATCH($A10,統合マスタ!$AC$5:$AC$1500,0),0)) -> 0 | F10: =IF($A10="","",OFFSET(統合マスタ!$Z$4,MATCH($A10,統合マスタ!$AC$5:$AC$1500,0),0)) -> 1 | G10: =IF($A10="","",OFFSET(統合マスタ!$E$4,MATCH($A10,統合マスタ!$AC$5:$AC$1500,0),0)) | H10: =IF($A10="","",OFFSET(統合マスタ!$F$4,MATCH($A10,統合マスタ!$AC$5:$AC$1500,0),0)) -> ２５ｇｌｘ１０ | I10: =IF($A10="","",OFFSET(統合マスタ!$K$4,MATCH($A10,統合マスタ!$AC$5:$AC$1500,0),0)) -> ｇ | J10: =IF(F10="","",OFFSET(分類!$B$29,MATCH(F10,分類!$A$30:$A$46,0),0)) -> 調剤棚 | L10: 本 | M10: 25 | N10: =IF(M10="",K10,K10*M10) -> 0 | O10: =I10 -> ｇ
A11: {=IFERROR( SMALL( IF((統合マスタ!$R$5:$R$1500=1)* (ISNUMBER(MATCH(統合マスタ!$V$5:$V$1500, 分類!$H$8:$H$16, 0))), 統合マスタ!$AC$5:$AC$1500), ROW(A7) ), "")} -> 117 | B11: =B10+1 -> 7 | C11: =IF($A11="","",OFFSET(統合マスタ!$B$4,MATCH($A11,統合マスタ!$AC$5:$AC$1500,0),0)) -> 117 | D11: =IF($A11="","",OFFSET(統合マスタ!$C$4,MATCH($A11,統合マスタ!$AC$5:$AC$1500,0),0)) -> インテバン外用液１％ | E11: =IF($A11="","",OFFSET(統合マスタ!$X$4,MATCH($A11,統合マスタ!$AC$5:$AC$1500,0),0)) -> 0 | F11: =IF($A11="","",OFFSET(統合マスタ!$Z$4,MATCH($A11,統合マスタ!$AC$5:$AC$1500,0),0)) -> 3 | G11: =IF($A11="","",OFFSET(統合マスタ!$E$4,MATCH($A11,統合マスタ!$AC$5:$AC$1500,0),0)) | H11: =IF($A11="","",OFFSET(統合マスタ!$F$4,MATCH($A11,統合マスタ!$AC$5:$AC$1500,0),0)) -> ５０ｍｌｘ１０ | I11: =IF($A11="","",OFFSET(統合マスタ!$K$4,MATCH($A11,統合マスタ!$AC$5:$AC$1500,0),0)) -> ｍｌ | J11: =IF(F11="","",OFFSET(分類!$B$29,MATCH(F11,分類!$A$30:$A$46,0),0)) -> 外用.臨時.散薬ヒート | L11: 本 | M11: 50 | N11: =IF(M11="",K11,K11*M11) -> 0 | O11: =I11 -> ｍｌ
A12: {=IFERROR( SMALL( IF((統合マスタ!$R$5:$R$1500=1)* (ISNUMBER(MATCH(統合マスタ!$V$5:$V$1500, 分類!$H$8:$H$16, 0))), 統合マスタ!$AC$5:$AC$1500), ROW(A8) ), "")} -> 152 | B12: =B11+1 -> 8 | C12: =IF($A12="","",OFFSET(統合マスタ!$B$4,MATCH($A12,統合マスタ!$AC$5:$AC$1500,0),0)) -> 152 | D12: =IF($A12="","",OFFSET(統合マスタ!$C$4,MATCH($A12,統合マスタ!$AC$5:$AC$1500,0),0)) -> オイラックスクリーム１０％ | E12: =IF($A12="","",OFFSET(統合マスタ!$X$4,MATCH($A12,統合マスタ!$AC$5:$AC$1500,0),0)) -> 0 | F12: =IF($A12="","",OFFSET(統合マスタ!$Z$4,MATCH($A12,統合マスタ!$AC$5:$AC$1500,0),0)) -> 3 | G12: =IF($A12="","",OFFSET(統合マスタ!$E$4,MATCH($A12,統合マスタ!$AC$5:$AC$1500,0),0)) | H12: =IF($A12="","",OFFSET(統合マスタ!$F$4,MATCH($A12,統合マスタ!$AC$5:$AC$1500,0),0)) -> １０ｇＸ１０ | I12: =IF($A12="","",OFFSET(統合マスタ!$K$4,MATCH($A12,統合マスタ!$AC$5:$AC$1500,0),0)) -> 10ｇ | J12: =IF(F12="","",OFFSET(分類!$B$29,MATCH(F12,分類!$A$30:$A$46,0),0)) -> 外用.臨時.散薬ヒート | L12: 本 | M12: 10 | N12: =IF(M12="",K12,K12*M12) -> 0 | O12: =I12 -> 10ｇ
A13: {=IFERROR( SMALL( IF((統合マスタ!$R$5:$R$1500=1)* (ISNUMBER(MATCH(統合マスタ!$V$5:$V$1500, 分類!$H$8:$H$16, 0))), 統合マスタ!$AC$5:$AC$1500), ROW(A9) ), "")} -> 156 | B13: =B12+1 -> 9 | C13: =IF($A13="","",OFFSET(統合マスタ!$B$4,MATCH($A13,統合マスタ!$AC$5:$AC$1500,0),0)) -> 156 | D13: =IF($A13="","",OFFSET(統合マスタ!$C$4,MATCH($A13,統合マスタ!$AC$5:$AC$1500,0),0)) -> オフロキサシン点眼液０．３％「ＪＧ」 | E13: =IF($A13="","",OFFSET(統合マスタ!$X$4,MATCH($A13,統合マスタ!$AC$5:$AC$1500,0),0)) -> 0 | F13: =IF($A13="","",OFFSET(統合マスタ!$Z$4,MATCH($A13,統合マスタ!$AC$5:$AC$1500,0),0)) -> 3 | G13: =IF($A13="","",OFFSET(統合マスタ!$E$4,MATCH($A13,統合マスタ!$AC$5:$AC$1500,0),0)) | H13: =IF($A13="","",OFFSET(統合マスタ!$F$4,MATCH($A13,統合マスタ!$AC$5:$AC$1500,0),0)) -> ５ｍｌｘ１０ | I13: =IF($A13="","",OFFSET(統合マスタ!$K$4,MATCH($A13,統合マスタ!$AC$5:$AC$1500,0),0)) -> ｍｌ | J13: =IF(F13="","",OFFSET(分類!$B$29,MATCH(F13,分類!$A$30:$A$46,0),0)) -> 外用.臨時.散薬ヒート | L13: 本 | M13: 5 | N13: =IF(M13="",K13,K13*M13) -> 0 | O13: =I13 -> ｍｌ
A14: {=IFERROR( SMALL( IF((統合マスタ!$R$5:$R$1500=1)* (ISNUMBER(MATCH(統合マスタ!$V$5:$V$1500, 分類!$H$8:$H$16, 0))), 統合マスタ!$AC$5:$AC$1500), ROW(A10) ), "")} -> 183 | B14: =B13+1 -> 10 | C14: =IF($A14="","",OFFSET(統合マスタ!$B$4,MATCH($A14,統合マスタ!$AC$5:$AC$1500,0),0)) -> 183 | D14: =IF($A14="","",OFFSET(統合マスタ!$C$4,MATCH($A14,統合マスタ!$AC$5:$AC$1500,0),0)) -> キュバール１００エアゾール１５ｍｇ | E14: =IF($A14="","",OFFSET(統合マスタ!$X$4,MATCH($A14,統合マスタ!$AC$5:$AC$1500,0),0)) -> 0 | F14: =IF($A14="","",OFFSET(統合マスタ!$Z$4,MATCH($A14,統合マスタ!$AC$5:$AC$1500,0),0)) -> 3 | G14: =IF($A14="","",OFFSET(統合マスタ!$E$4,MATCH($A14,統合マスタ!$AC$5:$AC$1500,0),0)) | H14: =IF($A14="","",OFFSET(統合マスタ!$F$4,MATCH($A14,統合マスタ!$AC$5:$AC$1500,0),0)) -> ８．７ｇｘ１ | I14: =IF($A14="","",OFFSET(統合マスタ!$K$4,MATCH($A14,統合マスタ!$AC$5:$AC$1500,0),0)) -> 本 | J14: =IF(F14="","",OFFSET(分類!$B$29,MATCH(F14,分類!$A$30:$A$46,0),0)) -> 外用.臨時.散薬ヒート | L14: 本 | N14: =IF(M14="",K14,K14*M14) -> 0 | O14: =I14 -> 本
A15: {=IFERROR( SMALL( IF((統合マスタ!$R$5:$R$1500=1)* (ISNUMBER(MATCH(統合マスタ!$V$5:$V$1500, 分類!$H$8:$H$16, 0))), 統合マスタ!$AC$5:$AC$1500), ROW(A11) ), "")} -> 208 | B15: =B14+1 -> 11 | C15: =IF($A15="","",OFFSET(統合マスタ!$B$4,MATCH($A15,統合マスタ!$AC$5:$AC$1500,0),0)) -> 208 | D15: =IF($A15="","",OFFSET(統合マスタ!$C$4,MATCH($A15,統合マスタ!$AC$5:$AC$1500,0),0)) -> グリセリン浣腸液５０％「ムネ」 ６０ｍｌ | E15: =IF($A15="","",OFFSET(統合マスタ!$X$4,MATCH($A15,統合マスタ!$AC$5:$AC$1500,0),0)) -> 0 | F15: =IF($A15="","",OFFSET(統合マスタ!$Z$4,MATCH($A15,統合マスタ!$AC$5:$AC$1500,0),0)) -> 14 | G15: =IF($A15="","",OFFSET(統合マスタ!$E$4,MATCH($A15,統合マスタ!$AC$5:$AC$1500,0),0)) | H15: =IF($A15="","",OFFSET(統合マスタ!$F$4,MATCH($A15,統合マスタ!$AC$5:$AC$1500,0),0)) -> ６０ｍｌｘ１０ | I15: =IF($A15="","",OFFSET(統合マスタ!$K$4,MATCH($A15,統合マスタ!$AC$5:$AC$1500,0),0)) -> 本 | J15: =IF(F15="","",OFFSET(分類!$B$29,MATCH(F15,分類!$A$30:$A$46,0),0)) -> グリセリン浣腸 | L15: 本 | N15: =IF(M15="",K15,K15*M15) -> 0 | O15: =I15 -> 本
A16: {=IFERROR( SMALL( IF((統合マスタ!$R$5:$R$1500=1)* (ISNUMBER(MATCH(統合マスタ!$V$5:$V$1500, 分類!$H$8:$H$16, 0))), 統合マスタ!$AC$5:$AC$1500), ROW(A12) ), "")} -> 219 | B16: =B15+1 -> 12 | C16: =IF($A16="","",OFFSET(統合マスタ!$B$4,MATCH($A16,統合マスタ!$AC$5:$AC$1500,0),0)) -> 219 | D16: =IF($A16="","",OFFSET(統合マスタ!$C$4,MATCH($A16,統合マスタ!$AC$5:$AC$1500,0),0)) -> クロモグリク酸Ｎａ点眼液２％「ニットー」 | E16: =IF($A16="","",OFFSET(統合マスタ!$X$4,MATCH($A16,統合マスタ!$AC$5:$AC$1500,0),0)) -> 0 | F16: =IF($A16="","",OFFSET(統合マスタ!$Z$4,MATCH($A16,統合マスタ!$AC$5:$AC$1500,0),0)) -> 3 | G16: =IF($A16="","",OFFSET(統合マスタ!$E$4,MATCH($A16,統合マスタ!$AC$5:$AC$1500,0),0)) | H16: =IF($A16="","",OFFSET(統合マスタ!$F$4,MATCH($A16,統合マスタ!$AC$5:$AC$1500,0),0)) -> ５ＭＬＸ５Ｖ | I16: =IF($A16="","",OFFSET(統合マスタ!$K$4,MATCH($A16,統合マスタ!$AC$5:$AC$1500,0),0)) -> 瓶 | J16: =IF(F16="","",OFFSET(分類!$B$29,MATCH(F16,分類!$A$30:$A$46,0),0)) -> 外用.臨時.散薬ヒート | L16: 瓶 | N16: =IF(M16="",K16,K16*M16) -> 0 | O16: =I16 -> 瓶
A17: {=IFERROR( SMALL( IF((統合マスタ!$R$5:$R$1500=1)* (ISNUMBER(MATCH(統合マスタ!$V$5:$V$1500, 分類!$H$8:$H$16, 0))), 統合マスタ!$AC$5:$AC$1500), ROW(A13) ), "")} -> 220 | B17: =B16+1 -> 13 | C17: =IF($A17="","",OFFSET(統合マスタ!$B$4,MATCH($A17,統合マスタ!$AC$5:$AC$1500,0),0)) -> 220 | D17: =IF($A17="","",OFFSET(統合マスタ!$C$4,MATCH($A17,統合マスタ!$AC$5:$AC$1500,0),0)) -> クロモグリク酸Ｎａ点眼液２％「ニットー」 | E17: =IF($A17="","",OFFSET(統合マスタ!$X$4,MATCH($A17,統合マスタ!$AC$5:$AC$1500,0),0)) -> 0 | F17: =IF($A17="","",OFFSET(統合マスタ!$Z$4,MATCH($A17,統合マスタ!$AC$5:$AC$1500,0),0)) -> 3 | G17: =IF($A17="","",OFFSET(統合マスタ!$E$4,MATCH($A17,統合マスタ!$AC$5:$AC$1500,0),0)) | H17: =IF($A17="","",OFFSET(統合マスタ!$F$4,MATCH($A17,統合マスタ!$AC$5:$AC$1500,0),0)) -> ５ＭＬＸ１０Ｖ | I17: =IF($A17="","",OFFSET(統合マスタ!$K$4,MATCH($A17,統合マスタ!$AC$5:$AC$1500,0),0)) -> 瓶 | J17: =IF(F17="","",OFFSET(分類!$B$29,MATCH(F17,分類!$A$30:$A$46,0),0)) -> 外用.臨時.散薬ヒート | L17: 瓶 | N17: =IF(M17="",K17,K17*M17) -> 0 | O17: =I17 -> 瓶
A18: {=IFERROR( SMALL( IF((統合マスタ!$R$5:$R$1500=1)* (ISNUMBER(MATCH(統合マスタ!$V$5:$V$1500, 分類!$H$8:$H$16, 0))), 統合マスタ!$AC$5:$AC$1500), ROW(A14) ), "")} -> 222 | B18: =B17+1 -> 14 | C18: =IF($A18="","",OFFSET(統合マスタ!$B$4,MATCH($A18,統合マスタ!$AC$5:$AC$1500,0),0)) -> 222 | D18: =IF($A18="","",OFFSET(統合マスタ!$C$4,MATCH($A18,統合マスタ!$AC$5:$AC$1500,0),0)) -> ゲーベンクリーム１％ | E18: =IF($A18="","",OFFSET(統合マスタ!$X$4,MATCH($A18,統合マスタ!$AC$5:$AC$1500,0),0)) -> 0 | F18: =IF($A18="","",OFFSET(統合マスタ!$Z$4,MATCH($A18,統合マスタ!$AC$5:$AC$1500,0),0)) -> 7 | G18: =IF($A18="","",OFFSET(統合マスタ!$E$4,MATCH($A18,統合マスタ!$AC$5:$AC$1500,0),0)) | H18: =IF($A18="","",OFFSET(統合マスタ!$F$4,MATCH($A18,統合マスタ!$AC$5:$AC$1500,0),0)) -> １００ｇ | I18: =IF($A18="","",OFFSET(統合マスタ!$K$4,MATCH($A18,統合マスタ!$AC$5:$AC$1500,0),0)) -> ｇ | J18: =IF(F18="","",OFFSET(分類!$B$29,MATCH(F18,分類!$A$30:$A$46,0),0)) -> 軟膏 | L18: ｇ | N18: =IF(M18="",K18,K18*M18) -> 0 | O18: =I18 -> ｇ
A19: {=IFERROR( SMALL( IF((統合マスタ!$R$5:$R$1500=1)* (ISNUMBER(MATCH(統合マスタ!$V$5:$V$1500, 分類!$H$8:$H$16, 0))), 統合マスタ!$AC$5:$AC$1500), ROW(A15) ), "")} -> 223 | B19: =B18+1 -> 15 | C19: =IF($A19="","",OFFSET(統合マスタ!$B$4,MATCH($A19,統合マスタ!$AC$5:$AC$1500,0),0)) -> 223 | D19: =IF($A19="","",OFFSET(統合マスタ!$C$4,MATCH($A19,統合マスタ!$AC$5:$AC$1500,0),0)) -> ケトチフェン点鼻液０．０５％「サワイ」 | E19: =IF($A19="","",OFFSET(統合マスタ!$X$4,MATCH($A19,統合マスタ!$AC$5:$AC$1500,0),0)) -> 0 | F19: =IF($A19="","",OFFSET(統合マスタ!$Z$4,MATCH($A19,統合マスタ!$AC$5:$AC$1500,0),0)) -> 3 | G19: =IF($A19="","",OFFSET(統合マスタ!$E$4,MATCH($A19,統合マスタ!$AC$5:$AC$1500,0),0)) | H19: =IF($A19="","",OFFSET(統合マスタ!$F$4,MATCH($A19,統合マスタ!$AC$5:$AC$1500,0),0)) -> ６．０４８／８ｍｌｘ１０ | I19: =IF($A19="","",OFFSET(統合マスタ!$K$4,MATCH($A19,統合マスタ!$AC$5:$AC$1500,0),0)) -> 瓶 | J19: =IF(F19="","",OFFSET(分類!$B$29,MATCH(F19,分類!$A$30:$A$46,0),0)) -> 外用.臨時.散薬ヒート | L19: 瓶 | N19: =IF(M19="",K19,K19*M19) -> 0 | O19: =I19 -> 瓶
A20: {=IFERROR( SMALL( IF((統合マスタ!$R$5:$R$1500=1)* (ISNUMBER(MATCH(統合マスタ!$V$5:$V$1500, 分類!$H$8:$H$16, 0))), 統合マスタ!$AC$5:$AC$1500), ROW(A16) ), "")} -> 224 | B20: =B19+1 -> 16 | C20: =IF($A20="","",OFFSET(統合マスタ!$B$4,MATCH($A20,統合マスタ!$AC$5:$AC$1500,0),0)) -> 224 | D20: =IF($A20="","",OFFSET(統合マスタ!$C$4,MATCH($A20,統合マスタ!$AC$5:$AC$1500,0),0)) -> ケトプロフェンパップ３０ｍｇ 「三和」 １０ｘ１４ｃｍ | E20: =IF($A20="","",OFFSET(統合マスタ!$X$4,MATCH($A20,統合マスタ!$AC$5:$AC$1500,0),0)) -> 0 | F20: =IF($A20="","",OFFSET(統合マスタ!$Z$4,MATCH($A20,統合マスタ!$AC$5:$AC$1500,0),0)) -> 12 | G20: =IF($A20="","",OFFSET(統合マスタ!$E$4,MATCH($A20,統合マスタ!$AC$5:$AC$1500,0),0)) | H20: =IF($A20="","",OFFSET(統合マスタ!$F$4,MATCH($A20,統合マスタ!$AC$5:$AC$1500,0),0)) -> ７枚ｘ１００ | I20: =IF($A20="","",OFFSET(統合マスタ!$K$4,MATCH($A20,統合マスタ!$AC$5:$AC$1500,0),0)) -> 枚 | J20: =IF(F20="","",OFFSET(分類!$B$29,MATCH(F20,分類!$A$30:$A$46,0),0)) -> 湿布 | L20: 袋 | M20: 7 | N20: =IF(M20="",K20,K20*M20) -> 0 | O20: =I20 -> 枚
A21: {=IFERROR( SMALL( IF((統合マスタ!$R$5:$R$1500=1)* (ISNUMBER(MATCH(統合マスタ!$V$5:$V$1500, 分類!$H$8:$H$16, 0))), 統合マスタ!$AC$5:$AC$1500), ROW(A17) ), "")} -> 228 | B21: =B20+1 -> 17 | C21: =IF($A21="","",OFFSET(統合マスタ!$B$4,MATCH($A21,統合マスタ!$AC$5:$AC$1500,0),0)) -> 228 | D21: =IF($A21="","",OFFSET(統合マスタ!$C$4,MATCH($A21,統合マスタ!$AC$5:$AC$1500,0),0)) -> ゲンタマイシン硫酸塩軟膏０．１％「イワキ」 | E21: =IF($A21="","",OFFSET(統合マスタ!$X$4,MATCH($A21,統合マスタ!$AC$5:$AC$1500,0),0)) -> 0 | F21: =IF($A21="","",OFFSET(統合マスタ!$Z$4,MATCH($A21,統合マスタ!$AC$5:$AC$1500,0),0)) -> 3 | G21: =IF($A21="","",OFFSET(統合マスタ!$E$4,MATCH($A21,統合マスタ!$AC$5:$AC$1500,0),0)) | H21: =IF($A21="","",OFFSET(統合マスタ!$F$4,MATCH($A21,統合マスタ!$AC$5:$AC$1500,0),0)) -> １０ｇＸ１０ | I21: =IF($A21="","",OFFSET(統合マスタ!$K$4,MATCH($A21,統合マスタ!$AC$5:$AC$1500,0),0)) -> ｇ | J21: =IF(F21="","",OFFSET(分類!$B$29,MATCH(F21,分類!$A$30:$A$46,0),0)) -> 外用.臨時.散薬ヒート | L21: 本 | M21: 10 | N21: =IF(M21="",K21,K21*M21) -> 0 | O21: =I21 -> ｇ
A22: {=IFERROR( SMALL( IF((統合マスタ!$R$5:$R$1500=1)* (ISNUMBER(MATCH(統合マスタ!$V$5:$V$1500, 分類!$H$8:$H$16, 0))), 統合マスタ!$AC$5:$AC$1500), ROW(A18) ), "")} -> 230 | B22: =B21+1 -> 18 | C22: =IF($A22="","",OFFSET(統合マスタ!$B$4,MATCH($A22,統合マスタ!$AC$5:$AC$1500,0),0)) -> 230 | D22: =IF($A22="","",OFFSET(統合マスタ!$C$4,MATCH($A22,統合マスタ!$AC$5:$AC$1500,0),0)) -> コールタイジン点鼻液 | E22: =IF($A22="","",OFFSET(統合マスタ!$X$4,MATCH($A22,統合マスタ!$AC$5:$AC$1500,0),0)) -> 0 | F22: =IF($A22="","",OFFSET(統合マスタ!$Z$4,MATCH($A22,統合マスタ!$AC$5:$AC$1500,0),0)) -> 3 | G22: =IF($A22="","",OFFSET(統合マスタ!$E$4,MATCH($A22,統合マスタ!$AC$5:$AC$1500,0),0)) | H22: =IF($A22="","",OFFSET(統合マスタ!$F$4,MATCH($A22,統合マスタ!$AC$5:$AC$1500,0),0)) -> １５ｍＬＸ１０ | I22: =IF($A22="","",OFFSET(統合マスタ!$K$4,MATCH($A22,統合マスタ!$AC$5:$AC$1500,0),0)) -> ｍｌ | J22: =IF(F22="","",OFFSET(分類!$B$29,MATCH(F22,分類!$A$30:$A$46,0),0)) -> 外用.臨時.散薬ヒート | L22: 本 | M22: 15 | N22: =IF(M22="",K22,K22*M22) -> 0 | O22: =I22 -> ｍｌ
A23: {=IFERROR( SMALL( IF((統合マスタ!$R$5:$R$1500=1)* (ISNUMBER(MATCH(統合マスタ!$V$5:$V$1500, 分類!$H$8:$H$16, 0))), 統合マスタ!$AC$5:$AC$1500), ROW(A19) ), "")} -> 248 | B23: =B22+1 -> 19 | C23: =IF($A23="","",OFFSET(統合マスタ!$B$4,MATCH($A23,統合マスタ!$AC$5:$AC$1500,0),0)) -> 248 | D23: =IF($A23="","",OFFSET(統合マスタ!$C$4,MATCH($A23,統合マスタ!$AC$5:$AC$1500,0),0)) -> シアノコバラミン点眼液０．０２％「日点」 | E23: =IF($A23="","",OFFSET(統合マスタ!$X$4,MATCH($A23,統合マスタ!$AC$5:$AC$1500,0),0)) -> 0 | F23: =IF($A23="","",OFFSET(統合マスタ!$Z$4,MATCH($A23,統合マスタ!$AC$5:$AC$1500,0),0)) -> 3 | G23: =IF($A23="","",OFFSET(統合マスタ!$E$4,MATCH($A23,統合マスタ!$AC$5:$AC$1500,0),0)) | H23: =IF($A23="","",OFFSET(統合マスタ!$F$4,MATCH($A23,統合マスタ!$AC$5:$AC$1500,0),0)) -> ５ｍＬＸ１０ | I23: =IF($A23="","",OFFSET(統合マスタ!$K$4,MATCH($A23,統合マスタ!$AC$5:$AC$1500,0),0)) -> 本 | J23: =IF(F23="","",OFFSET(分類!$B$29,MATCH(F23,分類!$A$30:$A$46,0),0)) -> 外用.臨時.散薬ヒート | L23: 本 | N23: =IF(M23="",K23,K23*M23) -> 0 | O23: =I23 -> 本
A24: {=IFERROR( SMALL( IF((統合マスタ!$R$5:$R$1500=1)* (ISNUMBER(MATCH(統合マスタ!$V$5:$V$1500, 分類!$H$8:$H$16, 0))), 統合マスタ!$AC$5:$AC$1500), ROW(A20) ), "")} -> 270 | B24: =B23+1 -> 20 | C24: =IF($A24="","",OFFSET(統合マスタ!$B$4,MATCH($A24,統合マスタ!$AC$5:$AC$1500,0),0)) -> 270 | D24: =IF($A24="","",OFFSET(統合マスタ!$C$4,MATCH($A24,統合マスタ!$AC$5:$AC$1500,0),0)) -> スクロードパスタ | E24: =IF($A24="","",OFFSET(統合マスタ!$X$4,MATCH($A24,統合マスタ!$AC$5:$AC$1500,0),0)) -> 0 | F24: =IF($A24="","",OFFSET(統合マスタ!$Z$4,MATCH($A24,統合マスタ!$AC$5:$AC$1500,0),0)) -> 7 | G24: =IF($A24="","",OFFSET(統合マスタ!$E$4,MATCH($A24,統合マスタ!$AC$5:$AC$1500,0),0)) | H24: =IF($A24="","",OFFSET(統合マスタ!$F$4,MATCH($A24,統合マスタ!$AC$5:$AC$1500,0),0)) -> １００ｇ | I24: =IF($A24="","",OFFSET(統合マスタ!$K$4,MATCH($A24,統合マスタ!$AC$5:$AC$1500,0),0)) -> ｇ | J24: =IF(F24="","",OFFSET(分類!$B$29,MATCH(F24,分類!$A$30:$A$46,0),0)) -> 軟膏 | L24: ｇ | N24: =IF(M24="",K24,K24*M24) -> 0 | O24: =I24 -> ｇ
A25: {=IFERROR( SMALL( IF((統合マスタ!$R$5:$R$1500=1)* (ISNUMBER(MATCH(統合マスタ!$V$5:$V$1500, 分類!$H$8:$H$16, 0))), 統合マスタ!$AC$5:$AC$1500), ROW(A21) ), "")} -> 271 | B25: =B24+1 -> 21 | C25: =IF($A25="","",OFFSET(統合マスタ!$B$4,MATCH($A25,統合マスタ!$AC$5:$AC$1500,0),0)) -> 271 | D25: =IF($A25="","",OFFSET(統合マスタ!$C$4,MATCH($A25,統合マスタ!$AC$5:$AC$1500,0),0)) -> スタデルムクリーム５％ | E25: =IF($A25="","",OFFSET(統合マスタ!$X$4,MATCH($A25,統合マスタ!$AC$5:$AC$1500,0),0)) -> 0 | F25: =IF($A25="","",OFFSET(統合マスタ!$Z$4,MATCH($A25,統合マスタ!$AC$5:$AC$1500,0),0)) -> 15 | G25: =IF($A25="","",OFFSET(統合マスタ!$E$4,MATCH($A25,統合マスタ!$AC$5:$AC$1500,0),0)) | H25: =IF($A25="","",OFFSET(統合マスタ!$F$4,MATCH($A25,統合マスタ!$AC$5:$AC$1500,0),0)) -> １０ｇｘ１０本 | I25: =IF($A25="","",OFFSET(統合マスタ!$K$4,MATCH($A25,統合マスタ!$AC$5:$AC$1500,0),0)) -> ｇ | J25: =IF(F25="","",OFFSET(分類!$B$29,MATCH(F25,分類!$A$30:$A$46,0),0)) -> 不良在庫 | L25: 本 | M25: 10 | N25: =IF(M25="",K25,K25*M25) -> 0 | O25: =I25 -> ｇ
A26: {=IFERROR( SMALL( IF((統合マスタ!$R$5:$R$1500=1)* (ISNUMBER(MATCH(統合マスタ!$V$5:$V$1500, 分類!$H$8:$H$16, 0))), 統合マスタ!$AC$5:$AC$1500), ROW(A22) ), "")} -> 273 | B26: =B25+1 -> 22 | C26: =IF($A26="","",OFFSET(統合マスタ!$B$4,MATCH($A26,統合マスタ!$AC$5:$AC$1500,0),0)) -> 273 | D26: =IF($A26="","",OFFSET(統合マスタ!$C$4,MATCH($A26,統合マスタ!$AC$5:$AC$1500,0),0)) -> スピール膏Ｍ ＳＰＭ１６ | E26: =IF($A26="","",OFFSET(統合マスタ!$X$4,MATCH($A26,統合マスタ!$AC$5:$AC$1500,0),0)) -> 0 | F26: =IF($A26="","",OFFSET(統合マスタ!$Z$4,MATCH($A26,統合マスタ!$AC$5:$AC$1500,0),0)) -> 3 | G26: =IF($A26="","",OFFSET(統合マスタ!$E$4,MATCH($A26,統合マスタ!$AC$5:$AC$1500,0),0)) | H26: =IF($A26="","",OFFSET(統合マスタ!$F$4,MATCH($A26,統合マスタ!$AC$5:$AC$1500,0),0)) -> ６枚 | I26: =IF($A26="","",OFFSET(統合マスタ!$K$4,MATCH($A26,統合マスタ!$AC$5:$AC$1500,0),0)) -> 枚 | J26: =IF(F26="","",OFFSET(分類!$B$29,MATCH(F26,分類!$A$30:$A$46,0),0)) -> 外用.臨時.散薬ヒート | L26: 枚 | N26: =IF(M26="",K26,K26*M26) -> 0 | O26: =I26 -> 枚
A27: {=IFERROR( SMALL( IF((統合マスタ!$R$5:$R$1500=1)* (ISNUMBER(MATCH(統合マスタ!$V$5:$V$1500, 分類!$H$8:$H$16, 0))), 統合マスタ!$AC$5:$AC$1500), ROW(A23) ), "")} -> 339 | B27: =B26+1 -> 23 | C27: =IF($A27="","",OFFSET(統合マスタ!$B$4,MATCH($A27,統合マスタ!$AC$5:$AC$1500,0),0)) -> 339 | D27: =IF($A27="","",OFFSET(統合マスタ!$C$4,MATCH($A27,統合マスタ!$AC$5:$AC$1500,0),0)) -> タリビッド眼軟膏０．３％ | E27: =IF($A27="","",OFFSET(統合マスタ!$X$4,MATCH($A27,統合マスタ!$AC$5:$AC$1500,0),0)) -> 0 | F27: =IF($A27="","",OFFSET(統合マスタ!$Z$4,MATCH($A27,統合マスタ!$AC$5:$AC$1500,0),0)) -> 3 | G27: =IF($A27="","",OFFSET(統合マスタ!$E$4,MATCH($A27,統合マスタ!$AC$5:$AC$1500,0),0)) | H27: =IF($A27="","",OFFSET(統合マスタ!$F$4,MATCH($A27,統合マスタ!$AC$5:$AC$1500,0),0)) -> ３．５ｇｘ１０ | I27: =IF($A27="","",OFFSET(統合マスタ!$K$4,MATCH($A27,統合マスタ!$AC$5:$AC$1500,0),0)) -> ｇ | J27: =IF(F27="","",OFFSET(分類!$B$29,MATCH(F27,分類!$A$30:$A$46,0),0)) -> 外用.臨時.散薬ヒート | L27: 本 | M27: 3.5 | N27: =IF(M27="",K27,K27*M27) -> 0 | O27: =I27 -> ｇ
A28: {=IFERROR( SMALL( IF((統合マスタ!$R$5:$R$1500=1)* (ISNUMBER(MATCH(統合マスタ!$V$5:$V$1500, 分類!$H$8:$H$16, 0))), 統合マスタ!$AC$5:$AC$1500), ROW(A24) ), "")} -> 356 | B28: =B27+1 -> 24 | C28: =IF($A28="","",OFFSET(統合マスタ!$B$4,MATCH($A28,統合マスタ!$AC$5:$AC$1500,0),0)) -> 356 | D28: =IF($A28="","",OFFSET(統合マスタ!$C$4,MATCH($A28,統合マスタ!$AC$5:$AC$1500,0),0)) -> ツロブテロールテープ１ｍｇ「サワイ」 | E28: =IF($A28="","",OFFSET(統合マスタ!$X$4,MATCH($A28,統合マスタ!$AC$5:$AC$1500,0),0)) -> 0 | F28: =IF($A28="","",OFFSET(統合マスタ!$Z$4,MATCH($A28,統合マスタ!$AC$5:$AC$1500,0),0)) -> 3 | G28: =IF($A28="","",OFFSET(統合マスタ!$E$4,MATCH($A28,統合マスタ!$AC$5:$AC$1500,0),0)) | H28: =IF($A28="","",OFFSET(統合マスタ!$F$4,MATCH($A28,統合マスタ!$AC$5:$AC$1500,0),0)) -> ７０枚 | I28: =IF($A28="","",OFFSET(統合マスタ!$K$4,MATCH($A28,統合マスタ!$AC$5:$AC$1500,0),0)) -> 枚 | J28: =IF(F28="","",OFFSET(分類!$B$29,MATCH(F28,分類!$A$30:$A$46,0),0)) -> 外用.臨時.散薬ヒート | L28: 枚 | N28: =IF(M28="",K28,K28*M28) -> 0 | O28: =I28 -> 枚
A29: {=IFERROR( SMALL( IF((統合マスタ!$R$5:$R$1500=1)* (ISNUMBER(MATCH(統合マスタ!$V$5:$V$1500, 分類!$H$8:$H$16, 0))), 統合マスタ!$AC$5:$AC$1500), ROW(A25) ), "")} -> 365 | B29: =B28+1 -> 25 | C29: =IF($A29="","",OFFSET(統合マスタ!$B$4,MATCH($A29,統合マスタ!$AC$5:$AC$1500,0),0)) -> 365 | D29: =IF($A29="","",OFFSET(統合マスタ!$C$4,MATCH($A29,統合マスタ!$AC$5:$AC$1500,0),0)) -> デキサメタゾン口腔用軟膏０．１％「日医工」 | E29: =IF($A29="","",OFFSET(統合マスタ!$X$4,MATCH($A29,統合マスタ!$AC$5:$AC$1500,0),0)) -> 0 | F29: =IF($A29="","",OFFSET(統合マスタ!$Z$4,MATCH($A29,統合マスタ!$AC$5:$AC$1500,0),0)) -> 3 | G29: =IF($A29="","",OFFSET(統合マスタ!$E$4,MATCH($A29,統合マスタ!$AC$5:$AC$1500,0),0)) | H29: =IF($A29="","",OFFSET(統合マスタ!$F$4,MATCH($A29,統合マスタ!$AC$5:$AC$1500,0),0)) -> ５ｇＸ１０ | I29: =IF($A29="","",OFFSET(統合マスタ!$K$4,MATCH($A29,統合マスタ!$AC$5:$AC$1500,0),0)) -> ｇ | J29: =IF(F29="","",OFFSET(分類!$B$29,MATCH(F29,分類!$A$30:$A$46,0),0)) -> 外用.臨時.散薬ヒート | L29: 本 | M29: 5 | N29: =IF(M29="",K29,K29*M29) -> 0 | O29: =I29 -> ｇ
A30: {=IFERROR( SMALL( IF((統合マスタ!$R$5:$R$1500=1)* (ISNUMBER(MATCH(統合マスタ!$V$5:$V$1500, 分類!$H$8:$H$16, 0))), 統合マスタ!$AC$5:$AC$1500), ROW(A26) ), "")} -> 382 | B30: =B29+1 -> 26 | C30: =IF($A30="","",OFFSET(統合マスタ!$B$4,MATCH($A30,統合マスタ!$AC$5:$AC$1500,0),0)) -> 382 | D30: =IF($A30="","",OFFSET(統合マスタ!$C$4,MATCH($A30,統合マスタ!$AC$5:$AC$1500,0),0)) -> テルビナフィン塩酸塩クリーム １％「サワイ」 | E30: =IF($A30="","",OFFSET(統合マスタ!$X$4,MATCH($A30,統合マスタ!$AC$5:$AC$1500,0),0)) -> 0 | F30: =IF($A30="","",OFFSET(統合マスタ!$Z$4,MATCH($A30,統合マスタ!$AC$5:$AC$1500,0),0)) -> 3 | G30: =IF($A30="","",OFFSET(統合マスタ!$E$4,MATCH($A30,統合マスタ!$AC$5:$AC$1500,0),0)) | H30: =IF($A30="","",OFFSET(統合マスタ!$F$4,MATCH($A30,統合マスタ!$AC$5:$AC$1500,0),0)) -> １０ｇＸ１０ | I30: =IF($A30="","",OFFSET(統合マスタ!$K$4,MATCH($A30,統合マスタ!$AC$5:$AC$1500,0),0)) -> ｇ | J30: =IF(F30="","",OFFSET(分類!$B$29,MATCH(F30,分類!$A$30:$A$46,0),0)) -> 外用.臨時.散薬ヒート | L30: 本 | M30: 10 | N30: =IF(M30="",K30,K30*M30) -> 0 | O30: =I30 -> ｇ
A31: {=IFERROR( SMALL( IF((統合マスタ!$R$5:$R$1500=1)* (ISNUMBER(MATCH(統合マスタ!$V$5:$V$1500, 分類!$H$8:$H$16, 0))), 統合マスタ!$AC$5:$AC$1500), ROW(A27) ), "")} -> 383 | B31: =B30+1 -> 27 | C31: =IF($A31="","",OFFSET(統合マスタ!$B$4,MATCH($A31,統合マスタ!$AC$5:$AC$1500,0),0)) -> 383 | D31: =IF($A31="","",OFFSET(統合マスタ!$C$4,MATCH($A31,統合マスタ!$AC$5:$AC$1500,0),0)) -> テルビナフィン塩酸塩外用液１％「サワイ」 | E31: =IF($A31="","",OFFSET(統合マスタ!$X$4,MATCH($A31,統合マスタ!$AC$5:$AC$1500,0),0)) -> 0 | F31: =IF($A31="","",OFFSET(統合マスタ!$Z$4,MATCH($A31,統合マスタ!$AC$5:$AC$1500,0),0)) -> 3 | G31: =IF($A31="","",OFFSET(統合マスタ!$E$4,MATCH($A31,統合マスタ!$AC$5:$AC$1500,0),0)) | H31: =IF($A31="","",OFFSET(統合マスタ!$F$4,MATCH($A31,統合マスタ!$AC$5:$AC$1500,0),0)) -> １０ｇＸ１０ | I31: =IF($A31="","",OFFSET(統合マスタ!$K$4,MATCH($A31,統合マスタ!$AC$5:$AC$1500,0),0)) -> ｇ | J31: =IF(F31="","",OFFSET(分類!$B$29,MATCH(F31,分類!$A$30:$A$46,0),0)) -> 外用.臨時.散薬ヒート | L31: 本 | M31: 10 | N31: =IF(M31="",K31,K31*M31) -> 0 | O31: =I31 -> ｇ
A32: {=IFERROR( SMALL( IF((統合マスタ!$R$5:$R$1500=1)* (ISNUMBER(MATCH(統合マスタ!$V$5:$V$1500, 分類!$H$8:$H$16, 0))), 統合マスタ!$AC$5:$AC$1500), ROW(A28) ), "")} -> 386 | B32: =B31+1 -> 28 | C32: =IF($A32="","",OFFSET(統合マスタ!$B$4,MATCH($A32,統合マスタ!$AC$5:$AC$1500,0),0)) -> 386 | D32: =IF($A32="","",OFFSET(統合マスタ!$C$4,MATCH($A32,統合マスタ!$AC$5:$AC$1500,0),0)) -> デルモゾールＧ軟膏 | E32: =IF($A32="","",OFFSET(統合マスタ!$X$4,MATCH($A32,統合マスタ!$AC$5:$AC$1500,0),0)) -> 0 | F32: =IF($A32="","",OFFSET(統合マスタ!$Z$4,MATCH($A32,統合マスタ!$AC$5:$AC$1500,0),0)) -> 3 | G32: =IF($A32="","",OFFSET(統合マスタ!$E$4,MATCH($A32,統合マスタ!$AC$5:$AC$1500,0),0)) | H32: =IF($A32="","",OFFSET(統合マスタ!$F$4,MATCH($A32,統合マスタ!$AC$5:$AC$1500,0),0)) -> ５ｇＸ５０ | I32: =IF($A32="","",OFFSET(統合マスタ!$K$4,MATCH($A32,統合マスタ!$AC$5:$AC$1500,0),0)) -> ｇ | J32: =IF(F32="","",OFFSET(分類!$B$29,MATCH(F32,分類!$A$30:$A$46,0),0)) -> 外用.臨時.散薬ヒート | L32: 本 | M32: 5 | N32: =IF(M32="",K32,K32*M32) -> 0 | O32: =I32 -> ｇ
A33: {=IFERROR( SMALL( IF((統合マスタ!$R$5:$R$1500=1)* (ISNUMBER(MATCH(統合マスタ!$V$5:$V$1500, 分類!$H$8:$H$16, 0))), 統合マスタ!$AC$5:$AC$1500), ROW(A29) ), "")} -> 387 | B33: =B32+1 -> 29 | C33: =IF($A33="","",OFFSET(統合マスタ!$B$4,MATCH($A33,統合マスタ!$AC$5:$AC$1500,0),0)) -> 387 | D33: =IF($A33="","",OFFSET(統合マスタ!$C$4,MATCH($A33,統合マスタ!$AC$5:$AC$1500,0),0)) -> デルモゾールＧ軟膏 | E33: =IF($A33="","",OFFSET(統合マスタ!$X$4,MATCH($A33,統合マスタ!$AC$5:$AC$1500,0),0)) -> 0 | F33: =IF($A33="","",OFFSET(統合マスタ!$Z$4,MATCH($A33,統合マスタ!$AC$5:$AC$1500,0),0)) -> 3 | G33: =IF($A33="","",OFFSET(統合マスタ!$E$4,MATCH($A33,統合マスタ!$AC$5:$AC$1500,0),0)) | H33: =IF($A33="","",OFFSET(統合マスタ!$F$4,MATCH($A33,統合マスタ!$AC$5:$AC$1500,0),0)) -> ５００ｇ | I33: =IF($A33="","",OFFSET(統合マスタ!$K$4,MATCH($A33,統合マスタ!$AC$5:$AC$1500,0),0)) -> ｇ | J33: =IF(F33="","",OFFSET(分類!$B$29,MATCH(F33,分類!$A$30:$A$46,0),0)) -> 外用.臨時.散薬ヒート | L33: ｇ | N33: =IF(M33="",K33,K33*M33) -> 0 | O33: =I33 -> ｇ
A34: {=IFERROR( SMALL( IF((統合マスタ!$R$5:$R$1500=1)* (ISNUMBER(MATCH(統合マスタ!$V$5:$V$1500, 分類!$H$8:$H$16, 0))), 統合マスタ!$AC$5:$AC$1500), ROW(A30) ), "")} -> 430 | B34: =B33+1 -> 30 | C34: =IF($A34="","",OFFSET(統合マスタ!$B$4,MATCH($A34,統合マスタ!$AC$5:$AC$1500,0),0)) -> 430 | D34: =IF($A34="","",OFFSET(統合マスタ!$C$4,MATCH($A34,統合マスタ!$AC$5:$AC$1500,0),0)) -> ニゾラールクリーム２％ | E34: =IF($A34="","",OFFSET(統合マスタ!$X$4,MATCH($A34,統合マスタ!$AC$5:$AC$1500,0),0)) -> 0 | F34: =IF($A34="","",OFFSET(統合マスタ!$Z$4,MATCH($A34,統合マスタ!$AC$5:$AC$1500,0),0)) -> 3 | G34: =IF($A34="","",OFFSET(統合マスタ!$E$4,MATCH($A34,統合マスタ!$AC$5:$AC$1500,0),0)) | H34: =IF($A34="","",OFFSET(統合マスタ!$F$4,MATCH($A34,統合マスタ!$AC$5:$AC$1500,0),0)) -> １０ｇｘ２０ | I34: =IF($A34="","",OFFSET(統合マスタ!$K$4,MATCH($A34,統合マスタ!$AC$5:$AC$1500,0),0)) -> ｇ | J34: =IF(F34="","",OFFSET(分類!$B$29,MATCH(F34,分類!$A$30:$A$46,0),0)) -> 外用.臨時.散薬ヒート | L34: 本 | M34: 10 | N34: =IF(M34="",K34,K34*M34) -> 0 | O34: =I34 -> ｇ
A35: {=IFERROR( SMALL( IF((統合マスタ!$R$5:$R$1500=1)* (ISNUMBER(MATCH(統合マスタ!$V$5:$V$1500, 分類!$H$8:$H$16, 0))), 統合マスタ!$AC$5:$AC$1500), ROW(A31) ), "")} -> 431 | B35: =B34+1 -> 31 | C35: =IF($A35="","",OFFSET(統合マスタ!$B$4,MATCH($A35,統合マスタ!$AC$5:$AC$1500,0),0)) -> 431 | D35: =IF($A35="","",OFFSET(統合マスタ!$C$4,MATCH($A35,統合マスタ!$AC$5:$AC$1500,0),0)) -> ニゾラールローション２％ | E35: =IF($A35="","",OFFSET(統合マスタ!$X$4,MATCH($A35,統合マスタ!$AC$5:$AC$1500,0),0)) -> 0 | F35: =IF($A35="","",OFFSET(統合マスタ!$Z$4,MATCH($A35,統合マスタ!$AC$5:$AC$1500,0),0)) -> 15 | G35: =IF($A35="","",OFFSET(統合マスタ!$E$4,MATCH($A35,統合マスタ!$AC$5:$AC$1500,0),0)) | H35: =IF($A35="","",OFFSET(統合マスタ!$F$4,MATCH($A35,統合マスタ!$AC$5:$AC$1500,0),0)) -> １０ｇ×１０本 | I35: =IF($A35="","",OFFSET(統合マスタ!$K$4,MATCH($A35,統合マスタ!$AC$5:$AC$1500,0),0)) -> ｇ | J35: =IF(F35="","",OFFSET(分類!$B$29,MATCH(F35,分類!$A$30:$A$46,0),0)) -> 不良在庫 | L35: 本 | M35: 10 | N35: =IF(M35="",K35,K35*M35) -> 0 | O35: =I35 -> ｇ
A36: {=IFERROR( SMALL( IF((統合マスタ!$R$5:$R$1500=1)* (ISNUMBER(MATCH(統合マスタ!$V$5:$V$1500, 分類!$H$8:$H$16, 0))), 統合マスタ!$AC$5:$AC$1500), ROW(A32) ), "")} -> 444 | B36: =B35+1 -> 32 | C36: =IF($A36="","",OFFSET(統合マスタ!$B$4,MATCH($A36,統合マスタ!$AC$5:$AC$1500,0),0)) -> 444 | D36: =IF($A36="","",OFFSET(統合マスタ!$C$4,MATCH($A36,統合マスタ!$AC$5:$AC$1500,0),0)) -> ネオメドロールＥＥ軟膏 | E36: =IF($A36="","",OFFSET(統合マスタ!$X$4,MATCH($A36,統合マスタ!$AC$5:$AC$1500,0),0)) -> 0 | F36: =IF($A36="","",OFFSET(統合マスタ!$Z$4,MATCH($A36,統合マスタ!$AC$5:$AC$1500,0),0)) -> 3 | G36: =IF($A36="","",OFFSET(統合マスタ!$E$4,MATCH($A36,統合マスタ!$AC$5:$AC$1500,0),0)) | H36: =IF($A36="","",OFFSET(統合マスタ!$F$4,MATCH($A36,統合マスタ!$AC$5:$AC$1500,0),0)) -> ３ｇｘ１０ | I36: =IF($A36="","",OFFSET(統合マスタ!$K$4,MATCH($A36,統合マスタ!$AC$5:$AC$1500,0),0)) -> ｇ | J36: =IF(F36="","",OFFSET(分類!$B$29,MATCH(F36,分類!$A$30:$A$46,0),0)) -> 外用.臨時.散薬ヒート | L36: 本 | M36: 3 | N36: =IF(M36="",K36,K36*M36) -> 0 | O36: =I36 -> ｇ
A37: {=IFERROR( SMALL( IF((統合マスタ!$R$5:$R$1500=1)* (ISNUMBER(MATCH(統合マスタ!$V$5:$V$1500, 分類!$H$8:$H$16, 0))), 統合マスタ!$AC$5:$AC$1500), ROW(A33) ), "")} -> 479 | B37: =B36+1 -> 33 | C37: =IF($A37="","",OFFSET(統合マスタ!$B$4,MATCH($A37,統合マスタ!$AC$5:$AC$1500,0),0)) -> 479 | D37: =IF($A37="","",OFFSET(統合マスタ!$C$4,MATCH($A37,統合マスタ!$AC$5:$AC$1500,0),0)) -> ヒアルロン酸Ｎａ点眼液０．１％「ニットー」 | E37: =IF($A37="","",OFFSET(統合マスタ!$X$4,MATCH($A37,統合マスタ!$AC$5:$AC$1500,0),0)) -> 0 | F37: =IF($A37="","",OFFSET(統合マスタ!$Z$4,MATCH($A37,統合マスタ!$AC$5:$AC$1500,0),0)) -> 3 | G37: =IF($A37="","",OFFSET(統合マスタ!$E$4,MATCH($A37,統合マスタ!$AC$5:$AC$1500,0),0)) | H37: =IF($A37="","",OFFSET(統合マスタ!$F$4,MATCH($A37,統合マスタ!$AC$5:$AC$1500,0),0)) -> ５ｍｌｘ１０ | I37: =IF($A37="","",OFFSET(統合マスタ!$K$4,MATCH($A37,統合マスタ!$AC$5:$AC$1500,0),0)) -> 瓶 | J37: =IF(F37="","",OFFSET(分類!$B$29,MATCH(F37,分類!$A$30:$A$46,0),0)) -> 外用.臨時.散薬ヒート | L37: 瓶 | N37: =IF(M37="",K37,K37*M37) -> 0 | O37: =I37 -> 瓶
A38: {=IFERROR( SMALL( IF((統合マスタ!$R$5:$R$1500=1)* (ISNUMBER(MATCH(統合マスタ!$V$5:$V$1500, 分類!$H$8:$H$16, 0))), 統合マスタ!$AC$5:$AC$1500), ROW(A34) ), "")} -> 495 | B38: =B37+1 -> 34 | C38: =IF($A38="","",OFFSET(統合マスタ!$B$4,MATCH($A38,統合マスタ!$AC$5:$AC$1500,0),0)) -> 495 | D38: =IF($A38="","",OFFSET(統合マスタ!$C$4,MATCH($A38,統合マスタ!$AC$5:$AC$1500,0),0)) -> ビダラビン軟膏３％「ＳＷ」 | E38: =IF($A38="","",OFFSET(統合マスタ!$X$4,MATCH($A38,統合マスタ!$AC$5:$AC$1500,0),0)) -> 0 | F38: =IF($A38="","",OFFSET(統合マスタ!$Z$4,MATCH($A38,統合マスタ!$AC$5:$AC$1500,0),0)) -> 3 | G38: =IF($A38="","",OFFSET(統合マスタ!$E$4,MATCH($A38,統合マスタ!$AC$5:$AC$1500,0),0)) | H38: =IF($A38="","",OFFSET(統合マスタ!$F$4,MATCH($A38,統合マスタ!$AC$5:$AC$1500,0),0)) -> ５ｇＸ５ | I38: =IF($A38="","",OFFSET(統合マスタ!$K$4,MATCH($A38,統合マスタ!$AC$5:$AC$1500,0),0)) -> ｇ | J38: =IF(F38="","",OFFSET(分類!$B$29,MATCH(F38,分類!$A$30:$A$46,0),0)) -> 外用.臨時.散薬ヒート | L38: 本 | M38: 5 | N38: =IF(M38="",K38,K38*M38) -> 0 | O38: =I38 -> ｇ
A39: {=IFERROR( SMALL( IF((統合マスタ!$R$5:$R$1500=1)* (ISNUMBER(MATCH(統合マスタ!$V$5:$V$1500, 分類!$H$8:$H$16, 0))), 統合マスタ!$AC$5:$AC$1500), ROW(A35) ), "")} -> 516 | B39: =B38+1 -> 35 | C39: =IF($A39="","",OFFSET(統合マスタ!$B$4,MATCH($A39,統合マスタ!$AC$5:$AC$1500,0),0)) -> 516 | D39: =IF($A39="","",OFFSET(統合マスタ!$C$4,MATCH($A39,統合マスタ!$AC$5:$AC$1500,0),0)) -> ヒルドイドソフト軟膏 ０．３％ | E39: =IF($A39="","",OFFSET(統合マスタ!$X$4,MATCH($A39,統合マスタ!$AC$5:$AC$1500,0),0)) -> 0 | F39: =IF($A39="","",OFFSET(統合マスタ!$Z$4,MATCH($A39,統合マスタ!$AC$5:$AC$1500,0),0)) -> 3 | G39: =IF($A39="","",OFFSET(統合マスタ!$E$4,MATCH($A39,統合マスタ!$AC$5:$AC$1500,0),0)) | H39: =IF($A39="","",OFFSET(統合マスタ!$F$4,MATCH($A39,統合マスタ!$AC$5:$AC$1500,0),0)) -> ２５ｇｘ１０本 | I39: =IF($A39="","",OFFSET(統合マスタ!$K$4,MATCH($A39,統合マスタ!$AC$5:$AC$1500,0),0)) -> ｇ | J39: =IF(F39="","",OFFSET(分類!$B$29,MATCH(F39,分類!$A$30:$A$46,0),0)) -> 外用.臨時.散薬ヒート | L39: 本 | M39: 25 | N39: =IF(M39="",K39,K39*M39) -> 0 | O39: =I39 -> ｇ
A40: {=IFERROR( SMALL( IF((統合マスタ!$R$5:$R$1500=1)* (ISNUMBER(MATCH(統合マスタ!$V$5:$V$1500, 分類!$H$8:$H$16, 0))), 統合マスタ!$AC$5:$AC$1500), ROW(A36) ), "")} -> 550 | B40: =B39+1 -> 36 | C40: =IF($A40="","",OFFSET(統合マスタ!$B$4,MATCH($A40,統合マスタ!$AC$5:$AC$1500,0),0)) -> 550 | D40: =IF($A40="","",OFFSET(統合マスタ!$C$4,MATCH($A40,統合マスタ!$AC$5:$AC$1500,0),0)) -> フランドルテープ４０ｍｇ | E40: =IF($A40="","",OFFSET(統合マスタ!$X$4,MATCH($A40,統合マスタ!$AC$5:$AC$1500,0),0)) -> 0 | F40: =IF($A40="","",OFFSET(統合マスタ!$Z$4,MATCH($A40,統合マスタ!$AC$5:$AC$1500,0),0)) -> 3 | G40: =IF($A40="","",OFFSET(統合マスタ!$E$4,MATCH($A40,統合マスタ!$AC$5:$AC$1500,0),0)) | H40: =IF($A40="","",OFFSET(統合マスタ!$F$4,MATCH($A40,統合マスタ!$AC$5:$AC$1500,0),0)) -> ７０マイ | I40: =IF($A40="","",OFFSET(統合マスタ!$K$4,MATCH($A40,統合マスタ!$AC$5:$AC$1500,0),0)) -> 枚 | J40: =IF(F40="","",OFFSET(分類!$B$29,MATCH(F40,分類!$A$30:$A$46,0),0)) -> 外用.臨時.散薬ヒート | L40: 枚 | N40: =IF(M40="",K40,K40*M40) -> 0 | O40: =I40 -> 枚
A41: {=IFERROR( SMALL( IF((統合マスタ!$R$5:$R$1500=1)* (ISNUMBER(MATCH(統合マスタ!$V$5:$V$1500, 分類!$H$8:$H$16, 0))), 統合マスタ!$AC$5:$AC$1500), ROW(A37) ), "")} -> 580 | B41: =B40+1 -> 37 | C41: =IF($A41="","",OFFSET(統合マスタ!$B$4,MATCH($A41,統合マスタ!$AC$5:$AC$1500,0),0)) -> 580 | D41: =IF($A41="","",OFFSET(統合マスタ!$C$4,MATCH($A41,統合マスタ!$AC$5:$AC$1500,0),0)) -> ブロムヘキシン塩酸塩吸入液０．２％「タイヨー」 | E41: =IF($A41="","",OFFSET(統合マスタ!$X$4,MATCH($A41,統合マスタ!$AC$5:$AC$1500,0),0)) -> 0 | F41: =IF($A41="","",OFFSET(統合マスタ!$Z$4,MATCH($A41,統合マスタ!$AC$5:$AC$1500,0),0)) -> 3 | G41: =IF($A41="","",OFFSET(統合マスタ!$E$4,MATCH($A41,統合マスタ!$AC$5:$AC$1500,0),0)) | H41: =IF($A41="","",OFFSET(統合マスタ!$F$4,MATCH($A41,統合マスタ!$AC$5:$AC$1500,0),0)) -> ４５ｍｌ | I41: =IF($A41="","",OFFSET(統合マスタ!$K$4,MATCH($A41,統合マスタ!$AC$5:$AC$1500,0),0)) -> ｍｌ | J41: =IF(F41="","",OFFSET(分類!$B$29,MATCH(F41,分類!$A$30:$A$46,0),0)) -> 外用.臨時.散薬ヒート | L41: 本 | M41: 45 | N41: =IF(M41="",K41,K41*M41) -> 0 | O41: =I41 -> ｍｌ
A42: {=IFERROR( SMALL( IF((統合マスタ!$R$5:$R$1500=1)* (ISNUMBER(MATCH(統合マスタ!$V$5:$V$1500, 分類!$H$8:$H$16, 0))), 統合マスタ!$AC$5:$AC$1500), ROW(A38) ), "")} -> 590 | B42: =B41+1 -> 38 | C42: =IF($A42="","",OFFSET(統合マスタ!$B$4,MATCH($A42,統合マスタ!$AC$5:$AC$1500,0),0)) -> 590 | D42: =IF($A42="","",OFFSET(統合マスタ!$C$4,MATCH($A42,統合マスタ!$AC$5:$AC$1500,0),0)) -> ベタメタゾン吉草酸エステルロ－ション０．１２％「イワキ」 | E42: =IF($A42="","",OFFSET(統合マスタ!$X$4,MATCH($A42,統合マスタ!$AC$5:$AC$1500,0),0)) -> 0 | F42: =IF($A42="","",OFFSET(統合マスタ!$Z$4,MATCH($A42,統合マスタ!$AC$5:$AC$1500,0),0)) -> 3 | G42: =IF($A42="","",OFFSET(統合マスタ!$E$4,MATCH($A42,統合マスタ!$AC$5:$AC$1500,0),0)) | H42: =IF($A42="","",OFFSET(統合マスタ!$F$4,MATCH($A42,統合マスタ!$AC$5:$AC$1500,0),0)) -> １０ＭＬＸ１０ | I42: =IF($A42="","",OFFSET(統合マスタ!$K$4,MATCH($A42,統合マスタ!$AC$5:$AC$1500,0),0)) -> ｍｌ | J42: =IF(F42="","",OFFSET(分類!$B$29,MATCH(F42,分類!$A$30:$A$46,0),0)) -> 外用.臨時.散薬ヒート | L42: 本 | M42: 10 | N42: =IF(M42="",K42,K42*M42) -> 0 | O42: =I42 -> ｍｌ
A43: {=IFERROR( SMALL( IF((統合マスタ!$R$5:$R$1500=1)* (ISNUMBER(MATCH(統合マスタ!$V$5:$V$1500, 分類!$H$8:$H$16, 0))), 統合マスタ!$AC$5:$AC$1500), ROW(A39) ), "")} -> 595 | B43: =B42+1 -> 39 | C43: =IF($A43="","",OFFSET(統合マスタ!$B$4,MATCH($A43,統合マスタ!$AC$5:$AC$1500,0),0)) -> 595 | D43: =IF($A43="","",OFFSET(統合マスタ!$C$4,MATCH($A43,統合マスタ!$AC$5:$AC$1500,0),0)) -> ヘパリン類似物質油性クリーム０．３％「ニチイコウ」 | E43: =IF($A43="","",OFFSET(統合マスタ!$X$4,MATCH($A43,統合マスタ!$AC$5:$AC$1500,0),0)) -> 0 | F43: =IF($A43="","",OFFSET(統合マスタ!$Z$4,MATCH($A43,統合マスタ!$AC$5:$AC$1500,0),0)) -> 5 | G43: =IF($A43="","",OFFSET(統合マスタ!$E$4,MATCH($A43,統合マスタ!$AC$5:$AC$1500,0),0)) | H43: =IF($A43="","",OFFSET(統合マスタ!$F$4,MATCH($A43,統合マスタ!$AC$5:$AC$1500,0),0)) -> １００ｇ | I43: =IF($A43="","",OFFSET(統合マスタ!$K$4,MATCH($A43,統合マスタ!$AC$5:$AC$1500,0),0)) -> ｇ | J43: =IF(F43="","",OFFSET(分類!$B$29,MATCH(F43,分類!$A$30:$A$46,0),0)) -> 普通薬バラ | L43: 本 | M43: 100 | N43: =IF(M43="",K43,K43*M43) -> 0 | O43: =I43 -> ｇ
A44: {=IFERROR( SMALL( IF((統合マスタ!$R$5:$R$1500=1)* (ISNUMBER(MATCH(統合マスタ!$V$5:$V$1500, 分類!$H$8:$H$16, 0))), 統合マスタ!$AC$5:$AC$1500), ROW(A40) ), "")} -> 598 | B44: =B43+1 -> 40 | C44: =IF($A44="","",OFFSET(統合マスタ!$B$4,MATCH($A44,統合マスタ!$AC$5:$AC$1500,0),0)) -> 598 | D44: =IF($A44="","",OFFSET(統合マスタ!$C$4,MATCH($A44,統合マスタ!$AC$5:$AC$1500,0),0)) -> ペミロラストＫ点眼液０．１％「ＴＳ」 | E44: =IF($A44="","",OFFSET(統合マスタ!$X$4,MATCH($A44,統合マスタ!$AC$5:$AC$1500,0),0)) -> 0 | F44: =IF($A44="","",OFFSET(統合マスタ!$Z$4,MATCH($A44,統合マスタ!$AC$5:$AC$1500,0),0)) -> 3 | G44: =IF($A44="","",OFFSET(統合マスタ!$E$4,MATCH($A44,統合マスタ!$AC$5:$AC$1500,0),0)) | H44: =IF($A44="","",OFFSET(統合マスタ!$F$4,MATCH($A44,統合マスタ!$AC$5:$AC$1500,0),0)) -> ５ｍｌｘ１０ | I44: =IF($A44="","",OFFSET(統合マスタ!$K$4,MATCH($A44,統合マスタ!$AC$5:$AC$1500,0),0)) -> 瓶 | J44: =IF(F44="","",OFFSET(分類!$B$29,MATCH(F44,分類!$A$30:$A$46,0),0)) -> 外用.臨時.散薬ヒート | L44: 瓶 | N44: =IF(M44="",K44,K44*M44) -> 0 | O44: =I44 -> 瓶
A45: {=IFERROR( SMALL( IF((統合マスタ!$R$5:$R$1500=1)* (ISNUMBER(MATCH(統合マスタ!$V$5:$V$1500, 分類!$H$8:$H$16, 0))), 統合マスタ!$AC$5:$AC$1500), ROW(A41) ), "")} -> 599 | B45: =B44+1 -> 41 | C45: =IF($A45="","",OFFSET(統合マスタ!$B$4,MATCH($A45,統合マスタ!$AC$5:$AC$1500,0),0)) -> 599 | D45: =IF($A45="","",OFFSET(統合マスタ!$C$4,MATCH($A45,統合マスタ!$AC$5:$AC$1500,0),0)) -> ヘモレックス軟膏 | E45: =IF($A45="","",OFFSET(統合マスタ!$X$4,MATCH($A45,統合マスタ!$AC$5:$AC$1500,0),0)) -> 0 | F45: =IF($A45="","",OFFSET(統合マスタ!$Z$4,MATCH($A45,統合マスタ!$AC$5:$AC$1500,0),0)) -> 3 | G45: =IF($A45="","",OFFSET(統合マスタ!$E$4,MATCH($A45,統合マスタ!$AC$5:$AC$1500,0),0)) | H45: =IF($A45="","",OFFSET(統合マスタ!$F$4,MATCH($A45,統合マスタ!$AC$5:$AC$1500,0),0)) -> ２ｇｘ７０ | I45: =IF($A45="","",OFFSET(統合マスタ!$K$4,MATCH($A45,統合マスタ!$AC$5:$AC$1500,0),0)) -> ｇ | J45: =IF(F45="","",OFFSET(分類!$B$29,MATCH(F45,分類!$A$30:$A$46,0),0)) -> 外用.臨時.散薬ヒート | L45: 本 | M45: 2 | N45: =IF(M45="",K45,K45*M45) -> 0 | O45: =I45 -> ｇ
A46: {=IFERROR( SMALL( IF((統合マスタ!$R$5:$R$1500=1)* (ISNUMBER(MATCH(統合マスタ!$V$5:$V$1500, 分類!$H$8:$H$16, 0))), 統合マスタ!$AC$5:$AC$1500), ROW(A42) ), "")} -> 609 | B46: =B45+1 -> 42 | C46: =IF($A46="","",OFFSET(統合マスタ!$B$4,MATCH($A46,統合マスタ!$AC$5:$AC$1500,0),0)) -> 609 | D46: =IF($A46="","",OFFSET(統合マスタ!$C$4,MATCH($A46,統合マスタ!$AC$5:$AC$1500,0),0)) -> ボアラ軟膏０．１２％ | E46: =IF($A46="","",OFFSET(統合マスタ!$X$4,MATCH($A46,統合マスタ!$AC$5:$AC$1500,0),0)) -> 0 | F46: =IF($A46="","",OFFSET(統合マスタ!$Z$4,MATCH($A46,統合マスタ!$AC$5:$AC$1500,0),0)) -> 3 | G46: =IF($A46="","",OFFSET(統合マスタ!$E$4,MATCH($A46,統合マスタ!$AC$5:$AC$1500,0),0)) | H46: =IF($A46="","",OFFSET(統合マスタ!$F$4,MATCH($A46,統合マスタ!$AC$5:$AC$1500,0),0)) -> １００ｇ | I46: =IF($A46="","",OFFSET(統合マスタ!$K$4,MATCH($A46,統合マスタ!$AC$5:$AC$1500,0),0)) -> ｇ | J46: =IF(F46="","",OFFSET(分類!$B$29,MATCH(F46,分類!$A$30:$A$46,0),0)) -> 外用.臨時.散薬ヒート | L46: ｇ | N46: =IF(M46="",K46,K46*M46) -> 0 | O46: =I46 -> ｇ
A47: {=IFERROR( SMALL( IF((統合マスタ!$R$5:$R$1500=1)* (ISNUMBER(MATCH(統合マスタ!$V$5:$V$1500, 分類!$H$8:$H$16, 0))), 統合マスタ!$AC$5:$AC$1500), ROW(A43) ), "")} -> 626 | B47: =B46+1 -> 43 | C47: =IF($A47="","",OFFSET(統合マスタ!$B$4,MATCH($A47,統合マスタ!$AC$5:$AC$1500,0),0)) -> 626 | D47: =IF($A47="","",OFFSET(統合マスタ!$C$4,MATCH($A47,統合マスタ!$AC$5:$AC$1500,0),0)) -> マイザー軟膏０．０５％ | E47: =IF($A47="","",OFFSET(統合マスタ!$X$4,MATCH($A47,統合マスタ!$AC$5:$AC$1500,0),0)) -> 0 | F47: =IF($A47="","",OFFSET(統合マスタ!$Z$4,MATCH($A47,統合マスタ!$AC$5:$AC$1500,0),0)) -> 3 | G47: =IF($A47="","",OFFSET(統合マスタ!$E$4,MATCH($A47,統合マスタ!$AC$5:$AC$1500,0),0)) | H47: =IF($A47="","",OFFSET(統合マスタ!$F$4,MATCH($A47,統合マスタ!$AC$5:$AC$1500,0),0)) -> ５ｇｘ１０ | I47: =IF($A47="","",OFFSET(統合マスタ!$K$4,MATCH($A47,統合マスタ!$AC$5:$AC$1500,0),0)) -> ｇ | J47: =IF(F47="","",OFFSET(分類!$B$29,MATCH(F47,分類!$A$30:$A$46,0),0)) -> 外用.臨時.散薬ヒート | L47: 本 | M47: 5 | N47: =IF(M47="",K47,K47*M47) -> 0 | O47: =I47 -> ｇ
A48: {=IFERROR( SMALL( IF((統合マスタ!$R$5:$R$1500=1)* (ISNUMBER(MATCH(統合マスタ!$V$5:$V$1500, 分類!$H$8:$H$16, 0))), 統合マスタ!$AC$5:$AC$1500), ROW(A44) ), "")} -> 652 | B48: =B47+1 -> 44 | C48: =IF($A48="","",OFFSET(統合マスタ!$B$4,MATCH($A48,統合マスタ!$AC$5:$AC$1500,0),0)) -> 652 | D48: =IF($A48="","",OFFSET(統合マスタ!$C$4,MATCH($A48,統合マスタ!$AC$5:$AC$1500,0),0)) -> メプチンエア－１０μｇ吸入１００回 ０．０１４３％ | E48: =IF($A48="","",OFFSET(統合マスタ!$X$4,MATCH($A48,統合マスタ!$AC$5:$AC$1500,0),0)) -> 0 | F48: =IF($A48="","",OFFSET(統合マスタ!$Z$4,MATCH($A48,統合マスタ!$AC$5:$AC$1500,0),0)) -> 3 | G48: =IF($A48="","",OFFSET(統合マスタ!$E$4,MATCH($A48,統合マスタ!$AC$5:$AC$1500,0),0)) | H48: =IF($A48="","",OFFSET(統合マスタ!$F$4,MATCH($A48,統合マスタ!$AC$5:$AC$1500,0),0)) -> ５ｍｌｘ１０ | I48: =IF($A48="","",OFFSET(統合マスタ!$K$4,MATCH($A48,統合マスタ!$AC$5:$AC$1500,0),0)) -> 本 | J48: =IF(F48="","",OFFSET(分類!$B$29,MATCH(F48,分類!$A$30:$A$46,0),0)) -> 外用.臨時.散薬ヒート | L48: 本 | N48: =IF(M48="",K48,K48*M48) -> 0 | O48: =I48 -> 本
A49: {=IFERROR( SMALL( IF((統合マスタ!$R$5:$R$1500=1)* (ISNUMBER(MATCH(統合マスタ!$V$5:$V$1500, 分類!$H$8:$H$16, 0))), 統合マスタ!$AC$5:$AC$1500), ROW(A45) ), "")} -> 678 | B49: =B48+1 -> 45 | C49: =IF($A49="","",OFFSET(統合マスタ!$B$4,MATCH($A49,統合マスタ!$AC$5:$AC$1500,0),0)) -> 678 | D49: =IF($A49="","",OFFSET(統合マスタ!$C$4,MATCH($A49,統合マスタ!$AC$5:$AC$1500,0),0)) -> ラタノプロスト点眼液０．００５％「センジュ」 | E49: =IF($A49="","",OFFSET(統合マスタ!$X$4,MATCH($A49,統合マスタ!$AC$5:$AC$1500,0),0)) -> 0 | F49: =IF($A49="","",OFFSET(統合マスタ!$Z$4,MATCH($A49,統合マスタ!$AC$5:$AC$1500,0),0)) -> 11 | G49: =IF($A49="","",OFFSET(統合マスタ!$E$4,MATCH($A49,統合マスタ!$AC$5:$AC$1500,0),0)) | H49: =IF($A49="","",OFFSET(統合マスタ!$F$4,MATCH($A49,統合マスタ!$AC$5:$AC$1500,0),0)) -> ２．５ｍｌｘ１０ | I49: =IF($A49="","",OFFSET(統合マスタ!$K$4,MATCH($A49,統合マスタ!$AC$5:$AC$1500,0),0)) -> ｍｌ | J49: =IF(F49="","",OFFSET(分類!$B$29,MATCH(F49,分類!$A$30:$A$46,0),0)) -> 冷蔵庫 | L49: 本 | M49: 2.5 | N49: =IF(M49="",K49,K49*M49) -> 0 | O49: =I49 -> ｍｌ
A50: {=IFERROR( SMALL( IF((統合マスタ!$R$5:$R$1500=1)* (ISNUMBER(MATCH(統合マスタ!$V$5:$V$1500, 分類!$H$8:$H$16, 0))), 統合マスタ!$AC$5:$AC$1500), ROW(A46) ), "")} -> 740 | B50: =B49+1 -> 46 | C50: =IF($A50="","",OFFSET(統合マスタ!$B$4,MATCH($A50,統合マスタ!$AC$5:$AC$1500,0),0)) -> 740 | D50: =IF($A50="","",OFFSET(統合マスタ!$C$4,MATCH($A50,統合マスタ!$AC$5:$AC$1500,0),0)) -> リンデロン－Ｖ クリーム０．１２％ | E50: =IF($A50="","",OFFSET(統合マスタ!$X$4,MATCH($A50,統合マスタ!$AC$5:$AC$1500,0),0)) -> 0 | F50: =IF($A50="","",OFFSET(統合マスタ!$Z$4,MATCH($A50,統合マスタ!$AC$5:$AC$1500,0),0)) -> 3 | G50: =IF($A50="","",OFFSET(統合マスタ!$E$4,MATCH($A50,統合マスタ!$AC$5:$AC$1500,0),0)) | H50: =IF($A50="","",OFFSET(統合マスタ!$F$4,MATCH($A50,統合マスタ!$AC$5:$AC$1500,0),0)) -> ５ｇＸ１０入 | I50: =IF($A50="","",OFFSET(統合マスタ!$K$4,MATCH($A50,統合マスタ!$AC$5:$AC$1500,0),0)) -> ｇ | J50: =IF(F50="","",OFFSET(分類!$B$29,MATCH(F50,分類!$A$30:$A$46,0),0)) -> 外用.臨時.散薬ヒート | L50: 本 | M50: 5 | N50: =IF(M50="",K50,K50*M50) -> 0 | O50: =I50 -> ｇ
A51: {=IFERROR( SMALL( IF((統合マスタ!$R$5:$R$1500=1)* (ISNUMBER(MATCH(統合マスタ!$V$5:$V$1500, 分類!$H$8:$H$16, 0))), 統合マスタ!$AC$5:$AC$1500), ROW(A47) ), "")} -> 742 | B51: =B50+1 -> 47 | C51: =IF($A51="","",OFFSET(統合マスタ!$B$4,MATCH($A51,統合マスタ!$AC$5:$AC$1500,0),0)) -> 742 | D51: =IF($A51="","",OFFSET(統合マスタ!$C$4,MATCH($A51,統合マスタ!$AC$5:$AC$1500,0),0)) -> リンデロン点眼点耳点鼻液０．１％ | E51: =IF($A51="","",OFFSET(統合マスタ!$X$4,MATCH($A51,統合マスタ!$AC$5:$AC$1500,0),0)) -> 0 | F51: =IF($A51="","",OFFSET(統合マスタ!$Z$4,MATCH($A51,統合マスタ!$AC$5:$AC$1500,0),0)) -> 3 | G51: =IF($A51="","",OFFSET(統合マスタ!$E$4,MATCH($A51,統合マスタ!$AC$5:$AC$1500,0),0)) | H51: =IF($A51="","",OFFSET(統合マスタ!$F$4,MATCH($A51,統合マスタ!$AC$5:$AC$1500,0),0)) -> ５ｍｌｘ１０ | I51: =IF($A51="","",OFFSET(統合マスタ!$K$4,MATCH($A51,統合マスタ!$AC$5:$AC$1500,0),0)) -> 本 | J51: =IF(F51="","",OFFSET(分類!$B$29,MATCH(F51,分類!$A$30:$A$46,0),0)) -> 外用.臨時.散薬ヒート | L51: 本 | N51: =IF(M51="",K51,K51*M51) -> 0 | O51: =I51 -> 本
A52: {=IFERROR( SMALL( IF((統合マスタ!$R$5:$R$1500=1)* (ISNUMBER(MATCH(統合マスタ!$V$5:$V$1500, 分類!$H$8:$H$16, 0))), 統合マスタ!$AC$5:$AC$1500), ROW(A48) ), "")} -> 759 | B52: =B51+1 -> 48 | C52: =IF($A52="","",OFFSET(統合マスタ!$B$4,MATCH($A52,統合マスタ!$AC$5:$AC$1500,0),0)) -> 759 | D52: =IF($A52="","",OFFSET(統合マスタ!$C$4,MATCH($A52,統合マスタ!$AC$5:$AC$1500,0),0)) -> レスタミンコーワクリーム１％ | E52: =IF($A52="","",OFFSET(統合マスタ!$X$4,MATCH($A52,統合マスタ!$AC$5:$AC$1500,0),0)) -> 0 | F52: =IF($A52="","",OFFSET(統合マスタ!$Z$4,MATCH($A52,統合マスタ!$AC$5:$AC$1500,0),0)) -> 7 | G52: =IF($A52="","",OFFSET(統合マスタ!$E$4,MATCH($A52,統合マスタ!$AC$5:$AC$1500,0),0)) | H52: =IF($A52="","",OFFSET(統合マスタ!$F$4,MATCH($A52,統合マスタ!$AC$5:$AC$1500,0),0)) -> ５００ｇ | I52: =IF($A52="","",OFFSET(統合マスタ!$K$4,MATCH($A52,統合マスタ!$AC$5:$AC$1500,0),0)) -> 10ｇ | J52: =IF(F52="","",OFFSET(分類!$B$29,MATCH(F52,分類!$A$30:$A$46,0),0)) -> 軟膏 | L52: ｇ | M52: 0.1 | N52: =IF(M52="",K52,K52*M52) -> 0 | O52: =I52 -> 10ｇ
A53: {=IFERROR( SMALL( IF((統合マスタ!$R$5:$R$1500=1)* (ISNUMBER(MATCH(統合マスタ!$V$5:$V$1500, 分類!$H$8:$H$16, 0))), 統合マスタ!$AC$5:$AC$1500), ROW(A49) ), "")} -> 779 | B53: =B52+1 -> 49 | C53: =IF($A53="","",OFFSET(統合マスタ!$B$4,MATCH($A53,統合マスタ!$AC$5:$AC$1500,0),0)) -> 779 | D53: =IF($A53="","",OFFSET(統合マスタ!$C$4,MATCH($A53,統合マスタ!$AC$5:$AC$1500,0),0)) -> ロキソプロフェンＮａテープ１００ｍｇ「ＤＳＥＰ」 | E53: =IF($A53="","",OFFSET(統合マスタ!$X$4,MATCH($A53,統合マスタ!$AC$5:$AC$1500,0),0)) -> 0 | F53: =IF($A53="","",OFFSET(統合マスタ!$Z$4,MATCH($A53,統合マスタ!$AC$5:$AC$1500,0),0)) -> 12 | G53: =IF($A53="","",OFFSET(統合マスタ!$E$4,MATCH($A53,統合マスタ!$AC$5:$AC$1500,0),0)) | H53: =IF($A53="","",OFFSET(統合マスタ!$F$4,MATCH($A53,統合マスタ!$AC$5:$AC$1500,0),0)) -> ７００枚 | I53: =IF($A53="","",OFFSET(統合マスタ!$K$4,MATCH($A53,統合マスタ!$AC$5:$AC$1500,0),0)) -> 枚 | J53: =IF(F53="","",OFFSET(分類!$B$29,MATCH(F53,分類!$A$30:$A$46,0),0)) -> 湿布 | L53: 袋 | M53: 7 | N53: =IF(M53="",K53,K53*M53) -> 0 | O53: =I53 -> 枚
A54: {=IFERROR( SMALL( IF((統合マスタ!$R$5:$R$1500=1)* (ISNUMBER(MATCH(統合マスタ!$V$5:$V$1500, 分類!$H$8:$H$16, 0))), 統合マスタ!$AC$5:$AC$1500), ROW(A50) ), "")} -> 783 | B54: =B53+1 -> 50 | C54: =IF($A54="","",OFFSET(統合マスタ!$B$4,MATCH($A54,統合マスタ!$AC$5:$AC$1500,0),0)) -> 783 | D54: =IF($A54="","",OFFSET(統合マスタ!$C$4,MATCH($A54,統合マスタ!$AC$5:$AC$1500,0),0)) -> ロコイド軟膏０．１％ | E54: =IF($A54="","",OFFSET(統合マスタ!$X$4,MATCH($A54,統合マスタ!$AC$5:$AC$1500,0),0)) -> 0 | F54: =IF($A54="","",OFFSET(統合マスタ!$Z$4,MATCH($A54,統合マスタ!$AC$5:$AC$1500,0),0)) -> 3 | G54: =IF($A54="","",OFFSET(統合マスタ!$E$4,MATCH($A54,統合マスタ!$AC$5:$AC$1500,0),0)) | H54: =IF($A54="","",OFFSET(統合マスタ!$F$4,MATCH($A54,統合マスタ!$AC$5:$AC$1500,0),0)) -> ５ｇｘ１０ | I54: =IF($A54="","",OFFSET(統合マスタ!$K$4,MATCH($A54,統合マスタ!$AC$5:$AC$1500,0),0)) -> ｇ | J54: =IF(F54="","",OFFSET(分類!$B$29,MATCH(F54,分類!$A$30:$A$46,0),0)) -> 外用.臨時.散薬ヒート | L54: 本 | M54: 5 | N54: =IF(M54="",K54,K54*M54) -> 0 | O54: =I54 -> ｇ
A55: {=IFERROR( SMALL( IF((統合マスタ!$R$5:$R$1500=1)* (ISNUMBER(MATCH(統合マスタ!$V$5:$V$1500, 分類!$H$8:$H$16, 0))), 統合マスタ!$AC$5:$AC$1500), ROW(A51) ), "")} -> 804 | B55: =B54+1 -> 51 | C55: =IF($A55="","",OFFSET(統合マスタ!$B$4,MATCH($A55,統合マスタ!$AC$5:$AC$1500,0),0)) -> 804 | D55: =IF($A55="","",OFFSET(統合マスタ!$C$4,MATCH($A55,統合マスタ!$AC$5:$AC$1500,0),0)) -> 亜鉛華軟膏「ニッコー」 | E55: =IF($A55="","",OFFSET(統合マスタ!$X$4,MATCH($A55,統合マスタ!$AC$5:$AC$1500,0),0)) -> 0 | F55: =IF($A55="","",OFFSET(統合マスタ!$Z$4,MATCH($A55,統合マスタ!$AC$5:$AC$1500,0),0)) -> 7 | G55: =IF($A55="","",OFFSET(統合マスタ!$E$4,MATCH($A55,統合マスタ!$AC$5:$AC$1500,0),0)) | H55: =IF($A55="","",OFFSET(統合マスタ!$F$4,MATCH($A55,統合マスタ!$AC$5:$AC$1500,0),0)) -> ５００ｇ | I55: =IF($A55="","",OFFSET(統合マスタ!$K$4,MATCH($A55,統合マスタ!$AC$5:$AC$1500,0),0)) -> 10ｇ | J55: =IF(F55="","",OFFSET(分類!$B$29,MATCH(F55,分類!$A$30:$A$46,0),0)) -> 軟膏 | L55: ｇ | M55: 0.1 | N55: =IF(M55="",K55,K55*M55) -> 0 | O55: =I55 -> 10ｇ
A56: {=IFERROR( SMALL( IF((統合マスタ!$R$5:$R$1500=1)* (ISNUMBER(MATCH(統合マスタ!$V$5:$V$1500, 分類!$H$8:$H$16, 0))), 統合マスタ!$AC$5:$AC$1500), ROW(A52) ), "")} -> 832 | B56: =B55+1 -> 52 | C56: =IF($A56="","",OFFSET(統合マスタ!$B$4,MATCH($A56,統合マスタ!$AC$5:$AC$1500,0),0)) -> 832 | D56: =IF($A56="","",OFFSET(統合マスタ!$C$4,MATCH($A56,統合マスタ!$AC$5:$AC$1500,0),0)) -> 尿素クリーム１０％「日医工」 | E56: =IF($A56="","",OFFSET(統合マスタ!$X$4,MATCH($A56,統合マスタ!$AC$5:$AC$1500,0),0)) -> 0 | F56: =IF($A56="","",OFFSET(統合マスタ!$Z$4,MATCH($A56,統合マスタ!$AC$5:$AC$1500,0),0)) -> 3 | G56: =IF($A56="","",OFFSET(統合マスタ!$E$4,MATCH($A56,統合マスタ!$AC$5:$AC$1500,0),0)) | H56: =IF($A56="","",OFFSET(統合マスタ!$F$4,MATCH($A56,統合マスタ!$AC$5:$AC$1500,0),0)) -> ２０ｇＸ１０ | I56: =IF($A56="","",OFFSET(統合マスタ!$K$4,MATCH($A56,統合マスタ!$AC$5:$AC$1500,0),0)) -> ｇ | J56: =IF(F56="","",OFFSET(分類!$B$29,MATCH(F56,分類!$A$30:$A$46,0),0)) -> 外用.臨時.散薬ヒート | L56: 本 | M56: 20 | N56: =IF(M56="",K56,K56*M56) -> 0 | O56: =I56 -> ｇ
A57: {=IFERROR( SMALL( IF((統合マスタ!$R$5:$R$1500=1)* (ISNUMBER(MATCH(統合マスタ!$V$5:$V$1500, 分類!$H$8:$H$16, 0))), 統合マスタ!$AC$5:$AC$1500), ROW(A53) ), "")} -> 833 | B57: =B56+1 -> 53 | C57: =IF($A57="","",OFFSET(統合マスタ!$B$4,MATCH($A57,統合マスタ!$AC$5:$AC$1500,0),0)) -> 833 | D57: =IF($A57="","",OFFSET(統合マスタ!$C$4,MATCH($A57,統合マスタ!$AC$5:$AC$1500,0),0)) -> 白色ワセリン「ケンエー」 | E57: =IF($A57="","",OFFSET(統合マスタ!$X$4,MATCH($A57,統合マスタ!$AC$5:$AC$1500,0),0)) -> 0 | F57: =IF($A57="","",OFFSET(統合マスタ!$Z$4,MATCH($A57,統合マスタ!$AC$5:$AC$1500,0),0)) -> 7 | G57: =IF($A57="","",OFFSET(統合マスタ!$E$4,MATCH($A57,統合マスタ!$AC$5:$AC$1500,0),0)) | H57: =IF($A57="","",OFFSET(統合マスタ!$F$4,MATCH($A57,統合マスタ!$AC$5:$AC$1500,0),0)) -> ５００ｇ | I57: =IF($A57="","",OFFSET(統合マスタ!$K$4,MATCH($A57,統合マスタ!$AC$5:$AC$1500,0),0)) -> 10ｇ | J57: =IF(F57="","",OFFSET(分類!$B$29,MATCH(F57,分類!$A$30:$A$46,0),0)) -> 軟膏 | L57: g | M57: 0.1 | N57: =IF(M57="",K57,K57*M57) -> 0 | O57: =I57 -> 10ｇ
A58: {=IFERROR( SMALL( IF((統合マスタ!$R$5:$R$1500=1)* (ISNUMBER(MATCH(統合マスタ!$V$5:$V$1500, 分類!$H$8:$H$16, 0))), 統合マスタ!$AC$5:$AC$1500), ROW(A54) ), "")} -> 200080 | B58: =B57+1 -> 54 | C58: =IF($A58="","",OFFSET(統合マスタ!$B$4,MATCH($A58,統合マスタ!$AC$5:$AC$1500,0),0)) -> 80 | D58: =IF($A58="","",OFFSET(統合マスタ!$C$4,MATCH($A58,統合マスタ!$AC$5:$AC$1500,0),0)) -> アリドネパッチ２７．５ｍｇ | E58: =IF($A58="","",OFFSET(統合マスタ!$X$4,MATCH($A58,統合マスタ!$AC$5:$AC$1500,0),0)) -> 2 | F58: =IF($A58="","",OFFSET(統合マスタ!$Z$4,MATCH($A58,統合マスタ!$AC$5:$AC$1500,0),0)) -> 3 | G58: =IF($A58="","",OFFSET(統合マスタ!$E$4,MATCH($A58,統合マスタ!$AC$5:$AC$1500,0),0)) | H58: =IF($A58="","",OFFSET(統合マスタ!$F$4,MATCH($A58,統合マスタ!$AC$5:$AC$1500,0),0)) -> ２８枚 | I58: =IF($A58="","",OFFSET(統合マスタ!$K$4,MATCH($A58,統合マスタ!$AC$5:$AC$1500,0),0)) -> 枚 | J58: =IF(F58="","",OFFSET(分類!$B$29,MATCH(F58,分類!$A$30:$A$46,0),0)) -> 外用.臨時.散薬ヒート | L58: 枚 | N58: =IF(M58="",K58,K58*M58) -> 0 | O58: =I58 -> 枚
A59: {=IFERROR( SMALL( IF((統合マスタ!$R$5:$R$1500=1)* (ISNUMBER(MATCH(統合マスタ!$V$5:$V$1500, 分類!$H$8:$H$16, 0))), 統合マスタ!$AC$5:$AC$1500), ROW(A55) ), "")} -> 200081 | B59: =B58+1 -> 55 | C59: =IF($A59="","",OFFSET(統合マスタ!$B$4,MATCH($A59,統合マスタ!$AC$5:$AC$1500,0),0)) -> 81 | D59: =IF($A59="","",OFFSET(統合マスタ!$C$4,MATCH($A59,統合マスタ!$AC$5:$AC$1500,0),0)) -> アリドネパッチ５５ｍｇ | E59: =IF($A59="","",OFFSET(統合マスタ!$X$4,MATCH($A59,統合マスタ!$AC$5:$AC$1500,0),0)) -> 2 | F59: =IF($A59="","",OFFSET(統合マスタ!$Z$4,MATCH($A59,統合マスタ!$AC$5:$AC$1500,0),0)) -> 3 | G59: =IF($A59="","",OFFSET(統合マスタ!$E$4,MATCH($A59,統合マスタ!$AC$5:$AC$1500,0),0)) | H59: =IF($A59="","",OFFSET(統合マスタ!$F$4,MATCH($A59,統合マスタ!$AC$5:$AC$1500,0),0)) -> ２８枚 | I59: =IF($A59="","",OFFSET(統合マスタ!$K$4,MATCH($A59,統合マスタ!$AC$5:$AC$1500,0),0)) -> 枚 | J59: =IF(F59="","",OFFSET(分類!$B$29,MATCH(F59,分類!$A$30:$A$46,0),0)) -> 外用.臨時.散薬ヒート | L59: 枚 | N59: =IF(M59="",K59,K59*M59) -> 0 | O59: =I59 -> 枚
A60: {=IFERROR( SMALL( IF((統合マスタ!$R$5:$R$1500=1)* (ISNUMBER(MATCH(統合マスタ!$V$5:$V$1500, 分類!$H$8:$H$16, 0))), 統合マスタ!$AC$5:$AC$1500), ROW(A56) ), "")} -> 200154 | B60: =B59+1 -> 56 | C60: =IF($A60="","",OFFSET(統合マスタ!$B$4,MATCH($A60,統合マスタ!$AC$5:$AC$1500,0),0)) -> 154 | D60: =IF($A60="","",OFFSET(統合マスタ!$C$4,MATCH($A60,統合マスタ!$AC$5:$AC$1500,0),0)) -> オキサロール軟膏２５μｇ／ｇ０．００２５％ | E60: =IF($A60="","",OFFSET(統合マスタ!$X$4,MATCH($A60,統合マスタ!$AC$5:$AC$1500,0),0)) -> 2 | F60: =IF($A60="","",OFFSET(統合マスタ!$Z$4,MATCH($A60,統合マスタ!$AC$5:$AC$1500,0),0)) -> 3 | G60: =IF($A60="","",OFFSET(統合マスタ!$E$4,MATCH($A60,統合マスタ!$AC$5:$AC$1500,0),0)) | H60: =IF($A60="","",OFFSET(統合マスタ!$F$4,MATCH($A60,統合マスタ!$AC$5:$AC$1500,0),0)) -> １０ＧＸ１０ | I60: =IF($A60="","",OFFSET(統合マスタ!$K$4,MATCH($A60,統合マスタ!$AC$5:$AC$1500,0),0)) -> ｇ | J60: =IF(F60="","",OFFSET(分類!$B$29,MATCH(F60,分類!$A$30:$A$46,0),0)) -> 外用.臨時.散薬ヒート | L60: 本 | M60: 10 | N60: =IF(M60="",K60,K60*M60) -> 0 | O60: =I60 -> ｇ
A61: {=IFERROR( SMALL( IF((統合マスタ!$R$5:$R$1500=1)* (ISNUMBER(MATCH(統合マスタ!$V$5:$V$1500, 分類!$H$8:$H$16, 0))), 統合マスタ!$AC$5:$AC$1500), ROW(A57) ), "")} -> 200217 | B61: =B60+1 -> 57 | C61: =IF($A61="","",OFFSET(統合マスタ!$B$4,MATCH($A61,統合マスタ!$AC$5:$AC$1500,0),0)) -> 217 | D61: =IF($A61="","",OFFSET(統合マスタ!$C$4,MATCH($A61,統合マスタ!$AC$5:$AC$1500,0),0)) -> クロベタゾールプロピオン酸エステル軟膏０．０５％「イワキ」 | E61: =IF($A61="","",OFFSET(統合マスタ!$X$4,MATCH($A61,統合マスタ!$AC$5:$AC$1500,0),0)) -> 2 | F61: =IF($A61="","",OFFSET(統合マスタ!$Z$4,MATCH($A61,統合マスタ!$AC$5:$AC$1500,0),0)) -> 3 | G61: =IF($A61="","",OFFSET(統合マスタ!$E$4,MATCH($A61,統合マスタ!$AC$5:$AC$1500,0),0)) | H61: =IF($A61="","",OFFSET(統合マスタ!$F$4,MATCH($A61,統合マスタ!$AC$5:$AC$1500,0),0)) -> ５ｇｘ１０ | I61: =IF($A61="","",OFFSET(統合マスタ!$K$4,MATCH($A61,統合マスタ!$AC$5:$AC$1500,0),0)) -> ｇ | J61: =IF(F61="","",OFFSET(分類!$B$29,MATCH(F61,分類!$A$30:$A$46,0),0)) -> 外用.臨時.散薬ヒート | L61: 本 | M61: 5 | N61: =IF(M61="",K61,K61*M61) -> 0 | O61: =I61 -> ｇ
A62: {=IFERROR( SMALL( IF((統合マスタ!$R$5:$R$1500=1)* (ISNUMBER(MATCH(統合マスタ!$V$5:$V$1500, 分類!$H$8:$H$16, 0))), 統合マスタ!$AC$5:$AC$1500), ROW(A58) ), "")} -> 200367 | B62: =B61+1 -> 58 | C62: =IF($A62="","",OFFSET(統合マスタ!$B$4,MATCH($A62,統合マスタ!$AC$5:$AC$1500,0),0)) -> 367 | D62: =IF($A62="","",OFFSET(統合マスタ!$C$4,MATCH($A62,統合マスタ!$AC$5:$AC$1500,0),0)) -> テクスメテン ユニバーサル クリーム０．１％ | E62: =IF($A62="","",OFFSET(統合マスタ!$X$4,MATCH($A62,統合マスタ!$AC$5:$AC$1500,0),0)) -> 2 | F62: =IF($A62="","",OFFSET(統合マスタ!$Z$4,MATCH($A62,統合マスタ!$AC$5:$AC$1500,0),0)) -> 3 | G62: =IF($A62="","",OFFSET(統合マスタ!$E$4,MATCH($A62,統合マスタ!$AC$5:$AC$1500,0),0)) | H62: =IF($A62="","",OFFSET(統合マスタ!$F$4,MATCH($A62,統合マスタ!$AC$5:$AC$1500,0),0)) -> １０ｇｘ１０ | I62: =IF($A62="","",OFFSET(統合マスタ!$K$4,MATCH($A62,統合マスタ!$AC$5:$AC$1500,0),0)) -> ｇ | J62: =IF(F62="","",OFFSET(分類!$B$29,MATCH(F62,分類!$A$30:$A$46,0),0)) -> 外用.臨時.散薬ヒート | L62: 本 | M62: 10 | N62: =IF(M62="",K62,K62*M62) -> 0 | O62: =I62 -> ｇ
A63: {=IFERROR( SMALL( IF((統合マスタ!$R$5:$R$1500=1)* (ISNUMBER(MATCH(統合マスタ!$V$5:$V$1500, 分類!$H$8:$H$16, 0))), 統合マスタ!$AC$5:$AC$1500), ROW(A59) ), "")} -> 200563 | B63: =B62+1 -> 59 | C63: =IF($A63="","",OFFSET(統合マスタ!$B$4,MATCH($A63,統合マスタ!$AC$5:$AC$1500,0),0)) -> 563 | D63: =IF($A63="","",OFFSET(統合マスタ!$C$4,MATCH($A63,統合マスタ!$AC$5:$AC$1500,0),0)) -> プロスタンディン軟膏０．００３％ | E63: =IF($A63="","",OFFSET(統合マスタ!$X$4,MATCH($A63,統合マスタ!$AC$5:$AC$1500,0),0)) -> 2 | F63: =IF($A63="","",OFFSET(統合マスタ!$Z$4,MATCH($A63,統合マスタ!$AC$5:$AC$1500,0),0)) -> 3 | G63: =IF($A63="","",OFFSET(統合マスタ!$E$4,MATCH($A63,統合マスタ!$AC$5:$AC$1500,0),0)) | H63: =IF($A63="","",OFFSET(統合マスタ!$F$4,MATCH($A63,統合マスタ!$AC$5:$AC$1500,0),0)) -> ３０ｇｘ１ | I63: =IF($A63="","",OFFSET(統合マスタ!$K$4,MATCH($A63,統合マスタ!$AC$5:$AC$1500,0),0)) -> ｇ | J63: =IF(F63="","",OFFSET(分類!$B$29,MATCH(F63,分類!$A$30:$A$46,0),0)) -> 外用.臨時.散薬ヒート | L63: 本 | M63: 30 | N63: =IF(M63="",K63,K63*M63) -> 0 | O63: =I63 -> ｇ
A64: {=IFERROR( SMALL( IF((統合マスタ!$R$5:$R$1500=1)* (ISNUMBER(MATCH(統合マスタ!$V$5:$V$1500, 分類!$H$8:$H$16, 0))), 統合マスタ!$AC$5:$AC$1500), ROW(A60) ), "")} -> 200726 | B64: =B63+1 -> 60 | C64: =IF($A64="","",OFFSET(統合マスタ!$B$4,MATCH($A64,統合マスタ!$AC$5:$AC$1500,0),0)) -> 726 | D64: =IF($A64="","",OFFSET(統合マスタ!$C$4,MATCH($A64,統合マスタ!$AC$5:$AC$1500,0),0)) -> リバスチグミンテープ１３．５ｍｇ「トーワ」 | E64: =IF($A64="","",OFFSET(統合マスタ!$X$4,MATCH($A64,統合マスタ!$AC$5:$AC$1500,0),0)) -> 2 | F64: =IF($A64="","",OFFSET(統合マスタ!$Z$4,MATCH($A64,統合マスタ!$AC$5:$AC$1500,0),0)) -> 3 | G64: =IF($A64="","",OFFSET(統合マスタ!$E$4,MATCH($A64,統合マスタ!$AC$5:$AC$1500,0),0)) | H64: =IF($A64="","",OFFSET(統合マスタ!$F$4,MATCH($A64,統合マスタ!$AC$5:$AC$1500,0),0)) -> １４枚 | I64: =IF($A64="","",OFFSET(統合マスタ!$K$4,MATCH($A64,統合マスタ!$AC$5:$AC$1500,0),0)) -> 枚 | J64: =IF(F64="","",OFFSET(分類!$B$29,MATCH(F64,分類!$A$30:$A$46,0),0)) -> 外用.臨時.散薬ヒート | L64: 枚 | N64: =IF(M64="",K64,K64*M64) -> 0 | O64: =I64 -> 枚
A65: {=IFERROR( SMALL( IF((統合マスタ!$R$5:$R$1500=1)* (ISNUMBER(MATCH(統合マスタ!$V$5:$V$1500, 分類!$H$8:$H$16, 0))), 統合マスタ!$AC$5:$AC$1500), ROW(A61) ), "")} -> 200727 | B65: =B64+1 -> 61 | C65: =IF($A65="","",OFFSET(統合マスタ!$B$4,MATCH($A65,統合マスタ!$AC$5:$AC$1500,0),0)) -> 727 | D65: =IF($A65="","",OFFSET(統合マスタ!$C$4,MATCH($A65,統合マスタ!$AC$5:$AC$1500,0),0)) -> リバスチグミンテープ１８ｍｇ「トーワ」 | E65: =IF($A65="","",OFFSET(統合マスタ!$X$4,MATCH($A65,統合マスタ!$AC$5:$AC$1500,0),0)) -> 2 | F65: =IF($A65="","",OFFSET(統合マスタ!$Z$4,MATCH($A65,統合マスタ!$AC$5:$AC$1500,0),0)) -> 3 | G65: =IF($A65="","",OFFSET(統合マスタ!$E$4,MATCH($A65,統合マスタ!$AC$5:$AC$1500,0),0)) | H65: =IF($A65="","",OFFSET(統合マスタ!$F$4,MATCH($A65,統合マスタ!$AC$5:$AC$1500,0),0)) -> １４枚 | I65: =IF($A65="","",OFFSET(統合マスタ!$K$4,MATCH($A65,統合マスタ!$AC$5:$AC$1500,0),0)) -> 枚 | J65: =IF(F65="","",OFFSET(分類!$B$29,MATCH(F65,分類!$A$30:$A$46,0),0)) -> 外用.臨時.散薬ヒート | L65: 枚 | N65: =IF(M65="",K65,K65*M65) -> 0 | O65: =I65 -> 枚
A66: {=IFERROR( SMALL( IF((統合マスタ!$R$5:$R$1500=1)* (ISNUMBER(MATCH(統合マスタ!$V$5:$V$1500, 分類!$H$8:$H$16, 0))), 統合マスタ!$AC$5:$AC$1500), ROW(A62) ), "")} -> 200728 | B66: =B65+1 -> 62 | C66: =IF($A66="","",OFFSET(統合マスタ!$B$4,MATCH($A66,統合マスタ!$AC$5:$AC$1500,0),0)) -> 728 | D66: =IF($A66="","",OFFSET(統合マスタ!$C$4,MATCH($A66,統合マスタ!$AC$5:$AC$1500,0),0)) -> リバスチグミンテープ４．５ｍｇ「トーワ」 | E66: =IF($A66="","",OFFSET(統合マスタ!$X$4,MATCH($A66,統合マスタ!$AC$5:$AC$1500,0),0)) -> 2 | F66: =IF($A66="","",OFFSET(統合マスタ!$Z$4,MATCH($A66,統合マスタ!$AC$5:$AC$1500,0),0)) -> 3 | G66: =IF($A66="","",OFFSET(統合マスタ!$E$4,MATCH($A66,統合マスタ!$AC$5:$AC$1500,0),0)) | H66: =IF($A66="","",OFFSET(統合マスタ!$F$4,MATCH($A66,統合マスタ!$AC$5:$AC$1500,0),0)) -> １４枚 | I66: =IF($A66="","",OFFSET(統合マスタ!$K$4,MATCH($A66,統合マスタ!$AC$5:$AC$1500,0),0)) -> 枚 | J66: =IF(F66="","",OFFSET(分類!$B$29,MATCH(F66,分類!$A$30:$A$46,0),0)) -> 外用.臨時.散薬ヒート | L66: 枚 | N66: =IF(M66="",K66,K66*M66) -> 0 | O66: =I66 -> 枚
A67: {=IFERROR( SMALL( IF((統合マスタ!$R$5:$R$1500=1)* (ISNUMBER(MATCH(統合マスタ!$V$5:$V$1500, 分類!$H$8:$H$16, 0))), 統合マスタ!$AC$5:$AC$1500), ROW(A63) ), "")} -> 200729 | B67: =B66+1 -> 63 | C67: =IF($A67="","",OFFSET(統合マスタ!$B$4,MATCH($A67,統合マスタ!$AC$5:$AC$1500,0),0)) -> 729 | D67: =IF($A67="","",OFFSET(統合マスタ!$C$4,MATCH($A67,統合マスタ!$AC$5:$AC$1500,0),0)) -> リバスチグミンテープ９ｍｇ「トーワ」 | E67: =IF($A67="","",OFFSET(統合マスタ!$X$4,MATCH($A67,統合マスタ!$AC$5:$AC$1500,0),0)) -> 2 | F67: =IF($A67="","",OFFSET(統合マスタ!$Z$4,MATCH($A67,統合マスタ!$AC$5:$AC$1500,0),0)) -> 3 | G67: =IF($A67="","",OFFSET(統合マスタ!$E$4,MATCH($A67,統合マスタ!$AC$5:$AC$1500,0),0)) | H67: =IF($A67="","",OFFSET(統合マスタ!$F$4,MATCH($A67,統合マスタ!$AC$5:$AC$1500,0),0)) -> １４枚 | I67: =IF($A67="","",OFFSET(統合マスタ!$K$4,MATCH($A67,統合マスタ!$AC$5:$AC$1500,0),0)) -> 枚 | J67: =IF(F67="","",OFFSET(分類!$B$29,MATCH(F67,分類!$A$30:$A$46,0),0)) -> 外用.臨時.散薬ヒート | L67: 枚 | N67: =IF(M67="",K67,K67*M67) -> 0 | O67: =I67 -> 枚
A68: {=IFERROR( SMALL( IF((統合マスタ!$R$5:$R$1500=1)* (ISNUMBER(MATCH(統合マスタ!$V$5:$V$1500, 分類!$H$8:$H$16, 0))), 統合マスタ!$AC$5:$AC$1500), ROW(A64) ), "")} -> 200792 | B68: =B67+1 -> 64 | C68: =IF($A68="","",OFFSET(統合マスタ!$B$4,MATCH($A68,統合マスタ!$AC$5:$AC$1500,0),0)) -> 792 | D68: =IF($A68="","",OFFSET(統合マスタ!$C$4,MATCH($A68,統合マスタ!$AC$5:$AC$1500,0),0)) -> ロナセンテープ２０ｍｇ | E68: =IF($A68="","",OFFSET(統合マスタ!$X$4,MATCH($A68,統合マスタ!$AC$5:$AC$1500,0),0)) -> 2 | F68: =IF($A68="","",OFFSET(統合マスタ!$Z$4,MATCH($A68,統合マスタ!$AC$5:$AC$1500,0),0)) -> 3 | G68: =IF($A68="","",OFFSET(統合マスタ!$E$4,MATCH($A68,統合マスタ!$AC$5:$AC$1500,0),0)) | H68: =IF($A68="","",OFFSET(統合マスタ!$F$4,MATCH($A68,統合マスタ!$AC$5:$AC$1500,0),0)) -> ７０枚 | I68: =IF($A68="","",OFFSET(統合マスタ!$K$4,MATCH($A68,統合マスタ!$AC$5:$AC$1500,0),0)) -> 枚 | J68: =IF(F68="","",OFFSET(分類!$B$29,MATCH(F68,分類!$A$30:$A$46,0),0)) -> 外用.臨時.散薬ヒート | L68: 枚 | N68: =IF(M68="",K68,K68*M68) -> 0 | O68: =I68 -> 枚
A69: {=IFERROR( SMALL( IF((統合マスタ!$R$5:$R$1500=1)* (ISNUMBER(MATCH(統合マスタ!$V$5:$V$1500, 分類!$H$8:$H$16, 0))), 統合マスタ!$AC$5:$AC$1500), ROW(A65) ), "")} -> 200793 | B69: =B68+1 -> 65 | C69: =IF($A69="","",OFFSET(統合マスタ!$B$4,MATCH($A69,統合マスタ!$AC$5:$AC$1500,0),0)) -> 793 | D69: =IF($A69="","",OFFSET(統合マスタ!$C$4,MATCH($A69,統合マスタ!$AC$5:$AC$1500,0),0)) -> ロナセンテープ４０ｍｇ | E69: =IF($A69="","",OFFSET(統合マスタ!$X$4,MATCH($A69,統合マスタ!$AC$5:$AC$1500,0),0)) -> 2 | F69: =IF($A69="","",OFFSET(統合マスタ!$Z$4,MATCH($A69,統合マスタ!$AC$5:$AC$1500,0),0)) -> 3 | G69: =IF($A69="","",OFFSET(統合マスタ!$E$4,MATCH($A69,統合マスタ!$AC$5:$AC$1500,0),0)) | H69: =IF($A69="","",OFFSET(統合マスタ!$F$4,MATCH($A69,統合マスタ!$AC$5:$AC$1500,0),0)) -> ７０枚 | I69: =IF($A69="","",OFFSET(統合マスタ!$K$4,MATCH($A69,統合マスタ!$AC$5:$AC$1500,0),0)) -> 枚 | J69: =IF(F69="","",OFFSET(分類!$B$29,MATCH(F69,分類!$A$30:$A$46,0),0)) -> 外用.臨時.散薬ヒート | L69: 枚 | N69: =IF(M69="",K69,K69*M69) -> 0 | O69: =I69 -> 枚
A70: {=IFERROR( SMALL( IF((統合マスタ!$R$5:$R$1500=1)* (ISNUMBER(MATCH(統合マスタ!$V$5:$V$1500, 分類!$H$8:$H$16, 0))), 統合マスタ!$AC$5:$AC$1500), ROW(A66) ), "")} | B70: =B69+1 -> 66 | C70: =IF($A70="","",OFFSET(統合マスタ!$B$4,MATCH($A70,統合マスタ!$AC$5:$AC$1500,0),0)) | D70: =IF($A70="","",OFFSET(統合マスタ!$C$4,MATCH($A70,統合マスタ!$AC$5:$AC$1500,0),0)) | E70: =IF($A70="","",OFFSET(統合マスタ!$X$4,MATCH($A70,統合マスタ!$AC$5:$AC$1500,0),0)) | F70: =IF($A70="","",OFFSET(統合マスタ!$Z$4,MATCH($A70,統合マスタ!$AC$5:$AC$1500,0),0)) | G70: =IF($A70="","",OFFSET(統合マスタ!$E$4,MATCH($A70,統合マスタ!$AC$5:$AC$1500,0),0)) | H70: =IF($A70="","",OFFSET(統合マスタ!$F$4,MATCH($A70,統合マスタ!$AC$5:$AC$1500,0),0)) | I70: =IF($A70="","",OFFSET(統合マスタ!$K$4,MATCH($A70,統合マスタ!$AC$5:$AC$1500,0),0)) | J70: =IF(F70="","",OFFSET(分類!$B$29,MATCH(F70,分類!$A$30:$A$46,0),0)) | N70: =IF(M70="",K70,K70*M70) -> 0 | O70: =I70
A71: {=IFERROR( SMALL( IF((統合マスタ!$R$5:$R$1500=1)* (ISNUMBER(MATCH(統合マスタ!$V$5:$V$1500, 分類!$H$8:$H$16, 0))), 統合マスタ!$AC$5:$AC$1500), ROW(A67) ), "")} | B71: =B70+1 -> 67 | C71: =IF($A71="","",OFFSET(統合マスタ!$B$4,MATCH($A71,統合マスタ!$AC$5:$AC$1500,0),0)) | D71: =IF($A71="","",OFFSET(統合マスタ!$C$4,MATCH($A71,統合マスタ!$AC$5:$AC$1500,0),0)) | E71: =IF($A71="","",OFFSET(統合マスタ!$X$4,MATCH($A71,統合マスタ!$AC$5:$AC$1500,0),0)) | F71: =IF($A71="","",OFFSET(統合マスタ!$Z$4,MATCH($A71,統合マスタ!$AC$5:$AC$1500,0),0)) | G71: =IF($A71="","",OFFSET(統合マスタ!$E$4,MATCH($A71,統合マスタ!$AC$5:$AC$1500,0),0)) | H71: =IF($A71="","",OFFSET(統合マスタ!$F$4,MATCH($A71,統合マスタ!$AC$5:$AC$1500,0),0)) | I71: =IF($A71="","",OFFSET(統合マスタ!$K$4,MATCH($A71,統合マスタ!$AC$5:$AC$1500,0),0)) | J71: =IF(F71="","",OFFSET(分類!$B$29,MATCH(F71,分類!$A$30:$A$46,0),0)) | N71: =IF(M71="",K71,K71*M71) -> 0 | O71: =I71
A72: {=IFERROR( SMALL( IF((統合マスタ!$R$5:$R$1500=1)* (ISNUMBER(MATCH(統合マスタ!$V$5:$V$1500, 分類!$H$8:$H$16, 0))), 統合マスタ!$AC$5:$AC$1500), ROW(A68) ), "")} | B72: =B71+1 -> 68 | C72: =IF($A72="","",OFFSET(統合マスタ!$B$4,MATCH($A72,統合マスタ!$AC$5:$AC$1500,0),0)) | D72: =IF($A72="","",OFFSET(統合マスタ!$C$4,MATCH($A72,統合マスタ!$AC$5:$AC$1500,0),0)) | E72: =IF($A72="","",OFFSET(統合マスタ!$X$4,MATCH($A72,統合マスタ!$AC$5:$AC$1500,0),0)) | F72: =IF($A72="","",OFFSET(統合マスタ!$Z$4,MATCH($A72,統合マスタ!$AC$5:$AC$1500,0),0)) | G72: =IF($A72="","",OFFSET(統合マスタ!$E$4,MATCH($A72,統合マスタ!$AC$5:$AC$1500,0),0)) | H72: =IF($A72="","",OFFSET(統合マスタ!$F$4,MATCH($A72,統合マスタ!$AC$5:$AC$1500,0),0)) | I72: =IF($A72="","",OFFSET(統合マスタ!$K$4,MATCH($A72,統合マスタ!$AC$5:$AC$1500,0),0)) | J72: =IF(F72="","",OFFSET(分類!$B$29,MATCH(F72,分類!$A$30:$A$46,0),0)) | N72: =IF(M72="",K72,K72*M72) -> 0 | O72: =I72
A73: {=IFERROR( SMALL( IF((統合マスタ!$R$5:$R$1500=1)* (ISNUMBER(MATCH(統合マスタ!$V$5:$V$1500, 分類!$H$8:$H$16, 0))), 統合マスタ!$AC$5:$AC$1500), ROW(A69) ), "")} | B73: =B72+1 -> 69 | C73: =IF($A73="","",OFFSET(統合マスタ!$B$4,MATCH($A73,統合マスタ!$AC$5:$AC$1500,0),0)) | D73: =IF($A73="","",OFFSET(統合マスタ!$C$4,MATCH($A73,統合マスタ!$AC$5:$AC$1500,0),0)) | E73: =IF($A73="","",OFFSET(統合マスタ!$X$4,MATCH($A73,統合マスタ!$AC$5:$AC$1500,0),0)) | F73: =IF($A73="","",OFFSET(統合マスタ!$Z$4,MATCH($A73,統合マスタ!$AC$5:$AC$1500,0),0)) | G73: =IF($A73="","",OFFSET(統合マスタ!$E$4,MATCH($A73,統合マスタ!$AC$5:$AC$1500,0),0)) | H73: =IF($A73="","",OFFSET(統合マスタ!$F$4,MATCH($A73,統合マスタ!$AC$5:$AC$1500,0),0)) | I73: =IF($A73="","",OFFSET(統合マスタ!$K$4,MATCH($A73,統合マスタ!$AC$5:$AC$1500,0),0)) | J73: =IF(F73="","",OFFSET(分類!$B$29,MATCH(F73,分類!$A$30:$A$46,0),0)) | N73: =IF(M73="",K73,K73*M73) -> 0 | O73: =I73
A74: {=IFERROR( SMALL( IF((統合マスタ!$R$5:$R$1500=1)* (ISNUMBER(MATCH(統合マスタ!$V$5:$V$1500, 分類!$H$8:$H$16, 0))), 統合マスタ!$AC$5:$AC$1500), ROW(A70) ), "")} | B74: =B73+1 -> 70 | C74: =IF($A74="","",OFFSET(統合マスタ!$B$4,MATCH($A74,統合マスタ!$AC$5:$AC$1500,0),0)) | D74: =IF($A74="","",OFFSET(統合マスタ!$C$4,MATCH($A74,統合マスタ!$AC$5:$AC$1500,0),0)) | E74: =IF($A74="","",OFFSET(統合マスタ!$X$4,MATCH($A74,統合マスタ!$AC$5:$AC$1500,0),0)) | F74: =IF($A74="","",OFFSET(統合マスタ!$Z$4,MATCH($A74,統合マスタ!$AC$5:$AC$1500,0),0)) | G74: =IF($A74="","",OFFSET(統合マスタ!$E$4,MATCH($A74,統合マスタ!$AC$5:$AC$1500,0),0)) | H74: =IF($A74="","",OFFSET(統合マスタ!$F$4,MATCH($A74,統合マスタ!$AC$5:$AC$1500,0),0)) | I74: =IF($A74="","",OFFSET(統合マスタ!$K$4,MATCH($A74,統合マスタ!$AC$5:$AC$1500,0),0)) | J74: =IF(F74="","",OFFSET(分類!$B$29,MATCH(F74,分類!$A$30:$A$46,0),0)) | N74: =IF(M74="",K74,K74*M74) -> 0 | O74: =I74
A75: {=IFERROR( SMALL( IF((統合マスタ!$R$5:$R$1500=1)* (ISNUMBER(MATCH(統合マスタ!$V$5:$V$1500, 分類!$H$8:$H$16, 0))), 統合マスタ!$AC$5:$AC$1500), ROW(A71) ), "")} | B75: =B74+1 -> 71 | C75: =IF($A75="","",OFFSET(統合マスタ!$B$4,MATCH($A75,統合マスタ!$AC$5:$AC$1500,0),0)) | D75: =IF($A75="","",OFFSET(統合マスタ!$C$4,MATCH($A75,統合マスタ!$AC$5:$AC$1500,0),0)) | E75: =IF($A75="","",OFFSET(統合マスタ!$X$4,MATCH($A75,統合マスタ!$AC$5:$AC$1500,0),0)) | F75: =IF($A75="","",OFFSET(統合マスタ!$Z$4,MATCH($A75,統合マスタ!$AC$5:$AC$1500,0),0)) | G75: =IF($A75="","",OFFSET(統合マスタ!$E$4,MATCH($A75,統合マスタ!$AC$5:$AC$1500,0),0)) | H75: =IF($A75="","",OFFSET(統合マスタ!$F$4,MATCH($A75,統合マスタ!$AC$5:$AC$1500,0),0)) | I75: =IF($A75="","",OFFSET(統合マスタ!$K$4,MATCH($A75,統合マスタ!$AC$5:$AC$1500,0),0)) | J75: =IF(F75="","",OFFSET(分類!$B$29,MATCH(F75,分類!$A$30:$A$46,0),0)) | N75: =IF(M75="",K75,K75*M75) -> 0 | O75: =I75
A76: {=IFERROR( SMALL( IF((統合マスタ!$R$5:$R$1500=1)* (ISNUMBER(MATCH(統合マスタ!$V$5:$V$1500, 分類!$H$8:$H$16, 0))), 統合マスタ!$AC$5:$AC$1500), ROW(A72) ), "")} | B76: =B75+1 -> 72 | C76: =IF($A76="","",OFFSET(統合マスタ!$B$4,MATCH($A76,統合マスタ!$AC$5:$AC$1500,0),0)) | D76: =IF($A76="","",OFFSET(統合マスタ!$C$4,MATCH($A76,統合マスタ!$AC$5:$AC$1500,0),0)) | E76: =IF($A76="","",OFFSET(統合マスタ!$X$4,MATCH($A76,統合マスタ!$AC$5:$AC$1500,0),0)) | F76: =IF($A76="","",OFFSET(統合マスタ!$Z$4,MATCH($A76,統合マスタ!$AC$5:$AC$1500,0),0)) | G76: =IF($A76="","",OFFSET(統合マスタ!$E$4,MATCH($A76,統合マスタ!$AC$5:$AC$1500,0),0)) | H76: =IF($A76="","",OFFSET(統合マスタ!$F$4,MATCH($A76,統合マスタ!$AC$5:$AC$1500,0),0)) | I76: =IF($A76="","",OFFSET(統合マスタ!$K$4,MATCH($A76,統合マスタ!$AC$5:$AC$1500,0),0)) | J76: =IF(F76="","",OFFSET(分類!$B$29,MATCH(F76,分類!$A$30:$A$46,0),0)) | N76: =IF(M76="",K76,K76*M76) -> 0 | O76: =I76
A77: {=IFERROR( SMALL( IF((統合マスタ!$R$5:$R$1500=1)* (ISNUMBER(MATCH(統合マスタ!$V$5:$V$1500, 分類!$H$8:$H$16, 0))), 統合マスタ!$AC$5:$AC$1500), ROW(A73) ), "")} | B77: =B76+1 -> 73 | C77: =IF($A77="","",OFFSET(統合マスタ!$B$4,MATCH($A77,統合マスタ!$AC$5:$AC$1500,0),0)) | D77: =IF($A77="","",OFFSET(統合マスタ!$C$4,MATCH($A77,統合マスタ!$AC$5:$AC$1500,0),0)) | E77: =IF($A77="","",OFFSET(統合マスタ!$X$4,MATCH($A77,統合マスタ!$AC$5:$AC$1500,0),0)) | F77: =IF($A77="","",OFFSET(統合マスタ!$Z$4,MATCH($A77,統合マスタ!$AC$5:$AC$1500,0),0)) | G77: =IF($A77="","",OFFSET(統合マスタ!$E$4,MATCH($A77,統合マスタ!$AC$5:$AC$1500,0),0)) | H77: =IF($A77="","",OFFSET(統合マスタ!$F$4,MATCH($A77,統合マスタ!$AC$5:$AC$1500,0),0)) | I77: =IF($A77="","",OFFSET(統合マスタ!$K$4,MATCH($A77,統合マスタ!$AC$5:$AC$1500,0),0)) | J77: =IF(F77="","",OFFSET(分類!$B$29,MATCH(F77,分類!$A$30:$A$46,0),0)) | N77: =IF(M77="",K77,K77*M77) -> 0 | O77: =I77
A78: {=IFERROR( SMALL( IF((統合マスタ!$R$5:$R$1500=1)* (ISNUMBER(MATCH(統合マスタ!$V$5:$V$1500, 分類!$H$8:$H$16, 0))), 統合マスタ!$AC$5:$AC$1500), ROW(A74) ), "")} | B78: =B77+1 -> 74 | C78: =IF($A78="","",OFFSET(統合マスタ!$B$4,MATCH($A78,統合マスタ!$AC$5:$AC$1500,0),0)) | D78: =IF($A78="","",OFFSET(統合マスタ!$C$4,MATCH($A78,統合マスタ!$AC$5:$AC$1500,0),0)) | E78: =IF($A78="","",OFFSET(統合マスタ!$X$4,MATCH($A78,統合マスタ!$AC$5:$AC$1500,0),0)) | F78: =IF($A78="","",OFFSET(統合マスタ!$Z$4,MATCH($A78,統合マスタ!$AC$5:$AC$1500,0),0)) | G78: =IF($A78="","",OFFSET(統合マスタ!$E$4,MATCH($A78,統合マスタ!$AC$5:$AC$1500,0),0)) | H78: =IF($A78="","",OFFSET(統合マスタ!$F$4,MATCH($A78,統合マスタ!$AC$5:$AC$1500,0),0)) | I78: =IF($A78="","",OFFSET(統合マスタ!$K$4,MATCH($A78,統合マスタ!$AC$5:$AC$1500,0),0)) | J78: =IF(F78="","",OFFSET(分類!$B$29,MATCH(F78,分類!$A$30:$A$46,0),0)) | N78: =IF(M78="",K78,K78*M78) -> 0 | O78: =I78
A79: {=IFERROR( SMALL( IF((統合マスタ!$R$5:$R$1500=1)* (ISNUMBER(MATCH(統合マスタ!$V$5:$V$1500, 分類!$H$8:$H$16, 0))), 統合マスタ!$AC$5:$AC$1500), ROW(A75) ), "")} | B79: =B78+1 -> 75 | C79: =IF($A79="","",OFFSET(統合マスタ!$B$4,MATCH($A79,統合マスタ!$AC$5:$AC$1500,0),0)) | D79: =IF($A79="","",OFFSET(統合マスタ!$C$4,MATCH($A79,統合マスタ!$AC$5:$AC$1500,0),0)) | E79: =IF($A79="","",OFFSET(統合マスタ!$X$4,MATCH($A79,統合マスタ!$AC$5:$AC$1500,0),0)) | F79: =IF($A79="","",OFFSET(統合マスタ!$Z$4,MATCH($A79,統合マスタ!$AC$5:$AC$1500,0),0)) | G79: =IF($A79="","",OFFSET(統合マスタ!$E$4,MATCH($A79,統合マスタ!$AC$5:$AC$1500,0),0)) | H79: =IF($A79="","",OFFSET(統合マスタ!$F$4,MATCH($A79,統合マスタ!$AC$5:$AC$1500,0),0)) | I79: =IF($A79="","",OFFSET(統合マスタ!$K$4,MATCH($A79,統合マスタ!$AC$5:$AC$1500,0),0)) | J79: =IF(F79="","",OFFSET(分類!$B$29,MATCH(F79,分類!$A$30:$A$46,0),0)) | N79: =IF(M79="",K79,K79*M79) -> 0 | O79: =I79
A80: {=IFERROR( SMALL( IF((統合マスタ!$R$5:$R$1500=1)* (ISNUMBER(MATCH(統合マスタ!$V$5:$V$1500, 分類!$H$8:$H$16, 0))), 統合マスタ!$AC$5:$AC$1500), ROW(A76) ), "")} | B80: =B79+1 -> 76 | C80: =IF($A80="","",OFFSET(統合マスタ!$B$4,MATCH($A80,統合マスタ!$AC$5:$AC$1500,0),0)) | D80: =IF($A80="","",OFFSET(統合マスタ!$C$4,MATCH($A80,統合マスタ!$AC$5:$AC$1500,0),0)) | E80: =IF($A80="","",OFFSET(統合マスタ!$X$4,MATCH($A80,統合マスタ!$AC$5:$AC$1500,0),0)) | F80: =IF($A80="","",OFFSET(統合マスタ!$Z$4,MATCH($A80,統合マスタ!$AC$5:$AC$1500,0),0)) | G80: =IF($A80="","",OFFSET(統合マスタ!$E$4,MATCH($A80,統合マスタ!$AC$5:$AC$1500,0),0)) | H80: =IF($A80="","",OFFSET(統合マスタ!$F$4,MATCH($A80,統合マスタ!$AC$5:$AC$1500,0),0)) | I80: =IF($A80="","",OFFSET(統合マスタ!$K$4,MATCH($A80,統合マスタ!$AC$5:$AC$1500,0),0)) | J80: =IF(F80="","",OFFSET(分類!$B$29,MATCH(F80,分類!$A$30:$A$46,0),0)) | N80: =IF(M80="",K80,K80*M80) -> 0 | O80: =I80
A81: {=IFERROR( SMALL( IF((統合マスタ!$R$5:$R$1500=1)* (ISNUMBER(MATCH(統合マスタ!$V$5:$V$1500, 分類!$H$8:$H$16, 0))), 統合マスタ!$AC$5:$AC$1500), ROW(A77) ), "")} | B81: =B80+1 -> 77 | C81: =IF($A81="","",OFFSET(統合マスタ!$B$4,MATCH($A81,統合マスタ!$AC$5:$AC$1500,0),0)) | D81: =IF($A81="","",OFFSET(統合マスタ!$C$4,MATCH($A81,統合マスタ!$AC$5:$AC$1500,0),0)) | E81: =IF($A81="","",OFFSET(統合マスタ!$X$4,MATCH($A81,統合マスタ!$AC$5:$AC$1500,0),0)) | F81: =IF($A81="","",OFFSET(統合マスタ!$Z$4,MATCH($A81,統合マスタ!$AC$5:$AC$1500,0),0)) | G81: =IF($A81="","",OFFSET(統合マスタ!$E$4,MATCH($A81,統合マスタ!$AC$5:$AC$1500,0),0)) | H81: =IF($A81="","",OFFSET(統合マスタ!$F$4,MATCH($A81,統合マスタ!$AC$5:$AC$1500,0),0)) | I81: =IF($A81="","",OFFSET(統合マスタ!$K$4,MATCH($A81,統合マスタ!$AC$5:$AC$1500,0),0)) | J81: =IF(F81="","",OFFSET(分類!$B$29,MATCH(F81,分類!$A$30:$A$46,0),0)) | N81: =IF(M81="",K81,K81*M81) -> 0 | O81: =I81
... A304: {=IFERROR( SMALL( IF((統合マスタ!$R$5:$R$1500=1)* (ISNUMBER(MATCH(統合マスタ!$V$5:$V$1500, 分類!$H$8:$H$16, 0))), 統合マスタ!$AC$5:$AC$1500), ROW(A300) ), "")} | B304: =B303+1 -> 300 | C304: =IF($A304="","",OFFSET(統合マスタ!$B$4,MATCH($A304,統合マスタ!$AC$5:$AC$1500,0),0)) | D304: =IF($A304="","",OFFSET(統合マスタ!$C$4,MATCH($A304,統合マスタ!$AC$5:$AC$1500,0),0)) | E304: =IF($A304="","",OFFSET(統合マスタ!$X$4,MATCH($A304,統合マスタ!$AC$5:$AC$1500,0),0)) | F304: =IF($A304="","",OFFSET(統合マスタ!$Z$4,MATCH($A304,統合マスタ!$AC$5:$AC$1500,0),0)) | G304: =IF($A304="","",OFFSET(統合マスタ!$E$4,MATCH($A304,統合マスタ!$AC$5:$AC$1500,0),0)) | H304: =IF($A304="","",OFFSET(統合マスタ!$F$4,MATCH($A304,統合マスタ!$AC$5:$AC$1500,0),0)) | I304: =IF($A304="","",OFFSET(統合マスタ!$K$4,MATCH($A304,統合マスタ!$AC$5:$AC$1500,0),0)) | J304: =IF(F304="","",OFFSET(分類!$B$29,MATCH(F304,分類!$A$30:$A$46,0),0)) | N304: =IF(M304="",K304,K304*M304) -> 0 | O304: =I304

Sheet 散剤
B2: {=RIGHT(CELL("filename",A1),LEN(CELL("filename",A1))-FIND("]",CELL("filename",A1)))} -> 散剤
A4: ソートキー | B4: No | C4: マスタNo | D4: 薬品名 | E4: 毒劇区分 | F4: 棚番 | G4: 包装形態 | H4: 容量 | I4: 薬価単位 | J4: 場所 | K4: 袋当り 重量 | L4: 数量 | M4: 合計
A5: {=IFERROR( SMALL( IF((統合マスタ!$R$5:$R$1500=1)* (ISNUMBER(MATCH(統合マスタ!$V$5:$V$1500, 分類!$K$8:$K$15, 0))), 統合マスタ!$AC$5:$AC$1500), ROW(A1) ), "")} -> 5 | B5: 1 | C5: =IF($A5="","",OFFSET(統合マスタ!$B$4,MATCH($A5,統合マスタ!$AC$5:$AC$1500,0),0)) -> 5 | D5: =IF($A5="","",OFFSET(統合マスタ!$C$4,MATCH($A5,統合マスタ!$AC$5:$AC$1500,0),0)) -> ０１７ ツムラ ゴレイサン | E5: =IF($A5="","",OFFSET(統合マスタ!$X$4,MATCH($A5,統合マスタ!$AC$5:$AC$1500,0),0)) -> 0 | F5: =IF($A5="","",OFFSET(統合マスタ!$Z$4,MATCH($A5,統合マスタ!$AC$5:$AC$1500,0),0)) -> 4 | G5: =IF($A5="","",OFFSET(統合マスタ!$E$4,MATCH($A5,統合マスタ!$AC$5:$AC$1500,0),0)) -> 粉 | H5: =IF($A5="","",OFFSET(統合マスタ!$F$4,MATCH($A5,統合マスタ!$AC$5:$AC$1500,0),0)) -> ２．５ｇｘ１８９ | I5: =IF($A5="","",OFFSET(統合マスタ!$K$4,MATCH($A5,統合マスタ!$AC$5:$AC$1500,0),0)) -> g | J5: =IF(F5="","",OFFSET(分類!$B$29,MATCH(F5,分類!$A$30:$A$46,0),0)) -> 漢方薬 | K5: =IF(G5="粉",VALUE(SUBSTITUTE(SUBSTITUTE(LEFT(H5, FIND("ｇ", H5) - 1), "．", "."), " ", "")),"") -> 2.5 | M5: =IFERROR(K5 * L5, L5) -> 0
A6: {=IFERROR( SMALL( IF((統合マスタ!$R$5:$R$1500=1)* (ISNUMBER(MATCH(統合マスタ!$V$5:$V$1500, 分類!$K$8:$K$15, 0))), 統合マスタ!$AC$5:$AC$1500), ROW(A2) ), "")} -> 9 | B6: =B5+1 -> 2 | C6: =IF($A6="","",OFFSET(統合マスタ!$B$4,MATCH($A6,統合マスタ!$AC$5:$AC$1500,0),0)) -> 9 | D6: =IF($A6="","",OFFSET(統合マスタ!$C$4,MATCH($A6,統合マスタ!$AC$5:$AC$1500,0),0)) -> ０５４ ツムラ ヨクカンサン | E6: =IF($A6="","",OFFSET(統合マスタ!$X$4,MATCH($A6,統合マスタ!$AC$5:$AC$1500,0),0)) -> 0 | F6: =IF($A6="","",OFFSET(統合マスタ!$Z$4,MATCH($A6,統合マスタ!$AC$5:$AC$1500,0),0)) -> 4 | G6: =IF($A6="","",OFFSET(統合マスタ!$E$4,MATCH($A6,統合マスタ!$AC$5:$AC$1500,0),0)) -> 粉 | H6: =IF($A6="","",OFFSET(統合マスタ!$F$4,MATCH($A6,統合マスタ!$AC$5:$AC$1500,0),0)) -> ２．５ｇＸ１８９ | I6: =IF($A6="","",OFFSET(統合マスタ!$K$4,MATCH($A6,統合マスタ!$AC$5:$AC$1500,0),0)) -> g | J6: =IF(F6="","",OFFSET(分類!$B$29,MATCH(F6,分類!$A$30:$A$46,0),0)) -> 漢方薬 | K6: =IF(G6="粉",VALUE(SUBSTITUTE(SUBSTITUTE(LEFT(H6, FIND("ｇ", H6) - 1), "．", "."), " ", "")),"") -> 2.5 | M6: =IFERROR(K6 * L6, L6) -> 0
A7: {=IFERROR( SMALL( IF((統合マスタ!$R$5:$R$1500=1)* (ISNUMBER(MATCH(統合マスタ!$V$5:$V$1500, 分類!$K$8:$K$15, 0))), 統合マスタ!$AC$5:$AC$1500), ROW(A3) ), "")} -> 10 | B7: =B6+1 -> 3 | C7: =IF($A7="","",OFFSET(統合マスタ!$B$4,MATCH($A7,統合マスタ!$AC$5:$AC$1500,0),0)) -> 10 | D7: =IF($A7="","",OFFSET(統合マスタ!$C$4,MATCH($A7,統合マスタ!$AC$5:$AC$1500,0),0)) -> ０６２ ツムラ ボウフウツウシヨウサン | E7: =IF($A7="","",OFFSET(統合マスタ!$X$4,MATCH($A7,統合マスタ!$AC$5:$AC$1500,0),0)) -> 0 | F7: =IF($A7="","",OFFSET(統合マスタ!$Z$4,MATCH($A7,統合マスタ!$AC$5:$AC$1500,0),0)) -> 4 | G7: =IF($A7="","",OFFSET(統合マスタ!$E$4,MATCH($A7,統合マスタ!$AC$5:$AC$1500,0),0)) -> 粉 | H7: =IF($A7="","",OFFSET(統合マスタ!$F$4,MATCH($A7,統合マスタ!$AC$5:$AC$1500,0),0)) -> ２．５ｇｘ１８９ | I7: =IF($A7="","",OFFSET(統合マスタ!$K$4,MATCH($A7,統合マスタ!$AC$5:$AC$1500,0),0)) -> g | J7: =IF(F7="","",OFFSET(分類!$B$29,MATCH(F7,分類!$A$30:$A$46,0),0)) -> 漢方薬 | K7: =IF(G7="粉",VALUE(SUBSTITUTE(SUBSTITUTE(LEFT(H7, FIND("ｇ", H7) - 1), "．", "."), " ", "")),"") -> 2.5 | M7: =IFERROR(K7 * L7, L7) -> 0
A8: {=IFERROR( SMALL( IF((統合マスタ!$R$5:$R$1500=1)* (ISNUMBER(MATCH(統合マスタ!$V$5:$V$1500, 分類!$K$8:$K$15, 0))), 統合マスタ!$AC$5:$AC$1500), ROW(A4) ), "")} -> 11 | B8: =B7+1 -> 4 | C8: =IF($A8="","",OFFSET(統合マスタ!$B$4,MATCH($A8,統合マスタ!$AC$5:$AC$1500,0),0)) -> 11 | D8: =IF($A8="","",OFFSET(統合マスタ!$C$4,MATCH($A8,統合マスタ!$AC$5:$AC$1500,0),0)) -> ０６８ ツムラ シャクヤクカンゾウトウ | E8: =IF($A8="","",OFFSET(統合マスタ!$X$4,MATCH($A8,統合マスタ!$AC$5:$AC$1500,0),0)) -> 0 | F8: =IF($A8="","",OFFSET(統合マスタ!$Z$4,MATCH($A8,統合マスタ!$AC$5:$AC$1500,0),0)) -> 4 | G8: =IF($A8="","",OFFSET(統合マスタ!$E$4,MATCH($A8,統合マスタ!$AC$5:$AC$1500,0),0)) -> 粉 | H8: =IF($A8="","",OFFSET(統合マスタ!$F$4,MATCH($A8,統合マスタ!$AC$5:$AC$1500,0),0)) -> ２．５ｇｘ４２ | I8: =IF($A8="","",OFFSET(統合マスタ!$K$4,MATCH($A8,統合マスタ!$AC$5:$AC$1500,0),0)) -> g | J8: =IF(F8="","",OFFSET(分類!$B$29,MATCH(F8,分類!$A$30:$A$46,0),0)) -> 漢方薬 | K8: =IF(G8="粉",VALUE(SUBSTITUTE(SUBSTITUTE(LEFT(H8, FIND("ｇ", H8) - 1), "．", "."), " ", "")),"") -> 2.5 | M8: =IFERROR(K8 * L8, L8) -> 0
A9: {=IFERROR( SMALL( IF((統合マスタ!$R$5:$R$1500=1)* (ISNUMBER(MATCH(統合マスタ!$V$5:$V$1500, 分類!$K$8:$K$15, 0))), 統合マスタ!$AC$5:$AC$1500), ROW(A5) ), "")} -> 12 | B9: =B8+1 -> 5 | C9: =IF($A9="","",OFFSET(統合マスタ!$B$4,MATCH($A9,統合マスタ!$AC$5:$AC$1500,0),0)) -> 12 | D9: =IF($A9="","",OFFSET(統合マスタ!$C$4,MATCH($A9,統合マスタ!$AC$5:$AC$1500,0),0)) -> ０８３ ツムラ ヨクカンサンカチンピハンゲ | E9: =IF($A9="","",OFFSET(統合マスタ!$X$4,MATCH($A9,統合マスタ!$AC$5:$AC$1500,0),0)) -> 0 | F9: =IF($A9="","",OFFSET(統合マスタ!$Z$4,MATCH($A9,統合マスタ!$AC$5:$AC$1500,0),0)) -> 4 | G9: =IF($A9="","",OFFSET(統合マスタ!$E$4,MATCH($A9,統合マスタ!$AC$5:$AC$1500,0),0)) -> 粉 | H9: =IF($A9="","",OFFSET(統合マスタ!$F$4,MATCH($A9,統合マスタ!$AC$5:$AC$1500,0),0)) -> ２．５ｇｘ１８９ | I9: =IF($A9="","",OFFSET(統合マスタ!$K$4,MATCH($A9,統合マスタ!$AC$5:$AC$1500,0),0)) -> g | J9: =IF(F9="","",OFFSET(分類!$B$29,MATCH(F9,分類!$A$30:$A$46,0),0)) -> 漢方薬 | K9: =IF(G9="粉",VALUE(SUBSTITUTE(SUBSTITUTE(LEFT(H9, FIND("ｇ", H9) - 1), "．", "."), " ", "")),"") -> 2.5 | M9: =IFERROR(K9 * L9, L9) -> 0
A10: {=IFERROR( SMALL( IF((統合マスタ!$R$5:$R$1500=1)* (ISNUMBER(MATCH(統合マスタ!$V$5:$V$1500, 分類!$K$8:$K$15, 0))), 統合マスタ!$AC$5:$AC$1500), ROW(A6) ), "")} -> 13 | B10: =B9+1 -> 6 | C10: =IF($A10="","",OFFSET(統合マスタ!$B$4,MATCH($A10,統合マスタ!$AC$5:$AC$1500,0),0)) -> 13 | D10: =IF($A10="","",OFFSET(統合マスタ!$C$4,MATCH($A10,統合マスタ!$AC$5:$AC$1500,0),0)) -> １００ ツムラ ダイケンチユウトウ | E10: =IF($A10="","",OFFSET(統合マスタ!$X$4,MATCH($A10,統合マスタ!$AC$5:$AC$1500,0),0)) -> 0 | F10: =IF($A10="","",OFFSET(統合マスタ!$Z$4,MATCH($A10,統合マスタ!$AC$5:$AC$1500,0),0)) -> 4 | G10: =IF($A10="","",OFFSET(統合マスタ!$E$4,MATCH($A10,統合マスタ!$AC$5:$AC$1500,0),0)) -> 粉 | H10: =IF($A10="","",OFFSET(統合マスタ!$F$4,MATCH($A10,統合マスタ!$AC$5:$AC$1500,0),0)) -> ２．５ｇＸ１８９ | I10: =IF($A10="","",OFFSET(統合マスタ!$K$4,MATCH($A10,統合マスタ!$AC$5:$AC$1500,0),0)) -> g | J10: =IF(F10="","",OFFSET(分類!$B$29,MATCH(F10,分類!$A$30:$A$46,0),0)) -> 漢方薬 | K10: =IF(G10="粉",VALUE(SUBSTITUTE(SUBSTITUTE(LEFT(H10, FIND("ｇ", H10) - 1), "．", "."), " ", "")),"") -> 2.5 | M10: =IFERROR(K10 * L10, L10) -> 0
A11: {=IFERROR( SMALL( IF((統合マスタ!$R$5:$R$1500=1)* (ISNUMBER(MATCH(統合マスタ!$V$5:$V$1500, 分類!$K$8:$K$15, 0))), 統合マスタ!$AC$5:$AC$1500), ROW(A7) ), "")} -> 17 | B11: =B10+1 -> 7 | C11: =IF($A11="","",OFFSET(統合マスタ!$B$4,MATCH($A11,統合マスタ!$AC$5:$AC$1500,0),0)) -> 17 | D11: =IF($A11="","",OFFSET(統合マスタ!$C$4,MATCH($A11,統合マスタ!$AC$5:$AC$1500,0),0)) -> ＥＫ１ 葛根湯エキス細粒 | E11: =IF($A11="","",OFFSET(統合マスタ!$X$4,MATCH($A11,統合マスタ!$AC$5:$AC$1500,0),0)) -> 0 | F11: =IF($A11="","",OFFSET(統合マスタ!$Z$4,MATCH($A11,統合マスタ!$AC$5:$AC$1500,0),0)) -> 4 | G11: =IF($A11="","",OFFSET(統合マスタ!$E$4,MATCH($A11,統合マスタ!$AC$5:$AC$1500,0),0)) -> 粉 | H11: =IF($A11="","",OFFSET(統合マスタ!$F$4,MATCH($A11,統合マスタ!$AC$5:$AC$1500,0),0)) -> ２．５ｇ×２９４ | I11: =IF($A11="","",OFFSET(統合マスタ!$K$4,MATCH($A11,統合マスタ!$AC$5:$AC$1500,0),0)) -> g | J11: =IF(F11="","",OFFSET(分類!$B$29,MATCH(F11,分類!$A$30:$A$46,0),0)) -> 漢方薬 | K11: =IF(G11="粉",VALUE(SUBSTITUTE(SUBSTITUTE(LEFT(H11, FIND("ｇ", H11) - 1), "．", "."), " ", "")),"") -> 2.5 | M11: =IFERROR(K11 * L11, L11) -> 0
A12: {=IFERROR( SMALL( IF((統合マスタ!$R$5:$R$1500=1)* (ISNUMBER(MATCH(統合マスタ!$V$5:$V$1500, 分類!$K$8:$K$15, 0))), 統合マスタ!$AC$5:$AC$1500), ROW(A8) ), "")} -> 21 | B12: =B11+1 -> 8 | C12: =IF($A12="","",OFFSET(統合マスタ!$B$4,MATCH($A12,統合マスタ!$AC$5:$AC$1500,0),0)) -> 21 | D12: =IF($A12="","",OFFSET(統合マスタ!$C$4,MATCH($A12,統合マスタ!$AC$5:$AC$1500,0),0)) -> ＥＫ２４ 加味逍遥散料エキス細粒 | E12: =IF($A12="","",OFFSET(統合マスタ!$X$4,MATCH($A12,統合マスタ!$AC$5:$AC$1500,0),0)) -> 0 | F12: =IF($A12="","",OFFSET(統合マスタ!$Z$4,MATCH($A12,統合マスタ!$AC$5:$AC$1500,0),0)) -> 4 | G12: =IF($A12="","",OFFSET(統合マスタ!$E$4,MATCH($A12,統合マスタ!$AC$5:$AC$1500,0),0)) -> 粉 | H12: =IF($A12="","",OFFSET(統合マスタ!$F$4,MATCH($A12,統合マスタ!$AC$5:$AC$1500,0),0)) -> ２ｇｘ４２包 | I12: =IF($A12="","",OFFSET(統合マスタ!$K$4,MATCH($A12,統合マスタ!$AC$5:$AC$1500,0),0)) -> g | J12: =IF(F12="","",OFFSET(分類!$B$29,MATCH(F12,分類!$A$30:$A$46,0),0)) -> 漢方薬 | K12: =IF(G12="粉",VALUE(SUBSTITUTE(SUBSTITUTE(LEFT(H12, FIND("ｇ", H12) - 1), "．", "."), " ", "")),"") -> 2 | M12: =IFERROR(K12 * L12, L12) -> 0
A13: {=IFERROR( SMALL( IF((統合マスタ!$R$5:$R$1500=1)* (ISNUMBER(MATCH(統合マスタ!$V$5:$V$1500, 分類!$K$8:$K$15, 0))), 統合マスタ!$AC$5:$AC$1500), ROW(A9) ), "")} -> 23 | B13: =B12+1 -> 9 | C13: =IF($A13="","",OFFSET(統合マスタ!$B$4,MATCH($A13,統合マスタ!$AC$5:$AC$1500,0),0)) -> 23 | D13: =IF($A13="","",OFFSET(統合マスタ!$C$4,MATCH($A13,統合マスタ!$AC$5:$AC$1500,0),0)) -> ＥＫ４１ 補中益気湯エキス細粒 | E13: =IF($A13="","",OFFSET(統合マスタ!$X$4,MATCH($A13,統合マスタ!$AC$5:$AC$1500,0),0)) -> 0 | F13: =IF($A13="","",OFFSET(統合マスタ!$Z$4,MATCH($A13,統合マスタ!$AC$5:$AC$1500,0),0)) -> 4 | G13: =IF($A13="","",OFFSET(統合マスタ!$E$4,MATCH($A13,統合マスタ!$AC$5:$AC$1500,0),0)) -> 粉 | H13: =IF($A13="","",OFFSET(統合マスタ!$F$4,MATCH($A13,統合マスタ!$AC$5:$AC$1500,0),0)) -> ２．５ｇｘ２９４ | I13: =IF($A13="","",OFFSET(統合マスタ!$K$4,MATCH($A13,統合マスタ!$AC$5:$AC$1500,0),0)) -> g | J13: =IF(F13="","",OFFSET(分類!$B$29,MATCH(F13,分類!$A$30:$A$46,0),0)) -> 漢方薬 | K13: =IF(G13="粉",VALUE(SUBSTITUTE(SUBSTITUTE(LEFT(H13, FIND("ｇ", H13) - 1), "．", "."), " ", "")),"") -> 2.5 | M13: =IFERROR(K13 * L13, L13) -> 0
A14: {=IFERROR( SMALL( IF((統合マスタ!$R$5:$R$1500=1)* (ISNUMBER(MATCH(統合マスタ!$V$5:$V$1500, 分類!$K$8:$K$15, 0))), 統合マスタ!$AC$5:$AC$1500), ROW(A10) ), "")} -> 45 | B14: =B13+1 -> 10 | C14: =IF($A14="","",OFFSET(統合マスタ!$B$4,MATCH($A14,統合マスタ!$AC$5:$AC$1500,0),0)) -> 45 | D14: =IF($A14="","",OFFSET(統合マスタ!$C$4,MATCH($A14,統合マスタ!$AC$5:$AC$1500,0),0)) -> アスパラカリウム散５０％ | E14: =IF($A14="","",OFFSET(統合マスタ!$X$4,MATCH($A14,統合マスタ!$AC$5:$AC$1500,0),0)) -> 0 | F14: =IF($A14="","",OFFSET(統合マスタ!$Z$4,MATCH($A14,統合マスタ!$AC$5:$AC$1500,0),0)) -> 2 | G14: =IF($A14="","",OFFSET(統合マスタ!$E$4,MATCH($A14,統合マスタ!$AC$5:$AC$1500,0),0)) -> 粉 | H14: =IF($A14="","",OFFSET(統合マスタ!$F$4,MATCH($A14,統合マスタ!$AC$5:$AC$1500,0),0)) -> ５００ｇ | I14: =IF($A14="","",OFFSET(統合マスタ!$K$4,MATCH($A14,統合マスタ!$AC$5:$AC$1500,0),0)) -> ｇ | J14: =IF(F14="","",OFFSET(分類!$B$29,MATCH(F14,分類!$A$30:$A$46,0),0)) -> 散薬調剤台 | K14: =IF(G14="粉",VALUE(SUBSTITUTE(SUBSTITUTE(LEFT(H14, FIND("ｇ", H14) - 1), "．", "."), " ", "")),"") -> 500 | M14: =IFERROR(K14 * L14, L14) -> 0
A15: {=IFERROR( SMALL( IF((統合マスタ!$R$5:$R$1500=1)* (ISNUMBER(MATCH(統合マスタ!$V$5:$V$1500, 分類!$K$8:$K$15, 0))), 統合マスタ!$AC$5:$AC$1500), ROW(A11) ), "")} -> 58 | B15: =B14+1 -> 11 | C15: =IF($A15="","",OFFSET(統合マスタ!$B$4,MATCH($A15,統合マスタ!$AC$5:$AC$1500,0),0)) -> 58 | D15: =IF($A15="","",OFFSET(統合マスタ!$C$4,MATCH($A15,統合マスタ!$AC$5:$AC$1500,0),0)) -> アドナ散１０％ | E15: =IF($A15="","",OFFSET(統合マスタ!$X$4,MATCH($A15,統合マスタ!$AC$5:$AC$1500,0),0)) -> 0 | F15: =IF($A15="","",OFFSET(統合マスタ!$Z$4,MATCH($A15,統合マスタ!$AC$5:$AC$1500,0),0)) -> 2 | G15: =IF($A15="","",OFFSET(統合マスタ!$E$4,MATCH($A15,統合マスタ!$AC$5:$AC$1500,0),0)) -> 粉 | H15: =IF($A15="","",OFFSET(統合マスタ!$F$4,MATCH($A15,統合マスタ!$AC$5:$AC$1500,0),0)) -> １００ｇ | I15: =IF($A15="","",OFFSET(統合マスタ!$K$4,MATCH($A15,統合マスタ!$AC$5:$AC$1500,0),0)) -> ｇ | J15: =IF(F15="","",OFFSET(分類!$B$29,MATCH(F15,分類!$A$30:$A$46,0),0)) -> 散薬調剤台 | K15: =IF(G15="粉",VALUE(SUBSTITUTE(SUBSTITUTE(LEFT(H15, FIND("ｇ", H15) - 1), "．", "."), " ", "")),"") -> 100 | M15: =IFERROR(K15 * L15, L15) -> 0
A16: {=IFERROR( SMALL( IF((統合マスタ!$R$5:$R$1500=1)* (ISNUMBER(MATCH(統合マスタ!$V$5:$V$1500, 分類!$K$8:$K$15, 0))), 統合マスタ!$AC$5:$AC$1500), ROW(A12) ), "")} -> 76 | B16: =B15+1 -> 12 | C16: =IF($A16="","",OFFSET(統合マスタ!$B$4,MATCH($A16,統合マスタ!$AC$5:$AC$1500,0),0)) -> 76 | D16: =IF($A16="","",OFFSET(統合マスタ!$C$4,MATCH($A16,統合マスタ!$AC$5:$AC$1500,0),0)) -> アミノレバンＥＮ配合散 コーヒー味 | E16: =IF($A16="","",OFFSET(統合マスタ!$X$4,MATCH($A16,統合マスタ!$AC$5:$AC$1500,0),0)) -> 0 | F16: =IF($A16="","",OFFSET(統合マスタ!$Z$4,MATCH($A16,統合マスタ!$AC$5:$AC$1500,0),0)) -> 15 | G16: =IF($A16="","",OFFSET(統合マスタ!$E$4,MATCH($A16,統合マスタ!$AC$5:$AC$1500,0),0)) -> 粉 | H16: =IF($A16="","",OFFSET(統合マスタ!$F$4,MATCH($A16,統合マスタ!$AC$5:$AC$1500,0),0)) -> ５０ｇＸ２１包 | I16: =IF($A16="","",OFFSET(統合マスタ!$K$4,MATCH($A16,統合マスタ!$AC$5:$AC$1500,0),0)) -> 10ｇ | J16: =IF(F16="","",OFFSET(分類!$B$29,MATCH(F16,分類!$A$30:$A$46,0),0)) -> 不良在庫 | K16: =IF(G16="粉",VALUE(SUBSTITUTE(SUBSTITUTE(LEFT(H16, FIND("ｇ", H16) - 1), "．", "."), " ", "")),"") -> 50 | M16: =IFERROR(K16 * L16, L16) -> 0
A17: {=IFERROR( SMALL( IF((統合マスタ!$R$5:$R$1500=1)* (ISNUMBER(MATCH(統合マスタ!$V$5:$V$1500, 分類!$K$8:$K$15, 0))), 統合マスタ!$AC$5:$AC$1500), ROW(A13) ), "")} -> 172 | B17: =B16+1 -> 13 | C17: =IF($A17="","",OFFSET(統合マスタ!$B$4,MATCH($A17,統合マスタ!$AC$5:$AC$1500,0),0)) -> 172 | D17: =IF($A17="","",OFFSET(統合マスタ!$C$4,MATCH($A17,統合マスタ!$AC$5:$AC$1500,0),0)) -> カルバマゼピン細粒５０％「アメル」 | E17: =IF($A17="","",OFFSET(統合マスタ!$X$4,MATCH($A17,統合マスタ!$AC$5:$AC$1500,0),0)) -> 0 | F17: =IF($A17="","",OFFSET(統合マスタ!$Z$4,MATCH($A17,統合マスタ!$AC$5:$AC$1500,0),0)) -> 2 | G17: =IF($A17="","",OFFSET(統合マスタ!$E$4,MATCH($A17,統合マスタ!$AC$5:$AC$1500,0),0)) -> 粉 | H17: =IF($A17="","",OFFSET(統合マスタ!$F$4,MATCH($A17,統合マスタ!$AC$5:$AC$1500,0),0)) -> ５００ｇ | I17: =IF($A17="","",OFFSET(統合マスタ!$K$4,MATCH($A17,統合マスタ!$AC$5:$AC$1500,0),0)) -> ｇ | J17: =IF(F17="","",OFFSET(分類!$B$29,MATCH(F17,分類!$A$30:$A$46,0),0)) -> 散薬調剤台 | K17: =IF(G17="粉",VALUE(SUBSTITUTE(SUBSTITUTE(LEFT(H17, FIND("ｇ", H17) - 1), "．", "."), " ", "")),"") -> 500 | M17: =IFERROR(K17 * L17, L17) -> 0
... A304: {=IFERROR( SMALL( IF((統合マスタ!$R$5:$R$1500=1)* (ISNUMBER(MATCH(統合マスタ!$V$5:$V$1500, 分類!$K$8:$K$15, 0))), 統合マスタ!$AC$5:$AC$1500), ROW(A300) ), "")} | B304: =B303+1 -> 300 | C304: =IF($A304="","",OFFSET(統合マスタ!$B$4,MATCH($A304,統合マスタ!$AC$5:$AC$1500,0),0)) | D304: =IF($A304="","",OFFSET(統合マスタ!$C$4,MATCH($A304,統合マスタ!$AC$5:$AC$1500,0),0)) | E304: =IF($A304="","",OFFSET(統合マスタ!$X$4,MATCH($A304,統合マスタ!$AC$5:$AC$1500,0),0)) | F304: =IF($A304="","",OFFSET(統合マスタ!$Z$4,MATCH($A304,統合マスタ!$AC$5:$AC$1500,0),0)) | G304: =IF($A304="","",OFFSET(統合マスタ!$E$4,MATCH($A304,統合マスタ!$AC$5:$AC$1500,0),0)) | H304: =IF($A304="","",OFFSET(統合マスタ!$F$4,MATCH($A304,統合マスタ!$AC$5:$AC$1500,0),0)) | I304: =IF($A304="","",OFFSET(統合マスタ!$K$4,MATCH($A304,統合マスタ!$AC$5:$AC$1500,0),0)) | J304: =IF(F304="","",OFFSET(分類!$B$29,MATCH(F304,分類!$A$30:$A$46,0),0)) | K304: =IF(G304="粉",VALUE(SUBSTITUTE(SUBSTITUTE(LEFT(H304, FIND("ｇ", H304) - 1), "．", "."), " ", "")),"") | M304: =IFERROR(K304 * L304, L304) -> 0

Sheet 錠剤
B2: {=RIGHT(CELL("filename",A1),LEN(CELL("filename",A1))-FIND("]",CELL("filename",A1)))} -> 錠剤
A4: ソートキー | B4: No | C4: マスタNo | D4: 薬品名 | E4: 毒劇区分 | F4: 棚番 | G4: 包装形態 | H4: 容量 | I4: 薬価単位 | J4: 場所 | K4: PTP | L4: バラ | M4: 合計
A5: {=IFERROR( SMALL( IF((統合マスタ!$R$5:$R$1500=1)* (ISNUMBER(MATCH(統合マスタ!$V$5:$V$1500, 分類!$N$8:$N$15, 0))), 統合マスタ!$AC$5:$AC$1500), ROW(A1) ), "")} -> 16 | B5: 1 | C5: =IF($A5="","",OFFSET(統合マスタ!$B$4,MATCH($A5,統合マスタ!$AC$5:$AC$1500,0),0)) -> 16 | D5: =IF($A5="","",OFFSET(統合マスタ!$C$4,MATCH($A5,統合マスタ!$AC$5:$AC$1500,0),0)) -> ２５ｍｇアリナミン Ｆ糖衣錠 | E5: =IF($A5="","",OFFSET(統合マスタ!$X$4,MATCH($A5,統合マスタ!$AC$5:$AC$1500,0),0)) -> 0 | F5: =IF($A5="","",OFFSET(統合マスタ!$Z$4,MATCH($A5,統合マスタ!$AC$5:$AC$1500,0),0)) -> 25 | G5: =IF($A5="","",OFFSET(統合マスタ!$E$4,MATCH($A5,統合マスタ!$AC$5:$AC$1500,0),0)) -> ＰＴＰ | H5: =IF($A5="","",OFFSET(統合マスタ!$F$4,MATCH($A5,統合マスタ!$AC$5:$AC$1500,0),0)) -> １００Ｔ | I5: =IF($A5="","",OFFSET(統合マスタ!$K$4,MATCH($A5,統合マスタ!$AC$5:$AC$1500,0),0)) -> 錠 | J5: =IF(F5="","",OFFSET(分類!$B$29,MATCH(F5,分類!$A$30:$A$46,0),0)) -> 調剤棚 ＆ 普通薬バラ | K5: =IFERROR( OFFSET(錠剤_PTP!$M$5, MATCH(D5, 錠剤_PTP!$D$5:$D$999, 0) - 1, 0), "") -> 0 | L5: =IFERROR( OFFSET(錠剤_バラ!$M$5, MATCH(D5, 錠剤_バラ!$D$5:$D$999, 0) - 1, 0), "") -> 0 | M5: =SUM(K5:L5) -> 0
A6: {=IFERROR( SMALL( IF((統合マスタ!$R$5:$R$1500=1)* (ISNUMBER(MATCH(統合マスタ!$V$5:$V$1500, 分類!$N$8:$N$15, 0))), 統合マスタ!$AC$5:$AC$1500), ROW(A2) ), "")} -> 27 | B6: =B5+1 -> 2 | C6: =IF($A6="","",OFFSET(統合マスタ!$B$4,MATCH($A6,統合マスタ!$AC$5:$AC$1500,0),0)) -> 27 | D6: =IF($A6="","",OFFSET(統合マスタ!$C$4,MATCH($A6,統合マスタ!$AC$5:$AC$1500,0),0)) -> アーチスト錠１．２５ｍｇ | E6: =IF($A6="","",OFFSET(統合マスタ!$X$4,MATCH($A6,統合マスタ!$AC$5:$AC$1500,0),0)) -> 0 | F6: =IF($A6="","",OFFSET(統合マスタ!$Z$4,MATCH($A6,統合マスタ!$AC$5:$AC$1500,0),0)) -> 5 | G6: =IF($A6="","",OFFSET(統合マスタ!$E$4,MATCH($A6,統合マスタ!$AC$5:$AC$1500,0),0)) -> ＰＴＰ | H6: =IF($A6="","",OFFSET(統合マスタ!$F$4,MATCH($A6,統合マスタ!$AC$5:$AC$1500,0),0)) -> １００Ｔ | I6: =IF($A6="","",OFFSET(統合マスタ!$K$4,MATCH($A6,統合マスタ!$AC$5:$AC$1500,0),0)) -> 錠 | J6: =IF(F6="","",OFFSET(分類!$B$29,MATCH(F6,分類!$A$30:$A$46,0),0)) -> 普通薬バラ | K6: =IFERROR( OFFSET(錠剤_PTP!$M$5, MATCH(D6, 錠剤_PTP!$D$5:$D$999, 0) - 1, 0), "") | L6: =IFERROR( OFFSET(錠剤_バラ!$M$5, MATCH(D6, 錠剤_バラ!$D$5:$D$999, 0) - 1, 0), "") -> 0 | M6: =SUM(K6:L6) -> 0
A7: {=IFERROR( SMALL( IF((統合マスタ!$R$5:$R$1500=1)* (ISNUMBER(MATCH(統合マスタ!$V$5:$V$1500, 分類!$N$8:$N$15, 0))), 統合マスタ!$AC$5:$AC$1500), ROW(A3) ), "")} -> 37 | B7: =B6+1 -> 3 | C7: =IF($A7="","",OFFSET(統合マスタ!$B$4,MATCH($A7,統合マスタ!$AC$5:$AC$1500,0),0)) -> 37 | D7: =IF($A7="","",OFFSET(統合マスタ!$C$4,MATCH($A7,統合マスタ!$AC$5:$AC$1500,0),0)) -> アジスロマイシン錠２５０ｍｇ「トーワ」 | E7: =IF($A7="","",OFFSET(統合マスタ!$X$4,MATCH($A7,統合マスタ!$AC$5:$AC$1500,0),0)) -> 0 | F7: =IF($A7="","",OFFSET(統合マスタ!$Z$4,MATCH($A7,統合マスタ!$AC$5:$AC$1500,0),0)) -> 1 | G7: =IF($A7="","",OFFSET(統合マスタ!$E$4,MATCH($A7,統合マスタ!$AC$5:$AC$1500,0),0)) -> ＰＴＰ | H7: =IF($A7="","",OFFSET(統合マスタ!$F$4,MATCH($A7,統合マスタ!$AC$5:$AC$1500,0),0)) -> ６０Ｔ | I7: =IF($A7="","",OFFSET(統合マスタ!$K$4,MATCH($A7,統合マスタ!$AC$5:$AC$1500,0),0)) -> 錠 | J7: =IF(F7="","",OFFSET(分類!$B$29,MATCH(F7,分類!$A$30:$A$46,0),0)) -> 調剤棚 | K7: =IFERROR( OFFSET(錠剤_PTP!$M$5, MATCH(D7, 錠剤_PTP!$D$5:$D$999, 0) - 1, 0), "") -> 0 | L7: =IFERROR( OFFSET(錠剤_バラ!$M$5, MATCH(D7, 錠剤_バラ!$D$5:$D$999, 0) - 1, 0), "") | M7: =SUM(K7:L7) -> 0
A8: {=IFERROR( SMALL( IF((統合マスタ!$R$5:$R$1500=1)* (ISNUMBER(MATCH(統合マスタ!$V$5:$V$1500, 分類!$N$8:$N$15, 0))), 統合マスタ!$AC$5:$AC$1500), ROW(A4) ), "")} -> 38 | B8: =B7+1 -> 4 | C8: =IF($A8="","",OFFSET(統合マスタ!$B$4,MATCH($A8,統合マスタ!$AC$5:$AC$1500,0),0)) -> 38 | D8: =IF($A8="","",OFFSET(統合マスタ!$C$4,MATCH($A8,統合マスタ!$AC$5:$AC$1500,0),0)) -> アジルサルタンＯＤ錠２０ｍｇ「サワイ」 | E8: =IF($A8="","",OFFSET(統合マスタ!$X$4,MATCH($A8,統合マスタ!$AC$5:$AC$1500,0),0)) -> 0 | F8: =IF($A8="","",OFFSET(統合マスタ!$Z$4,MATCH($A8,統合マスタ!$AC$5:$AC$1500,0),0)) -> 25 | G8: =IF($A8="","",OFFSET(統合マスタ!$E$4,MATCH($A8,統合マスタ!$AC$5:$AC$1500,0),0)) -> ＰＴＰ | H8: =IF($A8="","",OFFSET(統合マスタ!$F$4,MATCH($A8,統合マスタ!$AC$5:$AC$1500,0),0)) -> １００Ｔ | I8: =IF($A8="","",OFFSET(統合マスタ!$K$4,MATCH($A8,統合マスタ!$AC$5:$AC$1500,0),0)) -> 錠 | J8: =IF(F8="","",OFFSET(分類!$B$29,MATCH(F8,分類!$A$30:$A$46,0),0)) -> 調剤棚 ＆ 普通薬バラ | K8: =IFERROR( OFFSET(錠剤_PTP!$M$5, MATCH(D8, 錠剤_PTP!$D$5:$D$999, 0) - 1, 0), "") -> 0 | L8: =IFERROR( OFFSET(錠剤_バラ!$M$5, MATCH(D8, 錠剤_バラ!$D$5:$D$999, 0) - 1, 0), "") -> 0 | M8: =SUM(K8:L8) -> 0
A9: {=IFERROR( SMALL( IF((統合マスタ!$R$5:$R$1500=1)* (ISNUMBER(MATCH(統合マスタ!$V$5:$V$1500, 分類!$N$8:$N$15, 0))), 統合マスタ!$AC$5:$AC$1500), ROW(A5) ), "")} -> 39 | B9: =B8+1 -> 5 | C9: =IF($A9="","",OFFSET(統合マスタ!$B$4,MATCH($A9,統合マスタ!$AC$5:$AC$1500,0),0)) -> 39 | D9: =IF($A9="","",OFFSET(統合マスタ!$C$4,MATCH($A9,統合マスタ!$AC$5:$AC$1500,0),0)) -> アジルサルタンＯＤ錠２０ｍｇ「サワイ」 | E9: =IF($A9="","",OFFSET(統合マスタ!$X$4,MATCH($A9,統合マスタ!$AC$5:$AC$1500,0),0)) -> 0 | F9: =IF($A9="","",OFFSET(統合マスタ!$Z$4,MATCH($A9,統合マスタ!$AC$5:$AC$1500,0),0)) -> 25 | G9: =IF($A9="","",OFFSET(統合マスタ!$E$4,MATCH($A9,統合マスタ!$AC$5:$AC$1500,0),0)) -> バラ | H9: =IF($A9="","",OFFSET(統合マスタ!$F$4,MATCH($A9,統合マスタ!$AC$5:$AC$1500,0),0)) -> ２００Ｔ | I9: =IF($A9="","",OFFSET(統合マスタ!$K$4,MATCH($A9,統合マスタ!$AC$5:$AC$1500,0),0)) -> 錠 | J9: =IF(F9="","",OFFSET(分類!$B$29,MATCH(F9,分類!$A$30:$A$46,0),0)) -> 調剤棚 ＆ 普通薬バラ | K9: =IFERROR( OFFSET(錠剤_PTP!$M$5, MATCH(D9, 錠剤_PTP!$D$5:$D$999, 0) - 1, 0), "") -> 0 | L9: =IFERROR( OFFSET(錠剤_バラ!$M$5, MATCH(D9, 錠剤_バラ!$D$5:$D$999, 0) - 1, 0), "") -> 0 | M9: =SUM(K9:L9) -> 0
A10: {=IFERROR( SMALL( IF((統合マスタ!$R$5:$R$1500=1)* (ISNUMBER(MATCH(統合マスタ!$V$5:$V$1500, 分類!$N$8:$N$15, 0))), 統合マスタ!$AC$5:$AC$1500), ROW(A6) ), "")} -> 43 | B10: =B9+1 -> 6 | C10: =IF($A10="","",OFFSET(統合マスタ!$B$4,MATCH($A10,統合マスタ!$AC$5:$AC$1500,0),0)) -> 43 | D10: =IF($A10="","",OFFSET(統合マスタ!$C$4,MATCH($A10,統合マスタ!$AC$5:$AC$1500,0),0)) -> アスパラ－ＣＡ錠２００ | E10: =IF($A10="","",OFFSET(統合マスタ!$X$4,MATCH($A10,統合マスタ!$AC$5:$AC$1500,0),0)) -> 0 | F10: =IF($A10="","",OFFSET(統合マスタ!$Z$4,MATCH($A10,統合マスタ!$AC$5:$AC$1500,0),0)) -> 25 | G10: =IF($A10="","",OFFSET(統合マスタ!$E$4,MATCH($A10,統合マスタ!$AC$5:$AC$1500,0),0)) -> ＰＴＰ | H10: =IF($A10="","",OFFSET(統合マスタ!$F$4,MATCH($A10,統合マスタ!$AC$5:$AC$1500,0),0)) -> １００Ｔ | I10: =IF($A10="","",OFFSET(統合マスタ!$K$4,MATCH($A10,統合マスタ!$AC$5:$AC$1500,0),0)) -> 錠 | J10: =IF(F10="","",OFFSET(分類!$B$29,MATCH(F10,分類!$A$30:$A$46,0),0)) -> 調剤棚 ＆ 普通薬バラ | K10: =IFERROR( OFFSET(錠剤_PTP!$M$5, MATCH(D10, 錠剤_PTP!$D$5:$D$999, 0) - 1, 0), "") -> 0 | L10: =IFERROR( OFFSET(錠剤_バラ!$M$5, MATCH(D10, 錠剤_バラ!$D$5:$D$999, 0) - 1, 0), "") -> 0 | M10: =SUM(K10:L10) -> 0
A11: {=IFERROR( SMALL( IF((統合マスタ!$R$5:$R$1500=1)* (ISNUMBER(MATCH(統合マスタ!$V$5:$V$1500, 分類!$N$8:$N$15, 0))), 統合マスタ!$AC$5:$AC$1500), ROW(A7) ), "")} -> 44 | B11: =B10+1 -> 7 | C11: =IF($A11="","",OFFSET(統合マスタ!$B$4,MATCH($A11,統合マスタ!$AC$5:$AC$1500,0),0)) -> 44 | D11: =IF($A11="","",OFFSET(統合マスタ!$C$4,MATCH($A11,統合マスタ!$AC$5:$AC$1500,0),0)) -> アスパラ－ＣＡ錠２００ | E11: =IF($A11="","",OFFSET(統合マスタ!$X$4,MATCH($A11,統合マスタ!$AC$5:$AC$1500,0),0)) -> 0 | F11: =IF($A11="","",OFFSET(統合マスタ!$Z$4,MATCH($A11,統合マスタ!$AC$5:$AC$1500,0),0)) -> 25 | G11: =IF($A11="","",OFFSET(統合マスタ!$E$4,MATCH($A11,統合マスタ!$AC$5:$AC$1500,0),0)) -> バラ | H11: =IF($A11="","",OFFSET(統合マスタ!$F$4,MATCH($A11,統合マスタ!$AC$5:$AC$1500,0),0)) -> ５００Ｔ | I11: =IF($A11="","",OFFSET(統合マスタ!$K$4,MATCH($A11,統合マスタ!$AC$5:$AC$1500,0),0)) -> 錠 | J11: =IF(F11="","",OFFSET(分類!$B$29,MATCH(F11,分類!$A$30:$A$46,0),0)) -> 調剤棚 ＆ 普通薬バラ | K11: =IFERROR( OFFSET(錠剤_PTP!$M$5, MATCH(D11, 錠剤_PTP!$D$5:$D$999, 0) - 1, 0), "") -> 0 | L11: =IFERROR( OFFSET(錠剤_バラ!$M$5, MATCH(D11, 錠剤_バラ!$D$5:$D$999, 0) - 1, 0), "") -> 0 | M11: =SUM(K11:L11) -> 0
A12: {=IFERROR( SMALL( IF((統合マスタ!$R$5:$R$1500=1)* (ISNUMBER(MATCH(統合マスタ!$V$5:$V$1500, 分類!$N$8:$N$15, 0))), 統合マスタ!$AC$5:$AC$1500), ROW(A8) ), "")} -> 46 | B12: =B11+1 -> 8 | C12: =IF($A12="","",OFFSET(統合マスタ!$B$4,MATCH($A12,統合マスタ!$AC$5:$AC$1500,0),0)) -> 46 | D12: =IF($A12="","",OFFSET(統合マスタ!$C$4,MATCH($A12,統合マスタ!$AC$5:$AC$1500,0),0)) -> アスパラカリウム錠３００ｍｇ | E12: =IF($A12="","",OFFSET(統合マスタ!$X$4,MATCH($A12,統合マスタ!$AC$5:$AC$1500,0),0)) -> 0 | F12: =IF($A12="","",OFFSET(統合マスタ!$Z$4,MATCH($A12,統合マスタ!$AC$5:$AC$1500,0),0)) -> 1 | G12: =IF($A12="","",OFFSET(統合マスタ!$E$4,MATCH($A12,統合マスタ!$AC$5:$AC$1500,0),0)) -> ＰＴＰ | H12: =IF($A12="","",OFFSET(統合マスタ!$F$4,MATCH($A12,統合マスタ!$AC$5:$AC$1500,0),0)) -> １０００Ｔ | I12: =IF($A12="","",OFFSET(統合マスタ!$K$4,MATCH($A12,統合マスタ!$AC$5:$AC$1500,0),0)) -> 錠 | J12: =IF(F12="","",OFFSET(分類!$B$29,MATCH(F12,分類!$A$30:$A$46,0),0)) -> 調剤棚 | K12: =IFERROR( OFFSET(錠剤_PTP!$M$5, MATCH(D12, 錠剤_PTP!$D$5:$D$999, 0) - 1, 0), "") -> 0 | L12: =IFERROR( OFFSET(錠剤_バラ!$M$5, MATCH(D12, 錠剤_バラ!$D$5:$D$999, 0) - 1, 0), "") | M12: =SUM(K12:L12) -> 0
A13: {=IFERROR( SMALL( IF((統合マスタ!$R$5:$R$1500=1)* (ISNUMBER(MATCH(統合マスタ!$V$5:$V$1500, 分類!$N$8:$N$15, 0))), 統合マスタ!$AC$5:$AC$1500), ROW(A9) ), "")} -> 47 | B13: =B12+1 -> 9 | C13: =IF($A13="","",OFFSET(統合マスタ!$B$4,MATCH($A13,統合マスタ!$AC$5:$AC$1500,0),0)) -> 47 | D13: =IF($A13="","",OFFSET(統合マスタ!$C$4,MATCH($A13,統合マスタ!$AC$5:$AC$1500,0),0)) -> アスパラカリウム錠３００ｍｇ | E13: =IF($A13="","",OFFSET(統合マスタ!$X$4,MATCH($A13,統合マスタ!$AC$5:$AC$1500,0),0)) -> 0 | F13: =IF($A13="","",OFFSET(統合マスタ!$Z$4,MATCH($A13,統合マスタ!$AC$5:$AC$1500,0),0)) -> 1 | G13: =IF($A13="","",OFFSET(統合マスタ!$E$4,MATCH($A13,統合マスタ!$AC$5:$AC$1500,0),0)) -> ＰＴＰ | H13: =IF($A13="","",OFFSET(統合マスタ!$F$4,MATCH($A13,統合マスタ!$AC$5:$AC$1500,0),0)) -> １００Ｔ | I13: =IF($A13="","",OFFSET(統合マスタ!$K$4,MATCH($A13,統合マスタ!$AC$5:$AC$1500,0),0)) -> 錠 | J13: =IF(F13="","",OFFSET(分類!$B$29,MATCH(F13,分類!$A$30:$A$46,0),0)) -> 調剤棚 | K13: =IFERROR( OFFSET(錠剤_PTP!$M$5, MATCH(D13, 錠剤_PTP!$D$5:$D$999, 0) - 1, 0), "") -> 0 | L13: =IFERROR( OFFSET(錠剤_バラ!$M$5, MATCH(D13, 錠剤_バラ!$D$5:$D$999, 0) - 1, 0), "") | M13: =SUM(K13:L13) -> 0
A14: {=IFERROR( SMALL( IF((統合マスタ!$R$5:$R$1500=1)* (ISNUMBER(MATCH(統合マスタ!$V$5:$V$1500, 分類!$N$8:$N$15, 0))), 統合マスタ!$AC$5:$AC$1500), ROW(A10) ), "")} -> 56 | B14: =B13+1 -> 10 | C14: =IF($A14="","",OFFSET(統合マスタ!$B$4,MATCH($A14,統合マスタ!$AC$5:$AC$1500,0),0)) -> 56 | D14: =IF($A14="","",OFFSET(統合マスタ!$C$4,MATCH($A14,統合マスタ!$AC$5:$AC$1500,0),0)) -> アタラックス錠２５ｍｇ | E14: =IF($A14="","",OFFSET(統合マスタ!$X$4,MATCH($A14,統合マスタ!$AC$5:$AC$1500,0),0)) -> 0 | F14: =IF($A14="","",OFFSET(統合マスタ!$Z$4,MATCH($A14,統合マスタ!$AC$5:$AC$1500,0),0)) -> 25 | G14: =IF($A14="","",OFFSET(統合マスタ!$E$4,MATCH($A14,統合マスタ!$AC$5:$AC$1500,0),0)) -> ＰＴＰ | H14: =IF($A14="","",OFFSET(統合マスタ!$F$4,MATCH($A14,統合マスタ!$AC$5:$AC$1500,0),0)) -> １００Ｔ | I14: =IF($A14="","",OFFSET(統合マスタ!$K$4,MATCH($A14,統合マスタ!$AC$5:$AC$1500,0),0)) -> 錠 | J14: =IF(F14="","",OFFSET(分類!$B$29,MATCH(F14,分類!$A$30:$A$46,0),0)) -> 調剤棚 ＆ 普通薬バラ | K14: =IFERROR( OFFSET(錠剤_PTP!$M$5, MATCH(D14, 錠剤_PTP!$D$5:$D$999, 0) - 1, 0), "") -> 0 | L14: =IFERROR( OFFSET(錠剤_バラ!$M$5, MATCH(D14, 錠剤_バラ!$D$5:$D$999, 0) - 1, 0), "") -> 0 | M14: =SUM(K14:L14) -> 0
A15: {=IFERROR( SMALL( IF((統合マスタ!$R$5:$R$1500=1)* (ISNUMBER(MATCH(統合マスタ!$V$5:$V$1500, 分類!$N$8:$N$15, 0))), 統合マスタ!$AC$5:$AC$1500), ROW(A11) ), "")} -> 59 | B15: =B14+1 -> 11 | C15: =IF($A15="","",OFFSET(統合マスタ!$B$4,MATCH($A15,統合マスタ!$AC$5:$AC$1500,0),0)) -> 59 | D15: =IF($A15="","",OFFSET(統合マスタ!$C$4,MATCH($A15,統合マスタ!$AC$5:$AC$1500,0),0)) -> アドナ錠３０ｍｇ | E15: =IF($A15="","",OFFSET(統合マスタ!$X$4,MATCH($A15,統合マスタ!$AC$5:$AC$1500,0),0)) -> 0 | F15: =IF($A15="","",OFFSET(統合マスタ!$Z$4,MATCH($A15,統合マスタ!$AC$5:$AC$1500,0),0)) -> 25 | G15: =IF($A15="","",OFFSET(統合マスタ!$E$4,MATCH($A15,統合マスタ!$AC$5:$AC$1500,0),0)) -> バラ | H15: =IF($A15="","",OFFSET(統合マスタ!$F$4,MATCH($A15,統合マスタ!$AC$5:$AC$1500,0),0)) -> ５００Ｔ | I15: =IF($A15="","",OFFSET(統合マスタ!$K$4,MATCH($A15,統合マスタ!$AC$5:$AC$1500,0),0)) -> 錠 | J15: =IF(F15="","",OFFSET(分類!$B$29,MATCH(F15,分類!$A$30:$A$46,0),0)) -> 調剤棚 ＆ 普通薬バラ | K15: =IFERROR( OFFSET(錠剤_PTP!$M$5, MATCH(D15, 錠剤_PTP!$D$5:$D$999, 0) - 1, 0), "") -> 0 | L15: =IFERROR( OFFSET(錠剤_バラ!$M$5, MATCH(D15, 錠剤_バラ!$D$5:$D$999, 0) - 1, 0), "") -> 0 | M15: =SUM(K15:L15) -> 0
A16: {=IFERROR( SMALL( IF((統合マスタ!$R$5:$R$1500=1)* (ISNUMBER(MATCH(統合マスタ!$V$5:$V$1500, 分類!$N$8:$N$15, 0))), 統合マスタ!$AC$5:$AC$1500), ROW(A12) ), "")} -> 67 | B16: =B15+1 -> 12 | C16: =IF($A16="","",OFFSET(統合マスタ!$B$4,MATCH($A16,統合マスタ!$AC$5:$AC$1500,0),0)) -> 67 | D16: =IF($A16="","",OFFSET(統合マスタ!$C$4,MATCH($A16,統合マスタ!$AC$5:$AC$1500,0),0)) -> アトルバスタチンＯＤ錠１０ｍｇ「トーワ」 | E16: =IF($A16="","",OFFSET(統合マスタ!$X$4,MATCH($A16,統合マスタ!$AC$5:$AC$1500,0),0)) -> 0 | F16: =IF($A16="","",OFFSET(統合マスタ!$Z$4,MATCH($A16,統合マスタ!$AC$5:$AC$1500,0),0)) -> 25 | G16: =IF($A16="","",OFFSET(統合マスタ!$E$4,MATCH($A16,統合マスタ!$AC$5:$AC$1500,0),0)) -> ＰＴＰ | H16: =IF($A16="","",OFFSET(統合マスタ!$F$4,MATCH($A16,統合マスタ!$AC$5:$AC$1500,0),0)) -> １００Ｔ | I16: =IF($A16="","",OFFSET(統合マスタ!$K$4,MATCH($A16,統合マスタ!$AC$5:$AC$1500,0),0)) -> 錠 | J16: =IF(F16="","",OFFSET(分類!$B$29,MATCH(F16,分類!$A$30:$A$46,0),0)) -> 調剤棚 ＆ 普通薬バラ | K16: =IFERROR( OFFSET(錠剤_PTP!$M$5, MATCH(D16, 錠剤_PTP!$D$5:$D$999, 0) - 1, 0), "") -> 0 | L16: =IFERROR( OFFSET(錠剤_バラ!$M$5, MATCH(D16, 錠剤_バラ!$D$5:$D$999, 0) - 1, 0), "") -> 0 | M16: =SUM(K16:L16) -> 0
A17: {=IFERROR( SMALL( IF((統合マスタ!$R$5:$R$1500=1)* (ISNUMBER(MATCH(統合マスタ!$V$5:$V$1500, 分類!$N$8:$N$15, 0))), 統合マスタ!$AC$5:$AC$1500), ROW(A13) ), "")} -> 68 | B17: =B16+1 -> 13 | C17: =IF($A17="","",OFFSET(統合マスタ!$B$4,MATCH($A17,統合マスタ!$AC$5:$AC$1500,0),0)) -> 68 | D17: =IF($A17="","",OFFSET(統合マスタ!$C$4,MATCH($A17,統合マスタ!$AC$5:$AC$1500,0),0)) -> アトルバスタチンＯＤ錠１０ｍｇ「トーワ」 | E17: =IF($A17="","",OFFSET(統合マスタ!$X$4,MATCH($A17,統合マスタ!$AC$5:$AC$1500,0),0)) -> 0 | F17: =IF($A17="","",OFFSET(統合マスタ!$Z$4,MATCH($A17,統合マスタ!$AC$5:$AC$1500,0),0)) -> 25 | G17: =IF($A17="","",OFFSET(統合マスタ!$E$4,MATCH($A17,統合マスタ!$AC$5:$AC$1500,0),0)) -> バラ | H17: =IF($A17="","",OFFSET(統合マスタ!$F$4,MATCH($A17,統合マスタ!$AC$5:$AC$1500,0),0)) -> ３００Ｔ | I17: =IF($A17="","",OFFSET(統合マスタ!$K$4,MATCH($A17,統合マスタ!$AC$5:$AC$1500,0),0)) -> 錠 | J17: =IF(F17="","",OFFSET(分類!$B$29,MATCH(F17,分類!$A$30:$A$46,0),0)) -> 調剤棚 ＆ 普通薬バラ | K17: =IFERROR( OFFSET(錠剤_PTP!$M$5, MATCH(D17, 錠剤_PTP!$D$5:$D$999, 0) - 1, 0), "") -> 0 | L17: =IFERROR( OFFSET(錠剤_バラ!$M$5, MATCH(D17, 錠剤_バラ!$D$5:$D$999, 0) - 1, 0), "") -> 0 | M17: =SUM(K17:L17) -> 0
... A504: {=IFERROR( SMALL( IF((統合マスタ!$R$5:$R$1500=1)* (ISNUMBER(MATCH(統合マスタ!$V$5:$V$1500, 分類!$N$8:$N$15, 0))), 統合マスタ!$AC$5:$AC$1500), ROW(A500) ), "")} | B504: =B503+1 -> 500 | C504: =IF($A504="","",OFFSET(統合マスタ!$B$4,MATCH($A504,統合マスタ!$AC$5:$AC$1500,0),0)) | D504: =IF($A504="","",OFFSET(統合マスタ!$C$4,MATCH($A504,統合マスタ!$AC$5:$AC$1500,0),0)) | E504: =IF($A504="","",OFFSET(統合マスタ!$X$4,MATCH($A504,統合マスタ!$AC$5:$AC$1500,0),0)) | F504: =IF($A504="","",OFFSET(統合マスタ!$Z$4,MATCH($A504,統合マスタ!$AC$5:$AC$1500,0),0)) | G504: =IF($A504="","",OFFSET(統合マスタ!$E$4,MATCH($A504,統合マスタ!$AC$5:$AC$1500,0),0)) | H504: =IF($A504="","",OFFSET(統合マスタ!$F$4,MATCH($A504,統合マスタ!$AC$5:$AC$1500,0),0)) | I504: =IF($A504="","",OFFSET(統合マスタ!$K$4,MATCH($A504,統合マスタ!$AC$5:$AC$1500,0),0)) | J504: =IF(F504="","",OFFSET(分類!$B$29,MATCH(F504,分類!$A$30:$A$46,0),0)) | K504: =IFERROR( OFFSET(錠剤_PTP!$M$5, MATCH(D504, 錠剤_PTP!$D$5:$D$999, 0) - 1, 0), "") -> 0 | L504: =IFERROR( OFFSET(錠剤_バラ!$M$5, MATCH(D504, 錠剤_バラ!$D$5:$D$999, 0) - 1, 0), "") -> 0 | M504: =SUM(K504:L504) -> 0

Sheet 錠剤_PTP
B2: {=RIGHT(CELL("filename",A1),LEN(CELL("filename",A1))-FIND("]",CELL("filename",A1)))} -> 錠剤_PTP
A4: ソートキー | B4: No | C4: マスタNo | D4: 薬品名 | E4: 毒劇区分 | F4: 棚番 | G4: 包装形態 | H4: 容量 | I4: 薬価単位 | J4: 場所 | K4: PTP | L4: バラ | M4: 合計
A5: {=IFERROR( _xlfn.AGGREGATE( 15, 6, ROW(錠剤!$J$5:$J$999)/ (ISNUMBER(SEARCH("調剤棚", 錠剤!$J$5:$J$999))), ROW(A1) ), "")-4} -> 1 | B5: 1 | C5: =IFERROR(OFFSET(錠剤!C$4,錠剤_PTP!$A5,0),"") -> 16 | D5: =IFERROR(OFFSET(錠剤!D$4,錠剤_PTP!$A5,0),"") -> ２５ｍｇアリナミン Ｆ糖衣錠 | E5: =IFERROR(OFFSET(錠剤!E$4,錠剤_PTP!$A5,0),"") -> 0 | F5: =IFERROR(OFFSET(錠剤!F$4,錠剤_PTP!$A5,0),"") -> 25 | G5: =IFERROR(OFFSET(錠剤!G$4,錠剤_PTP!$A5,0),"") -> ＰＴＰ | H5: =IFERROR(OFFSET(錠剤!H$4,錠剤_PTP!$A5,0),"") -> １００Ｔ | I5: =IFERROR(OFFSET(錠剤!I$4,錠剤_PTP!$A5,0),"") -> 錠 | J5: =IFERROR(OFFSET(錠剤!J$4,錠剤_PTP!$A5,0),"") -> 調剤棚 ＆ 普通薬バラ | M5: =SUM(K5:L5) -> 0
A6: {=IFERROR( _xlfn.AGGREGATE( 15, 6, ROW(錠剤!$J$5:$J$999)/ (ISNUMBER(SEARCH("調剤棚", 錠剤!$J$5:$J$999))), ROW(A2) ), "")-4} -> 3 | B6: =B5+1 -> 2 | C6: =IFERROR(OFFSET(錠剤!C$4,錠剤_PTP!$A6,0),"") -> 37 | D6: =IFERROR(OFFSET(錠剤!D$4,錠剤_PTP!$A6,0),"") -> アジスロマイシン錠２５０ｍｇ「トーワ」 | E6: =IFERROR(OFFSET(錠剤!E$4,錠剤_PTP!$A6,0),"") -> 0 | F6: =IFERROR(OFFSET(錠剤!F$4,錠剤_PTP!$A6,0),"") -> 1 | G6: =IFERROR(OFFSET(錠剤!G$4,錠剤_PTP!$A6,0),"") -> ＰＴＰ | H6: =IFERROR(OFFSET(錠剤!H$4,錠剤_PTP!$A6,0),"") -> ６０Ｔ | I6: =IFERROR(OFFSET(錠剤!I$4,錠剤_PTP!$A6,0),"") -> 錠 | J6: =IFERROR(OFFSET(錠剤!J$4,錠剤_PTP!$A6,0),"") -> 調剤棚 | M6: =SUM(K6:L6) -> 0
A7: {=IFERROR( _xlfn.AGGREGATE( 15, 6, ROW(錠剤!$J$5:$J$999)/ (ISNUMBER(SEARCH("調剤棚", 錠剤!$J$5:$J$999))), ROW(A3) ), "")-4} -> 4 | B7: =B6+1 -> 3 | C7: =IFERROR(OFFSET(錠剤!C$4,錠剤_PTP!$A7,0),"") -> 38 | D7: =IFERROR(OFFSET(錠剤!D$4,錠剤_PTP!$A7,0),"") -> アジルサルタンＯＤ錠２０ｍｇ「サワイ」 | E7: =IFERROR(OFFSET(錠剤!E$4,錠剤_PTP!$A7,0),"") -> 0 | F7: =IFERROR(OFFSET(錠剤!F$4,錠剤_PTP!$A7,0),"") -> 25 | G7: =IFERROR(OFFSET(錠剤!G$4,錠剤_PTP!$A7,0),"") -> ＰＴＰ | H7: =IFERROR(OFFSET(錠剤!H$4,錠剤_PTP!$A7,0),"") -> １００Ｔ | I7: =IFERROR(OFFSET(錠剤!I$4,錠剤_PTP!$A7,0),"") -> 錠 | J7: =IFERROR(OFFSET(錠剤!J$4,錠剤_PTP!$A7,0),"") -> 調剤棚 ＆ 普通薬バラ | M7: =SUM(K7:L7) -> 0
A8: {=IFERROR( _xlfn.AGGREGATE( 15, 6, ROW(錠剤!$J$5:$J$999)/ (ISNUMBER(SEARCH("調剤棚", 錠剤!$J$5:$J$999))), ROW(A4) ), "")-4} -> 5 | B8: =B7+1 -> 4 | C8: =IFERROR(OFFSET(錠剤!C$4,錠剤_PTP!$A8,0),"") -> 39 | D8: =IFERROR(OFFSET(錠剤!D$4,錠剤_PTP!$A8,0),"") -> アジルサルタンＯＤ錠２０ｍｇ「サワイ」 | E8: =IFERROR(OFFSET(錠剤!E$4,錠剤_PTP!$A8,0),"") -> 0 | F8: =IFERROR(OFFSET(錠剤!F$4,錠剤_PTP!$A8,0),"") -> 25 | G8: =IFERROR(OFFSET(錠剤!G$4,錠剤_PTP!$A8,0),"") -> バラ | H8: =IFERROR(OFFSET(錠剤!H$4,錠剤_PTP!$A8,0),"") -> ２００Ｔ | I8: =IFERROR(OFFSET(錠剤!I$4,錠剤_PTP!$A8,0),"") -> 錠 | J8: =IFERROR(OFFSET(錠剤!J$4,錠剤_PTP!$A8,0),"") -> 調剤棚 ＆ 普通薬バラ | M8: =SUM(K8:L8) -> 0
A9: {=IFERROR( _xlfn.AGGREGATE( 15, 6, ROW(錠剤!$J$5:$J$999)/ (ISNUMBER(SEARCH("調剤棚", 錠剤!$J$5:$J$999))), ROW(A5) ), "")-4} -> 6 | B9: =B8+1 -> 5 | C9: =IFERROR(OFFSET(錠剤!C$4,錠剤_PTP!$A9,0),"") -> 43 | D9: =IFERROR(OFFSET(錠剤!D$4,錠剤_PTP!$A9,0),"") -> アスパラ－ＣＡ錠２００ | E9: =IFERROR(OFFSET(錠剤!E$4,錠剤_PTP!$A9,0),"") -> 0 | F9: =IFERROR(OFFSET(錠剤!F$4,錠剤_PTP!$A9,0),"") -> 25 | G9: =IFERROR(OFFSET(錠剤!G$4,錠剤_PTP!$A9,0),"") -> ＰＴＰ | H9: =IFERROR(OFFSET(錠剤!H$4,錠剤_PTP!$A9,0),"") -> １００Ｔ | I9: =IFERROR(OFFSET(錠剤!I$4,錠剤_PTP!$A9,0),"") -> 錠 | J9: =IFERROR(OFFSET(錠剤!J$4,錠剤_PTP!$A9,0),"") -> 調剤棚 ＆ 普通薬バラ | M9: =SUM(K9:L9) -> 0
A10: {=IFERROR( _xlfn.AGGREGATE( 15, 6, ROW(錠剤!$J$5:$J$999)/ (ISNUMBER(SEARCH("調剤棚", 錠剤!$J$5:$J$999))), ROW(A6) ), "")-4} -> 7 | B10: =B9+1 -> 6 | C10: =IFERROR(OFFSET(錠剤!C$4,錠剤_PTP!$A10,0),"") -> 44 | D10: =IFERROR(OFFSET(錠剤!D$4,錠剤_PTP!$A10,0),"") -> アスパラ－ＣＡ錠２００ | E10: =IFERROR(OFFSET(錠剤!E$4,錠剤_PTP!$A10,0),"") -> 0 | F10: =IFERROR(OFFSET(錠剤!F$4,錠剤_PTP!$A10,0),"") -> 25 | G10: =IFERROR(OFFSET(錠剤!G$4,錠剤_PTP!$A10,0),"") -> バラ | H10: =IFERROR(OFFSET(錠剤!H$4,錠剤_PTP!$A10,0),"") -> ５００Ｔ | I10: =IFERROR(OFFSET(錠剤!I$4,錠剤_PTP!$A10,0),"") -> 錠 | J10: =IFERROR(OFFSET(錠剤!J$4,錠剤_PTP!$A10,0),"") -> 調剤棚 ＆ 普通薬バラ | M10: =SUM(K10:L10) -> 0
A11: {=IFERROR( _xlfn.AGGREGATE( 15, 6, ROW(錠剤!$J$5:$J$999)/ (ISNUMBER(SEARCH("調剤棚", 錠剤!$J$5:$J$999))), ROW(A7) ), "")-4} -> 8 | B11: =B10+1 -> 7 | C11: =IFERROR(OFFSET(錠剤!C$4,錠剤_PTP!$A11,0),"") -> 46 | D11: =IFERROR(OFFSET(錠剤!D$4,錠剤_PTP!$A11,0),"") -> アスパラカリウム錠３００ｍｇ | E11: =IFERROR(OFFSET(錠剤!E$4,錠剤_PTP!$A11,0),"") -> 0 | F11: =IFERROR(OFFSET(錠剤!F$4,錠剤_PTP!$A11,0),"") -> 1 | G11: =IFERROR(OFFSET(錠剤!G$4,錠剤_PTP!$A11,0),"") -> ＰＴＰ | H11: =IFERROR(OFFSET(錠剤!H$4,錠剤_PTP!$A11,0),"") -> １０００Ｔ | I11: =IFERROR(OFFSET(錠剤!I$4,錠剤_PTP!$A11,0),"") -> 錠 | J11: =IFERROR(OFFSET(錠剤!J$4,錠剤_PTP!$A11,0),"") -> 調剤棚 | M11: =SUM(K11:L11) -> 0
A12: {=IFERROR( _xlfn.AGGREGATE( 15, 6, ROW(錠剤!$J$5:$J$999)/ (ISNUMBER(SEARCH("調剤棚", 錠剤!$J$5:$J$999))), ROW(A8) ), "")-4} -> 9 | B12: =B11+1 -> 8 | C12: =IFERROR(OFFSET(錠剤!C$4,錠剤_PTP!$A12,0),"") -> 47 | D12: =IFERROR(OFFSET(錠剤!D$4,錠剤_PTP!$A12,0),"") -> アスパラカリウム錠３００ｍｇ | E12: =IFERROR(OFFSET(錠剤!E$4,錠剤_PTP!$A12,0),"") -> 0 | F12: =IFERROR(OFFSET(錠剤!F$4,錠剤_PTP!$A12,0),"") -> 1 | G12: =IFERROR(OFFSET(錠剤!G$4,錠剤_PTP!$A12,0),"") -> ＰＴＰ | H12: =IFERROR(OFFSET(錠剤!H$4,錠剤_PTP!$A12,0),"") -> １００Ｔ | I12: =IFERROR(OFFSET(錠剤!I$4,錠剤_PTP!$A12,0),"") -> 錠 | J12: =IFERROR(OFFSET(錠剤!J$4,錠剤_PTP!$A12,0),"") -> 調剤棚 | M12: =SUM(K12:L12) -> 0
A13: {=IFERROR( _xlfn.AGGREGATE( 15, 6, ROW(錠剤!$J$5:$J$999)/ (ISNUMBER(SEARCH("調剤棚", 錠剤!$J$5:$J$999))), ROW(A9) ), "")-4} -> 10 | B13: =B12+1 -> 9 | C13: =IFERROR(OFFSET(錠剤!C$4,錠剤_PTP!$A13,0),"") -> 56 | D13: =IFERROR(OFFSET(錠剤!D$4,錠剤_PTP!$A13,0),"") -> アタラックス錠２５ｍｇ | E13: =IFERROR(OFFSET(錠剤!E$4,錠剤_PTP!$A13,0),"") -> 0 | F13: =IFERROR(OFFSET(錠剤!F$4,錠剤_PTP!$A13,0),"") -> 25 | G13: =IFERROR(OFFSET(錠剤!G$4,錠剤_PTP!$A13,0),"") -> ＰＴＰ | H13: =IFERROR(OFFSET(錠剤!H$4,錠剤_PTP!$A13,0),"") -> １００Ｔ | I13: =IFERROR(OFFSET(錠剤!I$4,錠剤_PTP!$A13,0),"") -> 錠 | J13: =IFERROR(OFFSET(錠剤!J$4,錠剤_PTP!$A13,0),"") -> 調剤棚 ＆ 普通薬バラ | M13: =SUM(K13:L13) -> 0
A14: {=IFERROR( _xlfn.AGGREGATE( 15, 6, ROW(錠剤!$J$5:$J$999)/ (ISNUMBER(SEARCH("調剤棚", 錠剤!$J$5:$J$999))), ROW(A10) ), "")-4} -> 11 | B14: =B13+1 -> 10 | C14: =IFERROR(OFFSET(錠剤!C$4,錠剤_PTP!$A14,0),"") -> 59 | D14: =IFERROR(OFFSET(錠剤!D$4,錠剤_PTP!$A14,0),"") -> アドナ錠３０ｍｇ | E14: =IFERROR(OFFSET(錠剤!E$4,錠剤_PTP!$A14,0),"") -> 0 | F14: =IFERROR(OFFSET(錠剤!F$4,錠剤_PTP!$A14,0),"") -> 25 | G14: =IFERROR(OFFSET(錠剤!G$4,錠剤_PTP!$A14,0),"") -> バラ | H14: =IFERROR(OFFSET(錠剤!H$4,錠剤_PTP!$A14,0),"") -> ５００Ｔ | I14: =IFERROR(OFFSET(錠剤!I$4,錠剤_PTP!$A14,0),"") -> 錠 | J14: =IFERROR(OFFSET(錠剤!J$4,錠剤_PTP!$A14,0),"") -> 調剤棚 ＆ 普通薬バラ | M14: =SUM(K14:L14) -> 0
A15: {=IFERROR( _xlfn.AGGREGATE( 15, 6, ROW(錠剤!$J$5:$J$999)/ (ISNUMBER(SEARCH("調剤棚", 錠剤!$J$5:$J$999))), ROW(A11) ), "")-4} -> 12 | B15: =B14+1 -> 11 | C15: =IFERROR(OFFSET(錠剤!C$4,錠剤_PTP!$A15,0),"") -> 67 | D15: =IFERROR(OFFSET(錠剤!D$4,錠剤_PTP!$A15,0),"") -> アトルバスタチンＯＤ錠１０ｍｇ「トーワ」 | E15: =IFERROR(OFFSET(錠剤!E$4,錠剤_PTP!$A15,0),"") -> 0 | F15: =IFERROR(OFFSET(錠剤!F$4,錠剤_PTP!$A15,0),"") -> 25 | G15: =IFERROR(OFFSET(錠剤!G$4,錠剤_PTP!$A15,0),"") -> ＰＴＰ | H15: =IFERROR(OFFSET(錠剤!H$4,錠剤_PTP!$A15,0),"") -> １００Ｔ | I15: =IFERROR(OFFSET(錠剤!I$4,錠剤_PTP!$A15,0),"") -> 錠 | J15: =IFERROR(OFFSET(錠剤!J$4,錠剤_PTP!$A15,0),"") -> 調剤棚 ＆ 普通薬バラ | M15: =SUM(K15:L15) -> 0
A16: {=IFERROR( _xlfn.AGGREGATE( 15, 6, ROW(錠剤!$J$5:$J$999)/ (ISNUMBER(SEARCH("調剤棚", 錠剤!$J$5:$J$999))), ROW(A12) ), "")-4} -> 13 | B16: =B15+1 -> 12 | C16: =IFERROR(OFFSET(錠剤!C$4,錠剤_PTP!$A16,0),"") -> 68 | D16: =IFERROR(OFFSET(錠剤!D$4,錠剤_PTP!$A16,0),"") -> アトルバスタチンＯＤ錠１０ｍｇ「トーワ」 | E16: =IFERROR(OFFSET(錠剤!E$4,錠剤_PTP!$A16,0),"") -> 0 | F16: =IFERROR(OFFSET(錠剤!F$4,錠剤_PTP!$A16,0),"") -> 25 | G16: =IFERROR(OFFSET(錠剤!G$4,錠剤_PTP!$A16,0),"") -> バラ | H16: =IFERROR(OFFSET(錠剤!H$4,錠剤_PTP!$A16,0),"") -> ３００Ｔ | I16: =IFERROR(OFFSET(錠剤!I$4,錠剤_PTP!$A16,0),"") -> 錠 | J16: =IFERROR(OFFSET(錠剤!J$4,錠剤_PTP!$A16,0),"") -> 調剤棚 ＆ 普通薬バラ | M16: =SUM(K16:L16) -> 0
A17: {=IFERROR( _xlfn.AGGREGATE( 15, 6, ROW(錠剤!$J$5:$J$999)/ (ISNUMBER(SEARCH("調剤棚", 錠剤!$J$5:$J$999))), ROW(A13) ), "")-4} -> 14 | B17: =B16+1 -> 13 | C17: =IFERROR(OFFSET(錠剤!C$4,錠剤_PTP!$A17,0),"") -> 74 | D17: =IFERROR(OFFSET(錠剤!D$4,錠剤_PTP!$A17,0),"") -> アマンタジン塩酸塩錠５０ｍｇ「杏林」 | E17: =IFERROR(OFFSET(錠剤!E$4,錠剤_PTP!$A17,0),"") -> 0 | F17: =IFERROR(OFFSET(錠剤!F$4,錠剤_PTP!$A17,0),"") -> 25 | G17: =IFERROR(OFFSET(錠剤!G$4,錠剤_PTP!$A17,0),"") -> ＰＴＰ | H17: =IFERROR(OFFSET(錠剤!H$4,錠剤_PTP!$A17,0),"") -> １００Ｔ | I17: =IFERROR(OFFSET(錠剤!I$4,錠剤_PTP!$A17,0),"") -> 錠 | J17: =IFERROR(OFFSET(錠剤!J$4,錠剤_PTP!$A17,0),"") -> 調剤棚 ＆ 普通薬バラ | M17: =SUM(K17:L17) -> 0
... A504: {=IFERROR( _xlfn.AGGREGATE( 15, 6, ROW(錠剤!$J$5:$J$999)/ (ISNUMBER(SEARCH("調剤棚", 錠剤!$J$5:$J$999))), ROW(A500) ), "")-4} -> #VALUE! | B504: =B503+1 -> 500 | C504: =IFERROR(OFFSET(錠剤!C$4,錠剤_PTP!$A504,0),"") | D504: =IFERROR(OFFSET(錠剤!D$4,錠剤_PTP!$A504,0),"") | E504: =IFERROR(OFFSET(錠剤!E$4,錠剤_PTP!$A504,0),"") | F504: =IFERROR(OFFSET(錠剤!F$4,錠剤_PTP!$A504,0),"") | G504: =IFERROR(OFFSET(錠剤!G$4,錠剤_PTP!$A504,0),"") | H504: =IFERROR(OFFSET(錠剤!H$4,錠剤_PTP!$A504,0),"") | I504: =IFERROR(OFFSET(錠剤!I$4,錠剤_PTP!$A504,0),"") | J504: =IFERROR(OFFSET(錠剤!J$4,錠剤_PTP!$A504,0),"") | M504: =SUM(K504:L504) -> 0

Sheet 錠剤_バラ
B2: {=RIGHT(CELL("filename",A1),LEN(CELL("filename",A1))-FIND("]",CELL("filename",A1)))} -> 錠剤_バラ
A4: ソートキー | B4: No | C4: マスタNo | D4: 薬品名 | E4: 毒劇区分 | F4: 棚番 | G4: 包装形態 | H4: 容量 | I4: 薬価単位 | J4: 場所 | K4: PTP | L4: バラ | M4: 合計
A5: {=IFERROR( _xlfn.AGGREGATE( 15, 6, ROW(錠剤!$J$5:$J$999)/ (ISNUMBER(SEARCH("バラ", 錠剤!$J$5:$J$999))), ROW(A1) ), "")-4} -> 1 | B5: 1 | C5: =IFERROR(OFFSET(錠剤!C$4,錠剤_バラ!$A5,0),"") -> 16 | D5: =IFERROR(OFFSET(錠剤!D$4,錠剤_バラ!$A5,0),"") -> ２５ｍｇアリナミン Ｆ糖衣錠 | E5: =IFERROR(OFFSET(錠剤!E$4,錠剤_バラ!$A5,0),"") -> 0 | F5: =IFERROR(OFFSET(錠剤!F$4,錠剤_バラ!$A5,0),"") -> 25 | G5: =IFERROR(OFFSET(錠剤!G$4,錠剤_バラ!$A5,0),"") -> ＰＴＰ | H5: =IFERROR(OFFSET(錠剤!H$4,錠剤_バラ!$A5,0),"") -> １００Ｔ | I5: =IFERROR(OFFSET(錠剤!I$4,錠剤_バラ!$A5,0),"") -> 錠 | J5: =IFERROR(OFFSET(錠剤!J$4,錠剤_バラ!$A5,0),"") -> 調剤棚 ＆ 普通薬バラ | M5: =SUM(K5:L5) -> 0
A6: {=IFERROR( _xlfn.AGGREGATE( 15, 6, ROW(錠剤!$J$5:$J$999)/ (ISNUMBER(SEARCH("バラ", 錠剤!$J$5:$J$999))), ROW(A2) ), "")-4} -> 2 | B6: =B5+1 -> 2 | C6: =IFERROR(OFFSET(錠剤!C$4,錠剤_バラ!$A6,0),"") -> 27 | D6: =IFERROR(OFFSET(錠剤!D$4,錠剤_バラ!$A6,0),"") -> アーチスト錠１．２５ｍｇ | E6: =IFERROR(OFFSET(錠剤!E$4,錠剤_バラ!$A6,0),"") -> 0 | F6: =IFERROR(OFFSET(錠剤!F$4,錠剤_バラ!$A6,0),"") -> 5 | G6: =IFERROR(OFFSET(錠剤!G$4,錠剤_バラ!$A6,0),"") -> ＰＴＰ | H6: =IFERROR(OFFSET(錠剤!H$4,錠剤_バラ!$A6,0),"") -> １００Ｔ | I6: =IFERROR(OFFSET(錠剤!I$4,錠剤_バラ!$A6,0),"") -> 錠 | J6: =IFERROR(OFFSET(錠剤!J$4,錠剤_バラ!$A6,0),"") -> 普通薬バラ | M6: =SUM(K6:L6) -> 0
A7: {=IFERROR( _xlfn.AGGREGATE( 15, 6, ROW(錠剤!$J$5:$J$999)/ (ISNUMBER(SEARCH("バラ", 錠剤!$J$5:$J$999))), ROW(A3) ), "")-4} -> 4 | B7: =B6+1 -> 3 | C7: =IFERROR(OFFSET(錠剤!C$4,錠剤_バラ!$A7,0),"") -> 38 | D7: =IFERROR(OFFSET(錠剤!D$4,錠剤_バラ!$A7,0),"") -> アジルサルタンＯＤ錠２０ｍｇ「サワイ」 | E7: =IFERROR(OFFSET(錠剤!E$4,錠剤_バラ!$A7,0),"") -> 0 | F7: =IFERROR(OFFSET(錠剤!F$4,錠剤_バラ!$A7,0),"") -> 25 | G7: =IFERROR(OFFSET(錠剤!G$4,錠剤_バラ!$A7,0),"") -> ＰＴＰ | H7: =IFERROR(OFFSET(錠剤!H$4,錠剤_バラ!$A7,0),"") -> １００Ｔ | I7: =IFERROR(OFFSET(錠剤!I$4,錠剤_バラ!$A7,0),"") -> 錠 | J7: =IFERROR(OFFSET(錠剤!J$4,錠剤_バラ!$A7,0),"") -> 調剤棚 ＆ 普通薬バラ | M7: =SUM(K7:L7) -> 0
A8: {=IFERROR( _xlfn.AGGREGATE( 15, 6, ROW(錠剤!$J$5:$J$999)/ (ISNUMBER(SEARCH("バラ", 錠剤!$J$5:$J$999))), ROW(A4) ), "")-4} -> 5 | B8: =B7+1 -> 4 | C8: =IFERROR(OFFSET(錠剤!C$4,錠剤_バラ!$A8,0),"") -> 39 | D8: =IFERROR(OFFSET(錠剤!D$4,錠剤_バラ!$A8,0),"") -> アジルサルタンＯＤ錠２０ｍｇ「サワイ」 | E8: =IFERROR(OFFSET(錠剤!E$4,錠剤_バラ!$A8,0),"") -> 0 | F8: =IFERROR(OFFSET(錠剤!F$4,錠剤_バラ!$A8,0),"") -> 25 | G8: =IFERROR(OFFSET(錠剤!G$4,錠剤_バラ!$A8,0),"") -> バラ | H8: =IFERROR(OFFSET(錠剤!H$4,錠剤_バラ!$A8,0),"") -> ２００Ｔ | I8: =IFERROR(OFFSET(錠剤!I$4,錠剤_バラ!$A8,0),"") -> 錠 | J8: =IFERROR(OFFSET(錠剤!J$4,錠剤_バラ!$A8,0),"") -> 調剤棚 ＆ 普通薬バラ | M8: =SUM(K8:L8) -> 0
A9: {=IFERROR( _xlfn.AGGREGATE( 15, 6, ROW(錠剤!$J$5:$J$999)/ (ISNUMBER(SEARCH("バラ", 錠剤!$J$5:$J$999))), ROW(A5) ), "")-4} -> 6 | B9: =B8+1 -> 5 | C9: =IFERROR(OFFSET(錠剤!C$4,錠剤_バラ!$A9,0),"") -> 43 | D9: =IFERROR(OFFSET(錠剤!D$4,錠剤_バラ!$A9,0),"") -> アスパラ－ＣＡ錠２００ | E9: =IFERROR(OFFSET(錠剤!E$4,錠剤_バラ!$A9,0),"") -> 0 | F9: =IFERROR(OFFSET(錠剤!F$4,錠剤_バラ!$A9,0),"") -> 25 | G9: =IFERROR(OFFSET(錠剤!G$4,錠剤_バラ!$A9,0),"") -> ＰＴＰ | H9: =IFERROR(OFFSET(錠剤!H$4,錠剤_バラ!$A9,0),"") -> １００Ｔ | I9: =IFERROR(OFFSET(錠剤!I$4,錠剤_バラ!$A9,0),"") -> 錠 | J9: =IFERROR(OFFSET(錠剤!J$4,錠剤_バラ!$A9,0),"") -> 調剤棚 ＆ 普通薬バラ | M9: =SUM(K9:L9) -> 0
A10: {=IFERROR( _xlfn.AGGREGATE( 15, 6, ROW(錠剤!$J$5:$J$999)/ (ISNUMBER(SEARCH("バラ", 錠剤!$J$5:$J$999))), ROW(A6) ), "")-4} -> 7 | B10: =B9+1 -> 6 | C10: =IFERROR(OFFSET(錠剤!C$4,錠剤_バラ!$A10,0),"") -> 44 | D10: =IFERROR(OFFSET(錠剤!D$4,錠剤_バラ!$A10,0),"") -> アスパラ－ＣＡ錠２００ | E10: =IFERROR(OFFSET(錠剤!E$4,錠剤_バラ!$A10,0),"") -> 0 | F10: =IFERROR(OFFSET(錠剤!F$4,錠剤_バラ!$A10,0),"") -> 25 | G10: =IFERROR(OFFSET(錠剤!G$4,錠剤_バラ!$A10,0),"") -> バラ | H10: =IFERROR(OFFSET(錠剤!H$4,錠剤_バラ!$A10,0),"") -> ５００Ｔ | I10: =IFERROR(OFFSET(錠剤!I$4,錠剤_バラ!$A10,0),"") -> 錠 | J10: =IFERROR(OFFSET(錠剤!J$4,錠剤_バラ!$A10,0),"") -> 調剤棚 ＆ 普通薬バラ | M10: =SUM(K10:L10) -> 0
A11: {=IFERROR( _xlfn.AGGREGATE( 15, 6, ROW(錠剤!$J$5:$J$999)/ (ISNUMBER(SEARCH("バラ", 錠剤!$J$5:$J$999))), ROW(A7) ), "")-4} -> 10 | B11: =B10+1 -> 7 | C11: =IFERROR(OFFSET(錠剤!C$4,錠剤_バラ!$A11,0),"") -> 56 | D11: =IFERROR(OFFSET(錠剤!D$4,錠剤_バラ!$A11,0),"") -> アタラックス錠２５ｍｇ | E11: =IFERROR(OFFSET(錠剤!E$4,錠剤_バラ!$A11,0),"") -> 0 | F11: =IFERROR(OFFSET(錠剤!F$4,錠剤_バラ!$A11,0),"") -> 25 | G11: =IFERROR(OFFSET(錠剤!G$4,錠剤_バラ!$A11,0),"") -> ＰＴＰ | H11: =IFERROR(OFFSET(錠剤!H$4,錠剤_バラ!$A11,0),"") -> １００Ｔ | I11: =IFERROR(OFFSET(錠剤!I$4,錠剤_バラ!$A11,0),"") -> 錠 | J11: =IFERROR(OFFSET(錠剤!J$4,錠剤_バラ!$A11,0),"") -> 調剤棚 ＆ 普通薬バラ | M11: =SUM(K11:L11) -> 0
A12: {=IFERROR( _xlfn.AGGREGATE( 15, 6, ROW(錠剤!$J$5:$J$999)/ (ISNUMBER(SEARCH("バラ", 錠剤!$J$5:$J$999))), ROW(A8) ), "")-4} -> 11 | B12: =B11+1 -> 8 | C12: =IFERROR(OFFSET(錠剤!C$4,錠剤_バラ!$A12,0),"") -> 59 | D12: =IFERROR(OFFSET(錠剤!D$4,錠剤_バラ!$A12,0),"") -> アドナ錠３０ｍｇ | E12: =IFERROR(OFFSET(錠剤!E$4,錠剤_バラ!$A12,0),"") -> 0 | F12: =IFERROR(OFFSET(錠剤!F$4,錠剤_バラ!$A12,0),"") -> 25 | G12: =IFERROR(OFFSET(錠剤!G$4,錠剤_バラ!$A12,0),"") -> バラ | H12: =IFERROR(OFFSET(錠剤!H$4,錠剤_バラ!$A12,0),"") -> ５００Ｔ | I12: =IFERROR(OFFSET(錠剤!I$4,錠剤_バラ!$A12,0),"") -> 錠 | J12: =IFERROR(OFFSET(錠剤!J$4,錠剤_バラ!$A12,0),"") -> 調剤棚 ＆ 普通薬バラ | M12: =SUM(K12:L12) -> 0
A13: {=IFERROR( _xlfn.AGGREGATE( 15, 6, ROW(錠剤!$J$5:$J$999)/ (ISNUMBER(SEARCH("バラ", 錠剤!$J$5:$J$999))), ROW(A9) ), "")-4} -> 12 | B13: =B12+1 -> 9 | C13: =IFERROR(OFFSET(錠剤!C$4,錠剤_バラ!$A13,0),"") -> 67 | D13: =IFERROR(OFFSET(錠剤!D$4,錠剤_バラ!$A13,0),"") -> アトルバスタチンＯＤ錠１０ｍｇ「トーワ」 | E13: =IFERROR(OFFSET(錠剤!E$4,錠剤_バラ!$A13,0),"") -> 0 | F13: =IFERROR(OFFSET(錠剤!F$4,錠剤_バラ!$A13,0),"") -> 25 | G13: =IFERROR(OFFSET(錠剤!G$4,錠剤_バラ!$A13,0),"") -> ＰＴＰ | H13: =IFERROR(OFFSET(錠剤!H$4,錠剤_バラ!$A13,0),"") -> １００Ｔ | I13: =IFERROR(OFFSET(錠剤!I$4,錠剤_バラ!$A13,0),"") -> 錠 | J13: =IFERROR(OFFSET(錠剤!J$4,錠剤_バラ!$A13,0),"") -> 調剤棚 ＆ 普通薬バラ | M13: =SUM(K13:L13) -> 0
A14: {=IFERROR( _xlfn.AGGREGATE( 15, 6, ROW(錠剤!$J$5:$J$999)/ (ISNUMBER(SEARCH("バラ", 錠剤!$J$5:$J$999))), ROW(A10) ), "")-4} -> 13 | B14: =B13+1 -> 10 | C14: =IFERROR(OFFSET(錠剤!C$4,錠剤_バラ!$A14,0),"") -> 68 | D14: =IFERROR(OFFSET(錠剤!D$4,錠剤_バラ!$A14,0),"") -> アトルバスタチンＯＤ錠１０ｍｇ「トーワ」 | E14: =IFERROR(OFFSET(錠剤!E$4,錠剤_バラ!$A14,0),"") -> 0 | F14: =IFERROR(OFFSET(錠剤!F$4,錠剤_バラ!$A14,0),"") -> 25 | G14: =IFERROR(OFFSET(錠剤!G$4,錠剤_バラ!$A14,0),"") -> バラ | H14: =IFERROR(OFFSET(錠剤!H$4,錠剤_バラ!$A14,0),"") -> ３００Ｔ | I14: =IFERROR(OFFSET(錠剤!I$4,錠剤_バラ!$A14,0),"") -> 錠 | J14: =IFERROR(OFFSET(錠剤!J$4,錠剤_バラ!$A14,0),"") -> 調剤棚 ＆ 普通薬バラ | M14: =SUM(K14:L14) -> 0
A15: {=IFERROR( _xlfn.AGGREGATE( 15, 6, ROW(錠剤!$J$5:$J$999)/ (ISNUMBER(SEARCH("バラ", 錠剤!$J$5:$J$999))), ROW(A11) ), "")-4} -> 14 | B15: =B14+1 -> 11 | C15: =IFERROR(OFFSET(錠剤!C$4,錠剤_バラ!$A15,0),"") -> 74 | D15: =IFERROR(OFFSET(錠剤!D$4,錠剤_バラ!$A15,0),"") -> アマンタジン塩酸塩錠５０ｍｇ「杏林」 | E15: =IFERROR(OFFSET(錠剤!E$4,錠剤_バラ!$A15,0),"") -> 0 | F15: =IFERROR(OFFSET(錠剤!F$4,錠剤_バラ!$A15,0),"") -> 25 | G15: =IFERROR(OFFSET(錠剤!G$4,錠剤_バラ!$A15,0),"") -> ＰＴＰ | H15: =IFERROR(OFFSET(錠剤!H$4,錠剤_バラ!$A15,0),"") -> １００Ｔ | I15: =IFERROR(OFFSET(錠剤!I$4,錠剤_バラ!$A15,0),"") -> 錠 | J15: =IFERROR(OFFSET(錠剤!J$4,錠剤_バラ!$A15,0),"") -> 調剤棚 ＆ 普通薬バラ | M15: =SUM(K15:L15) -> 0
A16: {=IFERROR( _xlfn.AGGREGATE( 15, 6, ROW(錠剤!$J$5:$J$999)/ (ISNUMBER(SEARCH("バラ", 錠剤!$J$5:$J$999))), ROW(A12) ), "")-4} -> 15 | B16: =B15+1 -> 12 | C16: =IFERROR(OFFSET(錠剤!C$4,錠剤_バラ!$A16,0),"") -> 90 | D16: =IFERROR(OFFSET(錠剤!D$4,錠剤_バラ!$A16,0),"") -> アルダクトンＡ錠２５ｍｇ | E16: =IFERROR(OFFSET(錠剤!E$4,錠剤_バラ!$A16,0),"") -> 0 | F16: =IFERROR(OFFSET(錠剤!F$4,錠剤_バラ!$A16,0),"") -> 25 | G16: =IFERROR(OFFSET(錠剤!G$4,錠剤_バラ!$A16,0),"") -> バラ | H16: =IFERROR(OFFSET(錠剤!H$4,錠剤_バラ!$A16,0),"") -> １００Ｔ | I16: =IFERROR(OFFSET(錠剤!I$4,錠剤_バラ!$A16,0),"") -> 錠 | J16: =IFERROR(OFFSET(錠剤!J$4,錠剤_バラ!$A16,0),"") -> 調剤棚 ＆ 普通薬バラ | M16: =SUM(K16:L16) -> 0
A17: {=IFERROR( _xlfn.AGGREGATE( 15, 6, ROW(錠剤!$J$5:$J$999)/ (ISNUMBER(SEARCH("バラ", 錠剤!$J$5:$J$999))), ROW(A13) ), "")-4} -> 16 | B17: =B16+1 -> 13 | C17: =IFERROR(OFFSET(錠剤!C$4,錠剤_バラ!$A17,0),"") -> 98 | D17: =IFERROR(OFFSET(錠剤!D$4,錠剤_バラ!$A17,0),"") -> アロプリノール錠１００ｍｇ「サワイ」 | E17: =IFERROR(OFFSET(錠剤!E$4,錠剤_バラ!$A17,0),"") -> 0 | F17: =IFERROR(OFFSET(錠剤!F$4,錠剤_バラ!$A17,0),"") -> 25 | G17: =IFERROR(OFFSET(錠剤!G$4,錠剤_バラ!$A17,0),"") -> ＰＴＰ | H17: =IFERROR(OFFSET(錠剤!H$4,錠剤_バラ!$A17,0),"") -> １００Ｔ | I17: =IFERROR(OFFSET(錠剤!I$4,錠剤_バラ!$A17,0),"") -> 錠 | J17: =IFERROR(OFFSET(錠剤!J$4,錠剤_バラ!$A17,0),"") -> 調剤棚 ＆ 普通薬バラ | M17: =SUM(K17:L17) -> 0
... A504: {=IFERROR( _xlfn.AGGREGATE( 15, 6, ROW(錠剤!$J$5:$J$999)/ (ISNUMBER(SEARCH("バラ", 錠剤!$J$5:$J$999))), ROW(A500) ), "")-4} -> #VALUE! | B504: =B503+1 -> 500 | C504: =IFERROR(OFFSET(錠剤!C$4,錠剤_バラ!$A504,0),"") | D504: =IFERROR(OFFSET(錠剤!D$4,錠剤_バラ!$A504,0),"") | E504: =IFERROR(OFFSET(錠剤!E$4,錠剤_バラ!$A504,0),"") | F504: =IFERROR(OFFSET(錠剤!F$4,錠剤_バラ!$A504,0),"") | G504: =IFERROR(OFFSET(錠剤!G$4,錠剤_バラ!$A504,0),"") | H504: =IFERROR(OFFSET(錠剤!H$4,錠剤_バラ!$A504,0),"") | I504: =IFERROR(OFFSET(錠剤!I$4,錠剤_バラ!$A504,0),"") | J504: =IFERROR(OFFSET(錠剤!J$4,錠剤_バラ!$A504,0),"") | M504: =SUM(K504:L504) -> 0

Sheet 注射
B2: {=RIGHT(CELL("filename",A1),LEN(CELL("filename",A1))-FIND("]",CELL("filename",A1)))} -> 注射
A4: ソートキー | B4: No | C4: マスタNo | D4: 薬品名 | E4: 毒劇区分 | F4: 棚 | G4: 包装形態 | H4: 容量 | I4: 棚場所 | J4: 数量 | K4: 数える単位 | L4: 係数 | M4: 合計 | N4: 薬価単位
A5: {=IFERROR( SMALL( IF((統合マスタ!$R$5:$R$1500=1)* (ISNUMBER(MATCH(統合マスタ!$V$5:$V$1500, 分類!$Q$8:$Q$15, 0))), 統合マスタ!$AC$5:$AC$1500), ROW(A1) ), "")} -> 33 | B5: 1 | C5: =IF($A5="","",OFFSET(統合マスタ!$B$4,MATCH($A5,統合マスタ!$AC$5:$AC$1500,0),0)) -> 33 | D5: =IF($A5="","",OFFSET(統合マスタ!$C$4,MATCH($A5,統合マスタ!$AC$5:$AC$1500,0),0)) -> アクチット輸液 | E5: =IF($A5="","",OFFSET(統合マスタ!$X$4,MATCH($A5,統合マスタ!$AC$5:$AC$1500,0),0)) -> 0 | F5: =IF($A5="","",OFFSET(統合マスタ!$Z$4,MATCH($A5,統合マスタ!$AC$5:$AC$1500,0),0)) -> 10 | G5: =IF($A5="","",OFFSET(統合マスタ!$E$4,MATCH($A5,統合マスタ!$AC$5:$AC$1500,0),0)) | H5: =IF($A5="","",OFFSET(統合マスタ!$F$4,MATCH($A5,統合マスタ!$AC$5:$AC$1500,0),0)) -> ５００ｍｌｘ２０袋 | I5: =IF(F5="","",OFFSET(分類!$B$29,MATCH(F5,分類!$A$30:$A$46,0),0)) -> 輸液 | K5: 袋 | M5: =IF(L5="",J5,J5*L5) -> 0 | N5: =IF($A5="","",OFFSET(統合マスタ!$K$4,MATCH($A5,統合マスタ!$AC$5:$AC$1500,0),0)) -> 袋
A6: {=IFERROR( SMALL( IF((統合マスタ!$R$5:$R$1500=1)* (ISNUMBER(MATCH(統合マスタ!$V$5:$V$1500, 分類!$Q$8:$Q$15, 0))), 統合マスタ!$AC$5:$AC$1500), ROW(A2) ), "")} -> 40 | B6: =B5+1 -> 2 | C6: =IF($A6="","",OFFSET(統合マスタ!$B$4,MATCH($A6,統合マスタ!$AC$5:$AC$1500,0),0)) -> 40 | D6: =IF($A6="","",OFFSET(統合マスタ!$C$4,MATCH($A6,統合マスタ!$AC$5:$AC$1500,0),0)) -> アスコルビン酸注５００ｍｇ「イセイ」 | E6: =IF($A6="","",OFFSET(統合マスタ!$X$4,MATCH($A6,統合マスタ!$AC$5:$AC$1500,0),0)) -> 0 | F6: =IF($A6="","",OFFSET(統合マスタ!$Z$4,MATCH($A6,統合マスタ!$AC$5:$AC$1500,0),0)) -> 11 | G6: =IF($A6="","",OFFSET(統合マスタ!$E$4,MATCH($A6,統合マスタ!$AC$5:$AC$1500,0),0)) | H6: =IF($A6="","",OFFSET(統合マスタ!$F$4,MATCH($A6,統合マスタ!$AC$5:$AC$1500,0),0)) -> ２ｍｌｘ５０Ａ | I6: =IF(F6="","",OFFSET(分類!$B$29,MATCH(F6,分類!$A$30:$A$46,0),0)) -> 冷蔵庫 | K6: A | M6: =IF(L6="",J6,J6*L6) -> 0 | N6: =IF($A6="","",OFFSET(統合マスタ!$K$4,MATCH($A6,統合マスタ!$AC$5:$AC$1500,0),0)) -> A
A7: {=IFERROR( SMALL( IF((統合マスタ!$R$5:$R$1500=1)* (ISNUMBER(MATCH(統合マスタ!$V$5:$V$1500, 分類!$Q$8:$Q$15, 0))), 統合マスタ!$AC$5:$AC$1500), ROW(A3) ), "")} -> 48 | B7: =B6+1 -> 3 | C7: =IF($A7="","",OFFSET(統合マスタ!$B$4,MATCH($A7,統合マスタ!$AC$5:$AC$1500,0),0)) -> 48 | D7: =IF($A7="","",OFFSET(統合マスタ!$C$4,MATCH($A7,統合マスタ!$AC$5:$AC$1500,0),0)) -> アスパラギン酸カリウム注 １０ＭＥＱキット「テルモ」 | E7: =IF($A7="","",OFFSET(統合マスタ!$X$4,MATCH($A7,統合マスタ!$AC$5:$AC$1500,0),0)) -> 0 | F7: =IF($A7="","",OFFSET(統合マスタ!$Z$4,MATCH($A7,統合マスタ!$AC$5:$AC$1500,0),0)) -> 9 | G7: =IF($A7="","",OFFSET(統合マスタ!$E$4,MATCH($A7,統合マスタ!$AC$5:$AC$1500,0),0)) | H7: =IF($A7="","",OFFSET(統合マスタ!$F$4,MATCH($A7,統合マスタ!$AC$5:$AC$1500,0),0)) -> １０ｍｌｘ１０ | I7: =IF(F7="","",OFFSET(分類!$B$29,MATCH(F7,分類!$A$30:$A$46,0),0)) -> 注射 | K7: 本 | L7: 1 | M7: =IF(L7="",J7,J7*L7) -> 0 | N7: =IF($A7="","",OFFSET(統合マスタ!$K$4,MATCH($A7,統合マスタ!$AC$5:$AC$1500,0),0)) -> 10ｍｌ
A8: {=IFERROR( SMALL( IF((統合マスタ!$R$5:$R$1500=1)* (ISNUMBER(MATCH(統合マスタ!$V$5:$V$1500, 分類!$Q$8:$Q$15, 0))), 統合マスタ!$AC$5:$AC$1500), ROW(A4) ), "")} -> 60 | B8: =B7+1 -> 4 | C8: =IF($A8="","",OFFSET(統合マスタ!$B$4,MATCH($A8,統合マスタ!$AC$5:$AC$1500,0),0)) -> 60 | D8: =IF($A8="","",OFFSET(統合マスタ!$C$4,MATCH($A8,統合マスタ!$AC$5:$AC$1500,0),0)) -> アドナ注（静脈用）５０ｍｇ | E8: =IF($A8="","",OFFSET(統合マスタ!$X$4,MATCH($A8,統合マスタ!$AC$5:$AC$1500,0),0)) -> 0 | F8: =IF($A8="","",OFFSET(統合マスタ!$Z$4,MATCH($A8,統合マスタ!$AC$5:$AC$1500,0),0)) -> 9 | G8: =IF($A8="","",OFFSET(統合マスタ!$E$4,MATCH($A8,統合マスタ!$AC$5:$AC$1500,0),0)) | H8: =IF($A8="","",OFFSET(統合マスタ!$F$4,MATCH($A8,統合マスタ!$AC$5:$AC$1500,0),0)) -> １０ｍｌ×１０Ａ | I8: =IF(F8="","",OFFSET(分類!$B$29,MATCH(F8,分類!$A$30:$A$46,0),0)) -> 注射 | K8: A | M8: =IF(L8="",J8,J8*L8) -> 0 | N8: =IF($A8="","",OFFSET(統合マスタ!$K$4,MATCH($A8,統合マスタ!$AC$5:$AC$1500,0),0)) -> A
A9: {=IFERROR( SMALL( IF((統合マスタ!$R$5:$R$1500=1)* (ISNUMBER(MATCH(統合マスタ!$V$5:$V$1500, 分類!$Q$8:$Q$15, 0))), 統合マスタ!$AC$5:$AC$1500), ROW(A5) ), "")} -> 61 | B9: =B8+1 -> 5 | C9: =IF($A9="","",OFFSET(統合マスタ!$B$4,MATCH($A9,統合マスタ!$AC$5:$AC$1500,0),0)) -> 61 | D9: =IF($A9="","",OFFSET(統合マスタ!$C$4,MATCH($A9,統合マスタ!$AC$5:$AC$1500,0),0)) -> アドナ注（静脈用）５０ｍｇ | E9: =IF($A9="","",OFFSET(統合マスタ!$X$4,MATCH($A9,統合マスタ!$AC$5:$AC$1500,0),0)) -> 0 | F9: =IF($A9="","",OFFSET(統合マスタ!$Z$4,MATCH($A9,統合マスタ!$AC$5:$AC$1500,0),0)) -> 9 | G9: =IF($A9="","",OFFSET(統合マスタ!$E$4,MATCH($A9,統合マスタ!$AC$5:$AC$1500,0),0)) | H9: =IF($A9="","",OFFSET(統合マスタ!$F$4,MATCH($A9,統合マスタ!$AC$5:$AC$1500,0),0)) -> １０ｍｌ×５０Ａ | I9: =IF(F9="","",OFFSET(分類!$B$29,MATCH(F9,分類!$A$30:$A$46,0),0)) -> 注射 | K9: A | M9: =IF(L9="",J9,J9*L9) -> 0 | N9: =IF($A9="","",OFFSET(統合マスタ!$K$4,MATCH($A9,統合マスタ!$AC$5:$AC$1500,0),0)) -> A
A10: {=IFERROR( SMALL( IF((統合マスタ!$R$5:$R$1500=1)* (ISNUMBER(MATCH(統合マスタ!$V$5:$V$1500, 分類!$Q$8:$Q$15, 0))), 統合マスタ!$AC$5:$AC$1500), ROW(A6) ), "")} -> 92 | B10: =B9+1 -> 6 | C10: =IF($A10="","",OFFSET(統合マスタ!$B$4,MATCH($A10,統合マスタ!$AC$5:$AC$1500,0),0)) -> 92 | D10: =IF($A10="","",OFFSET(統合マスタ!$C$4,MATCH($A10,統合マスタ!$AC$5:$AC$1500,0),0)) -> アルブミナー２５％静注１２．５ｇ／５０ｍｌ | E10: =IF($A10="","",OFFSET(統合マスタ!$X$4,MATCH($A10,統合マスタ!$AC$5:$AC$1500,0),0)) -> 0 | F10: =IF($A10="","",OFFSET(統合マスタ!$Z$4,MATCH($A10,統合マスタ!$AC$5:$AC$1500,0),0)) -> 6 | G10: =IF($A10="","",OFFSET(統合マスタ!$E$4,MATCH($A10,統合マスタ!$AC$5:$AC$1500,0),0)) | H10: =IF($A10="","",OFFSET(統合マスタ!$F$4,MATCH($A10,統合マスタ!$AC$5:$AC$1500,0),0)) -> ５０ｍｌｘ１Ｖ | I10: =IF(F10="","",OFFSET(分類!$B$29,MATCH(F10,分類!$A$30:$A$46,0),0)) -> 劇薬バラ | K10: V | M10: =IF(L10="",J10,J10*L10) -> 0 | N10: =IF($A10="","",OFFSET(統合マスタ!$K$4,MATCH($A10,統合マスタ!$AC$5:$AC$1500,0),0)) -> V
A11: {=IFERROR( SMALL( IF((統合マスタ!$R$5:$R$1500=1)* (ISNUMBER(MATCH(統合マスタ!$V$5:$V$1500, 分類!$Q$8:$Q$15, 0))), 統合マスタ!$AC$5:$AC$1500), ROW(A7) ), "")} -> 109 | B11: =B10+1 -> 7 | C11: =IF($A11="","",OFFSET(統合マスタ!$B$4,MATCH($A11,統合マスタ!$AC$5:$AC$1500,0),0)) -> 109 | D11: =IF($A11="","",OFFSET(統合マスタ!$C$4,MATCH($A11,統合マスタ!$AC$5:$AC$1500,0),0)) -> イベニティ皮下注１０５ｍｇシリンジ | E11: =IF($A11="","",OFFSET(統合マスタ!$X$4,MATCH($A11,統合マスタ!$AC$5:$AC$1500,0),0)) -> 0 | F11: =IF($A11="","",OFFSET(統合マスタ!$Z$4,MATCH($A11,統合マスタ!$AC$5:$AC$1500,0),0)) -> 11 | G11: =IF($A11="","",OFFSET(統合マスタ!$E$4,MATCH($A11,統合マスタ!$AC$5:$AC$1500,0),0)) | H11: =IF($A11="","",OFFSET(統合マスタ!$F$4,MATCH($A11,統合マスタ!$AC$5:$AC$1500,0),0)) -> ２筒 | I11: =IF(F11="","",OFFSET(分類!$B$29,MATCH(F11,分類!$A$30:$A$46,0),0)) -> 冷蔵庫 | K11: 箱 | L11: =1/2 -> 0.5 | M11: =IF(L11="",J11,J11*L11) -> 0 | N11: =IF($A11="","",OFFSET(統合マスタ!$K$4,MATCH($A11,統合マスタ!$AC$5:$AC$1500,0),0)) -> 本
A12: {=IFERROR( SMALL( IF((統合マスタ!$R$5:$R$1500=1)* (ISNUMBER(MATCH(統合マスタ!$V$5:$V$1500, 分類!$Q$8:$Q$15, 0))), 統合マスタ!$AC$5:$AC$1500), ROW(A8) ), "")} -> 207 | B12: =B11+1 -> 8 | C12: =IF($A12="","",OFFSET(統合マスタ!$B$4,MATCH($A12,統合マスタ!$AC$5:$AC$1500,0),0)) -> 207 | D12: =IF($A12="","",OFFSET(統合マスタ!$C$4,MATCH($A12,統合マスタ!$AC$5:$AC$1500,0),0)) -> グリセオール注 | E12: =IF($A12="","",OFFSET(統合マスタ!$X$4,MATCH($A12,統合マスタ!$AC$5:$AC$1500,0),0)) -> 0 | F12: =IF($A12="","",OFFSET(統合マスタ!$Z$4,MATCH($A12,統合マスタ!$AC$5:$AC$1500,0),0)) -> 9 | G12: =IF($A12="","",OFFSET(統合マスタ!$E$4,MATCH($A12,統合マスタ!$AC$5:$AC$1500,0),0)) | H12: =IF($A12="","",OFFSET(統合マスタ!$F$4,MATCH($A12,統合マスタ!$AC$5:$AC$1500,0),0)) -> ２００ｍｌｘ１０ | I12: =IF(F12="","",OFFSET(分類!$B$29,MATCH(F12,分類!$A$30:$A$46,0),0)) -> 注射 | K12: 袋 | M12: =IF(L12="",J12,J12*L12) -> 0 | N12: =IF($A12="","",OFFSET(統合マスタ!$K$4,MATCH($A12,統合マスタ!$AC$5:$AC$1500,0),0)) -> 袋
A13: {=IFERROR( SMALL( IF((統合マスタ!$R$5:$R$1500=1)* (ISNUMBER(MATCH(統合マスタ!$V$5:$V$1500, 分類!$Q$8:$Q$15, 0))), 統合マスタ!$AC$5:$AC$1500), ROW(A9) ), "")} -> 221 | B13: =B12+1 -> 9 | C13: =IF($A13="","",OFFSET(統合マスタ!$B$4,MATCH($A13,統合マスタ!$AC$5:$AC$1500,0),0)) -> 221 | D13: =IF($A13="","",OFFSET(統合マスタ!$C$4,MATCH($A13,統合マスタ!$AC$5:$AC$1500,0),0)) -> ケイツーＮ静注１０ｍｇ | E13: =IF($A13="","",OFFSET(統合マスタ!$X$4,MATCH($A13,統合マスタ!$AC$5:$AC$1500,0),0)) -> 0 | F13: =IF($A13="","",OFFSET(統合マスタ!$Z$4,MATCH($A13,統合マスタ!$AC$5:$AC$1500,0),0)) -> 9 | G13: =IF($A13="","",OFFSET(統合マスタ!$E$4,MATCH($A13,統合マスタ!$AC$5:$AC$1500,0),0)) | H13: =IF($A13="","",OFFSET(統合マスタ!$F$4,MATCH($A13,統合マスタ!$AC$5:$AC$1500,0),0)) -> ２ｍｌｘ１０管 | I13: =IF(F13="","",OFFSET(分類!$B$29,MATCH(F13,分類!$A$30:$A$46,0),0)) -> 注射 | K13: A | M13: =IF(L13="",J13,J13*L13) -> 0 | N13: =IF($A13="","",OFFSET(統合マスタ!$K$4,MATCH($A13,統合マスタ!$AC$5:$AC$1500,0),0)) -> A
A14: {=IFERROR( SMALL( IF((統合マスタ!$R$5:$R$1500=1)* (ISNUMBER(MATCH(統合マスタ!$V$5:$V$1500, 分類!$Q$8:$Q$15, 0))), 統合マスタ!$AC$5:$AC$1500), ROW(A10) ), "")} -> 246 | B14: =B13+1 -> 10 | C14: =IF($A14="","",OFFSET(統合マスタ!$B$4,MATCH($A14,統合マスタ!$AC$5:$AC$1500,0),0)) -> 246 | D14: =IF($A14="","",OFFSET(統合マスタ!$C$4,MATCH($A14,統合マスタ!$AC$5:$AC$1500,0),0)) -> ジアゼパム注射液５ｍｇ「ＮＩＧ」 | E14: =IF($A14="","",OFFSET(統合マスタ!$X$4,MATCH($A14,統合マスタ!$AC$5:$AC$1500,0),0)) -> 0 | F14: =IF($A14="","",OFFSET(統合マスタ!$Z$4,MATCH($A14,統合マスタ!$AC$5:$AC$1500,0),0)) -> 9 | G14: =IF($A14="","",OFFSET(統合マスタ!$E$4,MATCH($A14,統合マスタ!$AC$5:$AC$1500,0),0)) | H14: =IF($A14="","",OFFSET(統合マスタ!$F$4,MATCH($A14,統合マスタ!$AC$5:$AC$1500,0),0)) -> １ｍｌｘ１０Ａ | I14: =IF(F14="","",OFFSET(分類!$B$29,MATCH(F14,分類!$A$30:$A$46,0),0)) -> 注射 | K14: 管 | M14: =IF(L14="",J14,J14*L14) -> 0 | N14: =IF($A14="","",OFFSET(統合マスタ!$K$4,MATCH($A14,統合マスタ!$AC$5:$AC$1500,0),0)) -> 管
A15: {=IFERROR( SMALL( IF((統合マスタ!$R$5:$R$1500=1)* (ISNUMBER(MATCH(統合マスタ!$V$5:$V$1500, 分類!$Q$8:$Q$15, 0))), 統合マスタ!$AC$5:$AC$1500), ROW(A11) ), "")} -> 277 | B15: =B14+1 -> 11 | C15: =IF($A15="","",OFFSET(統合マスタ!$B$4,MATCH($A15,統合マスタ!$AC$5:$AC$1500,0),0)) -> 277 | D15: =IF($A15="","",OFFSET(統合マスタ!$C$4,MATCH($A15,統合マスタ!$AC$5:$AC$1500,0),0)) -> スルバシリン静注用１．５ｇ | E15: =IF($A15="","",OFFSET(統合マスタ!$X$4,MATCH($A15,統合マスタ!$AC$5:$AC$1500,0),0)) -> 0 | F15: =IF($A15="","",OFFSET(統合マスタ!$Z$4,MATCH($A15,統合マスタ!$AC$5:$AC$1500,0),0)) -> 8 | G15: =IF($A15="","",OFFSET(統合マスタ!$E$4,MATCH($A15,統合マスタ!$AC$5:$AC$1500,0),0)) | H15: =IF($A15="","",OFFSET(統合マスタ!$F$4,MATCH($A15,統合マスタ!$AC$5:$AC$1500,0),0)) -> １０瓶 | I15: =IF(F15="","",OFFSET(分類!$B$29,MATCH(F15,分類!$A$30:$A$46,0),0)) -> 抗生剤.小輸液 | K15: V | M15: =IF(L15="",J15,J15*L15) -> 0 | N15: =IF($A15="","",OFFSET(統合マスタ!$K$4,MATCH($A15,統合マスタ!$AC$5:$AC$1500,0),0)) -> V
A16: {=IFERROR( SMALL( IF((統合マスタ!$R$5:$R$1500=1)* (ISNUMBER(MATCH(統合マスタ!$V$5:$V$1500, 分類!$Q$8:$Q$15, 0))), 統合マスタ!$AC$5:$AC$1500), ROW(A12) ), "")} -> 290 | B16: =B15+1 -> 12 | C16: =IF($A16="","",OFFSET(統合マスタ!$B$4,MATCH($A16,統合マスタ!$AC$5:$AC$1500,0),0)) -> 290 | D16: =IF($A16="","",OFFSET(統合マスタ!$C$4,MATCH($A16,統合マスタ!$AC$5:$AC$1500,0),0)) -> セフェピム塩酸塩静注用１ｇ「サンド」 | E16: =IF($A16="","",OFFSET(統合マスタ!$X$4,MATCH($A16,統合マスタ!$AC$5:$AC$1500,0),0)) -> 0 | F16: =IF($A16="","",OFFSET(統合マスタ!$Z$4,MATCH($A16,統合マスタ!$AC$5:$AC$1500,0),0)) -> 8 | G16: =IF($A16="","",OFFSET(統合マスタ!$E$4,MATCH($A16,統合マスタ!$AC$5:$AC$1500,0),0)) | H16: =IF($A16="","",OFFSET(統合マスタ!$F$4,MATCH($A16,統合マスタ!$AC$5:$AC$1500,0),0)) -> １０Ｖ | I16: =IF(F16="","",OFFSET(分類!$B$29,MATCH(F16,分類!$A$30:$A$46,0),0)) -> 抗生剤.小輸液 | K16: 瓶 | M16: =IF(L16="",J16,J16*L16) -> 0 | N16: =IF($A16="","",OFFSET(統合マスタ!$K$4,MATCH($A16,統合マスタ!$AC$5:$AC$1500,0),0)) -> 瓶
A17: {=IFERROR( SMALL( IF((統合マスタ!$R$5:$R$1500=1)* (ISNUMBER(MATCH(統合マスタ!$V$5:$V$1500, 分類!$Q$8:$Q$15, 0))), 統合マスタ!$AC$5:$AC$1500), ROW(A13) ), "")} -> 291 | B17: =B16+1 -> 13 | C17: =IF($A17="","",OFFSET(統合マスタ!$B$4,MATCH($A17,統合マスタ!$AC$5:$AC$1500,0),0)) -> 291 | D17: =IF($A17="","",OFFSET(統合マスタ!$C$4,MATCH($A17,統合マスタ!$AC$5:$AC$1500,0),0)) -> セフタジジム静注用１ｇ「ＶＴＲＳ」 | E17: =IF($A17="","",OFFSET(統合マスタ!$X$4,MATCH($A17,統合マスタ!$AC$5:$AC$1500,0),0)) -> 0 | F17: =IF($A17="","",OFFSET(統合マスタ!$Z$4,MATCH($A17,統合マスタ!$AC$5:$AC$1500,0),0)) -> 8 | G17: =IF($A17="","",OFFSET(統合マスタ!$E$4,MATCH($A17,統合マスタ!$AC$5:$AC$1500,0),0)) | H17: =IF($A17="","",OFFSET(統合マスタ!$F$4,MATCH($A17,統合マスタ!$AC$5:$AC$1500,0),0)) -> １０Ｖ | I17: =IF(F17="","",OFFSET(分類!$B$29,MATCH(F17,分類!$A$30:$A$46,0),0)) -> 抗生剤.小輸液 | K17: V | M17: =IF(L17="",J17,J17*L17) -> 0 | N17: =IF($A17="","",OFFSET(統合マスタ!$K$4,MATCH($A17,統合マスタ!$AC$5:$AC$1500,0),0)) -> V
A18: {=IFERROR( SMALL( IF((統合マスタ!$R$5:$R$1500=1)* (ISNUMBER(MATCH(統合マスタ!$V$5:$V$1500, 分類!$Q$8:$Q$15, 0))), 統合マスタ!$AC$5:$AC$1500), ROW(A14) ), "")} -> 292 | B18: =B17+1 -> 14 | C18: =IF($A18="","",OFFSET(統合マスタ!$B$4,MATCH($A18,統合マスタ!$AC$5:$AC$1500,0),0)) -> 292 | D18: =IF($A18="","",OFFSET(統合マスタ!$C$4,MATCH($A18,統合マスタ!$AC$5:$AC$1500,0),0)) -> セフトリアキソンＮａ静注１Ｇ「ニチイコウ」 | E18: =IF($A18="","",OFFSET(統合マスタ!$X$4,MATCH($A18,統合マスタ!$AC$5:$AC$1500,0),0)) -> 0 | F18: =IF($A18="","",OFFSET(統合マスタ!$Z$4,MATCH($A18,統合マスタ!$AC$5:$AC$1500,0),0)) -> 8 | G18: =IF($A18="","",OFFSET(統合マスタ!$E$4,MATCH($A18,統合マスタ!$AC$5:$AC$1500,0),0)) | H18: =IF($A18="","",OFFSET(統合マスタ!$F$4,MATCH($A18,統合マスタ!$AC$5:$AC$1500,0),0)) -> １Ｇ １０Ｖ | I18: =IF(F18="","",OFFSET(分類!$B$29,MATCH(F18,分類!$A$30:$A$46,0),0)) -> 抗生剤.小輸液 | K18: V | M18: =IF(L18="",J18,J18*L18) -> 0 | N18: =IF($A18="","",OFFSET(統合マスタ!$K$4,MATCH($A18,統合マスタ!$AC$5:$AC$1500,0),0)) -> V
A19: {=IFERROR( SMALL( IF((統合マスタ!$R$5:$R$1500=1)* (ISNUMBER(MATCH(統合マスタ!$V$5:$V$1500, 分類!$Q$8:$Q$15, 0))), 統合マスタ!$AC$5:$AC$1500), ROW(A15) ), "")} -> 309 | B19: =B18+1 -> 15 | C19: =IF($A19="","",OFFSET(統合マスタ!$B$4,MATCH($A19,統合マスタ!$AC$5:$AC$1500,0),0)) -> 309 | D19: =IF($A19="","",OFFSET(統合マスタ!$C$4,MATCH($A19,統合マスタ!$AC$5:$AC$1500,0),0)) -> ゾシン静注用４．５ | E19: =IF($A19="","",OFFSET(統合マスタ!$X$4,MATCH($A19,統合マスタ!$AC$5:$AC$1500,0),0)) -> 0 | F19: =IF($A19="","",OFFSET(統合マスタ!$Z$4,MATCH($A19,統合マスタ!$AC$5:$AC$1500,0),0)) -> 8 | G19: =IF($A19="","",OFFSET(統合マスタ!$E$4,MATCH($A19,統合マスタ!$AC$5:$AC$1500,0),0)) | H19: =IF($A19="","",OFFSET(統合マスタ!$F$4,MATCH($A19,統合マスタ!$AC$5:$AC$1500,0),0)) -> １０Ｖ | I19: =IF(F19="","",OFFSET(分類!$B$29,MATCH(F19,分類!$A$30:$A$46,0),0)) -> 抗生剤.小輸液 | K19: V | M19: =IF(L19="",J19,J19*L19) -> 0 | N19: =IF($A19="","",OFFSET(統合マスタ!$K$4,MATCH($A19,統合マスタ!$AC$5:$AC$1500,0),0)) -> V
A20: {=IFERROR( SMALL( IF((統合マスタ!$R$5:$R$1500=1)* (ISNUMBER(MATCH(統合マスタ!$V$5:$V$1500, 分類!$Q$8:$Q$15, 0))), 統合マスタ!$AC$5:$AC$1500), ROW(A16) ), "")} -> 323 | B20: =B19+1 -> 16 | C20: =IF($A20="","",OFFSET(統合マスタ!$B$4,MATCH($A20,統合マスタ!$AC$5:$AC$1500,0),0)) -> 323 | D20: =IF($A20="","",OFFSET(統合マスタ!$C$4,MATCH($A20,統合マスタ!$AC$5:$AC$1500,0),0)) -> ソルデム－１輸液 ２００ｍｌ | E20: =IF($A20="","",OFFSET(統合マスタ!$X$4,MATCH($A20,統合マスタ!$AC$5:$AC$1500,0),0)) -> 0 | F20: =IF($A20="","",OFFSET(統合マスタ!$Z$4,MATCH($A20,統合マスタ!$AC$5:$AC$1500,0),0)) -> 10 | G20: =IF($A20="","",OFFSET(統合マスタ!$E$4,MATCH($A20,統合マスタ!$AC$5:$AC$1500,0),0)) | H20: =IF($A20="","",OFFSET(統合マスタ!$F$4,MATCH($A20,統合マスタ!$AC$5:$AC$1500,0),0)) -> ２００ＭＬＸ３０ | I20: =IF(F20="","",OFFSET(分類!$B$29,MATCH(F20,分類!$A$30:$A$46,0),0)) -> 輸液 | K20: 袋 | M20: =IF(L20="",J20,J20*L20) -> 0 | N20: =IF($A20="","",OFFSET(統合マスタ!$K$4,MATCH($A20,統合マスタ!$AC$5:$AC$1500,0),0)) -> 袋
A21: {=IFERROR( SMALL( IF((統合マスタ!$R$5:$R$1500=1)* (ISNUMBER(MATCH(統合マスタ!$V$5:$V$1500, 分類!$Q$8:$Q$15, 0))), 統合マスタ!$AC$5:$AC$1500), ROW(A17) ), "")} -> 324 | B21: =B20+1 -> 17 | C21: =IF($A21="","",OFFSET(統合マスタ!$B$4,MATCH($A21,統合マスタ!$AC$5:$AC$1500,0),0)) -> 324 | D21: =IF($A21="","",OFFSET(統合マスタ!$C$4,MATCH($A21,統合マスタ!$AC$5:$AC$1500,0),0)) -> ソルデム１輸液 ５００ｍｌ | E21: =IF($A21="","",OFFSET(統合マスタ!$X$4,MATCH($A21,統合マスタ!$AC$5:$AC$1500,0),0)) -> 0 | F21: =IF($A21="","",OFFSET(統合マスタ!$Z$4,MATCH($A21,統合マスタ!$AC$5:$AC$1500,0),0)) -> 10 | G21: =IF($A21="","",OFFSET(統合マスタ!$E$4,MATCH($A21,統合マスタ!$AC$5:$AC$1500,0),0)) | H21: =IF($A21="","",OFFSET(統合マスタ!$F$4,MATCH($A21,統合マスタ!$AC$5:$AC$1500,0),0)) -> ２０袋 | I21: =IF(F21="","",OFFSET(分類!$B$29,MATCH(F21,分類!$A$30:$A$46,0),0)) -> 輸液 | K21: 袋 | M21: =IF(L21="",J21,J21*L21) -> 0 | N21: =IF($A21="","",OFFSET(統合マスタ!$K$4,MATCH($A21,統合マスタ!$AC$5:$AC$1500,0),0)) -> 袋
A22: {=IFERROR( SMALL( IF((統合マスタ!$R$5:$R$1500=1)* (ISNUMBER(MATCH(統合マスタ!$V$5:$V$1500, 分類!$Q$8:$Q$15, 0))), 統合マスタ!$AC$5:$AC$1500), ROW(A18) ), "")} -> 327 | B22: =B21+1 -> 18 | C22: =IF($A22="","",OFFSET(統合マスタ!$B$4,MATCH($A22,統合マスタ!$AC$5:$AC$1500,0),0)) -> 327 | D22: =IF($A22="","",OFFSET(統合マスタ!$C$4,MATCH($A22,統合マスタ!$AC$5:$AC$1500,0),0)) -> ダイビタミックス注 | E22: =IF($A22="","",OFFSET(統合マスタ!$X$4,MATCH($A22,統合マスタ!$AC$5:$AC$1500,0),0)) -> 0 | F22: =IF($A22="","",OFFSET(統合マスタ!$Z$4,MATCH($A22,統合マスタ!$AC$5:$AC$1500,0),0)) -> 11 | G22: =IF($A22="","",OFFSET(統合マスタ!$E$4,MATCH($A22,統合マスタ!$AC$5:$AC$1500,0),0)) | H22: =IF($A22="","",OFFSET(統合マスタ!$F$4,MATCH($A22,統合マスタ!$AC$5:$AC$1500,0),0)) -> ２ｍｌｘ５０管 | I22: =IF(F22="","",OFFSET(分類!$B$29,MATCH(F22,分類!$A$30:$A$46,0),0)) -> 冷蔵庫 | K22: 管 | M22: =IF(L22="",J22,J22*L22) -> 0 | N22: =IF($A22="","",OFFSET(統合マスタ!$K$4,MATCH($A22,統合マスタ!$AC$5:$AC$1500,0),0)) -> 管
A23: {=IFERROR( SMALL( IF((統合マスタ!$R$5:$R$1500=1)* (ISNUMBER(MATCH(統合マスタ!$V$5:$V$1500, 分類!$Q$8:$Q$15, 0))), 統合マスタ!$AC$5:$AC$1500), ROW(A19) ), "")} -> 333 | B23: =B22+1 -> 19 | C23: =IF($A23="","",OFFSET(統合マスタ!$B$4,MATCH($A23,統合マスタ!$AC$5:$AC$1500,0),0)) -> 333 | D23: =IF($A23="","",OFFSET(統合マスタ!$C$4,MATCH($A23,統合マスタ!$AC$5:$AC$1500,0),0)) -> タケプロン静注用３０ｍｇ | E23: =IF($A23="","",OFFSET(統合マスタ!$X$4,MATCH($A23,統合マスタ!$AC$5:$AC$1500,0),0)) -> 0 | F23: =IF($A23="","",OFFSET(統合マスタ!$Z$4,MATCH($A23,統合マスタ!$AC$5:$AC$1500,0),0)) -> 9 | G23: =IF($A23="","",OFFSET(統合マスタ!$E$4,MATCH($A23,統合マスタ!$AC$5:$AC$1500,0),0)) | H23: =IF($A23="","",OFFSET(統合マスタ!$F$4,MATCH($A23,統合マスタ!$AC$5:$AC$1500,0),0)) -> １Ｖｘ１０ | I23: =IF(F23="","",OFFSET(分類!$B$29,MATCH(F23,分類!$A$30:$A$46,0),0)) -> 注射 | K23: V | M23: =IF(L23="",J23,J23*L23) -> 0 | N23: =IF($A23="","",OFFSET(統合マスタ!$K$4,MATCH($A23,統合マスタ!$AC$5:$AC$1500,0),0)) -> V
... A40: {=IFERROR( SMALL( IF((統合マスタ!$R$5:$R$1500=1)* (ISNUMBER(MATCH(統合マスタ!$V$5:$V$1500, 分類!$Q$8:$Q$15, 0))), 統合マスタ!$AC$5:$AC$1500), ROW(A36) ), "")} -> 585 | B40: =B39+1 -> 36 | C40: =IF($A40="","",OFFSET(統合マスタ!$B$4,MATCH($A40,統合マスタ!$AC$5:$AC$1500,0),0)) -> 585 | D40: =IF($A40="","",OFFSET(統合マスタ!$C$4,MATCH($A40,統合マスタ!$AC$5:$AC$1500,0),0)) -> ベクルリー点滴静注用１００ｍｇ | E40: =IF($A40="","",OFFSET(統合マスタ!$X$4,MATCH($A40,統合マスタ!$AC$5:$AC$1500,0),0)) -> 0 | F40: =IF($A40="","",OFFSET(統合マスタ!$Z$4,MATCH($A40,統合マスタ!$AC$5:$AC$1500,0),0)) -> 6 | G40: =IF($A40="","",OFFSET(統合マスタ!$E$4,MATCH($A40,統合マスタ!$AC$5:$AC$1500,0),0)) | H40: =IF($A40="","",OFFSET(統合マスタ!$F$4,MATCH($A40,統合マスタ!$AC$5:$AC$1500,0),0)) -> １Ｖ | I40: =IF(F40="","",OFFSET(分類!$B$29,MATCH(F40,分類!$A$30:$A$46,0),0)) -> 劇薬バラ | K40: 瓶 | M40: =IF(L40="",J40,J40*L40) -> 0 | N40: =IF($A40="","",OFFSET(統合マスタ!$K$4,MATCH($A40,統合マスタ!$AC$5:$AC$1500,0),0)) -> 瓶
A41: {=IFERROR( SMALL( IF((統合マスタ!$R$5:$R$1500=1)* (ISNUMBER(MATCH(統合マスタ!$V$5:$V$1500, 分類!$Q$8:$Q$15, 0))), 統合マスタ!$AC$5:$AC$1500), ROW(A37) ), "")} -> 591 | B41: =B40+1 -> 37 | C41: =IF($A41="","",OFFSET(統合マスタ!$B$4,MATCH($A41,統合マスタ!$AC$5:$AC$1500,0),0)) -> 591 | D41: =IF($A41="","",OFFSET(統合マスタ!$C$4,MATCH($A41,統合マスタ!$AC$5:$AC$1500,0),0)) -> ヘパリンＮＡロック用１０単位／ｍｌ「オーツカ」 １００単位 | E41: =IF($A41="","",OFFSET(統合マスタ!$X$4,MATCH($A41,統合マスタ!$AC$5:$AC$1500,0),0)) -> 0 | F41: =IF($A41="","",OFFSET(統合マスタ!$Z$4,MATCH($A41,統合マスタ!$AC$5:$AC$1500,0),0)) -> 8 | G41: =IF($A41="","",OFFSET(統合マスタ!$E$4,MATCH($A41,統合マスタ!$AC$5:$AC$1500,0),0)) | H41: =IF($A41="","",OFFSET(統合マスタ!$F$4,MATCH($A41,統合マスタ!$AC$5:$AC$1500,0),0)) -> １０ｍｌｘ１０ | I41: =IF(F41="","",OFFSET(分類!$B$29,MATCH(F41,分類!$A$30:$A$46,0),0)) -> 抗生剤.小輸液 | K41: 本 | L41: 1 | M41: =IF(L41="",J41,J41*L41) -> 0 | N41: =IF($A41="","",OFFSET(統合マスタ!$K$4,MATCH($A41,統合マスタ!$AC$5:$AC$1500,0),0)) -> 10ｍｌ
A42: {=IFERROR( SMALL( IF((統合マスタ!$R$5:$R$1500=1)* (ISNUMBER(MATCH(統合マスタ!$V$5:$V$1500, 分類!$Q$8:$Q$15, 0))), 統合マスタ!$AC$5:$AC$1500), ROW(A38) ), "")} -> 592 | B42: =B41+1 -> 38 | C42: =IF($A42="","",OFFSET(統合マスタ!$B$4,MATCH($A42,統合マスタ!$AC$5:$AC$1500,0),0)) -> 592 | D42: =IF($A42="","",OFFSET(統合マスタ!$C$4,MATCH($A42,統合マスタ!$AC$5:$AC$1500,0),0)) -> ヘパリンＮａ注５千単位／５ｍｌ「モチダ」 | E42: =IF($A42="","",OFFSET(統合マスタ!$X$4,MATCH($A42,統合マスタ!$AC$5:$AC$1500,0),0)) -> 0 | F42: =IF($A42="","",OFFSET(統合マスタ!$Z$4,MATCH($A42,統合マスタ!$AC$5:$AC$1500,0),0)) -> 9 | G42: =IF($A42="","",OFFSET(統合マスタ!$E$4,MATCH($A42,統合マスタ!$AC$5:$AC$1500,0),0)) | H42: =IF($A42="","",OFFSET(統合マスタ!$F$4,MATCH($A42,統合マスタ!$AC$5:$AC$1500,0),0)) -> ５ｍｌｘ５Ｖ | I42: =IF(F42="","",OFFSET(分類!$B$29,MATCH(F42,分類!$A$30:$A$46,0),0)) -> 注射 | K42: V | M42: =IF(L42="",J42,J42*L42) -> 0 | N42: =IF($A42="","",OFFSET(統合マスタ!$K$4,MATCH($A42,統合マスタ!$AC$5:$AC$1500,0),0)) -> V
A43: {=IFERROR( SMALL( IF((統合マスタ!$R$5:$R$1500=1)* (ISNUMBER(MATCH(統合マスタ!$V$5:$V$1500, 分類!$Q$8:$Q$15, 0))), 統合マスタ!$AC$5:$AC$1500), ROW(A39) ), "")} -> 596 | B43: =B42+1 -> 39 | C43: =IF($A43="","",OFFSET(統合マスタ!$B$4,MATCH($A43,統合マスタ!$AC$5:$AC$1500,0),0)) -> 596 | D43: =IF($A43="","",OFFSET(統合マスタ!$C$4,MATCH($A43,統合マスタ!$AC$5:$AC$1500,0),0)) -> ヘブスブリンＩＨ静注１０００単位 | E43: =IF($A43="","",OFFSET(統合マスタ!$X$4,MATCH($A43,統合マスタ!$AC$5:$AC$1500,0),0)) -> 0 | F43: =IF($A43="","",OFFSET(統合マスタ!$Z$4,MATCH($A43,統合マスタ!$AC$5:$AC$1500,0),0)) -> 11 | G43: =IF($A43="","",OFFSET(統合マスタ!$E$4,MATCH($A43,統合マスタ!$AC$5:$AC$1500,0),0)) | H43: =IF($A43="","",OFFSET(統合マスタ!$F$4,MATCH($A43,統合マスタ!$AC$5:$AC$1500,0),0)) -> ５ｍｌｘ１Ｖ | I43: =IF(F43="","",OFFSET(分類!$B$29,MATCH(F43,分類!$A$30:$A$46,0),0)) -> 冷蔵庫 | K43: V | M43: =IF(L43="",J43,J43*L43) -> 0 | N43: =IF($A43="","",OFFSET(統合マスタ!$K$4,MATCH($A43,統合マスタ!$AC$5:$AC$1500,0),0)) -> V
A44: {=IFERROR( SMALL( IF((統合マスタ!$R$5:$R$1500=1)* (ISNUMBER(MATCH(統合マスタ!$V$5:$V$1500, 分類!$Q$8:$Q$15, 0))), 統合マスタ!$AC$5:$AC$1500), ROW(A40) ), "")} -> 608 | B44: =B43+1 -> 40 | C44: =IF($A44="","",OFFSET(統合マスタ!$B$4,MATCH($A44,統合マスタ!$AC$5:$AC$1500,0),0)) -> 608 | D44: =IF($A44="","",OFFSET(統合マスタ!$C$4,MATCH($A44,統合マスタ!$AC$5:$AC$1500,0),0)) -> ペントシリン注射用１ｇ | E44: =IF($A44="","",OFFSET(統合マスタ!$X$4,MATCH($A44,統合マスタ!$AC$5:$AC$1500,0),0)) -> 0 | F44: =IF($A44="","",OFFSET(統合マスタ!$Z$4,MATCH($A44,統合マスタ!$AC$5:$AC$1500,0),0)) -> 8 | G44: =IF($A44="","",OFFSET(統合マスタ!$E$4,MATCH($A44,統合マスタ!$AC$5:$AC$1500,0),0)) | H44: =IF($A44="","",OFFSET(統合マスタ!$F$4,MATCH($A44,統合マスタ!$AC$5:$AC$1500,0),0)) -> １０Ｖ | I44: =IF(F44="","",OFFSET(分類!$B$29,MATCH(F44,分類!$A$30:$A$46,0),0)) -> 抗生剤.小輸液 | K44: V | M44: =IF(L44="",J44,J44*L44) -> 0 | N44: =IF($A44="","",OFFSET(統合マスタ!$K$4,MATCH($A44,統合マスタ!$AC$5:$AC$1500,0),0)) -> V
A45: {=IFERROR( SMALL( IF((統合マスタ!$R$5:$R$1500=1)* (ISNUMBER(MATCH(統合マスタ!$V$5:$V$1500, 分類!$Q$8:$Q$15, 0))), 統合マスタ!$AC$5:$AC$1500), ROW(A41) ), "")} -> 613 | B45: =B44+1 -> 41 | C45: =IF($A45="","",OFFSET(統合マスタ!$B$4,MATCH($A45,統合マスタ!$AC$5:$AC$1500,0),0)) -> 613 | D45: =IF($A45="","",OFFSET(統合マスタ!$C$4,MATCH($A45,統合マスタ!$AC$5:$AC$1500,0),0)) -> ホスホマイシンナトリウム静注用２ｇ「日医工」 | E45: =IF($A45="","",OFFSET(統合マスタ!$X$4,MATCH($A45,統合マスタ!$AC$5:$AC$1500,0),0)) -> 0 | F45: =IF($A45="","",OFFSET(統合マスタ!$Z$4,MATCH($A45,統合マスタ!$AC$5:$AC$1500,0),0)) -> 8 | G45: =IF($A45="","",OFFSET(統合マスタ!$E$4,MATCH($A45,統合マスタ!$AC$5:$AC$1500,0),0)) | H45: =IF($A45="","",OFFSET(統合マスタ!$F$4,MATCH($A45,統合マスタ!$AC$5:$AC$1500,0),0)) -> ２ｇ×１０Ｖ | I45: =IF(F45="","",OFFSET(分類!$B$29,MATCH(F45,分類!$A$30:$A$46,0),0)) -> 抗生剤.小輸液 | K45: V | M45: =IF(L45="",J45,J45*L45) -> 0 | N45: =IF($A45="","",OFFSET(統合マスタ!$K$4,MATCH($A45,統合マスタ!$AC$5:$AC$1500,0),0)) -> V
A46: {=IFERROR( SMALL( IF((統合マスタ!$R$5:$R$1500=1)* (ISNUMBER(MATCH(統合マスタ!$V$5:$V$1500, 分類!$Q$8:$Q$15, 0))), 統合マスタ!$AC$5:$AC$1500), ROW(A42) ), "")} -> 616 | B46: =B45+1 -> 42 | C46: =IF($A46="","",OFFSET(統合マスタ!$B$4,MATCH($A46,統合マスタ!$AC$5:$AC$1500,0),0)) -> 616 | D46: =IF($A46="","",OFFSET(統合マスタ!$C$4,MATCH($A46,統合マスタ!$AC$5:$AC$1500,0),0)) -> ポタコールＲ輸液 ２５０ｍｌ | E46: =IF($A46="","",OFFSET(統合マスタ!$X$4,MATCH($A46,統合マスタ!$AC$5:$AC$1500,0),0)) -> 0 | F46: =IF($A46="","",OFFSET(統合マスタ!$Z$4,MATCH($A46,統合マスタ!$AC$5:$AC$1500,0),0)) -> 10 | G46: =IF($A46="","",OFFSET(統合マスタ!$E$4,MATCH($A46,統合マスタ!$AC$5:$AC$1500,0),0)) | H46: =IF($A46="","",OFFSET(統合マスタ!$F$4,MATCH($A46,統合マスタ!$AC$5:$AC$1500,0),0)) -> ２５０ｍｌＸ２０Ｂ | I46: =IF(F46="","",OFFSET(分類!$B$29,MATCH(F46,分類!$A$30:$A$46,0),0)) -> 輸液 | K46: 袋 | M46: =IF(L46="",J46,J46*L46) -> 0 | N46: =IF($A46="","",OFFSET(統合マスタ!$K$4,MATCH($A46,統合マスタ!$AC$5:$AC$1500,0),0)) -> 袋
A47: {=IFERROR( SMALL( IF((統合マスタ!$R$5:$R$1500=1)* (ISNUMBER(MATCH(統合マスタ!$V$5:$V$1500, 分類!$Q$8:$Q$15, 0))), 統合マスタ!$AC$5:$AC$1500), ROW(A43) ), "")} -> 617 | B47: =B46+1 -> 43 | C47: =IF($A47="","",OFFSET(統合マスタ!$B$4,MATCH($A47,統合マスタ!$AC$5:$AC$1500,0),0)) -> 617 | D47: =IF($A47="","",OFFSET(統合マスタ!$C$4,MATCH($A47,統合マスタ!$AC$5:$AC$1500,0),0)) -> ポタコールＲ輸液 ５００ｍｌ | E47: =IF($A47="","",OFFSET(統合マスタ!$X$4,MATCH($A47,統合マスタ!$AC$5:$AC$1500,0),0)) -> 0 | F47: =IF($A47="","",OFFSET(統合マスタ!$Z$4,MATCH($A47,統合マスタ!$AC$5:$AC$1500,0),0)) -> 10 | G47: =IF($A47="","",OFFSET(統合マスタ!$E$4,MATCH($A47,統合マスタ!$AC$5:$AC$1500,0),0)) | H47: =IF($A47="","",OFFSET(統合マスタ!$F$4,MATCH($A47,統合マスタ!$AC$5:$AC$1500,0),0)) -> ５００ｍｌｘ２０ | I47: =IF(F47="","",OFFSET(分類!$B$29,MATCH(F47,分類!$A$30:$A$46,0),0)) -> 輸液 | K47: 袋 | M47: =IF(L47="",J47,J47*L47) -> 0 | N47: =IF($A47="","",OFFSET(統合マスタ!$K$4,MATCH($A47,統合マスタ!$AC$5:$AC$1500,0),0)) -> 袋
A48: {=IFERROR( SMALL( IF((統合マスタ!$R$5:$R$1500=1)* (ISNUMBER(MATCH(統合マスタ!$V$5:$V$1500, 分類!$Q$8:$Q$15, 0))), 統合マスタ!$AC$5:$AC$1500), ROW(A44) ), "")} -> 640 | B48: =B47+1 -> 44 | C48: =IF($A48="","",OFFSET(統合マスタ!$B$4,MATCH($A48,統合マスタ!$AC$5:$AC$1500,0),0)) -> 640 | D48: =IF($A48="","",OFFSET(統合マスタ!$C$4,MATCH($A48,統合マスタ!$AC$5:$AC$1500,0),0)) -> ミノサイクリン塩酸塩点滴静注用１００ｍｇ「日医工」 | E48: =IF($A48="","",OFFSET(統合マスタ!$X$4,MATCH($A48,統合マスタ!$AC$5:$AC$1500,0),0)) -> 0 | F48: =IF($A48="","",OFFSET(統合マスタ!$Z$4,MATCH($A48,統合マスタ!$AC$5:$AC$1500,0),0)) -> 8 | G48: =IF($A48="","",OFFSET(統合マスタ!$E$4,MATCH($A48,統合マスタ!$AC$5:$AC$1500,0),0)) | H48: =IF($A48="","",OFFSET(統合マスタ!$F$4,MATCH($A48,統合マスタ!$AC$5:$AC$1500,0),0)) -> １０Ｖ | I48: =IF(F48="","",OFFSET(分類!$B$29,MATCH(F48,分類!$A$30:$A$46,0),0)) -> 抗生剤.小輸液 | K48: V | M48: =IF(L48="",J48,J48*L48) -> 0 | N48: =IF($A48="","",OFFSET(統合マスタ!$K$4,MATCH($A48,統合マスタ!$AC$5:$AC$1500,0),0)) -> V
A49: {=IFERROR( SMALL( IF((統合マスタ!$R$5:$R$1500=1)* (ISNUMBER(MATCH(統合マスタ!$V$5:$V$1500, 分類!$Q$8:$Q$15, 0))), 統合マスタ!$AC$5:$AC$1500), ROW(A45) ), "")} -> 646 | B49: =B48+1 -> 45 | C49: =IF($A49="","",OFFSET(統合マスタ!$B$4,MATCH($A49,統合マスタ!$AC$5:$AC$1500,0),0)) -> 646 | D49: =IF($A49="","",OFFSET(統合マスタ!$C$4,MATCH($A49,統合マスタ!$AC$5:$AC$1500,0),0)) -> メイロン静注７％ プラアンプル | E49: =IF($A49="","",OFFSET(統合マスタ!$X$4,MATCH($A49,統合マスタ!$AC$5:$AC$1500,0),0)) -> 0 | F49: =IF($A49="","",OFFSET(統合マスタ!$Z$4,MATCH($A49,統合マスタ!$AC$5:$AC$1500,0),0)) -> 9 | G49: =IF($A49="","",OFFSET(統合マスタ!$E$4,MATCH($A49,統合マスタ!$AC$5:$AC$1500,0),0)) | H49: =IF($A49="","",OFFSET(統合マスタ!$F$4,MATCH($A49,統合マスタ!$AC$5:$AC$1500,0),0)) -> ２０ＭＬＸ１０Ａ | I49: =IF(F49="","",OFFSET(分類!$B$29,MATCH(F49,分類!$A$30:$A$46,0),0)) -> 注射 | K49: A | M49: =IF(L49="",J49,J49*L49) -> 0 | N49: =IF($A49="","",OFFSET(統合マスタ!$K$4,MATCH($A49,統合マスタ!$AC$5:$AC$1500,0),0)) -> A
A50: {=IFERROR( SMALL( IF((統合マスタ!$R$5:$R$1500=1)* (ISNUMBER(MATCH(統合マスタ!$V$5:$V$1500, 分類!$Q$8:$Q$15, 0))), 統合マスタ!$AC$5:$AC$1500), ROW(A46) ), "")} -> 659 | B50: =B49+1 -> 46 | C50: =IF($A50="","",OFFSET(統合マスタ!$B$4,MATCH($A50,統合マスタ!$AC$5:$AC$1500,0),0)) -> 659 | D50: =IF($A50="","",OFFSET(統合マスタ!$C$4,MATCH($A50,統合マスタ!$AC$5:$AC$1500,0),0)) -> メロペネム点滴静注用０．５ｇ「サワイ」 | E50: =IF($A50="","",OFFSET(統合マスタ!$X$4,MATCH($A50,統合マスタ!$AC$5:$AC$1500,0),0)) -> 0 | F50: =IF($A50="","",OFFSET(統合マスタ!$Z$4,MATCH($A50,統合マスタ!$AC$5:$AC$1500,0),0)) -> 8 | G50: =IF($A50="","",OFFSET(統合マスタ!$E$4,MATCH($A50,統合マスタ!$AC$5:$AC$1500,0),0)) | H50: =IF($A50="","",OFFSET(統合マスタ!$F$4,MATCH($A50,統合マスタ!$AC$5:$AC$1500,0),0)) -> ５００ｍｇｘ１０Ｖ | I50: =IF(F50="","",OFFSET(分類!$B$29,MATCH(F50,分類!$A$30:$A$46,0),0)) -> 抗生剤.小輸液 | K50: V | M50: =IF(L50="",J50,J50*L50) -> 0 | N50: =IF($A50="","",OFFSET(統合マスタ!$K$4,MATCH($A50,統合マスタ!$AC$5:$AC$1500,0),0)) -> V
A51: {=IFERROR( SMALL( IF((統合マスタ!$R$5:$R$1500=1)* (ISNUMBER(MATCH(統合マスタ!$V$5:$V$1500, 分類!$Q$8:$Q$15, 0))), 統合マスタ!$AC$5:$AC$1500), ROW(A47) ), "")} -> 767 | B51: =B50+1 -> 47 | C51: =IF($A51="","",OFFSET(統合マスタ!$B$4,MATCH($A51,統合マスタ!$AC$5:$AC$1500,0),0)) -> 767 | D51: =IF($A51="","",OFFSET(統合マスタ!$C$4,MATCH($A51,統合マスタ!$AC$5:$AC$1500,0),0)) -> レベチラセタム点滴静注５００ｍｇ「明治」 | E51: =IF($A51="","",OFFSET(統合マスタ!$X$4,MATCH($A51,統合マスタ!$AC$5:$AC$1500,0),0)) -> 0 | F51: =IF($A51="","",OFFSET(統合マスタ!$Z$4,MATCH($A51,統合マスタ!$AC$5:$AC$1500,0),0)) -> 9 | G51: =IF($A51="","",OFFSET(統合マスタ!$E$4,MATCH($A51,統合マスタ!$AC$5:$AC$1500,0),0)) | H51: =IF($A51="","",OFFSET(統合マスタ!$F$4,MATCH($A51,統合マスタ!$AC$5:$AC$1500,0),0)) -> ５ｍｌｘ１０Ａ | I51: =IF(F51="","",OFFSET(分類!$B$29,MATCH(F51,分類!$A$30:$A$46,0),0)) -> 注射 | K51: A | M51: =IF(L51="",J51,J51*L51) -> 0 | N51: =IF($A51="","",OFFSET(統合マスタ!$K$4,MATCH($A51,統合マスタ!$AC$5:$AC$1500,0),0)) -> A
A52: {=IFERROR( SMALL( IF((統合マスタ!$R$5:$R$1500=1)* (ISNUMBER(MATCH(統合マスタ!$V$5:$V$1500, 分類!$Q$8:$Q$15, 0))), 統合マスタ!$AC$5:$AC$1500), ROW(A48) ), "")} -> 772 | B52: =B51+1 -> 48 | C52: =IF($A52="","",OFFSET(統合マスタ!$B$4,MATCH($A52,統合マスタ!$AC$5:$AC$1500,0),0)) -> 772 | D52: =IF($A52="","",OFFSET(統合マスタ!$C$4,MATCH($A52,統合マスタ!$AC$5:$AC$1500,0),0)) -> レボフロキサシン点滴静注バッグ５００ｍｇ／１００ｍｌ「ＤＳＥＰ」 | E52: =IF($A52="","",OFFSET(統合マスタ!$X$4,MATCH($A52,統合マスタ!$AC$5:$AC$1500,0),0)) -> 0 | F52: =IF($A52="","",OFFSET(統合マスタ!$Z$4,MATCH($A52,統合マスタ!$AC$5:$AC$1500,0),0)) -> 9 | G52: =IF($A52="","",OFFSET(統合マスタ!$E$4,MATCH($A52,統合マスタ!$AC$5:$AC$1500,0),0)) | H52: =IF($A52="","",OFFSET(統合マスタ!$F$4,MATCH($A52,統合マスタ!$AC$5:$AC$1500,0),0)) -> １０袋 | I52: =IF(F52="","",OFFSET(分類!$B$29,MATCH(F52,分類!$A$30:$A$46,0),0)) -> 注射 | K52: 袋 | M52: =IF(L52="",J52,J52*L52) -> 0 | N52: =IF($A52="","",OFFSET(統合マスタ!$K$4,MATCH($A52,統合マスタ!$AC$5:$AC$1500,0),0)) -> 袋
A53: {=IFERROR( SMALL( IF((統合マスタ!$R$5:$R$1500=1)* (ISNUMBER(MATCH(統合マスタ!$V$5:$V$1500, 分類!$Q$8:$Q$15, 0))), 統合マスタ!$AC$5:$AC$1500), ROW(A49) ), "")} -> 802 | B53: =B52+1 -> 49 | C53: =IF($A53="","",OFFSET(統合マスタ!$B$4,MATCH($A53,統合マスタ!$AC$5:$AC$1500,0),0)) -> 802 | D53: =IF($A53="","",OFFSET(統合マスタ!$C$4,MATCH($A53,統合マスタ!$AC$5:$AC$1500,0),0)) -> ワンパル２号輸液（１） | E53: =IF($A53="","",OFFSET(統合マスタ!$X$4,MATCH($A53,統合マスタ!$AC$5:$AC$1500,0),0)) -> 0 | F53: =IF($A53="","",OFFSET(統合マスタ!$Z$4,MATCH($A53,統合マスタ!$AC$5:$AC$1500,0),0)) -> 10 | G53: =IF($A53="","",OFFSET(統合マスタ!$E$4,MATCH($A53,統合マスタ!$AC$5:$AC$1500,0),0)) | H53: =IF($A53="","",OFFSET(統合マスタ!$F$4,MATCH($A53,統合マスタ!$AC$5:$AC$1500,0),0)) -> ８００ｍｌｘ１０袋 | I53: =IF(F53="","",OFFSET(分類!$B$29,MATCH(F53,分類!$A$30:$A$46,0),0)) -> 輸液 | K53: 袋 | M53: =IF(L53="",J53,J53*L53) -> 0 | N53: =IF($A53="","",OFFSET(統合マスタ!$K$4,MATCH($A53,統合マスタ!$AC$5:$AC$1500,0),0)) -> 袋
... A72: {=IFERROR( SMALL( IF((統合マスタ!$R$5:$R$1500=1)* (ISNUMBER(MATCH(統合マスタ!$V$5:$V$1500, 分類!$Q$8:$Q$15, 0))), 統合マスタ!$AC$5:$AC$1500), ROW(A68) ), "")} -> 200147 | B72: =B71+1 -> 68 | C72: =IF($A72="","",OFFSET(統合マスタ!$B$4,MATCH($A72,統合マスタ!$AC$5:$AC$1500,0),0)) -> 147 | D72: =IF($A72="","",OFFSET(統合マスタ!$C$4,MATCH($A72,統合マスタ!$AC$5:$AC$1500,0),0)) -> エホチール注１０ｍｇ | E72: =IF($A72="","",OFFSET(統合マスタ!$X$4,MATCH($A72,統合マスタ!$AC$5:$AC$1500,0),0)) -> 2 | F72: =IF($A72="","",OFFSET(統合マスタ!$Z$4,MATCH($A72,統合マスタ!$AC$5:$AC$1500,0),0)) -> 9 | G72: =IF($A72="","",OFFSET(統合マスタ!$E$4,MATCH($A72,統合マスタ!$AC$5:$AC$1500,0),0)) | H72: =IF($A72="","",OFFSET(統合マスタ!$F$4,MATCH($A72,統合マスタ!$AC$5:$AC$1500,0),0)) -> １ｍｌｘ１０Ａ | I72: =IF(F72="","",OFFSET(分類!$B$29,MATCH(F72,分類!$A$30:$A$46,0),0)) -> 注射 | K72: A | M72: =IF(L72="",J72,J72*L72) -> 0 | N72: =IF($A72="","",OFFSET(統合マスタ!$K$4,MATCH($A72,統合マスタ!$AC$5:$AC$1500,0),0)) -> A
A73: {=IFERROR( SMALL( IF((統合マスタ!$R$5:$R$1500=1)* (ISNUMBER(MATCH(統合マスタ!$V$5:$V$1500, 分類!$Q$8:$Q$15, 0))), 統合マスタ!$AC$5:$AC$1500), ROW(A69) ), "")} -> 200181 | B73: =B72+1 -> 69 | C73: =IF($A73="","",OFFSET(統合マスタ!$B$4,MATCH($A73,統合マスタ!$AC$5:$AC$1500,0),0)) -> 181 | D73: =IF($A73="","",OFFSET(統合マスタ!$C$4,MATCH($A73,統合マスタ!$AC$5:$AC$1500,0),0)) -> キシロカイン注シリンジ０．５％ | E73: =IF($A73="","",OFFSET(統合マスタ!$X$4,MATCH($A73,統合マスタ!$AC$5:$AC$1500,0),0)) -> 2 | F73: =IF($A73="","",OFFSET(統合マスタ!$Z$4,MATCH($A73,統合マスタ!$AC$5:$AC$1500,0),0)) -> 9 | G73: =IF($A73="","",OFFSET(統合マスタ!$E$4,MATCH($A73,統合マスタ!$AC$5:$AC$1500,0),0)) | H73: =IF($A73="","",OFFSET(統合マスタ!$F$4,MATCH($A73,統合マスタ!$AC$5:$AC$1500,0),0)) -> １０ｍｌｘ１０ | I73: =IF(F73="","",OFFSET(分類!$B$29,MATCH(F73,分類!$A$30:$A$46,0),0)) -> 注射 | K73: シリンジ | L73: 1 | M73: =IF(L73="",J73,J73*L73) -> 0 | N73: =IF($A73="","",OFFSET(統合マスタ!$K$4,MATCH($A73,統合マスタ!$AC$5:$AC$1500,0),0)) -> 10ｍｌ
A74: {=IFERROR( SMALL( IF((統合マスタ!$R$5:$R$1500=1)* (ISNUMBER(MATCH(統合マスタ!$V$5:$V$1500, 分類!$Q$8:$Q$15, 0))), 統合マスタ!$AC$5:$AC$1500), ROW(A70) ), "")} -> 200251 | B74: =B73+1 -> 70 | C74: =IF($A74="","",OFFSET(統合マスタ!$B$4,MATCH($A74,統合マスタ!$AC$5:$AC$1500,0),0)) -> 251 | D74: =IF($A74="","",OFFSET(統合マスタ!$C$4,MATCH($A74,統合マスタ!$AC$5:$AC$1500,0),0)) -> ジギラノゲン注０．４ｍｇ ０．０２％ | E74: =IF($A74="","",OFFSET(統合マスタ!$X$4,MATCH($A74,統合マスタ!$AC$5:$AC$1500,0),0)) -> 2 | F74: =IF($A74="","",OFFSET(統合マスタ!$Z$4,MATCH($A74,統合マスタ!$AC$5:$AC$1500,0),0)) -> 9 | G74: =IF($A74="","",OFFSET(統合マスタ!$E$4,MATCH($A74,統合マスタ!$AC$5:$AC$1500,0),0)) | H74: =IF($A74="","",OFFSET(統合マスタ!$F$4,MATCH($A74,統合マスタ!$AC$5:$AC$1500,0),0)) -> ２ｍＬＸ１０管 | I74: =IF(F74="","",OFFSET(分類!$B$29,MATCH(F74,分類!$A$30:$A$46,0),0)) -> 注射 | K74: A | M74: =IF(L74="",J74,J74*L74) -> 0 | N74: =IF($A74="","",OFFSET(統合マスタ!$K$4,MATCH($A74,統合マスタ!$AC$5:$AC$1500,0),0)) -> A
A75: {=IFERROR( SMALL( IF((統合マスタ!$R$5:$R$1500=1)* (ISNUMBER(MATCH(統合マスタ!$V$5:$V$1500, 分類!$Q$8:$Q$15, 0))), 統合マスタ!$AC$5:$AC$1500), ROW(A71) ), "")} -> 200293 | B75: =B74+1 -> 71 | C75: =IF($A75="","",OFFSET(統合マスタ!$B$4,MATCH($A75,統合マスタ!$AC$5:$AC$1500,0),0)) -> 293 | D75: =IF($A75="","",OFFSET(統合マスタ!$C$4,MATCH($A75,統合マスタ!$AC$5:$AC$1500,0),0)) -> ゼプリオン水懸筋注１００ｍｇ シリンジ | E75: =IF($A75="","",OFFSET(統合マスタ!$X$4,MATCH($A75,統合マスタ!$AC$5:$AC$1500,0),0)) -> 2 | F75: =IF($A75="","",OFFSET(統合マスタ!$Z$4,MATCH($A75,統合マスタ!$AC$5:$AC$1500,0),0)) -> 9 | G75: =IF($A75="","",OFFSET(統合マスタ!$E$4,MATCH($A75,統合マスタ!$AC$5:$AC$1500,0),0)) | H75: =IF($A75="","",OFFSET(統合マスタ!$F$4,MATCH($A75,統合マスタ!$AC$5:$AC$1500,0),0)) -> １本 | I75: =IF(F75="","",OFFSET(分類!$B$29,MATCH(F75,分類!$A$30:$A$46,0),0)) -> 注射 | K75: ｼﾘﾝｼﾞ | M75: =IF(L75="",J75,J75*L75) -> 0 | N75: =IF($A75="","",OFFSET(統合マスタ!$K$4,MATCH($A75,統合マスタ!$AC$5:$AC$1500,0),0)) -> ｼﾘﾝｼﾞ
A76: {=IFERROR( SMALL( IF((統合マスタ!$R$5:$R$1500=1)* (ISNUMBER(MATCH(統合マスタ!$V$5:$V$1500, 分類!$Q$8:$Q$15, 0))), 統合マスタ!$AC$5:$AC$1500), ROW(A72) ), "")} -> 200294 | B76: =B75+1 -> 72 | C76: =IF($A76="","",OFFSET(統合マスタ!$B$4,MATCH($A76,統合マスタ!$AC$5:$AC$1500,0),0)) -> 294 | D76: =IF($A76="","",OFFSET(統合マスタ!$C$4,MATCH($A76,統合マスタ!$AC$5:$AC$1500,0),0)) -> ゼプリオン水懸筋注１５０ｍｇ シリンジ | E76: =IF($A76="","",OFFSET(統合マスタ!$X$4,MATCH($A76,統合マスタ!$AC$5:$AC$1500,0),0)) -> 2 | F76: =IF($A76="","",OFFSET(統合マスタ!$Z$4,MATCH($A76,統合マスタ!$AC$5:$AC$1500,0),0)) -> 9 | G76: =IF($A76="","",OFFSET(統合マスタ!$E$4,MATCH($A76,統合マスタ!$AC$5:$AC$1500,0),0)) | H76: =IF($A76="","",OFFSET(統合マスタ!$F$4,MATCH($A76,統合マスタ!$AC$5:$AC$1500,0),0)) -> １本 | I76: =IF(F76="","",OFFSET(分類!$B$29,MATCH(F76,分類!$A$30:$A$46,0),0)) -> 注射 | K76: ｼﾘﾝｼﾞ | M76: =IF(L76="",J76,J76*L76) -> 0 | N76: =IF($A76="","",OFFSET(統合マスタ!$K$4,MATCH($A76,統合マスタ!$AC$5:$AC$1500,0),0)) -> ｼﾘﾝｼﾞ
A77: {=IFERROR( SMALL( IF((統合マスタ!$R$5:$R$1500=1)* (ISNUMBER(MATCH(統合マスタ!$V$5:$V$1500, 分類!$Q$8:$Q$15, 0))), 統合マスタ!$AC$5:$AC$1500), ROW(A73) ), "")} -> 200295 | B77: =B76+1 -> 73 | C77: =IF($A77="","",OFFSET(統合マスタ!$B$4,MATCH($A77,統合マスタ!$AC$5:$AC$1500,0),0)) -> 295 | D77: =IF($A77="","",OFFSET(統合マスタ!$C$4,MATCH($A77,統合マスタ!$AC$5:$AC$1500,0),0)) -> ゼプリオン水懸筋注５０ｍｇシリンジ | E77: =IF($A77="","",OFFSET(統合マスタ!$X$4,MATCH($A77,統合マスタ!$AC$5:$AC$1500,0),0)) -> 2 | F77: =IF($A77="","",OFFSET(統合マスタ!$Z$4,MATCH($A77,統合マスタ!$AC$5:$AC$1500,0),0)) -> 9 | G77: =IF($A77="","",OFFSET(統合マスタ!$E$4,MATCH($A77,統合マスタ!$AC$5:$AC$1500,0),0)) | H77: =IF($A77="","",OFFSET(統合マスタ!$F$4,MATCH($A77,統合マスタ!$AC$5:$AC$1500,0),0)) -> １シリンジ | I77: =IF(F77="","",OFFSET(分類!$B$29,MATCH(F77,分類!$A$30:$A$46,0),0)) -> 注射 | K77: kit | M77: =IF(L77="",J77,J77*L77) -> 0 | N77: =IF($A77="","",OFFSET(統合マスタ!$K$4,MATCH($A77,統合マスタ!$AC$5:$AC$1500,0),0)) -> kit
A78: {=IFERROR( SMALL( IF((統合マスタ!$R$5:$R$1500=1)* (ISNUMBER(MATCH(統合マスタ!$V$5:$V$1500, 分類!$Q$8:$Q$15, 0))), 統合マスタ!$AC$5:$AC$1500), ROW(A74) ), "")} -> 200296 | B78: =B77+1 -> 74 | C78: =IF($A78="","",OFFSET(統合マスタ!$B$4,MATCH($A78,統合マスタ!$AC$5:$AC$1500,0),0)) -> 296 | D78: =IF($A78="","",OFFSET(統合マスタ!$C$4,MATCH($A78,統合マスタ!$AC$5:$AC$1500,0),0)) -> ゼプリオン水懸筋注７５ｍｇシリンジ | E78: =IF($A78="","",OFFSET(統合マスタ!$X$4,MATCH($A78,統合マスタ!$AC$5:$AC$1500,0),0)) -> 2 | F78: =IF($A78="","",OFFSET(統合マスタ!$Z$4,MATCH($A78,統合マスタ!$AC$5:$AC$1500,0),0)) -> 9 | G78: =IF($A78="","",OFFSET(統合マスタ!$E$4,MATCH($A78,統合マスタ!$AC$5:$AC$1500,0),0)) | H78: =IF($A78="","",OFFSET(統合マスタ!$F$4,MATCH($A78,統合マスタ!$AC$5:$AC$1500,0),0)) -> １シリンジ | I78: =IF(F78="","",OFFSET(分類!$B$29,MATCH(F78,分類!$A$30:$A$46,0),0)) -> 注射 | K78: kit | M78: =IF(L78="",J78,J78*L78) -> 0 | N78: =IF($A78="","",OFFSET(統合マスタ!$K$4,MATCH($A78,統合マスタ!$AC$5:$AC$1500,0),0)) -> kit
A79: {=IFERROR( SMALL( IF((統合マスタ!$R$5:$R$1500=1)* (ISNUMBER(MATCH(統合マスタ!$V$5:$V$1500, 分類!$Q$8:$Q$15, 0))), 統合マスタ!$AC$5:$AC$1500), ROW(A75) ), "")} -> 200304 | B79: =B78+1 -> 75 | C79: =IF($A79="","",OFFSET(統合マスタ!$B$4,MATCH($A79,統合マスタ!$AC$5:$AC$1500,0),0)) -> 304 | D79: =IF($A79="","",OFFSET(統合マスタ!$C$4,MATCH($A79,統合マスタ!$AC$5:$AC$1500,0),0)) -> セレネース注５ｍｇ | E79: =IF($A79="","",OFFSET(統合マスタ!$X$4,MATCH($A79,統合マスタ!$AC$5:$AC$1500,0),0)) -> 2 | F79: =IF($A79="","",OFFSET(統合マスタ!$Z$4,MATCH($A79,統合マスタ!$AC$5:$AC$1500,0),0)) -> 5 | G79: =IF($A79="","",OFFSET(統合マスタ!$E$4,MATCH($A79,統合マスタ!$AC$5:$AC$1500,0),0)) | H79: =IF($A79="","",OFFSET(統合マスタ!$F$4,MATCH($A79,統合マスタ!$AC$5:$AC$1500,0),0)) -> １ｍＬＸ５０管 | I79: =IF(F79="","",OFFSET(分類!$B$29,MATCH(F79,分類!$A$30:$A$46,0),0)) -> 普通薬バラ | K79: A | M79: =IF(L79="",J79,J79*L79) -> 0 | N79: =IF($A79="","",OFFSET(統合マスタ!$K$4,MATCH($A79,統合マスタ!$AC$5:$AC$1500,0),0)) -> A
