Workbook

Sheet リスト
D4: ='1行'!M4 -> No | E4: ='1行'!G4 -> 発注日 | F4: ='1行'!N4 -> 発注時刻 | G4: ='1行'!H4 -> 納品指定日 | H4: ='1行'!J4 -> 品名 | I4: ='1行'!O4 -> 規格容量 | J4: ='1行'!K4 -> メーカー名 | K4: ='1行'!F4 -> 商品コード | L4: ='1行'!D4 -> 未納品数 | M4: ='1行'!L4 -> 発注数 | N4: ='1行'!E4 -> 検品数
B5: アルフレッサ | D5: ='1行'!M5 -> 1 | E5: ='1行'!G5 -> 2026/02/09 | F5: ='1行'!N5 -> 15:44:45 | G5: ='1行'!H5 -> 2026/02/09 | H5: ='1行'!J5 -> セパゾン錠1 | I5: ='1行'!O5 -> 1mg/錠 PTP 10錠×10 | J5: ='1行'!K5 -> アルフレッサファーマ | K5: ='1行'!F5 -> 4987274132872 | L5: ='1行'!D5 -> 2 | M5: ='1行'!L5 -> 2 | N5: ='1行'!E5 -> 0
D6: ='1行'!M6 -> 2 | E6: ='1行'!G6 -> 2026/03/25 | F6: ='1行'!N6 -> 08:54:48 | G6: ='1行'!H6 -> 2026/04/01 | H6: ='1行'!J6 -> マーズレンS配合顆粒 | I6: ='1行'!O6 -> バラ 500g×2袋 | J6: ='1行'!K6 -> 寿製薬 | K6: ='1行'!F6 -> 4987071129112 | L6: ='1行'!D6 -> 1 | M6: ='1行'!L6 -> 1 | N6: ='1行'!E6 -> 0
D7: ='1行'!M7 -> 3 | E7: ='1行'!G7 -> 2026/03/25 | F7: ='1行'!N7 -> 08:54:48 | G7: ='1行'!H7 -> 2026/04/01 | H7: ='1行'!J7 -> クエチアピン細粒50%「アメル」 | I7: ='1行'!O7 -> 50%1g バラ 100g×1瓶 | J7: ='1行'!K7 -> 共和薬品工業 | K7: ='1行'!F7 -> 4987058197530 | L7: ='1行'!D7 -> 1 | M7: ='1行'!L7 -> 1 | N7: ='1行'!E7 -> 0
D8: ='1行'!M8 -> 4 | E8: ='1行'!G8 -> 2026/03/25 | F8: ='1行'!N8 -> 08:54:48 | G8: ='1行'!H8 -> 2026/04/01 | H8: ='1行'!J8 -> ジプレキサザイディス錠5mg | I8: ='1行'!O8 -> 5mg/錠 7錠×50 (ブリスター) | J8: ='1行'!K8 -> チェプラファーム | K8: ='1行'!F8 -> 4987994500173 | L8: ='1行'!D8 -> 1 | M8: ='1行'!L8 -> 1 | N8: ='1行'!E8 -> 0
D9: ='1行'!M9 -> 5 | E9: ='1行'!G9 -> 2026/03/25 | F9: ='1行'!N9 -> 08:54:48 | G9: ='1行'!H9 -> 2026/04/01 | H9: ='1行'!J9 -> ハーフジゴキシンKY錠0.125 | I9: ='1行'!O9 -> 0.125mg/錠 PTP 10錠×10 | J9: ='1行'!K9 -> トーアエイヨー | K9: ='1行'!F9 -> 4987142731114 | L9: ='1行'!D9 -> 1 | M9: ='1行'!L9 -> 1 | N9: ='1行'!E9 -> 0
D10: ='1行'!M10 -> 6 | E10: ='1行'!G10 -> 2026/03/25 | F10: ='1行'!N10 -> 08:54:48 | G10: ='1行'!H10 -> 2026/04/01 | H10: ='1行'!J10 -> シクレスト舌下錠10mg | I10: ='1行'!O10 -> 10mg/錠 PTP 10錠×10 | J10: ='1行'!K10 -> Ｍｅｉｊｉ Ｓｅｉｋａ ファル | K10: ='1行'!F10 -> 4987222674232 | L10: ='1行'!D10 -> 2 | M10: ='1行'!L10 -> 2 | N10: ='1行'!E10 -> 0
D11: ='1行'!M11 -> 7 | E11: ='1行'!G11 -> 2026/03/25 | F11: ='1行'!N11 -> 08:54:48 | G11: ='1行'!H11 -> 2026/04/01 | H11: ='1行'!J11 -> シクレスト舌下錠5mg | I11: ='1行'!O11 -> 5mg/錠 PTP 10錠×10 | J11: ='1行'!K11 -> Ｍｅｉｊｉ Ｓｅｉｋａ ファル | K11: ='1行'!F11 -> 4987222673730 | L11: ='1行'!D11 -> 2 | M11: ='1行'!L11 -> 2 | N11: ='1行'!E11 -> 0
D12: ='1行'!M12 -> 8 | E12: ='1行'!G12 -> 2026/03/25 | F12: ='1行'!N12 -> 08:54:48 | G12: ='1行'!H12 -> 2026/04/01 | H12: ='1行'!J12 -> マグミット錠500mg | I12: ='1行'!O12 -> 500mg/錠 バラ 500錠×1瓶 | J12: ='1行'!K12 -> 丸石製薬 | K12: ='1行'!F12 -> 4987211127398 | L12: ='1行'!D12 -> 1 | M12: ='1行'!L12 -> 1 | N12: ='1行'!E12 -> 0
D13: ='1行'!M13 -> 9 | E13: ='1行'!G13 -> 2026/03/25 | F13: ='1行'!N13 -> 08:54:48 | G13: ='1行'!H13 -> 2026/04/01 | H13: ='1行'!J13 -> クエチアピン錠200mg「アメル」 | I13: ='1行'!O13 -> 200mg/錠 バラ 500錠×1瓶 | J13: ='1行'!K13 -> 共和薬品工業 | K13: ='1行'!F13 -> 4987058196557 | L13: ='1行'!D13 -> 1 | M13: ='1行'!L13 -> 1 | N13: ='1行'!E13 -> 0
D14: ='1行'!M14 -> 10 | E14: ='1行'!G14 -> 2026/03/25 | F14: ='1行'!N14 -> 08:54:48 | G14: ='1行'!H14 -> 2026/04/01 | H14: ='1行'!J14 -> リスパダール細粒1% | I14: ='1行'!O14 -> 10mg/g バラ 100g×1瓶 | J14: ='1行'!K14 -> ヤンセンファーマ | K14: ='1行'!F14 -> 4987672393189 | L14: ='1行'!D14 -> 1 | M14: ='1行'!L14 -> 1 | N14: ='1行'!E14 -> 0
D15: ='1行'!M15 -> 11 | E15: ='1行'!G15 -> 2026/03/25 | F15: ='1行'!N15 -> 08:54:48 | G15: ='1行'!H15 -> 2026/04/01 | H15: ='1行'!J15 -> ゼプリオン水懸筋注75mgシリンジ | I15: ='1行'!O15 -> 75mg1キット×1キット | J15: ='1行'!K15 -> 住友ファーマ | K15: ='1行'!F15 -> 4987116011143 | L15: ='1行'!D15 -> 1 | M15: ='1行'!L15 -> 1 | N15: ='1行'!E15 -> 0
D16: ='1行'!M16 -> 12 | E16: ='1行'!G16 -> 2026/03/25 | F16: ='1行'!N16 -> 08:54:48 | G16: ='1行'!H16 -> 2026/04/01 | H16: ='1行'!J16 -> クエチアピン錠100mg「アメル」 | I16: ='1行'!O16 -> 100mg/錠 バラ 1000錠×1瓶 | J16: ='1行'!K16 -> 共和薬品工業 | K16: ='1行'!F16 -> 4987058195611 | L16: ='1行'!D16 -> 1 | M16: ='1行'!L16 -> 1 | N16: ='1行'!E16 -> 0
D17: ='1行'!M17 -> 13 | E17: ='1行'!G17 -> 2026/03/25 | F17: ='1行'!N17 -> 08:54:48 | G17: ='1行'!H17 -> 2026/04/01 | H17: ='1行'!J17 -> シングレア錠10mg | I17: ='1行'!O17 -> 10mg/錠 PTP 10錠×10 | J17: ='1行'!K17 -> オルガノン | K17: ='1行'!F17 -> 4987954807175 | L17: ='1行'!D17 -> 1 | M17: ='1行'!L17 -> 1 | N17: ='1行'!E17 -> 0
... D34: ='1行'!M34 -> 30 | E34: ='1行'!G34 -> 2026/03/25 | F34: ='1行'!N34 -> 08:54:48 | G34: ='1行'!H34 -> 2026/04/01 | H34: ='1行'!J34 -> セララ錠50mg | I34: ='1行'!O34 -> 50mg/錠 PTP 10錠×10 | J34: ='1行'!K34 -> ヴィアトリス製薬 | K34: ='1行'!F34 -> 4987901006200 | L34: ='1行'!D34 -> 1 | M34: ='1行'!L34 -> 1 | N34: ='1行'!E34 -> 0
C35: 未納品一覧 | D35: ='1行'!M35 -> 31 | E35: ='1行'!G35 -> 2026/03/25 | F35: ='1行'!N35 -> 08:54:48 | G35: ='1行'!H35 -> 2026/04/01 | H35: ='1行'!J35 -> オルメテックOD錠10mg | I35: ='1行'!O35 -> 10mg/錠 PTP 10錠×10 | J35: ='1行'!K35 -> 第一三共 | K35: ='1行'!F35 -> 4987081103119 | L35: ='1行'!D35 -> 1 | M35: ='1行'!L35 -> 1 | N35: ='1行'!E35 -> 0
D36: ='1行'!M36 -> 32 | E36: ='1行'!G36 -> 2026/03/25 | F36: ='1行'!N36 -> 08:54:48 | G36: ='1行'!H36 -> 2026/04/01 | H36: ='1行'!J36 -> ビプレッソ徐放錠150mg | I36: ='1行'!O36 -> 150mg/錠 PTP 10錠×10 | J36: ='1行'!K36 -> 共和薬品工業 | K36: ='1行'!F36 -> 4987058784280 | L36: ='1行'!D36 -> 1 | M36: ='1行'!L36 -> 1 | N36: ='1行'!E36 -> 0
D37: ='1行'!M37 -> 33 | E37: ='1行'!G37 -> 2026/03/25 | F37: ='1行'!N37 -> 08:54:48 | G37: ='1行'!H37 -> 2026/04/01 | H37: ='1行'!J37 -> ビソノテープ2mg | I37: ='1行'!O37 -> 2mg1枚×70袋 (3cm×3cm) | J37: ='1行'!K37 -> トーアエイヨー | K37: ='1行'!F37 -> 4987142381203 | L37: ='1行'!D37 -> 1 | M37: ='1行'!L37 -> 1 | N37: ='1行'!E37 -> 0
D38: ='1行'!M38 -> 34 | E38: ='1行'!G38 -> 2026/03/25 | F38: ='1行'!N38 -> 08:54:48 | G38: ='1行'!H38 -> 2026/04/01 | H38: ='1行'!J38 -> ビソノテープ4mg | I38: ='1行'!O38 -> 4mg1枚×70袋 (4.25cm×4.25cm) | J38: ='1行'!K38 -> トーアエイヨー | K38: ='1行'!F38 -> 4987142381401 | L38: ='1行'!D38 -> 1 | M38: ='1行'!L38 -> 1 | N38: ='1行'!E38 -> 0
D39: ='1行'!M39 -> 35 | E39: ='1行'!G39 -> 2026/03/25 | F39: ='1行'!N39 -> 08:54:48 | G39: ='1行'!H39 -> 2026/04/01 | H39: ='1行'!J39 -> フルニトラゼパム錠1mg「アメル」 | I39: ='1行'!O39 -> 1mg/錠 PTP 10錠×100 | J39: ='1行'!K39 -> 共和薬品工業 | K39: ='1行'!F39 -> 4987058565117 | L39: ='1行'!D39 -> 1 | M39: ='1行'!L39 -> 1 | N39: ='1行'!E39 -> 0
D40: ='1行'!M40 -> 36 | E40: ='1行'!G40 -> 2026/03/25 | F40: ='1行'!N40 -> 08:54:48 | G40: ='1行'!H40 -> 2026/04/01 | H40: ='1行'!J40 -> フルニトラゼパム錠2mg「アメル」 | I40: ='1行'!O40 -> 2mg/錠 PTP 10錠×100 | J40: ='1行'!K40 -> 共和薬品工業 | K40: ='1行'!F40 -> 4987058566114 | L40: ='1行'!D40 -> 1 | M40: ='1行'!L40 -> 1 | N40: ='1行'!E40 -> 0
D41: ='1行'!M41 -> 37 | E41: ='1行'!G41 -> 2026/03/25 | F41: ='1行'!N41 -> 08:54:48 | G41: ='1行'!H41 -> 2026/04/01 | H41: ='1行'!J41 -> セレスタミン配合錠 | I41: ='1行'!O41 -> バラ 100錠×1瓶 | J41: ='1行'!K41 -> 高田製薬 | K41: ='1行'!F41 -> 4987120246012 | L41: ='1行'!D41 -> 1 | M41: ='1行'!L41 -> 1 | N41: ='1行'!E41 -> 0
D42: ='1行'!M42 -> 38 | E42: ='1行'!G42 -> 2026/03/25 | F42: ='1行'!N42 -> 08:54:48 | G42: ='1行'!H42 -> 2026/04/01 | H42: ='1行'!J42 -> フルニトラゼパム錠1mg「アメル」 | I42: ='1行'!O42 -> 1mg/錠 バラ 1000錠×1瓶 | J42: ='1行'!K42 -> 共和薬品工業 | K42: ='1行'!F42 -> 4987058565612 | L42: ='1行'!D42 -> 1 | M42: ='1行'!L42 -> 1 | N42: ='1行'!E42 -> 0
D43: ='1行'!M43 -> 39 | E43: ='1行'!G43 -> 2026/03/25 | F43: ='1行'!N43 -> 08:54:48 | G43: ='1行'!H43 -> 2026/04/01 | H43: ='1行'!J43 -> フルニトラゼパム錠2mg「アメル」 | I43: ='1行'!O43 -> 2mg/錠 バラ 1000錠×1瓶 | J43: ='1行'!K43 -> 共和薬品工業 | K43: ='1行'!F43 -> 4987058566619 | L43: ='1行'!D43 -> 1 | M43: ='1行'!L43 -> 1 | N43: ='1行'!E43 -> 0
D44: ='1行'!M44 -> 40 | E44: ='1行'!G44 -> 2026/03/25 | F44: ='1行'!N44 -> 08:54:48 | G44: ='1行'!H44 -> 2026/04/01 | H44: ='1行'!J44 -> クエチアピン錠25mg「アメル」 | I44: ='1行'!O44 -> 25mg/錠 バラ 1000錠×1瓶 | J44: ='1行'!K44 -> 共和薬品工業 | K44: ='1行'!F44 -> 4987058193617 | L44: ='1行'!D44 -> 2 | M44: ='1行'!L44 -> 2 | N44: ='1行'!E44 -> 0
D45: ='1行'!M45 -> 41 | E45: ='1行'!G45 -> 2026/03/25 | F45: ='1行'!N45 -> 08:54:48 | G45: ='1行'!H45 -> 2026/04/01 | H45: ='1行'!J45 -> デパケンR錠200mg | I45: ='1行'!O45 -> 200mg/錠 バラ 1000錠×1瓶 | J45: ='1行'!K45 -> 日医工 | K45: ='1行'!F45 -> 4987376850223 | L45: ='1行'!D45 -> 1 | M45: ='1行'!L45 -> 1 | N45: ='1行'!E45 -> 0
D46: ='1行'!M46 -> 42 | E46: ='1行'!G46 -> 2026/03/25 | F46: ='1行'!N46 -> 08:54:48 | G46: ='1行'!H46 -> 2026/04/01 | H46: ='1行'!J46 -> イベニティ皮下注105mgシリンジ | I46: ='1行'!O46 -> 105mg1.17mL1筒×2筒 | J46: ='1行'!K46 -> アステラス製薬 | K46: ='1行'!F46 -> 4987233105220 | L46: ='1行'!D46 -> 5 | M46: ='1行'!L46 -> 5 | N46: ='1行'!E46 -> 0
D47: ='1行'!M47 -> 43 | E47: ='1行'!G47 -> 2026/03/25 | F47: ='1行'!N47 -> 08:54:48 | G47: ='1行'!H47 -> 2026/04/01 | H47: ='1行'!J47 -> プレガバリンOD錠75mg「サワイ」 | I47: ='1行'!O47 -> 75mg/錠 PTP 10錠×10 | J47: ='1行'!K47 -> 沢井製薬 | K47: ='1行'!F47 -> 4987080471714 | L47: ='1行'!D47 -> 1 | M47: ='1行'!L47 -> 1 | N47: ='1行'!E47 -> 0
... D57: ='1行'!M57 -> 53 | E57: ='1行'!G57 -> 2026/03/25 | F57: ='1行'!N57 -> 08:54:48 | G57: ='1行'!H57 -> 2026/04/01 | H57: ='1行'!J57 -> ゼプリオン水懸筋注100mgシリンジ | I57: ='1行'!O57 -> 100mg1キット×1キット | J57: ='1行'!K57 -> 住友ファーマ | K57: ='1行'!F57 -> 4987116011150 | L57: ='1行'!D57 -> 1 | M57: ='1行'!L57 -> 1 | N57: ='1行'!E57 -> 0
B58: メディセオ（井筒） | D58: ='1行'!M58 -> 1 | E58: ='1行'!G58 -> 2026/03/26 | F58: ='1行'!N58 -> 15:43:55 | G58: ='1行'!H58 -> 2026/03/26 | H58: ='1行'!J58 -> モビコール配合内用剤LD | I58: ='1行'!O58 -> 分包 6.8523g1包×100包 | J58: ='1行'!K58 -> 持田製薬 | K58: ='1行'!F58 -> 4987224143521 | L58: ='1行'!D58 -> 2 | M58: ='1行'!L58 -> 2 | N58: ='1行'!E58 -> 0
D59: ='1行'!M59 -> 2 | E59: ='1行'!G59 -> 2026/03/26 | F59: ='1行'!N59 -> 15:43:55 | G59: ='1行'!H59 -> 2026/03/26 | H59: ='1行'!J59 -> ツムラ抑肝散エキス顆粒(医療用) | I59: ='1行'!O59 -> 分包 2.5g×189包 | J59: ='1行'!K59 -> ツムラ | K59: ='1行'!F59 -> 4987138805430 | L59: ='1行'!D59 -> 2 | M59: ='1行'!L59 -> 2 | N59: ='1行'!E59 -> 0
D60: ='1行'!M60 -> 3 | E60: ='1行'!G60 -> 2026/03/26 | F60: ='1行'!N60 -> 15:43:55 | G60: ='1行'!H60 -> 2026/03/26 | H60: ='1行'!J60 -> ソルデム1輸液 200ｍｌ | I60: ='1行'!O60 -> 200mL×30袋 | J60: ='1行'!K60 -> テルモ | K60: ='1行'!F60 -> 4987350088710 | L60: ='1行'!D60 -> 2 | M60: ='1行'!L60 -> 2 | N60: ='1行'!E60 -> 0
D61: ='1行'!M61 -> 4 | E61: ='1行'!G61 -> 2026/03/26 | F61: ='1行'!N61 -> 15:43:55 | G61: ='1行'!H61 -> 2026/03/26 | H61: ='1行'!J61 -> ラスビック点滴静注キット150mg | I61: ='1行'!O61 -> 150mg1キット×1キット (76mL専用希釈液(注入針入り支持筒付容器付)) | J61: ='1行'!K61 -> 杏林製薬 | K61: ='1行'!F61 -> 4987060008909 | L61: ='1行'!D61 -> 3 | M61: ='1行'!L61 -> 3 | N61: ='1行'!E61 -> 0
C62: 未納品一覧 | D62: ='1行'!M62 -> 5 | E62: ='1行'!G62 -> 2026/03/26 | F62: ='1行'!N62 -> 15:43:55 | G62: ='1行'!H62 -> 2026/03/26 | H62: ='1行'!J62 -> グリセリン浣腸液50%「ムネ」60mL | I62: ='1行'!O62 -> 50%60mL1個×10個 (ポリ) | J62: ='1行'!K62 -> 丸石製薬 | K62: ='1行'!F62 -> 4987211123710 | L62: ='1行'!D62 -> 12 | M62: ='1行'!L62 -> 12 | N62: ='1行'!E62 -> 0
D63: ='1行'!M63 -> 6 | E63: ='1行'!G63 -> 2026/03/26 | F63: ='1行'!N63 -> 15:43:55 | G63: ='1行'!H63 -> 2026/03/26 | H63: ='1行'!J63 -> リクシアナOD錠30mg | I63: ='1行'!O63 -> 30mg/錠 バラ 100錠×1瓶 | J63: ='1行'!K63 -> 第一三共 | K63: ='1行'!F63 -> 4987081107063 | L63: ='1行'!D63 -> 1 | M63: ='1行'!L63 -> 1 | N63: ='1行'!E63 -> 0
D64: ='1行'!M64 -> 7 | E64: ='1行'!G64 -> 2026/03/25 | F64: ='1行'!N64 -> 08:54:48 | G64: ='1行'!H64 -> 2026/04/01 | H64: ='1行'!J64 -> ツムラ八味地黄丸エキス顆粒(医療用) | I64: ='1行'!O64 -> 分包 2.5g×189包 | J64: ='1行'!K64 -> ツムラ | K64: ='1行'!F64 -> 4987138800732 | L64: ='1行'!D64 -> 1 | M64: ='1行'!L64 -> 1 | N64: ='1行'!E64 -> 0
D65: ='1行'!M65 -> 8 | E65: ='1行'!G65 -> 2026/03/25 | F65: ='1行'!N65 -> 08:54:48 | G65: ='1行'!H65 -> 2026/04/01 | H65: ='1行'!J65 -> シロスタゾールOD錠100mg「タカタ」 | I65: ='1行'!O65 -> 100mg/錠 PTP 10錠×10 | J65: ='1行'!K65 -> 高田製薬 | K65: ='1行'!F65 -> 4987120339905 | L65: ='1行'!D65 -> 1 | M65: ='1行'!L65 -> 1 | N65: ='1行'!E65 -> 0
D66: ='1行'!M66 -> 9 | E66: ='1行'!G66 -> 2026/03/25 | F66: ='1行'!N66 -> 08:54:48 | G66: ='1行'!H66 -> 2026/04/01 | H66: ='1行'!J66 -> セディール錠10mg | I66: ='1行'!O66 -> 10mg/錠 バラ 500錠×1瓶 | J66: ='1行'!K66 -> 住友ファーマ | K66: ='1行'!F66 -> 4987116020732 | L66: ='1行'!D66 -> 1 | M66: ='1行'!L66 -> 1 | N66: ='1行'!E66 -> 0
D67: ='1行'!M67 -> 10 | E67: ='1行'!G67 -> 2026/03/25 | F67: ='1行'!N67 -> 08:54:48 | G67: ='1行'!H67 -> 2026/04/01 | H67: ='1行'!J67 -> グラマリール細粒10% | I67: ='1行'!O67 -> 100mg/g バラ 100g×1瓶 | J67: ='1行'!K67 -> 日医工 | K67: ='1行'!F67 -> 4987376245807 | L67: ='1行'!D67 -> 1 | M67: ='1行'!L67 -> 1 | N67: ='1行'!E67 -> 0
D68: ='1行'!M68 -> 11 | E68: ='1行'!G68 -> 2026/03/25 | F68: ='1行'!N68 -> 08:54:48 | G68: ='1行'!H68 -> 2026/04/01 | H68: ='1行'!J68 -> パレプラス輸液 | I68: ='1行'!O68 -> 500mL1キット×20キット | J68: ='1行'!K68 -> 陽進堂 | K68: ='1行'!F68 -> 4987476167108 | L68: ='1行'!D68 -> 3 | M68: ='1行'!L68 -> 3 | N68: ='1行'!E68 -> 0
D69: ='1行'!M69 -> 12 | E69: ='1行'!G69 -> 2026/03/25 | F69: ='1行'!N69 -> 08:54:48 | G69: ='1行'!H69 -> 2026/04/01 | H69: ='1行'!J69 -> エビリファイ持続性水懸筋注用400mgシリンジ | I69: ='1行'!O69 -> 400mg1キット×1キット 1.6mL(溶)付 | J69: ='1行'!K69 -> 大塚製薬 | K69: ='1行'!F69 -> 4987035560111 | L69: ='1行'!D69 -> 2 | M69: ='1行'!L69 -> 2 | N69: ='1行'!E69 -> 0
D70: ='1行'!M70 -> 13 | E70: ='1行'!G70 -> 2026/03/25 | F70: ='1行'!N70 -> 08:54:48 | G70: ='1行'!H70 -> 2026/04/01 | H70: ='1行'!J70 -> ミノドロン酸錠50mg「JG」 | I70: ='1行'!O70 -> 50mg/錠 PTP 1錠×2 | J70: ='1行'!K70 -> 日本ジェネリック | K70: ='1行'!F70 -> 4987792100827 | L70: ='1行'!D70 -> 15 | M70: ='1行'!L70 -> 15 | N70: ='1行'!E70 -> 0
D71: ='1行'!M71 -> 14 | E71: ='1行'!G71 -> 2026/03/25 | F71: ='1行'!N71 -> 08:54:48 | G71: ='1行'!H71 -> 2026/04/01 | H71: ='1行'!J71 -> インウ゛ェガ錠6mg | I71: ='1行'!O71 -> 6mg/錠 PTP 10錠×10 | J71: ='1行'!K71 -> ヤンセンファーマ | K71: ='1行'!F71 -> 4987672105768 | L71: ='1行'!D71 -> 5 | M71: ='1行'!L71 -> 5 | N71: ='1行'!E71 -> 0
D72: ='1行'!M72 -> 15 | E72: ='1行'!G72 -> 2026/03/25 | F72: ='1行'!N72 -> 08:54:48 | G72: ='1行'!H72 -> 2026/04/01 | H72: ='1行'!J72 -> インウ゛ェガ錠3mg | I72: ='1行'!O72 -> 3mg/錠 PTP 10錠×10 | J72: ='1行'!K72 -> ヤンセンファーマ | K72: ='1行'!F72 -> 4987672105744 | L72: ='1行'!D72 -> 1 | M72: ='1行'!L72 -> 1 | N72: ='1行'!E72 -> 0
D73: ='1行'!M73 -> 16 | E73: ='1行'!G73 -> 2026/03/25 | F73: ='1行'!N73 -> 08:54:48 | G73: ='1行'!H73 -> 2026/04/01 | H73: ='1行'!J73 -> ツムラ人参養栄湯エキス顆粒(医療用) | I73: ='1行'!O73 -> 分包 3g×42包 | J73: ='1行'!K73 -> ツムラ | K73: ='1行'!F73 -> 4987138810847 | L73: ='1行'!D73 -> 2 | M73: ='1行'!L73 -> 2 | N73: ='1行'!E73 -> 0
D74: ='1行'!M74 -> 17 | E74: ='1行'!G74 -> 2026/03/25 | F74: ='1行'!N74 -> 08:54:48 | G74: ='1行'!H74 -> 2026/04/01 | H74: ='1行'!J74 -> レキソタン錠5 | I74: ='1行'!O74 -> 5mg/錠 PTP 10錠×10 | J74: ='1行'!K74 -> サンド | K74: ='1行'!F74 -> 4987614438206 | L74: ='1行'!D74 -> 5 | M74: ='1行'!L74 -> 5 | N74: ='1行'!E74 -> 0
... D117: ='1行'!M117 -> 60 | E117: ='1行'!G117 -> 2026/03/25 | F117: ='1行'!N117 -> 08:54:48 | G117: ='1行'!H117 -> 2026/04/01 | H117: ='1行'!J117 -> ツムラ大建中湯エキス顆粒(医療用) | I117: ='1行'!O117 -> 分包 2.5g×189包 | J117: ='1行'!K117 -> ツムラ | K117: ='1行'!F117 -> 4987138810038 | L117: ='1行'!D117 -> 10 | M117: ='1行'!L117 -> 10 | N117: ='1行'!E117 -> 0
B118: ケーエスケー | D118: ='1行'!M118 -> 1 | E118: ='1行'!G118 -> 2026/03/26 | F118: ='1行'!N118 -> 15:43:55 | G118: ='1行'!H118 -> 2026/03/26 | H118: ='1行'!J118 -> スルバシリン静注用1.5g | I118: ='1行'!O118 -> (1.5g)1瓶×10瓶 | J118: ='1行'!K118 -> Ｍｅｉｊｉ Ｓｅｉｋａ ファル | K118: ='1行'!F118 -> 4987222664738 | L118: ='1行'!D118 -> 2 | M118: ='1行'!L118 -> 2 | N118: ='1行'!E118 -> 0
C119: 未納品一覧 | D119: ='1行'!M119 -> 2 | E119: ='1行'!G119 -> 2026/03/25 | F119: ='1行'!N119 -> 08:54:48 | G119: ='1行'!H119 -> 2026/04/01 | H119: ='1行'!J119 -> アスパラ-CA錠200 | I119: ='1行'!O119 -> 200mg/錠 PTP 10錠×10 | J119: ='1行'!K119 -> ニプロ | K119: ='1行'!F119 -> 4987190000064 | L119: ='1行'!D119 -> 3 | M119: ='1行'!L119 -> 3 | N119: ='1行'!E119 -> 0
D120: ='1行'!M120 -> 3 | E120: ='1行'!G120 -> 2026/03/25 | F120: ='1行'!N120 -> 08:54:48 | G120: ='1行'!H120 -> 2026/04/01 | H120: ='1行'!J120 -> アスパラカリウム散50% | I120: ='1行'!O120 -> 50%1g バラ 500g×1袋 (缶) | J120: ='1行'!K120 -> ニプロ | K120: ='1行'!F120 -> 4987190000057 | L120: ='1行'!D120 -> 1 | M120: ='1行'!L120 -> 1 | N120: ='1行'!E120 -> 0
D121: ='1行'!M121 -> 4 | E121: ='1行'!G121 -> 2026/03/25 | F121: ='1行'!N121 -> 08:54:48 | G121: ='1行'!H121 -> 2026/04/01 | H121: ='1行'!J121 -> メイロン静注7% | I121: ='1行'!O121 -> 7%20mL1管×10管 (プラスチック) | J121: ='1行'!K121 -> 大塚製薬 | K121: ='1行'!F121 -> 4987035187219 | L121: ='1行'!D121 -> 1 | M121: ='1行'!L121 -> 1 | N121: ='1行'!E121 -> 0
D122: ='1行'!M122 -> 5 | E122: ='1行'!G122 -> 2026/03/25 | F122: ='1行'!N122 -> 08:54:48 | G122: ='1行'!H122 -> 2026/04/01 | H122: ='1行'!J122 -> アタラックス錠25mg | I122: ='1行'!O122 -> 25mg/錠 PTP 10錠×10 | J122: ='1行'!K122 -> ファイザー | K122: ='1行'!F122 -> 4987114362001 | L122: ='1行'!D122 -> 3 | M122: ='1行'!L122 -> 3 | N122: ='1行'!E122 -> 0
D123: ='1行'!M123 -> 6 | E123: ='1行'!G123 -> 2026/03/25 | F123: ='1行'!N123 -> 08:54:48 | G123: ='1行'!H123 -> 2026/04/01 | H123: ='1行'!J123 -> アスパラ-CA錠200 | I123: ='1行'!O123 -> 200mg/錠 バラ 500錠×1袋 (缶) | J123: ='1行'!K123 -> ニプロ | K123: ='1行'!F123 -> 4987190000088 | L123: ='1行'!D123 -> 2 | M123: ='1行'!L123 -> 2 | N123: ='1行'!E123 -> 0
D124: ='1行'!M124 -> 7 | E124: ='1行'!G124 -> 2026/03/25 | F124: ='1行'!N124 -> 08:54:48 | G124: ='1行'!H124 -> 2026/04/01 | H124: ='1行'!J124 -> アザルフィジンEN錠500mg | I124: ='1行'!O124 -> 500mg/錠 PTP 10錠×10 | J124: ='1行'!K124 -> あゆみ製薬 | K124: ='1行'!F124 -> 4987896000146 | L124: ='1行'!D124 -> 1 | M124: ='1行'!L124 -> 1 | N124: ='1行'!E124 -> 0
B125: スズケン | D125: ='1行'!M125 -> 1 | E125: ='1行'!G125 -> 2026/03/17 | F125: ='1行'!N125 -> 16:06:01 | G125: ='1行'!H125 -> 2026/03/17 | H125: ='1行'!J125 -> タンボコール錠50mg | I125: ='1行'!O125 -> 50mg/錠 PTP 10錠×10 | J125: ='1行'!K125 -> エーザイ | K125: ='1行'!F125 -> 4987028213406 | L125: ='1行'!D125 -> 1 | M125: ='1行'!L125 -> 1 | N125: ='1行'!E125 -> 0
D126: ='1行'!M126 -> 2 | E126: ='1行'!G126 -> 2026/03/26 | F126: ='1行'!N126 -> 15:43:55 | G126: ='1行'!H126 -> 2026/03/26 | H126: ='1行'!J126 -> ポタコールR輸液 500ml | I126: ='1行'!O126 -> 500mL1袋×20袋 (ソフトバッグ) | J126: ='1行'!K126 -> 大塚製薬 | K126: ='1行'!F126 -> 4987035186601 | L126: ='1行'!D126 -> 2 | M126: ='1行'!L126 -> 2 | N126: ='1行'!E126 -> 0
D127: ='1行'!M127 -> 3 | E127: ='1行'!G127 -> 2026/03/26 | F127: ='1行'!N127 -> 15:43:55 | G127: ='1行'!H127 -> 2026/03/26 | H127: ='1行'!J127 -> トリフリード輸液 | I127: ='1行'!O127 -> 500mL1瓶又は1袋×20袋 (ソフトバッグ) | J127: ='1行'!K127 -> 大塚製薬 | K127: ='1行'!F127 -> 4987035197904 | L127: ='1行'!D127 -> 2 | M127: ='1行'!L127 -> 2 | N127: ='1行'!E127 -> 0
D128: ='1行'!M128 -> 4 | E128: ='1行'!G128 -> 2026/03/26 | F128: ='1行'!N128 -> 15:43:55 | G128: ='1行'!H128 -> 2026/03/26 | H128: ='1行'!J128 -> ワンパル2号輸液 | I128: ='1行'!O128 -> 1200mL1キット×7キット | J128: ='1行'!K128 -> 陽進堂 | K128: ='1行'!F128 -> 4987476173710 | L128: ='1行'!D128 -> 1 | M128: ='1行'!L128 -> 1 | N128: ='1行'!E128 -> 0
D129: ='1行'!M129 -> 5 | E129: ='1行'!G129 -> 2026/03/25 | F129: ='1行'!N129 -> 08:54:48 | G129: ='1行'!H129 -> 2026/04/01 | H129: ='1行'!J129 -> ポタコールR輸液 500ml | I129: ='1行'!O129 -> 500mL1袋×20袋 (ソフトバッグ) | J129: ='1行'!K129 -> 大塚製薬 | K129: ='1行'!F129 -> 4987035186601 | L129: ='1行'!D129 -> 5 | M129: ='1行'!L129 -> 5 | N129: ='1行'!E129 -> 0
D130: ='1行'!M130 -> 6 | E130: ='1行'!G130 -> 2026/03/25 | F130: ='1行'!N130 -> 08:54:48 | G130: ='1行'!H130 -> 2026/04/01 | H130: ='1行'!J130 -> トリフリード輸液 | I130: ='1行'!O130 -> 500mL1瓶又は1袋×20袋 (ソフトバッグ) | J130: ='1行'!K130 -> 大塚製薬 | K130: ='1行'!F130 -> 4987035197904 | L130: ='1行'!D130 -> 5 | M130: ='1行'!L130 -> 5 | N130: ='1行'!E130 -> 0
D131: ='1行'!M131 -> 7 | E131: ='1行'!G131 -> 2026/03/25 | F131: ='1行'!N131 -> 08:54:48 | G131: ='1行'!H131 -> 2026/04/01 | H131: ='1行'!J131 -> ポタコールR輸液 250ml | I131: ='1行'!O131 -> 250mL1袋×20袋 (ソフトバッグ) | J131: ='1行'!K131 -> 大塚製薬 | K131: ='1行'!F131 -> 4987035186502 | L131: ='1行'!D131 -> 2 | M131: ='1行'!L131 -> 2 | N131: ='1行'!E131 -> 0
D132: ='1行'!M132 -> 8 | E132: ='1行'!G132 -> 2026/03/25 | F132: ='1行'!N132 -> 08:54:48 | G132: ='1行'!H132 -> 2026/04/01 | H132: ='1行'!J132 -> ダーブロック錠2mg | I132: ='1行'!O132 -> 2mg/錠 PTP 10錠×10 | J132: ='1行'!K132 -> 協和キリン | K132: ='1行'!F132 -> 4987057649306 | L132: ='1行'!D132 -> 1 | M132: ='1行'!L132 -> 1 | N132: ='1行'!E132 -> 0
D133: ='1行'!M133 -> 9 | E133: ='1行'!G133 -> 2026/03/25 | F133: ='1行'!N133 -> 08:54:48 | G133: ='1行'!H133 -> 2026/04/01 | H133: ='1行'!J133 -> ワソラン錠40mg | I133: ='1行'!O133 -> 40mg/錠 バラ 100錠×1瓶 | J133: ='1行'!K133 -> エーザイ | K133: ='1行'!F133 -> 4987028220671 | L133: ='1行'!D133 -> 2 | M133: ='1行'!L133 -> 2 | N133: ='1行'!E133 -> 0
D134: ='1行'!M134 -> 10 | E134: ='1行'!G134 -> 2026/03/25 | F134: ='1行'!N134 -> 08:54:48 | G134: ='1行'!H134 -> 2026/04/01 | H134: ='1行'!J134 -> ベサコリン散5% | I134: ='1行'!O134 -> 5%1g バラ 100g×1瓶 | J134: ='1行'!K134 -> エーザイ | K134: ='1行'!F134 -> 4987028207122 | L134: ='1行'!D134 -> 1 | M134: ='1行'!L134 -> 1 | N134: ='1行'!E134 -> 0
D135: ='1行'!M135 -> 11 | E135: ='1行'!G135 -> 2026/03/25 | F135: ='1行'!N135 -> 08:54:48 | G135: ='1行'!H135 -> 2026/04/01 | H135: ='1行'!J135 -> ポリスチレンスルホン酸Ca経口ゼリー20%分包25g「 | I135: ='1行'!O135 -> 20%25g1個×105個 | J135: ='1行'!K135 -> 三和化学研究所 | K135: ='1行'!F135 -> 4987086390651 | L135: ='1行'!D135 -> 1 | M135: ='1行'!L135 -> 1 | N135: ='1行'!E135 -> 0
D136: ='1行'!M136 -> 12 | E136: ='1行'!G136 -> 2026/03/25 | F136: ='1行'!N136 -> 08:54:48 | G136: ='1行'!H136 -> 2026/04/01 | H136: ='1行'!J136 -> レキサルティOD錠1mg | I136: ='1行'!O136 -> 1mg/錠 バラ 500錠×1瓶 | J136: ='1行'!K136 -> 大塚製薬 | K136: ='1行'!F136 -> 4987035614715 | L136: ='1行'!D136 -> 1 | M136: ='1行'!L136 -> 1 | N136: ='1行'!E136 -> 0
D137: ='1行'!M137 -> 13 | E137: ='1行'!G137 -> 2026/03/25 | F137: ='1行'!N137 -> 08:54:48 | G137: ='1行'!H137 -> 2026/04/01 | H137: ='1行'!J137 -> クービビック錠25mg | I137: ='1行'!O137 -> 25mg/錠 PTP 10錠×10 | J137: ='1行'!K137 -> 塩野義製薬 | K137: ='1行'!F137 -> 4987087043143 | L137: ='1行'!D137 -> 1 | M137: ='1行'!L137 -> 1 | N137: ='1行'!E137 -> 0
... D141: ='1行'!M141 -> 17 | E141: ='1行'!G141 -> 2026/03/25 | F141: ='1行'!N141 -> 08:54:48 | G141: ='1行'!H141 -> 2026/04/01 | H141: ='1行'!J141 -> アリドネパッチ27.5mg | I141: ='1行'!O141 -> 27.5mg1枚 1枚×28袋 | J141: ='1行'!K141 -> 興和 | K141: ='1行'!F141 -> 4987770525703 | L141: ='1行'!D141 -> 3 | M141: ='1行'!L141 -> 3 | N141: ='1行'!E141 -> 0
B142: 東和薬品京都販売 | D142: ='1行'!M142 -> 1 | E142: ='1行'!G142 -> 2026/03/26 | F142: ='1行'!N142 -> 15:43:55 | G142: ='1行'!H142 -> 2026/03/26 | H142: ='1行'!J142 -> オロパタジン塩酸塩OD錠5mg「トーワ」 | I142: ='1行'!O142 -> 5mg/錠 PTP 10錠×10 | J142: ='1行'!K142 -> 東和薬品 | K142: ='1行'!F142 -> 4987155095128 | L142: ='1行'!D142 -> 1 | M142: ='1行'!L142 -> 1 | N142: ='1行'!E142 -> 0
D143: ='1行'!M143 -> 2 | E143: ='1行'!G143 -> 2026/03/25 | F143: ='1行'!N143 -> 08:54:48 | G143: ='1行'!H143 -> 2026/04/01 | H143: ='1行'!J143 -> エスシタロプラムOD錠10mg「トーワ」 | I143: ='1行'!O143 -> 10mg/錠 PTP 10錠×10 | J143: ='1行'!K143 -> 東和薬品 | K143: ='1行'!F143 -> 4987155159172 | L143: ='1行'!D143 -> 2 | M143: ='1行'!L143 -> 2 | N143: ='1行'!E143 -> 0
C144: 未納品一覧 | D144: ='1行'!M144 -> 3 | E144: ='1行'!G144 -> 2026/03/25 | F144: ='1行'!N144 -> 08:54:48 | G144: ='1行'!H144 -> 2026/04/01 | H144: ='1行'!J144 -> ボグリボースOD錠0.2mg「トーワ」 | I144: ='1行'!O144 -> 0.2mg/錠 PTP 10錠×10 | J144: ='1行'!K144 -> 東和薬品 | K144: ='1行'!F144 -> 4987155881011 | L144: ='1行'!D144 -> 1 | M144: ='1行'!L144 -> 1 | N144: ='1行'!E144 -> 0
D145: ='1行'!M145 -> 4 | E145: ='1行'!G145 -> 2026/03/25 | F145: ='1行'!N145 -> 08:54:48 | G145: ='1行'!H145 -> 2026/04/01 | H145: ='1行'!J145 -> レベチラセタム錠250mg「トーワ」 | I145: ='1行'!O145 -> 250mg/錠 PTP 10錠×10 | J145: ='1行'!K145 -> 東和薬品 | K145: ='1行'!F145 -> 4987155155174 | L145: ='1行'!D145 -> 2 | M145: ='1行'!L145 -> 2 | N145: ='1行'!E145 -> 0
D146: ='1行'!M146 -> 5 | E146: ='1行'!G146 -> 2026/03/25 | F146: ='1行'!N146 -> 08:54:48 | G146: ='1行'!H146 -> 2026/04/01 | H146: ='1行'!J146 -> ソリフェナシンコハク酸塩OD錠5mg「トーワ」 | I146: ='1行'!O146 -> 5mg/錠 PTP 10錠×10 | J146: ='1行'!K146 -> 東和薬品 | K146: ='1行'!F146 -> 4987155153071 | L146: ='1行'!D146 -> 1 | M146: ='1行'!L146 -> 1 | N146: ='1行'!E146 -> 0
D147: ='1行'!M147 -> 6 | E147: ='1行'!G147 -> 2026/03/25 | F147: ='1行'!N147 -> 08:54:48 | G147: ='1行'!H147 -> 2026/04/01 | H147: ='1行'!J147 -> エゼチミブOD錠10mg「トーワ」 | I147: ='1行'!O147 -> 10mg/錠 PTP 10錠×10 | J147: ='1行'!K147 -> 東和薬品 | K147: ='1行'!F147 -> 4987155148190 | L147: ='1行'!D147 -> 1 | M147: ='1行'!L147 -> 1 | N147: ='1行'!E147 -> 0
D148: ='1行'!M148 -> 7 | E148: ='1行'!G148 -> 2026/03/25 | F148: ='1行'!N148 -> 08:54:48 | G148: ='1行'!H148 -> 2026/04/01 | H148: ='1行'!J148 -> グリメピリド錠1mg「トーワ」 | I148: ='1行'!O148 -> 1mg/錠 バラ 500錠×1瓶 | J148: ='1行'!K148 -> 東和薬品 | K148: ='1行'!F148 -> 4987155491036 | L148: ='1行'!D148 -> 1 | M148: ='1行'!L148 -> 1 | N148: ='1行'!E148 -> 0
D149: ='1行'!M149 -> 8 | E149: ='1行'!G149 -> 2026/03/25 | F149: ='1行'!N149 -> 08:54:48 | G149: ='1行'!H149 -> 2026/04/01 | H149: ='1行'!J149 -> ブロムヘキシン塩酸塩錠4mg「トーワ」 | I149: ='1行'!O149 -> 4mg/錠 PTP 10錠×100 | J149: ='1行'!K149 -> 東和薬品 | K149: ='1行'!F149 -> 4987155139181 | L149: ='1行'!D149 -> 1 | M149: ='1行'!L149 -> 1 | N149: ='1行'!E149 -> 0
D150: ='1行'!M150 -> 9 | E150: ='1行'!G150 -> 2026/03/25 | F150: ='1行'!N150 -> 08:54:48 | G150: ='1行'!H150 -> 2026/04/01 | H150: ='1行'!J150 -> テオフィリン徐放U錠200mg「トーワ」 | I150: ='1行'!O150 -> 200mg/錠 PTP 10錠×10 | J150: ='1行'!K150 -> 東和薬品 | K150: ='1行'!F150 -> 4987155278071 | L150: ='1行'!D150 -> 1 | M150: ='1行'!L150 -> 1 | N150: ='1行'!E150 -> 0
D151: ='1行'!M151 -> 10 | E151: ='1行'!G151 -> 2026/03/25 | F151: ='1行'!N151 -> 08:54:48 | G151: ='1行'!H151 -> 2026/04/01 | H151: ='1行'!J151 -> メコバラミン錠500「トーワ」 | I151: ='1行'!O151 -> 0.5mg/錠 バラ 1000錠×1瓶 | J151: ='1行'!K151 -> 東和薬品 | K151: ='1行'!F151 -> 4987155207026 | L151: ='1行'!D151 -> 1 | M151: ='1行'!L151 -> 1 | N151: ='1行'!E151 -> 0
D152: ='1行'!M152 -> 11 | E152: ='1行'!G152 -> 2026/03/25 | F152: ='1行'!N152 -> 08:54:48 | G152: ='1行'!H152 -> 2026/04/01 | H152: ='1行'!J152 -> メコバラミン錠500「トーワ」 | I152: ='1行'!O152 -> 0.5mg/錠 PTP 10錠×100 | J152: ='1行'!K152 -> 東和薬品 | K152: ='1行'!F152 -> 4987155207040 | L152: ='1行'!D152 -> 1 | M152: ='1行'!L152 -> 1 | N152: ='1行'!E152 -> 0
D153: ='1行'!M153 -> 12 | E153: ='1行'!G153 -> 2026/03/25 | F153: ='1行'!N153 -> 08:54:48 | G153: ='1行'!H153 -> 2026/04/01 | H153: ='1行'!J153 -> エスシタロプラムOD錠10mg「トーワ」 | I153: ='1行'!O153 -> 10mg/錠 バラ 300錠×1瓶 | J153: ='1行'!K153 -> 東和薬品 | K153: ='1行'!F153 -> 4987155159196 | L153: ='1行'!D153 -> 1 | M153: ='1行'!L153 -> 1 | N153: ='1行'!E153 -> 0
D154: ='1行'!M154 -> 13 | E154: ='1行'!G154 -> 2026/03/25 | F154: ='1行'!N154 -> 08:54:48 | G154: ='1行'!H154 -> 2026/04/01 | H154: ='1行'!J154 -> エスゾピクロン錠1mg「トーワ」 | I154: ='1行'!O154 -> 1mg/錠 バラ 100錠×1瓶 | J154: ='1行'!K154 -> 東和薬品 | K154: ='1行'!F154 -> 4987155154092 | L154: ='1行'!D154 -> 5 | M154: ='1行'!L154 -> 5 | N154: ='1行'!E154 -> 0
D155: ='1行'!M155 -> 14 | E155: ='1行'!G155 -> 2026/03/25 | F155: ='1行'!N155 -> 08:54:48 | G155: ='1行'!H155 -> 2026/04/01 | H155: ='1行'!J155 -> ビソプロロールフマル酸塩錠0.625mg「トーワ」 | I155: ='1行'!O155 -> 0.625mg/錠 PTP 10錠×10 | J155: ='1行'!K155 -> 東和薬品 | K155: ='1行'!F155 -> 4987155107159 | L155: ='1行'!D155 -> 3 | M155: ='1行'!L155 -> 3 | N155: ='1行'!E155 -> 0
D156: ='1行'!M156 -> 15 | E156: ='1行'!G156 -> 2026/03/25 | F156: ='1行'!N156 -> 08:54:48 | G156: ='1行'!H156 -> 2026/04/01 | H156: ='1行'!J156 -> イバンドロン酸静注1mgシリンジ「トーワ」 | I156: ='1行'!O156 -> 1mg1mL1筒×10筒 | J156: ='1行'!K156 -> 東和薬品 | K156: ='1行'!F156 -> 4987155159547 | L156: ='1行'!D156 -> 1 | M156: ='1行'!L156 -> 1 | N156: ='1行'!E156 -> 0
... D159: ='1行'!M159 -> 18 | E159: ='1行'!G159 -> 2026/03/25 | F159: ='1行'!N159 -> 08:54:48 | G159: ='1行'!H159 -> 2026/04/01 | H159: ='1行'!J159 -> ビソプロロールフマル酸塩錠2.5mg「トーワ」 | I159: ='1行'!O159 -> 2.5mg/錠 PTP 10錠×10 | J159: ='1行'!K159 -> 東和薬品 | K159: ='1行'!F159 -> 4987155289046 | L159: ='1行'!D159 -> 3 | M159: ='1行'!L159 -> 3 | N159: ='1行'!E159 -> 0
B160: 東邦薬品 | D160: ='1行'!M160 -> 1 | E160: ='1行'!G160 -> 2026/03/09 | F160: ='1行'!N160 -> 16:08:58 | G160: ='1行'!H160 -> 2026/03/09 | H160: ='1行'!J160 -> テルビナフィン塩酸塩クリーム1%「サワイ」 | I160: ='1行'!O160 -> 1%1g 10g×10本 (アルミニウムチューブ) | J160: ='1行'!K160 -> 沢井製薬 | K160: ='1行'!F160 -> 4987080036111 | L160: ='1行'!D160 -> 5 | M160: ='1行'!L160 -> 5 | N160: ='1行'!E160 -> 0
D161: ='1行'!M161 -> 2 | E161: ='1行'!G161 -> 2026/03/25 | F161: ='1行'!N161 -> 08:54:48 | G161: ='1行'!H161 -> 2026/04/01 | H161: ='1行'!J161 -> カモスタットメシル酸塩錠100mg「サワイ」 | I161: ='1行'!O161 -> 100mg/錠 PTP 10錠×10 | J161: ='1行'!K161 -> 沢井製薬 | K161: ='1行'!F161 -> 4987080197010 | L161: ='1行'!D161 -> 1 | M161: ='1行'!L161 -> 1 | N161: ='1行'!E161 -> 0
D162: ='1行'!M162 -> 3 | E162: ='1行'!G162 -> 2026/03/25 | F162: ='1行'!N162 -> 08:54:48 | G162: ='1行'!H162 -> 2026/04/01 | H162: ='1行'!J162 -> シロドシンOD錠4mg「KMP」 | I162: ='1行'!O162 -> 4mg/錠 PTP 10錠×10 | J162: ='1行'!K162 -> 共創未来ファーマ | K162: ='1行'!F162 -> 4987885022340 | L162: ='1行'!D162 -> 2 | M162: ='1行'!L162 -> 2 | N162: ='1行'!E162 -> 0
D163: ='1行'!M163 -> 4 | E163: ='1行'!G163 -> 2026/03/25 | F163: ='1行'!N163 -> 08:54:48 | G163: ='1行'!H163 -> 2026/04/01 | H163: ='1行'!J163 -> ヒルドイドソフト軟膏0.3% | I163: ='1行'!O163 -> 25g×10本 (ポリエチレンチューブ) | J163: ='1行'!K163 -> マルホ | K163: ='1行'!F163 -> 4987213052810 | L163: ='1行'!D163 -> 1 | M163: ='1行'!L163 -> 1 | N163: ='1行'!E163 -> 0

Sheet 1行
C4: 1行 | D4: 未納品数 | E4: 検品数 | F4: 商品コード | G4: 発注日 | H4: 納品指定日 | I4: 品名＋メーカー名 | J4: 品名 | K4: メーカー名 | L4: 発注数 | M4: No | N4: 発注時刻 | O4: 規格容量 | P4: メーカー名
B5: 0 | C5: =_xlfn.CONCAT(OFFSET(元!$B$10,'1行'!B5,0)," ",OFFSET(元!$B$12,'1行'!B5,0)) -> 2026/02/09 2026/02/09 セパゾン錠1 アルフレッサファーマ 2 1 15:44:45 1mg/錠 PTP 10錠×10 4987274132872 2 0 | D5: {=INDEX(_xlfn.FILTERXML("<t><s>" & SUBSTITUTE(C5," ","</s><s>") & "</s></t>","//s[number(.)=number(.)]"), COUNT(_xlfn.FILTERXML("<t><s>" & SUBSTITUTE(C5," ","</s><s>") & "</s></t>","//s[number(.)=number(.)]"))-1)} -> 2 | E5: {=INDEX(_xlfn.FILTERXML("<t><s>" & SUBSTITUTE(C5," ","</s><s>") & "</s></t>","//s[number(.)=number(.)]"), COUNT(_xlfn.FILTERXML("<t><s>" & SUBSTITUTE(C5," ","</s><s>") & "</s></t>","//s[number(.)=number(.)]")))} -> 0 | F5: =TRIM(RIGHT(SUBSTITUTE(C5," "&D5&" "&E5,""),13)) -> 4987274132872 | G5: =LEFT(C5,10) -> 2026/02/09 | H5: =MID(C5,12,10) -> 2026/02/09 | I5: =_xlfn.LET( _xlpm.s, _xlfn.TEXTAFTER(C5, " " & H5 & " "), TRIM(_xlfn.TEXTBEFORE(_xlpm.s, " " & L5 & " ")) ) -> セパゾン錠1 アルフレッサファーマ | J5: =LEFT(I5, LEN(I5) - LEN(K5)) -> セパゾン錠1 | K5: {=_xlfn.LET( _xlpm.s, SUBSTITUTE(SUBSTITUTE(I5," ","")," ",""), _xlpm.dic, SUBSTITUTE(SUBSTITUTE(メーカー!$A$1:$A$100," ","")," ",""), _xlpm.pos, MATCH(TRUE, RIGHT(_xlpm.s, LEN(_xlpm.dic)) = _xlpm.dic, 0), INDEX(メーカー!$A$1:$A$100, _xlpm.pos) )} -> アルフレッサファーマ | L5: {=INDEX(_xlfn.FILTERXML("<t><s>" & SUBSTITUTE(MID(C5,23,999)," ","</s><s>") & "</s></t>","//s[number(.)=number(.)]"),1)} -> 2 | M5: {=INDEX( _xlfn.FILTERXML("<t><s>" & SUBSTITUTE(MID(C5, 22 + LEN(I5) + 1, 999), " ", "</s><s>") & "</s></t>", "//s[number(.)=number(.)]"), 2 )} -> 1 | N5: {=_xlfn.REGEXEXTRACT(C5, "\d{2}:\d{2}:\d{2}")} -> 15:44:45 | O5: =TRIM(SUBSTITUTE(_xlfn.TEXTAFTER(C5, " " & N5 & " "), F5 & " " & D5 & " " & E5, "")) -> 1mg/錠 PTP 10錠×10 | P5: =TRIM(LEFT(_xlfn.TEXTAFTER(C5, I5 & " "), FIND(" ", _xlfn.TEXTAFTER(C5, I5 & " "))-1)) -> 2
B6: =B5+4 -> 4 | C6: =_xlfn.CONCAT(OFFSET(元!$B$10,'1行'!B6,0)," ",OFFSET(元!$B$12,'1行'!B6,0)) -> 2026/03/25 2026/04/01 マーズレンS配合顆粒寿製薬 1 2 08:54:48 バラ 500g×2袋4987071129112 1 0 | D6: {=INDEX(_xlfn.FILTERXML("<t><s>" & SUBSTITUTE(C6," ","</s><s>") & "</s></t>","//s[number(.)=number(.)]"), COUNT(_xlfn.FILTERXML("<t><s>" & SUBSTITUTE(C6," ","</s><s>") & "</s></t>","//s[number(.)=number(.)]"))-1)} -> 1 | E6: {=INDEX(_xlfn.FILTERXML("<t><s>" & SUBSTITUTE(C6," ","</s><s>") & "</s></t>","//s[number(.)=number(.)]"), COUNT(_xlfn.FILTERXML("<t><s>" & SUBSTITUTE(C6," ","</s><s>") & "</s></t>","//s[number(.)=number(.)]")))} -> 0 | F6: =TRIM(RIGHT(SUBSTITUTE(C6," "&D6&" "&E6,""),13)) -> 4987071129112 | G6: =LEFT(C6,10) -> 2026/03/25 | H6: =MID(C6,12,10) -> 2026/04/01 | I6: =_xlfn.LET( _xlpm.s, _xlfn.TEXTAFTER(C6, " " & H6 & " "), TRIM(_xlfn.TEXTBEFORE(_xlpm.s, " " & L6 & " ")) ) -> マーズレンS配合顆粒寿製薬 | J6: =LEFT(I6, LEN(I6) - LEN(K6)) -> マーズレンS配合顆粒 | K6: {=_xlfn.LET( _xlpm.s, SUBSTITUTE(SUBSTITUTE(I6," ","")," ",""), _xlpm.dic, SUBSTITUTE(SUBSTITUTE(メーカー!$A$1:$A$100," ","")," ",""), _xlpm.pos, MATCH(TRUE, RIGHT(_xlpm.s, LEN(_xlpm.dic)) = _xlpm.dic, 0), INDEX(メーカー!$A$1:$A$100, _xlpm.pos) )} -> 寿製薬 | L6: {=INDEX(_xlfn.FILTERXML("<t><s>" & SUBSTITUTE(MID(C6,23,999)," ","</s><s>") & "</s></t>","//s[number(.)=number(.)]"),1)} -> 1 | M6: {=INDEX( _xlfn.FILTERXML("<t><s>" & SUBSTITUTE(MID(C6, 22 + LEN(I6) + 1, 999), " ", "</s><s>") & "</s></t>", "//s[number(.)=number(.)]"), 2 )} -> 2 | N6: {=_xlfn.REGEXEXTRACT(C6, "\d{2}:\d{2}:\d{2}")} -> 08:54:48 | O6: =TRIM(SUBSTITUTE(_xlfn.TEXTAFTER(C6, " " & N6 & " "), F6 & " " & D6 & " " & E6, "")) -> バラ 500g×2袋 | P6: =TRIM(LEFT(_xlfn.TEXTAFTER(C6, I6 & " "), FIND(" ", _xlfn.TEXTAFTER(C6, I6 & " "))-1)) -> 1
B7: =B6+4 -> 8 | C7: =_xlfn.CONCAT(OFFSET(元!$B$10,'1行'!B7,0)," ",OFFSET(元!$B$12,'1行'!B7,0)) -> 2026/03/25 2026/04/01 クエチアピン細粒50%「アメル」共和薬品工業 1 3 08:54:48 50%1g バラ 100g×1瓶4987058197530 1 0 | D7: {=INDEX(_xlfn.FILTERXML("<t><s>" & SUBSTITUTE(C7," ","</s><s>") & "</s></t>","//s[number(.)=number(.)]"), COUNT(_xlfn.FILTERXML("<t><s>" & SUBSTITUTE(C7," ","</s><s>") & "</s></t>","//s[number(.)=number(.)]"))-1)} -> 1 | E7: {=INDEX(_xlfn.FILTERXML("<t><s>" & SUBSTITUTE(C7," ","</s><s>") & "</s></t>","//s[number(.)=number(.)]"), COUNT(_xlfn.FILTERXML("<t><s>" & SUBSTITUTE(C7," ","</s><s>") & "</s></t>","//s[number(.)=number(.)]")))} -> 0 | F7: =TRIM(RIGHT(SUBSTITUTE(C7," "&D7&" "&E7,""),13)) -> 4987058197530 | G7: =LEFT(C7,10) -> 2026/03/25 | H7: =MID(C7,12,10) -> 2026/04/01 | I7: =_xlfn.LET( _xlpm.s, _xlfn.TEXTAFTER(C7, " " & H7 & " "), TRIM(_xlfn.TEXTBEFORE(_xlpm.s, " " & L7 & " ")) ) -> クエチアピン細粒50%「アメル」共和薬品工業 | J7: =LEFT(I7, LEN(I7) - LEN(K7)) -> クエチアピン細粒50%「アメル」 | K7: {=_xlfn.LET( _xlpm.s, SUBSTITUTE(SUBSTITUTE(I7," ","")," ",""), _xlpm.dic, SUBSTITUTE(SUBSTITUTE(メーカー!$A$1:$A$100," ","")," ",""), _xlpm.pos, MATCH(TRUE, RIGHT(_xlpm.s, LEN(_xlpm.dic)) = _xlpm.dic, 0), INDEX(メーカー!$A$1:$A$100, _xlpm.pos) )} -> 共和薬品工業 | L7: {=INDEX(_xlfn.FILTERXML("<t><s>" & SUBSTITUTE(MID(C7,23,999)," ","</s><s>") & "</s></t>","//s[number(.)=number(.)]"),1)} -> 1 | M7: {=INDEX( _xlfn.FILTERXML("<t><s>" & SUBSTITUTE(MID(C7, 22 + LEN(I7) + 1, 999), " ", "</s><s>") & "</s></t>", "//s[number(.)=number(.)]"), 2 )} -> 3 | N7: {=_xlfn.REGEXEXTRACT(C7, "\d{2}:\d{2}:\d{2}")} -> 08:54:48 | O7: =TRIM(SUBSTITUTE(_xlfn.TEXTAFTER(C7, " " & N7 & " "), F7 & " " & D7 & " " & E7, "")) -> 50%1g バラ 100g×1瓶 | P7: =TRIM(LEFT(_xlfn.TEXTAFTER(C7, I7 & " "), FIND(" ", _xlfn.TEXTAFTER(C7, I7 & " "))-1)) -> 1
B8: =B7+4 -> 12 | C8: =_xlfn.CONCAT(OFFSET(元!$B$10,'1行'!B8,0)," ",OFFSET(元!$B$12,'1行'!B8,0)) -> 2026/03/25 2026/04/01 ジプレキサザイディス錠5mg チェプラファーム 1 4 08:54:48 5mg/錠 7錠×50 (ブリスター) 4987994500173 1 0 | D8: {=INDEX(_xlfn.FILTERXML("<t><s>" & SUBSTITUTE(C8," ","</s><s>") & "</s></t>","//s[number(.)=number(.)]"), COUNT(_xlfn.FILTERXML("<t><s>" & SUBSTITUTE(C8," ","</s><s>") & "</s></t>","//s[number(.)=number(.)]"))-1)} -> 1 | E8: {=INDEX(_xlfn.FILTERXML("<t><s>" & SUBSTITUTE(C8," ","</s><s>") & "</s></t>","//s[number(.)=number(.)]"), COUNT(_xlfn.FILTERXML("<t><s>" & SUBSTITUTE(C8," ","</s><s>") & "</s></t>","//s[number(.)=number(.)]")))} -> 0 | F8: =TRIM(RIGHT(SUBSTITUTE(C8," "&D8&" "&E8,""),13)) -> 4987994500173 | G8: =LEFT(C8,10) -> 2026/03/25 | H8: =MID(C8,12,10) -> 2026/04/01 | I8: =_xlfn.LET( _xlpm.s, _xlfn.TEXTAFTER(C8, " " & H8 & " "), TRIM(_xlfn.TEXTBEFORE(_xlpm.s, " " & L8 & " ")) ) -> ジプレキサザイディス錠5mg チェプラファーム | J8: =LEFT(I8, LEN(I8) - LEN(K8)) -> ジプレキサザイディス錠5mg | K8: {=_xlfn.LET( _xlpm.s, SUBSTITUTE(SUBSTITUTE(I8," ","")," ",""), _xlpm.dic, SUBSTITUTE(SUBSTITUTE(メーカー!$A$1:$A$100," ","")," ",""), _xlpm.pos, MATCH(TRUE, RIGHT(_xlpm.s, LEN(_xlpm.dic)) = _xlpm.dic, 0), INDEX(メーカー!$A$1:$A$100, _xlpm.pos) )} -> チェプラファーム | L8: {=INDEX(_xlfn.FILTERXML("<t><s>" & SUBSTITUTE(MID(C8,23,999)," ","</s><s>") & "</s></t>","//s[number(.)=number(.)]"),1)} -> 1 | M8: {=INDEX( _xlfn.FILTERXML("<t><s>" & SUBSTITUTE(MID(C8, 22 + LEN(I8) + 1, 999), " ", "</s><s>") & "</s></t>", "//s[number(.)=number(.)]"), 2 )} -> 4 | N8: {=_xlfn.REGEXEXTRACT(C8, "\d{2}:\d{2}:\d{2}")} -> 08:54:48 | O8: =TRIM(SUBSTITUTE(_xlfn.TEXTAFTER(C8, " " & N8 & " "), F8 & " " & D8 & " " & E8, "")) -> 5mg/錠 7錠×50 (ブリスター) | P8: =TRIM(LEFT(_xlfn.TEXTAFTER(C8, I8 & " "), FIND(" ", _xlfn.TEXTAFTER(C8, I8 & " "))-1)) -> 1
B9: =B8+4 -> 16 | C9: =_xlfn.CONCAT(OFFSET(元!$B$10,'1行'!B9,0)," ",OFFSET(元!$B$12,'1行'!B9,0)) -> 2026/03/25 2026/04/01 ハーフジゴキシンKY錠0.125 トーアエイヨー 1 5 08:54:48 0.125mg/錠 PTP 10錠×10 4987142731114 1 0 | D9: {=INDEX(_xlfn.FILTERXML("<t><s>" & SUBSTITUTE(C9," ","</s><s>") & "</s></t>","//s[number(.)=number(.)]"), COUNT(_xlfn.FILTERXML("<t><s>" & SUBSTITUTE(C9," ","</s><s>") & "</s></t>","//s[number(.)=number(.)]"))-1)} -> 1 | E9: {=INDEX(_xlfn.FILTERXML("<t><s>" & SUBSTITUTE(C9," ","</s><s>") & "</s></t>","//s[number(.)=number(.)]"), COUNT(_xlfn.FILTERXML("<t><s>" & SUBSTITUTE(C9," ","</s><s>") & "</s></t>","//s[number(.)=number(.)]")))} -> 0 | F9: =TRIM(RIGHT(SUBSTITUTE(C9," "&D9&" "&E9,""),13)) -> 4987142731114 | G9: =LEFT(C9,10) -> 2026/03/25 | H9: =MID(C9,12,10) -> 2026/04/01 | I9: =_xlfn.LET( _xlpm.s, _xlfn.TEXTAFTER(C9, " " & H9 & " "), TRIM(_xlfn.TEXTBEFORE(_xlpm.s, " " & L9 & " ")) ) -> ハーフジゴキシンKY錠0.125 トーアエイヨー | J9: =LEFT(I9, LEN(I9) - LEN(K9)) -> ハーフジゴキシンKY錠0.125 | K9: {=_xlfn.LET( _xlpm.s, SUBSTITUTE(SUBSTITUTE(I9," ","")," ",""), _xlpm.dic, SUBSTITUTE(SUBSTITUTE(メーカー!$A$1:$A$100," ","")," ",""), _xlpm.pos, MATCH(TRUE, RIGHT(_xlpm.s, LEN(_xlpm.dic)) = _xlpm.dic, 0), INDEX(メーカー!$A$1:$A$100, _xlpm.pos) )} -> トーアエイヨー | L9: {=INDEX(_xlfn.FILTERXML("<t><s>" & SUBSTITUTE(MID(C9,23,999)," ","</s><s>") & "</s></t>","//s[number(.)=number(.)]"),1)} -> 1 | M9: {=INDEX( _xlfn.FILTERXML("<t><s>" & SUBSTITUTE(MID(C9, 22 + LEN(I9) + 1, 999), " ", "</s><s>") & "</s></t>", "//s[number(.)=number(.)]"), 2 )} -> 5 | N9: {=_xlfn.REGEXEXTRACT(C9, "\d{2}:\d{2}:\d{2}")} -> 08:54:48 | O9: =TRIM(SUBSTITUTE(_xlfn.TEXTAFTER(C9, " " & N9 & " "), F9 & " " & D9 & " " & E9, "")) -> 0.125mg/錠 PTP 10錠×10 | P9: =TRIM(LEFT(_xlfn.TEXTAFTER(C9, I9 & " "), FIND(" ", _xlfn.TEXTAFTER(C9, I9 & " "))-1)) -> 1
B10: =B9+4 -> 20 | C10: =_xlfn.CONCAT(OFFSET(元!$B$10,'1行'!B10,0)," ",OFFSET(元!$B$12,'1行'!B10,0)) -> 2026/03/25 2026/04/01 シクレスト舌下錠10mg Ｍｅｉｊｉ Ｓｅｉｋａ ファル 2 6 08:54:48 10mg/錠 PTP 10錠×10 4987222674232 2 0 | D10: {=INDEX(_xlfn.FILTERXML("<t><s>" & SUBSTITUTE(C10," ","</s><s>") & "</s></t>","//s[number(.)=number(.)]"), COUNT(_xlfn.FILTERXML("<t><s>" & SUBSTITUTE(C10," ","</s><s>") & "</s></t>","//s[number(.)=number(.)]"))-1)} -> 2 | E10: {=INDEX(_xlfn.FILTERXML("<t><s>" & SUBSTITUTE(C10," ","</s><s>") & "</s></t>","//s[number(.)=number(.)]"), COUNT(_xlfn.FILTERXML("<t><s>" & SUBSTITUTE(C10," ","</s><s>") & "</s></t>","//s[number(.)=number(.)]")))} -> 0 | F10: =TRIM(RIGHT(SUBSTITUTE(C10," "&D10&" "&E10,""),13)) -> 4987222674232 | G10: =LEFT(C10,10) -> 2026/03/25 | H10: =MID(C10,12,10) -> 2026/04/01 | I10: =_xlfn.LET( _xlpm.s, _xlfn.TEXTAFTER(C10, " " & H10 & " "), TRIM(_xlfn.TEXTBEFORE(_xlpm.s, " " & L10 & " ")) ) -> シクレスト舌下錠10mg Ｍｅｉｊｉ Ｓｅｉｋａ ファル | J10: =LEFT(I10, LEN(I10) - LEN(K10)) -> シクレスト舌下錠10mg | K10: {=_xlfn.LET( _xlpm.s, SUBSTITUTE(SUBSTITUTE(I10," ","")," ",""), _xlpm.dic, SUBSTITUTE(SUBSTITUTE(メーカー!$A$1:$A$100," ","")," ",""), _xlpm.pos, MATCH(TRUE, RIGHT(_xlpm.s, LEN(_xlpm.dic)) = _xlpm.dic, 0), INDEX(メーカー!$A$1:$A$100, _xlpm.pos) )} -> Ｍｅｉｊｉ Ｓｅｉｋａ ファル | L10: {=INDEX(_xlfn.FILTERXML("<t><s>" & SUBSTITUTE(MID(C10,23,999)," ","</s><s>") & "</s></t>","//s[number(.)=number(.)]"),1)} -> 2 | M10: {=INDEX( _xlfn.FILTERXML("<t><s>" & SUBSTITUTE(MID(C10, 22 + LEN(I10) + 1, 999), " ", "</s><s>") & "</s></t>", "//s[number(.)=number(.)]"), 2 )} -> 6 | N10: {=_xlfn.REGEXEXTRACT(C10, "\d{2}:\d{2}:\d{2}")} -> 08:54:48 | O10: =TRIM(SUBSTITUTE(_xlfn.TEXTAFTER(C10, " " & N10 & " "), F10 & " " & D10 & " " & E10, "")) -> 10mg/錠 PTP 10錠×10 | P10: =TRIM(LEFT(_xlfn.TEXTAFTER(C10, I10 & " "), FIND(" ", _xlfn.TEXTAFTER(C10, I10 & " "))-1)) -> 2
B11: =B10+4 -> 24 | C11: =_xlfn.CONCAT(OFFSET(元!$B$10,'1行'!B11,0)," ",OFFSET(元!$B$12,'1行'!B11,0)) -> 2026/03/25 2026/04/01 シクレスト舌下錠5mg Ｍｅｉｊｉ Ｓｅｉｋａ ファル 2 7 08:54:48 5mg/錠 PTP 10錠×10 4987222673730 2 0 | D11: {=INDEX(_xlfn.FILTERXML("<t><s>" & SUBSTITUTE(C11," ","</s><s>") & "</s></t>","//s[number(.)=number(.)]"), COUNT(_xlfn.FILTERXML("<t><s>" & SUBSTITUTE(C11," ","</s><s>") & "</s></t>","//s[number(.)=number(.)]"))-1)} -> 2 | E11: {=INDEX(_xlfn.FILTERXML("<t><s>" & SUBSTITUTE(C11," ","</s><s>") & "</s></t>","//s[number(.)=number(.)]"), COUNT(_xlfn.FILTERXML("<t><s>" & SUBSTITUTE(C11," ","</s><s>") & "</s></t>","//s[number(.)=number(.)]")))} -> 0 | F11: =TRIM(RIGHT(SUBSTITUTE(C11," "&D11&" "&E11,""),13)) -> 4987222673730 | G11: =LEFT(C11,10) -> 2026/03/25 | H11: =MID(C11,12,10) -> 2026/04/01 | I11: =_xlfn.LET( _xlpm.s, _xlfn.TEXTAFTER(C11, " " & H11 & " "), TRIM(_xlfn.TEXTBEFORE(_xlpm.s, " " & L11 & " ")) ) -> シクレスト舌下錠5mg Ｍｅｉｊｉ Ｓｅｉｋａ ファル | J11: =LEFT(I11, LEN(I11) - LEN(K11)) -> シクレスト舌下錠5mg | K11: {=_xlfn.LET( _xlpm.s, SUBSTITUTE(SUBSTITUTE(I11," ","")," ",""), _xlpm.dic, SUBSTITUTE(SUBSTITUTE(メーカー!$A$1:$A$100," ","")," ",""), _xlpm.pos, MATCH(TRUE, RIGHT(_xlpm.s, LEN(_xlpm.dic)) = _xlpm.dic, 0), INDEX(メーカー!$A$1:$A$100, _xlpm.pos) )} -> Ｍｅｉｊｉ Ｓｅｉｋａ ファル | L11: {=INDEX(_xlfn.FILTERXML("<t><s>" & SUBSTITUTE(MID(C11,23,999)," ","</s><s>") & "</s></t>","//s[number(.)=number(.)]"),1)} -> 2 | M11: {=INDEX( _xlfn.FILTERXML("<t><s>" & SUBSTITUTE(MID(C11, 22 + LEN(I11) + 1, 999), " ", "</s><s>") & "</s></t>", "//s[number(.)=number(.)]"), 2 )} -> 7 | N11: {=_xlfn.REGEXEXTRACT(C11, "\d{2}:\d{2}:\d{2}")} -> 08:54:48 | O11: =TRIM(SUBSTITUTE(_xlfn.TEXTAFTER(C11, " " & N11 & " "), F11 & " " & D11 & " " & E11, "")) -> 5mg/錠 PTP 10錠×10 | P11: =TRIM(LEFT(_xlfn.TEXTAFTER(C11, I11 & " "), FIND(" ", _xlfn.TEXTAFTER(C11, I11 & " "))-1)) -> 2
B12: =B11+4 -> 28 | C12: =_xlfn.CONCAT(OFFSET(元!$B$10,'1行'!B12,0)," ",OFFSET(元!$B$12,'1行'!B12,0)) -> 2026/03/25 2026/04/01 マグミット錠500mg 丸石製薬 1 8 08:54:48 500mg/錠 バラ 500錠×1瓶4987211127398 1 0 | D12: {=INDEX(_xlfn.FILTERXML("<t><s>" & SUBSTITUTE(C12," ","</s><s>") & "</s></t>","//s[number(.)=number(.)]"), COUNT(_xlfn.FILTERXML("<t><s>" & SUBSTITUTE(C12," ","</s><s>") & "</s></t>","//s[number(.)=number(.)]"))-1)} -> 1 | E12: {=INDEX(_xlfn.FILTERXML("<t><s>" & SUBSTITUTE(C12," ","</s><s>") & "</s></t>","//s[number(.)=number(.)]"), COUNT(_xlfn.FILTERXML("<t><s>" & SUBSTITUTE(C12," ","</s><s>") & "</s></t>","//s[number(.)=number(.)]")))} -> 0 | F12: =TRIM(RIGHT(SUBSTITUTE(C12," "&D12&" "&E12,""),13)) -> 4987211127398 | G12: =LEFT(C12,10) -> 2026/03/25 | H12: =MID(C12,12,10) -> 2026/04/01 | I12: =_xlfn.LET( _xlpm.s, _xlfn.TEXTAFTER(C12, " " & H12 & " "), TRIM(_xlfn.TEXTBEFORE(_xlpm.s, " " & L12 & " ")) ) -> マグミット錠500mg 丸石製薬 | J12: =LEFT(I12, LEN(I12) - LEN(K12)) -> マグミット錠500mg | K12: {=_xlfn.LET( _xlpm.s, SUBSTITUTE(SUBSTITUTE(I12," ","")," ",""), _xlpm.dic, SUBSTITUTE(SUBSTITUTE(メーカー!$A$1:$A$100," ","")," ",""), _xlpm.pos, MATCH(TRUE, RIGHT(_xlpm.s, LEN(_xlpm.dic)) = _xlpm.dic, 0), INDEX(メーカー!$A$1:$A$100, _xlpm.pos) )} -> 丸石製薬 | L12: {=INDEX(_xlfn.FILTERXML("<t><s>" & SUBSTITUTE(MID(C12,23,999)," ","</s><s>") & "</s></t>","//s[number(.)=number(.)]"),1)} -> 1 | M12: {=INDEX( _xlfn.FILTERXML("<t><s>" & SUBSTITUTE(MID(C12, 22 + LEN(I12) + 1, 999), " ", "</s><s>") & "</s></t>", "//s[number(.)=number(.)]"), 2 )} -> 8 | N12: {=_xlfn.REGEXEXTRACT(C12, "\d{2}:\d{2}:\d{2}")} -> 08:54:48 | O12: =TRIM(SUBSTITUTE(_xlfn.TEXTAFTER(C12, " " & N12 & " "), F12 & " " & D12 & " " & E12, "")) -> 500mg/錠 バラ 500錠×1瓶 | P12: =TRIM(LEFT(_xlfn.TEXTAFTER(C12, I12 & " "), FIND(" ", _xlfn.TEXTAFTER(C12, I12 & " "))-1)) -> 1
B13: =B12+4 -> 32 | C13: =_xlfn.CONCAT(OFFSET(元!$B$10,'1行'!B13,0)," ",OFFSET(元!$B$12,'1行'!B13,0)) -> 2026/03/25 2026/04/01 クエチアピン錠200mg「アメル」共和薬品工業 1 9 08:54:48 200mg/錠 バラ 500錠×1瓶4987058196557 1 0 | D13: {=INDEX(_xlfn.FILTERXML("<t><s>" & SUBSTITUTE(C13," ","</s><s>") & "</s></t>","//s[number(.)=number(.)]"), COUNT(_xlfn.FILTERXML("<t><s>" & SUBSTITUTE(C13," ","</s><s>") & "</s></t>","//s[number(.)=number(.)]"))-1)} -> 1 | E13: {=INDEX(_xlfn.FILTERXML("<t><s>" & SUBSTITUTE(C13," ","</s><s>") & "</s></t>","//s[number(.)=number(.)]"), COUNT(_xlfn.FILTERXML("<t><s>" & SUBSTITUTE(C13," ","</s><s>") & "</s></t>","//s[number(.)=number(.)]")))} -> 0 | F13: =TRIM(RIGHT(SUBSTITUTE(C13," "&D13&" "&E13,""),13)) -> 4987058196557 | G13: =LEFT(C13,10) -> 2026/03/25 | H13: =MID(C13,12,10) -> 2026/04/01 | I13: =_xlfn.LET( _xlpm.s, _xlfn.TEXTAFTER(C13, " " & H13 & " "), TRIM(_xlfn.TEXTBEFORE(_xlpm.s, " " & L13 & " ")) ) -> クエチアピン錠200mg「アメル」共和薬品工業 | J13: =LEFT(I13, LEN(I13) - LEN(K13)) -> クエチアピン錠200mg「アメル」 | K13: {=_xlfn.LET( _xlpm.s, SUBSTITUTE(SUBSTITUTE(I13," ","")," ",""), _xlpm.dic, SUBSTITUTE(SUBSTITUTE(メーカー!$A$1:$A$100," ","")," ",""), _xlpm.pos, MATCH(TRUE, RIGHT(_xlpm.s, LEN(_xlpm.dic)) = _xlpm.dic, 0), INDEX(メーカー!$A$1:$A$100, _xlpm.pos) )} -> 共和薬品工業 | L13: {=INDEX(_xlfn.FILTERXML("<t><s>" & SUBSTITUTE(MID(C13,23,999)," ","</s><s>") & "</s></t>","//s[number(.)=number(.)]"),1)} -> 1 | M13: {=INDEX( _xlfn.FILTERXML("<t><s>" & SUBSTITUTE(MID(C13, 22 + LEN(I13) + 1, 999), " ", "</s><s>") & "</s></t>", "//s[number(.)=number(.)]"), 2 )} -> 9 | N13: {=_xlfn.REGEXEXTRACT(C13, "\d{2}:\d{2}:\d{2}")} -> 08:54:48 | O13: =TRIM(SUBSTITUTE(_xlfn.TEXTAFTER(C13, " " & N13 & " "), F13 & " " & D13 & " " & E13, "")) -> 200mg/錠 バラ 500錠×1瓶 | P13: =TRIM(LEFT(_xlfn.TEXTAFTER(C13, I13 & " "), FIND(" ", _xlfn.TEXTAFTER(C13, I13 & " "))-1)) -> 1
B14: =B13+4 -> 36 | C14: =_xlfn.CONCAT(OFFSET(元!$B$10,'1行'!B14,0)," ",OFFSET(元!$B$12,'1行'!B14,0)) -> 2026/03/25 2026/04/01 リスパダール細粒1% ヤンセンファーマ 1 10 08:54:48 10mg/g バラ 100g×1瓶4987672393189 1 0 | D14: {=INDEX(_xlfn.FILTERXML("<t><s>" & SUBSTITUTE(C14," ","</s><s>") & "</s></t>","//s[number(.)=number(.)]"), COUNT(_xlfn.FILTERXML("<t><s>" & SUBSTITUTE(C14," ","</s><s>") & "</s></t>","//s[number(.)=number(.)]"))-1)} -> 1 | E14: {=INDEX(_xlfn.FILTERXML("<t><s>" & SUBSTITUTE(C14," ","</s><s>") & "</s></t>","//s[number(.)=number(.)]"), COUNT(_xlfn.FILTERXML("<t><s>" & SUBSTITUTE(C14," ","</s><s>") & "</s></t>","//s[number(.)=number(.)]")))} -> 0 | F14: =TRIM(RIGHT(SUBSTITUTE(C14," "&D14&" "&E14,""),13)) -> 4987672393189 | G14: =LEFT(C14,10) -> 2026/03/25 | H14: =MID(C14,12,10) -> 2026/04/01 | I14: =_xlfn.LET( _xlpm.s, _xlfn.TEXTAFTER(C14, " " & H14 & " "), TRIM(_xlfn.TEXTBEFORE(_xlpm.s, " " & L14 & " ")) ) -> リスパダール細粒1% ヤンセンファーマ | J14: =LEFT(I14, LEN(I14) - LEN(K14)) -> リスパダール細粒1% | K14: {=_xlfn.LET( _xlpm.s, SUBSTITUTE(SUBSTITUTE(I14," ","")," ",""), _xlpm.dic, SUBSTITUTE(SUBSTITUTE(メーカー!$A$1:$A$100," ","")," ",""), _xlpm.pos, MATCH(TRUE, RIGHT(_xlpm.s, LEN(_xlpm.dic)) = _xlpm.dic, 0), INDEX(メーカー!$A$1:$A$100, _xlpm.pos) )} -> ヤンセンファーマ | L14: {=INDEX(_xlfn.FILTERXML("<t><s>" & SUBSTITUTE(MID(C14,23,999)," ","</s><s>") & "</s></t>","//s[number(.)=number(.)]"),1)} -> 1 | M14: {=INDEX( _xlfn.FILTERXML("<t><s>" & SUBSTITUTE(MID(C14, 22 + LEN(I14) + 1, 999), " ", "</s><s>") & "</s></t>", "//s[number(.)=number(.)]"), 2 )} -> 10 | N14: {=_xlfn.REGEXEXTRACT(C14, "\d{2}:\d{2}:\d{2}")} -> 08:54:48 | O14: =TRIM(SUBSTITUTE(_xlfn.TEXTAFTER(C14, " " & N14 & " "), F14 & " " & D14 & " " & E14, "")) -> 10mg/g バラ 100g×1瓶 | P14: =TRIM(LEFT(_xlfn.TEXTAFTER(C14, I14 & " "), FIND(" ", _xlfn.TEXTAFTER(C14, I14 & " "))-1)) -> 1
B15: =B14+4 -> 40 | C15: =_xlfn.CONCAT(OFFSET(元!$B$10,'1行'!B15,0)," ",OFFSET(元!$B$12,'1行'!B15,0)) -> 2026/03/25 2026/04/01 ゼプリオン水懸筋注75mgシリンジ住友ファーマ 1 11 08:54:48 75mg1キット×1キット4987116011143 1 0 | D15: {=INDEX(_xlfn.FILTERXML("<t><s>" & SUBSTITUTE(C15," ","</s><s>") & "</s></t>","//s[number(.)=number(.)]"), COUNT(_xlfn.FILTERXML("<t><s>" & SUBSTITUTE(C15," ","</s><s>") & "</s></t>","//s[number(.)=number(.)]"))-1)} -> 1 | E15: {=INDEX(_xlfn.FILTERXML("<t><s>" & SUBSTITUTE(C15," ","</s><s>") & "</s></t>","//s[number(.)=number(.)]"), COUNT(_xlfn.FILTERXML("<t><s>" & SUBSTITUTE(C15," ","</s><s>") & "</s></t>","//s[number(.)=number(.)]")))} -> 0 | F15: =TRIM(RIGHT(SUBSTITUTE(C15," "&D15&" "&E15,""),13)) -> 4987116011143 | G15: =LEFT(C15,10) -> 2026/03/25 | H15: =MID(C15,12,10) -> 2026/04/01 | I15: =_xlfn.LET( _xlpm.s, _xlfn.TEXTAFTER(C15, " " & H15 & " "), TRIM(_xlfn.TEXTBEFORE(_xlpm.s, " " & L15 & " ")) ) -> ゼプリオン水懸筋注75mgシリンジ住友ファーマ | J15: =LEFT(I15, LEN(I15) - LEN(K15)) -> ゼプリオン水懸筋注75mgシリンジ | K15: {=_xlfn.LET( _xlpm.s, SUBSTITUTE(SUBSTITUTE(I15," ","")," ",""), _xlpm.dic, SUBSTITUTE(SUBSTITUTE(メーカー!$A$1:$A$100," ","")," ",""), _xlpm.pos, MATCH(TRUE, RIGHT(_xlpm.s, LEN(_xlpm.dic)) = _xlpm.dic, 0), INDEX(メーカー!$A$1:$A$100, _xlpm.pos) )} -> 住友ファーマ | L15: {=INDEX(_xlfn.FILTERXML("<t><s>" & SUBSTITUTE(MID(C15,23,999)," ","</s><s>") & "</s></t>","//s[number(.)=number(.)]"),1)} -> 1 | M15: {=INDEX( _xlfn.FILTERXML("<t><s>" & SUBSTITUTE(MID(C15, 22 + LEN(I15) + 1, 999), " ", "</s><s>") & "</s></t>", "//s[number(.)=number(.)]"), 2 )} -> 11 | N15: {=_xlfn.REGEXEXTRACT(C15, "\d{2}:\d{2}:\d{2}")} -> 08:54:48 | O15: =TRIM(SUBSTITUTE(_xlfn.TEXTAFTER(C15, " " & N15 & " "), F15 & " " & D15 & " " & E15, "")) -> 75mg1キット×1キット | P15: =TRIM(LEFT(_xlfn.TEXTAFTER(C15, I15 & " "), FIND(" ", _xlfn.TEXTAFTER(C15, I15 & " "))-1)) -> 1
B16: =B15+4 -> 44 | C16: =_xlfn.CONCAT(OFFSET(元!$B$10,'1行'!B16,0)," ",OFFSET(元!$B$12,'1行'!B16,0)) -> 2026/03/25 2026/04/01 クエチアピン錠100mg「アメル」共和薬品工業 1 12 08:54:48 100mg/錠 バラ 1000錠×1瓶4987058195611 1 0 | D16: {=INDEX(_xlfn.FILTERXML("<t><s>" & SUBSTITUTE(C16," ","</s><s>") & "</s></t>","//s[number(.)=number(.)]"), COUNT(_xlfn.FILTERXML("<t><s>" & SUBSTITUTE(C16," ","</s><s>") & "</s></t>","//s[number(.)=number(.)]"))-1)} -> 1 | E16: {=INDEX(_xlfn.FILTERXML("<t><s>" & SUBSTITUTE(C16," ","</s><s>") & "</s></t>","//s[number(.)=number(.)]"), COUNT(_xlfn.FILTERXML("<t><s>" & SUBSTITUTE(C16," ","</s><s>") & "</s></t>","//s[number(.)=number(.)]")))} -> 0 | F16: =TRIM(RIGHT(SUBSTITUTE(C16," "&D16&" "&E16,""),13)) -> 4987058195611 | G16: =LEFT(C16,10) -> 2026/03/25 | H16: =MID(C16,12,10) -> 2026/04/01 | I16: =_xlfn.LET( _xlpm.s, _xlfn.TEXTAFTER(C16, " " & H16 & " "), TRIM(_xlfn.TEXTBEFORE(_xlpm.s, " " & L16 & " ")) ) -> クエチアピン錠100mg「アメル」共和薬品工業 | J16: =LEFT(I16, LEN(I16) - LEN(K16)) -> クエチアピン錠100mg「アメル」 | K16: {=_xlfn.LET( _xlpm.s, SUBSTITUTE(SUBSTITUTE(I16," ","")," ",""), _xlpm.dic, SUBSTITUTE(SUBSTITUTE(メーカー!$A$1:$A$100," ","")," ",""), _xlpm.pos, MATCH(TRUE, RIGHT(_xlpm.s, LEN(_xlpm.dic)) = _xlpm.dic, 0), INDEX(メーカー!$A$1:$A$100, _xlpm.pos) )} -> 共和薬品工業 | L16: {=INDEX(_xlfn.FILTERXML("<t><s>" & SUBSTITUTE(MID(C16,23,999)," ","</s><s>") & "</s></t>","//s[number(.)=number(.)]"),1)} -> 1 | M16: {=INDEX( _xlfn.FILTERXML("<t><s>" & SUBSTITUTE(MID(C16, 22 + LEN(I16) + 1, 999), " ", "</s><s>") & "</s></t>", "//s[number(.)=number(.)]"), 2 )} -> 12 | N16: {=_xlfn.REGEXEXTRACT(C16, "\d{2}:\d{2}:\d{2}")} -> 08:54:48 | O16: =TRIM(SUBSTITUTE(_xlfn.TEXTAFTER(C16, " " & N16 & " "), F16 & " " & D16 & " " & E16, "")) -> 100mg/錠 バラ 1000錠×1瓶 | P16: =TRIM(LEFT(_xlfn.TEXTAFTER(C16, I16 & " "), FIND(" ", _xlfn.TEXTAFTER(C16, I16 & " "))-1)) -> 1
B17: =B16+4 -> 48 | C17: =_xlfn.CONCAT(OFFSET(元!$B$10,'1行'!B17,0)," ",OFFSET(元!$B$12,'1行'!B17,0)) -> 2026/03/25 2026/04/01 シングレア錠10mg オルガノン 1 13 08:54:48 10mg/錠 PTP 10錠×10 4987954807175 1 0 | D17: {=INDEX(_xlfn.FILTERXML("<t><s>" & SUBSTITUTE(C17," ","</s><s>") & "</s></t>","//s[number(.)=number(.)]"), COUNT(_xlfn.FILTERXML("<t><s>" & SUBSTITUTE(C17," ","</s><s>") & "</s></t>","//s[number(.)=number(.)]"))-1)} -> 1 | E17: {=INDEX(_xlfn.FILTERXML("<t><s>" & SUBSTITUTE(C17," ","</s><s>") & "</s></t>","//s[number(.)=number(.)]"), COUNT(_xlfn.FILTERXML("<t><s>" & SUBSTITUTE(C17," ","</s><s>") & "</s></t>","//s[number(.)=number(.)]")))} -> 0 | F17: =TRIM(RIGHT(SUBSTITUTE(C17," "&D17&" "&E17,""),13)) -> 4987954807175 | G17: =LEFT(C17,10) -> 2026/03/25 | H17: =MID(C17,12,10) -> 2026/04/01 | I17: =_xlfn.LET( _xlpm.s, _xlfn.TEXTAFTER(C17, " " & H17 & " "), TRIM(_xlfn.TEXTBEFORE(_xlpm.s, " " & L17 & " ")) ) -> シングレア錠10mg オルガノン | J17: =LEFT(I17, LEN(I17) - LEN(K17)) -> シングレア錠10mg | K17: {=_xlfn.LET( _xlpm.s, SUBSTITUTE(SUBSTITUTE(I17," ","")," ",""), _xlpm.dic, SUBSTITUTE(SUBSTITUTE(メーカー!$A$1:$A$100," ","")," ",""), _xlpm.pos, MATCH(TRUE, RIGHT(_xlpm.s, LEN(_xlpm.dic)) = _xlpm.dic, 0), INDEX(メーカー!$A$1:$A$100, _xlpm.pos) )} -> オルガノン | L17: {=INDEX(_xlfn.FILTERXML("<t><s>" & SUBSTITUTE(MID(C17,23,999)," ","</s><s>") & "</s></t>","//s[number(.)=number(.)]"),1)} -> 1 | M17: {=INDEX( _xlfn.FILTERXML("<t><s>" & SUBSTITUTE(MID(C17, 22 + LEN(I17) + 1, 999), " ", "</s><s>") & "</s></t>", "//s[number(.)=number(.)]"), 2 )} -> 13 | N17: {=_xlfn.REGEXEXTRACT(C17, "\d{2}:\d{2}:\d{2}")} -> 08:54:48 | O17: =TRIM(SUBSTITUTE(_xlfn.TEXTAFTER(C17, " " & N17 & " "), F17 & " " & D17 & " " & E17, "")) -> 10mg/錠 PTP 10錠×10 | P17: =TRIM(LEFT(_xlfn.TEXTAFTER(C17, I17 & " "), FIND(" ", _xlfn.TEXTAFTER(C17, I17 & " "))-1)) -> 1
... B34: =B33+4 -> 116 | C34: =_xlfn.CONCAT(OFFSET(元!$B$10,'1行'!B34,0)," ",OFFSET(元!$B$12,'1行'!B34,0)) -> 2026/03/25 2026/04/01 セララ錠50mg ヴィアトリス製薬 1 30 08:54:48 50mg/錠 PTP 10錠×10 4987901006200 1 0 | D34: {=INDEX(_xlfn.FILTERXML("<t><s>" & SUBSTITUTE(C34," ","</s><s>") & "</s></t>","//s[number(.)=number(.)]"), COUNT(_xlfn.FILTERXML("<t><s>" & SUBSTITUTE(C34," ","</s><s>") & "</s></t>","//s[number(.)=number(.)]"))-1)} -> 1 | E34: {=INDEX(_xlfn.FILTERXML("<t><s>" & SUBSTITUTE(C34," ","</s><s>") & "</s></t>","//s[number(.)=number(.)]"), COUNT(_xlfn.FILTERXML("<t><s>" & SUBSTITUTE(C34," ","</s><s>") & "</s></t>","//s[number(.)=number(.)]")))} -> 0 | F34: =TRIM(RIGHT(SUBSTITUTE(C34," "&D34&" "&E34,""),13)) -> 4987901006200 | G34: =LEFT(C34,10) -> 2026/03/25 | H34: =MID(C34,12,10) -> 2026/04/01 | I34: =_xlfn.LET( _xlpm.s, _xlfn.TEXTAFTER(C34, " " & H34 & " "), TRIM(_xlfn.TEXTBEFORE(_xlpm.s, " " & L34 & " ")) ) -> セララ錠50mg ヴィアトリス製薬 | J34: =LEFT(I34, LEN(I34) - LEN(K34)) -> セララ錠50mg | K34: {=_xlfn.LET( _xlpm.s, SUBSTITUTE(SUBSTITUTE(I34," ","")," ",""), _xlpm.dic, SUBSTITUTE(SUBSTITUTE(メーカー!$A$1:$A$100," ","")," ",""), _xlpm.pos, MATCH(TRUE, RIGHT(_xlpm.s, LEN(_xlpm.dic)) = _xlpm.dic, 0), INDEX(メーカー!$A$1:$A$100, _xlpm.pos) )} -> ヴィアトリス製薬 | L34: {=INDEX(_xlfn.FILTERXML("<t><s>" & SUBSTITUTE(MID(C34,23,999)," ","</s><s>") & "</s></t>","//s[number(.)=number(.)]"),1)} -> 1 | M34: {=INDEX( _xlfn.FILTERXML("<t><s>" & SUBSTITUTE(MID(C34, 22 + LEN(I34) + 1, 999), " ", "</s><s>") & "</s></t>", "//s[number(.)=number(.)]"), 2 )} -> 30 | N34: {=_xlfn.REGEXEXTRACT(C34, "\d{2}:\d{2}:\d{2}")} -> 08:54:48 | O34: =TRIM(SUBSTITUTE(_xlfn.TEXTAFTER(C34, " " & N34 & " "), F34 & " " & D34 & " " & E34, "")) -> 50mg/錠 PTP 10錠×10 | P34: =TRIM(LEFT(_xlfn.TEXTAFTER(C34, I34 & " "), FIND(" ", _xlfn.TEXTAFTER(C34, I34 & " "))-1)) -> 1
B35: =B34+20 -> 136 | C35: =_xlfn.CONCAT(OFFSET(元!$B$10,'1行'!B35,0)," ",OFFSET(元!$B$12,'1行'!B35,0)) -> 2026/03/25 2026/04/01 オルメテックOD錠10mg 第一三共 1 31 08:54:48 10mg/錠 PTP 10錠×10 4987081103119 1 0 | D35: {=INDEX(_xlfn.FILTERXML("<t><s>" & SUBSTITUTE(C35," ","</s><s>") & "</s></t>","//s[number(.)=number(.)]"), COUNT(_xlfn.FILTERXML("<t><s>" & SUBSTITUTE(C35," ","</s><s>") & "</s></t>","//s[number(.)=number(.)]"))-1)} -> 1 | E35: {=INDEX(_xlfn.FILTERXML("<t><s>" & SUBSTITUTE(C35," ","</s><s>") & "</s></t>","//s[number(.)=number(.)]"), COUNT(_xlfn.FILTERXML("<t><s>" & SUBSTITUTE(C35," ","</s><s>") & "</s></t>","//s[number(.)=number(.)]")))} -> 0 | F35: =TRIM(RIGHT(SUBSTITUTE(C35," "&D35&" "&E35,""),13)) -> 4987081103119 | G35: =LEFT(C35,10) -> 2026/03/25 | H35: =MID(C35,12,10) -> 2026/04/01 | I35: =_xlfn.LET( _xlpm.s, _xlfn.TEXTAFTER(C35, " " & H35 & " "), TRIM(_xlfn.TEXTBEFORE(_xlpm.s, " " & L35 & " ")) ) -> オルメテックOD錠10mg 第一三共 | J35: =LEFT(I35, LEN(I35) - LEN(K35)) -> オルメテックOD錠10mg | K35: {=_xlfn.LET( _xlpm.s, SUBSTITUTE(SUBSTITUTE(I35," ","")," ",""), _xlpm.dic, SUBSTITUTE(SUBSTITUTE(メーカー!$A$1:$A$100," ","")," ",""), _xlpm.pos, MATCH(TRUE, RIGHT(_xlpm.s, LEN(_xlpm.dic)) = _xlpm.dic, 0), INDEX(メーカー!$A$1:$A$100, _xlpm.pos) )} -> 第一三共 | L35: {=INDEX(_xlfn.FILTERXML("<t><s>" & SUBSTITUTE(MID(C35,23,999)," ","</s><s>") & "</s></t>","//s[number(.)=number(.)]"),1)} -> 1 | M35: {=INDEX( _xlfn.FILTERXML("<t><s>" & SUBSTITUTE(MID(C35, 22 + LEN(I35) + 1, 999), " ", "</s><s>") & "</s></t>", "//s[number(.)=number(.)]"), 2 )} -> 31 | N35: {=_xlfn.REGEXEXTRACT(C35, "\d{2}:\d{2}:\d{2}")} -> 08:54:48 | O35: =TRIM(SUBSTITUTE(_xlfn.TEXTAFTER(C35, " " & N35 & " "), F35 & " " & D35 & " " & E35, "")) -> 10mg/錠 PTP 10錠×10 | P35: =TRIM(LEFT(_xlfn.TEXTAFTER(C35, I35 & " "), FIND(" ", _xlfn.TEXTAFTER(C35, I35 & " "))-1)) -> 1
B36: =B35+4 -> 140 | C36: =_xlfn.CONCAT(OFFSET(元!$B$10,'1行'!B36,0)," ",OFFSET(元!$B$12,'1行'!B36,0)) -> 2026/03/25 2026/04/01 ビプレッソ徐放錠150mg 共和薬品工業 1 32 08:54:48 150mg/錠 PTP 10錠×10 4987058784280 1 0 | D36: {=INDEX(_xlfn.FILTERXML("<t><s>" & SUBSTITUTE(C36," ","</s><s>") & "</s></t>","//s[number(.)=number(.)]"), COUNT(_xlfn.FILTERXML("<t><s>" & SUBSTITUTE(C36," ","</s><s>") & "</s></t>","//s[number(.)=number(.)]"))-1)} -> 1 | E36: {=INDEX(_xlfn.FILTERXML("<t><s>" & SUBSTITUTE(C36," ","</s><s>") & "</s></t>","//s[number(.)=number(.)]"), COUNT(_xlfn.FILTERXML("<t><s>" & SUBSTITUTE(C36," ","</s><s>") & "</s></t>","//s[number(.)=number(.)]")))} -> 0 | F36: =TRIM(RIGHT(SUBSTITUTE(C36," "&D36&" "&E36,""),13)) -> 4987058784280 | G36: =LEFT(C36,10) -> 2026/03/25 | H36: =MID(C36,12,10) -> 2026/04/01 | I36: =_xlfn.LET( _xlpm.s, _xlfn.TEXTAFTER(C36, " " & H36 & " "), TRIM(_xlfn.TEXTBEFORE(_xlpm.s, " " & L36 & " ")) ) -> ビプレッソ徐放錠150mg 共和薬品工業 | J36: =LEFT(I36, LEN(I36) - LEN(K36)) -> ビプレッソ徐放錠150mg | K36: {=_xlfn.LET( _xlpm.s, SUBSTITUTE(SUBSTITUTE(I36," ","")," ",""), _xlpm.dic, SUBSTITUTE(SUBSTITUTE(メーカー!$A$1:$A$100," ","")," ",""), _xlpm.pos, MATCH(TRUE, RIGHT(_xlpm.s, LEN(_xlpm.dic)) = _xlpm.dic, 0), INDEX(メーカー!$A$1:$A$100, _xlpm.pos) )} -> 共和薬品工業 | L36: {=INDEX(_xlfn.FILTERXML("<t><s>" & SUBSTITUTE(MID(C36,23,999)," ","</s><s>") & "</s></t>","//s[number(.)=number(.)]"),1)} -> 1 | M36: {=INDEX( _xlfn.FILTERXML("<t><s>" & SUBSTITUTE(MID(C36, 22 + LEN(I36) + 1, 999), " ", "</s><s>") & "</s></t>", "//s[number(.)=number(.)]"), 2 )} -> 32 | N36: {=_xlfn.REGEXEXTRACT(C36, "\d{2}:\d{2}:\d{2}")} -> 08:54:48 | O36: =TRIM(SUBSTITUTE(_xlfn.TEXTAFTER(C36, " " & N36 & " "), F36 & " " & D36 & " " & E36, "")) -> 150mg/錠 PTP 10錠×10 | P36: =TRIM(LEFT(_xlfn.TEXTAFTER(C36, I36 & " "), FIND(" ", _xlfn.TEXTAFTER(C36, I36 & " "))-1)) -> 1
B37: =B36+4 -> 144 | C37: =_xlfn.CONCAT(OFFSET(元!$B$10,'1行'!B37,0)," ",OFFSET(元!$B$12,'1行'!B37,0)) -> 2026/03/25 2026/04/01 ビソノテープ2mg トーアエイヨー 1 33 08:54:48 2mg1枚×70袋 (3cm×3cm) 4987142381203 1 0 | D37: {=INDEX(_xlfn.FILTERXML("<t><s>" & SUBSTITUTE(C37," ","</s><s>") & "</s></t>","//s[number(.)=number(.)]"), COUNT(_xlfn.FILTERXML("<t><s>" & SUBSTITUTE(C37," ","</s><s>") & "</s></t>","//s[number(.)=number(.)]"))-1)} -> 1 | E37: {=INDEX(_xlfn.FILTERXML("<t><s>" & SUBSTITUTE(C37," ","</s><s>") & "</s></t>","//s[number(.)=number(.)]"), COUNT(_xlfn.FILTERXML("<t><s>" & SUBSTITUTE(C37," ","</s><s>") & "</s></t>","//s[number(.)=number(.)]")))} -> 0 | F37: =TRIM(RIGHT(SUBSTITUTE(C37," "&D37&" "&E37,""),13)) -> 4987142381203 | G37: =LEFT(C37,10) -> 2026/03/25 | H37: =MID(C37,12,10) -> 2026/04/01 | I37: =_xlfn.LET( _xlpm.s, _xlfn.TEXTAFTER(C37, " " & H37 & " "), TRIM(_xlfn.TEXTBEFORE(_xlpm.s, " " & L37 & " ")) ) -> ビソノテープ2mg トーアエイヨー | J37: =LEFT(I37, LEN(I37) - LEN(K37)) -> ビソノテープ2mg | K37: {=_xlfn.LET( _xlpm.s, SUBSTITUTE(SUBSTITUTE(I37," ","")," ",""), _xlpm.dic, SUBSTITUTE(SUBSTITUTE(メーカー!$A$1:$A$100," ","")," ",""), _xlpm.pos, MATCH(TRUE, RIGHT(_xlpm.s, LEN(_xlpm.dic)) = _xlpm.dic, 0), INDEX(メーカー!$A$1:$A$100, _xlpm.pos) )} -> トーアエイヨー | L37: {=INDEX(_xlfn.FILTERXML("<t><s>" & SUBSTITUTE(MID(C37,23,999)," ","</s><s>") & "</s></t>","//s[number(.)=number(.)]"),1)} -> 1 | M37: {=INDEX( _xlfn.FILTERXML("<t><s>" & SUBSTITUTE(MID(C37, 22 + LEN(I37) + 1, 999), " ", "</s><s>") & "</s></t>", "//s[number(.)=number(.)]"), 2 )} -> 33 | N37: {=_xlfn.REGEXEXTRACT(C37, "\d{2}:\d{2}:\d{2}")} -> 08:54:48 | O37: =TRIM(SUBSTITUTE(_xlfn.TEXTAFTER(C37, " " & N37 & " "), F37 & " " & D37 & " " & E37, "")) -> 2mg1枚×70袋 (3cm×3cm) | P37: =TRIM(LEFT(_xlfn.TEXTAFTER(C37, I37 & " "), FIND(" ", _xlfn.TEXTAFTER(C37, I37 & " "))-1)) -> 1
B38: =B37+4 -> 148 | C38: =_xlfn.CONCAT(OFFSET(元!$B$10,'1行'!B38,0)," ",OFFSET(元!$B$12,'1行'!B38,0)) -> 2026/03/25 2026/04/01 ビソノテープ4mg トーアエイヨー 1 34 08:54:48 4mg1枚×70袋 (4.25cm×4.25cm) 4987142381401 1 0 | D38: {=INDEX(_xlfn.FILTERXML("<t><s>" & SUBSTITUTE(C38," ","</s><s>") & "</s></t>","//s[number(.)=number(.)]"), COUNT(_xlfn.FILTERXML("<t><s>" & SUBSTITUTE(C38," ","</s><s>") & "</s></t>","//s[number(.)=number(.)]"))-1)} -> 1 | E38: {=INDEX(_xlfn.FILTERXML("<t><s>" & SUBSTITUTE(C38," ","</s><s>") & "</s></t>","//s[number(.)=number(.)]"), COUNT(_xlfn.FILTERXML("<t><s>" & SUBSTITUTE(C38," ","</s><s>") & "</s></t>","//s[number(.)=number(.)]")))} -> 0 | F38: =TRIM(RIGHT(SUBSTITUTE(C38," "&D38&" "&E38,""),13)) -> 4987142381401 | G38: =LEFT(C38,10) -> 2026/03/25 | H38: =MID(C38,12,10) -> 2026/04/01 | I38: =_xlfn.LET( _xlpm.s, _xlfn.TEXTAFTER(C38, " " & H38 & " "), TRIM(_xlfn.TEXTBEFORE(_xlpm.s, " " & L38 & " ")) ) -> ビソノテープ4mg トーアエイヨー | J38: =LEFT(I38, LEN(I38) - LEN(K38)) -> ビソノテープ4mg | K38: {=_xlfn.LET( _xlpm.s, SUBSTITUTE(SUBSTITUTE(I38," ","")," ",""), _xlpm.dic, SUBSTITUTE(SUBSTITUTE(メーカー!$A$1:$A$100," ","")," ",""), _xlpm.pos, MATCH(TRUE, RIGHT(_xlpm.s, LEN(_xlpm.dic)) = _xlpm.dic, 0), INDEX(メーカー!$A$1:$A$100, _xlpm.pos) )} -> トーアエイヨー | L38: {=INDEX(_xlfn.FILTERXML("<t><s>" & SUBSTITUTE(MID(C38,23,999)," ","</s><s>") & "</s></t>","//s[number(.)=number(.)]"),1)} -> 1 | M38: {=INDEX( _xlfn.FILTERXML("<t><s>" & SUBSTITUTE(MID(C38, 22 + LEN(I38) + 1, 999), " ", "</s><s>") & "</s></t>", "//s[number(.)=number(.)]"), 2 )} -> 34 | N38: {=_xlfn.REGEXEXTRACT(C38, "\d{2}:\d{2}:\d{2}")} -> 08:54:48 | O38: =TRIM(SUBSTITUTE(_xlfn.TEXTAFTER(C38, " " & N38 & " "), F38 & " " & D38 & " " & E38, "")) -> 4mg1枚×70袋 (4.25cm×4.25cm) | P38: =TRIM(LEFT(_xlfn.TEXTAFTER(C38, I38 & " "), FIND(" ", _xlfn.TEXTAFTER(C38, I38 & " "))-1)) -> 1
B39: =B38+4 -> 152 | C39: =_xlfn.CONCAT(OFFSET(元!$B$10,'1行'!B39,0)," ",OFFSET(元!$B$12,'1行'!B39,0)) -> 2026/03/25 2026/04/01 フルニトラゼパム錠1mg「アメル」共和薬品工業 1 35 08:54:48 1mg/錠 PTP 10錠×100 4987058565117 1 0 | D39: {=INDEX(_xlfn.FILTERXML("<t><s>" & SUBSTITUTE(C39," ","</s><s>") & "</s></t>","//s[number(.)=number(.)]"), COUNT(_xlfn.FILTERXML("<t><s>" & SUBSTITUTE(C39," ","</s><s>") & "</s></t>","//s[number(.)=number(.)]"))-1)} -> 1 | E39: {=INDEX(_xlfn.FILTERXML("<t><s>" & SUBSTITUTE(C39," ","</s><s>") & "</s></t>","//s[number(.)=number(.)]"), COUNT(_xlfn.FILTERXML("<t><s>" & SUBSTITUTE(C39," ","</s><s>") & "</s></t>","//s[number(.)=number(.)]")))} -> 0 | F39: =TRIM(RIGHT(SUBSTITUTE(C39," "&D39&" "&E39,""),13)) -> 4987058565117 | G39: =LEFT(C39,10) -> 2026/03/25 | H39: =MID(C39,12,10) -> 2026/04/01 | I39: =_xlfn.LET( _xlpm.s, _xlfn.TEXTAFTER(C39, " " & H39 & " "), TRIM(_xlfn.TEXTBEFORE(_xlpm.s, " " & L39 & " ")) ) -> フルニトラゼパム錠1mg「アメル」共和薬品工業 | J39: =LEFT(I39, LEN(I39) - LEN(K39)) -> フルニトラゼパム錠1mg「アメル」 | K39: {=_xlfn.LET( _xlpm.s, SUBSTITUTE(SUBSTITUTE(I39," ","")," ",""), _xlpm.dic, SUBSTITUTE(SUBSTITUTE(メーカー!$A$1:$A$100," ","")," ",""), _xlpm.pos, MATCH(TRUE, RIGHT(_xlpm.s, LEN(_xlpm.dic)) = _xlpm.dic, 0), INDEX(メーカー!$A$1:$A$100, _xlpm.pos) )} -> 共和薬品工業 | L39: {=INDEX(_xlfn.FILTERXML("<t><s>" & SUBSTITUTE(MID(C39,23,999)," ","</s><s>") & "</s></t>","//s[number(.)=number(.)]"),1)} -> 1 | M39: {=INDEX( _xlfn.FILTERXML("<t><s>" & SUBSTITUTE(MID(C39, 22 + LEN(I39) + 1, 999), " ", "</s><s>") & "</s></t>", "//s[number(.)=number(.)]"), 2 )} -> 35 | N39: {=_xlfn.REGEXEXTRACT(C39, "\d{2}:\d{2}:\d{2}")} -> 08:54:48 | O39: =TRIM(SUBSTITUTE(_xlfn.TEXTAFTER(C39, " " & N39 & " "), F39 & " " & D39 & " " & E39, "")) -> 1mg/錠 PTP 10錠×100 | P39: =TRIM(LEFT(_xlfn.TEXTAFTER(C39, I39 & " "), FIND(" ", _xlfn.TEXTAFTER(C39, I39 & " "))-1)) -> 1
B40: =B39+4 -> 156 | C40: =_xlfn.CONCAT(OFFSET(元!$B$10,'1行'!B40,0)," ",OFFSET(元!$B$12,'1行'!B40,0)) -> 2026/03/25 2026/04/01 フルニトラゼパム錠2mg「アメル」共和薬品工業 1 36 08:54:48 2mg/錠 PTP 10錠×100 4987058566114 1 0 | D40: {=INDEX(_xlfn.FILTERXML("<t><s>" & SUBSTITUTE(C40," ","</s><s>") & "</s></t>","//s[number(.)=number(.)]"), COUNT(_xlfn.FILTERXML("<t><s>" & SUBSTITUTE(C40," ","</s><s>") & "</s></t>","//s[number(.)=number(.)]"))-1)} -> 1 | E40: {=INDEX(_xlfn.FILTERXML("<t><s>" & SUBSTITUTE(C40," ","</s><s>") & "</s></t>","//s[number(.)=number(.)]"), COUNT(_xlfn.FILTERXML("<t><s>" & SUBSTITUTE(C40," ","</s><s>") & "</s></t>","//s[number(.)=number(.)]")))} -> 0 | F40: =TRIM(RIGHT(SUBSTITUTE(C40," "&D40&" "&E40,""),13)) -> 4987058566114 | G40: =LEFT(C40,10) -> 2026/03/25 | H40: =MID(C40,12,10) -> 2026/04/01 | I40: =_xlfn.LET( _xlpm.s, _xlfn.TEXTAFTER(C40, " " & H40 & " "), TRIM(_xlfn.TEXTBEFORE(_xlpm.s, " " & L40 & " ")) ) -> フルニトラゼパム錠2mg「アメル」共和薬品工業 | J40: =LEFT(I40, LEN(I40) - LEN(K40)) -> フルニトラゼパム錠2mg「アメル」 | K40: {=_xlfn.LET( _xlpm.s, SUBSTITUTE(SUBSTITUTE(I40," ","")," ",""), _xlpm.dic, SUBSTITUTE(SUBSTITUTE(メーカー!$A$1:$A$100," ","")," ",""), _xlpm.pos, MATCH(TRUE, RIGHT(_xlpm.s, LEN(_xlpm.dic)) = _xlpm.dic, 0), INDEX(メーカー!$A$1:$A$100, _xlpm.pos) )} -> 共和薬品工業 | L40: {=INDEX(_xlfn.FILTERXML("<t><s>" & SUBSTITUTE(MID(C40,23,999)," ","</s><s>") & "</s></t>","//s[number(.)=number(.)]"),1)} -> 1 | M40: {=INDEX( _xlfn.FILTERXML("<t><s>" & SUBSTITUTE(MID(C40, 22 + LEN(I40) + 1, 999), " ", "</s><s>") & "</s></t>", "//s[number(.)=number(.)]"), 2 )} -> 36 | N40: {=_xlfn.REGEXEXTRACT(C40, "\d{2}:\d{2}:\d{2}")} -> 08:54:48 | O40: =TRIM(SUBSTITUTE(_xlfn.TEXTAFTER(C40, " " & N40 & " "), F40 & " " & D40 & " " & E40, "")) -> 2mg/錠 PTP 10錠×100 | P40: =TRIM(LEFT(_xlfn.TEXTAFTER(C40, I40 & " "), FIND(" ", _xlfn.TEXTAFTER(C40, I40 & " "))-1)) -> 1
B41: =B40+4 -> 160 | C41: =_xlfn.CONCAT(OFFSET(元!$B$10,'1行'!B41,0)," ",OFFSET(元!$B$12,'1行'!B41,0)) -> 2026/03/25 2026/04/01 セレスタミン配合錠高田製薬 1 37 08:54:48 バラ 100錠×1瓶4987120246012 1 0 | D41: {=INDEX(_xlfn.FILTERXML("<t><s>" & SUBSTITUTE(C41," ","</s><s>") & "</s></t>","//s[number(.)=number(.)]"), COUNT(_xlfn.FILTERXML("<t><s>" & SUBSTITUTE(C41," ","</s><s>") & "</s></t>","//s[number(.)=number(.)]"))-1)} -> 1 | E41: {=INDEX(_xlfn.FILTERXML("<t><s>" & SUBSTITUTE(C41," ","</s><s>") & "</s></t>","//s[number(.)=number(.)]"), COUNT(_xlfn.FILTERXML("<t><s>" & SUBSTITUTE(C41," ","</s><s>") & "</s></t>","//s[number(.)=number(.)]")))} -> 0 | F41: =TRIM(RIGHT(SUBSTITUTE(C41," "&D41&" "&E41,""),13)) -> 4987120246012 | G41: =LEFT(C41,10) -> 2026/03/25 | H41: =MID(C41,12,10) -> 2026/04/01 | I41: =_xlfn.LET( _xlpm.s, _xlfn.TEXTAFTER(C41, " " & H41 & " "), TRIM(_xlfn.TEXTBEFORE(_xlpm.s, " " & L41 & " ")) ) -> セレスタミン配合錠高田製薬 | J41: =LEFT(I41, LEN(I41) - LEN(K41)) -> セレスタミン配合錠 | K41: {=_xlfn.LET( _xlpm.s, SUBSTITUTE(SUBSTITUTE(I41," ","")," ",""), _xlpm.dic, SUBSTITUTE(SUBSTITUTE(メーカー!$A$1:$A$100," ","")," ",""), _xlpm.pos, MATCH(TRUE, RIGHT(_xlpm.s, LEN(_xlpm.dic)) = _xlpm.dic, 0), INDEX(メーカー!$A$1:$A$100, _xlpm.pos) )} -> 高田製薬 | L41: {=INDEX(_xlfn.FILTERXML("<t><s>" & SUBSTITUTE(MID(C41,23,999)," ","</s><s>") & "</s></t>","//s[number(.)=number(.)]"),1)} -> 1 | M41: {=INDEX( _xlfn.FILTERXML("<t><s>" & SUBSTITUTE(MID(C41, 22 + LEN(I41) + 1, 999), " ", "</s><s>") & "</s></t>", "//s[number(.)=number(.)]"), 2 )} -> 37 | N41: {=_xlfn.REGEXEXTRACT(C41, "\d{2}:\d{2}:\d{2}")} -> 08:54:48 | O41: =TRIM(SUBSTITUTE(_xlfn.TEXTAFTER(C41, " " & N41 & " "), F41 & " " & D41 & " " & E41, "")) -> バラ 100錠×1瓶 | P41: =TRIM(LEFT(_xlfn.TEXTAFTER(C41, I41 & " "), FIND(" ", _xlfn.TEXTAFTER(C41, I41 & " "))-1)) -> 1
B42: =B41+4 -> 164 | C42: =_xlfn.CONCAT(OFFSET(元!$B$10,'1行'!B42,0)," ",OFFSET(元!$B$12,'1行'!B42,0)) -> 2026/03/25 2026/04/01 フルニトラゼパム錠1mg「アメル」共和薬品工業 1 38 08:54:48 1mg/錠 バラ 1000錠×1瓶4987058565612 1 0 | D42: {=INDEX(_xlfn.FILTERXML("<t><s>" & SUBSTITUTE(C42," ","</s><s>") & "</s></t>","//s[number(.)=number(.)]"), COUNT(_xlfn.FILTERXML("<t><s>" & SUBSTITUTE(C42," ","</s><s>") & "</s></t>","//s[number(.)=number(.)]"))-1)} -> 1 | E42: {=INDEX(_xlfn.FILTERXML("<t><s>" & SUBSTITUTE(C42," ","</s><s>") & "</s></t>","//s[number(.)=number(.)]"), COUNT(_xlfn.FILTERXML("<t><s>" & SUBSTITUTE(C42," ","</s><s>") & "</s></t>","//s[number(.)=number(.)]")))} -> 0 | F42: =TRIM(RIGHT(SUBSTITUTE(C42," "&D42&" "&E42,""),13)) -> 4987058565612 | G42: =LEFT(C42,10) -> 2026/03/25 | H42: =MID(C42,12,10) -> 2026/04/01 | I42: =_xlfn.LET( _xlpm.s, _xlfn.TEXTAFTER(C42, " " & H42 & " "), TRIM(_xlfn.TEXTBEFORE(_xlpm.s, " " & L42 & " ")) ) -> フルニトラゼパム錠1mg「アメル」共和薬品工業 | J42: =LEFT(I42, LEN(I42) - LEN(K42)) -> フルニトラゼパム錠1mg「アメル」 | K42: {=_xlfn.LET( _xlpm.s, SUBSTITUTE(SUBSTITUTE(I42," ","")," ",""), _xlpm.dic, SUBSTITUTE(SUBSTITUTE(メーカー!$A$1:$A$100," ","")," ",""), _xlpm.pos, MATCH(TRUE, RIGHT(_xlpm.s, LEN(_xlpm.dic)) = _xlpm.dic, 0), INDEX(メーカー!$A$1:$A$100, _xlpm.pos) )} -> 共和薬品工業 | L42: {=INDEX(_xlfn.FILTERXML("<t><s>" & SUBSTITUTE(MID(C42,23,999)," ","</s><s>") & "</s></t>","//s[number(.)=number(.)]"),1)} -> 1 | M42: {=INDEX( _xlfn.FILTERXML("<t><s>" & SUBSTITUTE(MID(C42, 22 + LEN(I42) + 1, 999), " ", "</s><s>") & "</s></t>", "//s[number(.)=number(.)]"), 2 )} -> 38 | N42: {=_xlfn.REGEXEXTRACT(C42, "\d{2}:\d{2}:\d{2}")} -> 08:54:48 | O42: =TRIM(SUBSTITUTE(_xlfn.TEXTAFTER(C42, " " & N42 & " "), F42 & " " & D42 & " " & E42, "")) -> 1mg/錠 バラ 1000錠×1瓶 | P42: =TRIM(LEFT(_xlfn.TEXTAFTER(C42, I42 & " "), FIND(" ", _xlfn.TEXTAFTER(C42, I42 & " "))-1)) -> 1
B43: =B42+4 -> 168 | C43: =_xlfn.CONCAT(OFFSET(元!$B$10,'1行'!B43,0)," ",OFFSET(元!$B$12,'1行'!B43,0)) -> 2026/03/25 2026/04/01 フルニトラゼパム錠2mg「アメル」共和薬品工業 1 39 08:54:48 2mg/錠 バラ 1000錠×1瓶4987058566619 1 0 | D43: {=INDEX(_xlfn.FILTERXML("<t><s>" & SUBSTITUTE(C43," ","</s><s>") & "</s></t>","//s[number(.)=number(.)]"), COUNT(_xlfn.FILTERXML("<t><s>" & SUBSTITUTE(C43," ","</s><s>") & "</s></t>","//s[number(.)=number(.)]"))-1)} -> 1 | E43: {=INDEX(_xlfn.FILTERXML("<t><s>" & SUBSTITUTE(C43," ","</s><s>") & "</s></t>","//s[number(.)=number(.)]"), COUNT(_xlfn.FILTERXML("<t><s>" & SUBSTITUTE(C43," ","</s><s>") & "</s></t>","//s[number(.)=number(.)]")))} -> 0 | F43: =TRIM(RIGHT(SUBSTITUTE(C43," "&D43&" "&E43,""),13)) -> 4987058566619 | G43: =LEFT(C43,10) -> 2026/03/25 | H43: =MID(C43,12,10) -> 2026/04/01 | I43: =_xlfn.LET( _xlpm.s, _xlfn.TEXTAFTER(C43, " " & H43 & " "), TRIM(_xlfn.TEXTBEFORE(_xlpm.s, " " & L43 & " ")) ) -> フルニトラゼパム錠2mg「アメル」共和薬品工業 | J43: =LEFT(I43, LEN(I43) - LEN(K43)) -> フルニトラゼパム錠2mg「アメル」 | K43: {=_xlfn.LET( _xlpm.s, SUBSTITUTE(SUBSTITUTE(I43," ","")," ",""), _xlpm.dic, SUBSTITUTE(SUBSTITUTE(メーカー!$A$1:$A$100," ","")," ",""), _xlpm.pos, MATCH(TRUE, RIGHT(_xlpm.s, LEN(_xlpm.dic)) = _xlpm.dic, 0), INDEX(メーカー!$A$1:$A$100, _xlpm.pos) )} -> 共和薬品工業 | L43: {=INDEX(_xlfn.FILTERXML("<t><s>" & SUBSTITUTE(MID(C43,23,999)," ","</s><s>") & "</s></t>","//s[number(.)=number(.)]"),1)} -> 1 | M43: {=INDEX( _xlfn.FILTERXML("<t><s>" & SUBSTITUTE(MID(C43, 22 + LEN(I43) + 1, 999), " ", "</s><s>") & "</s></t>", "//s[number(.)=number(.)]"), 2 )} -> 39 | N43: {=_xlfn.REGEXEXTRACT(C43, "\d{2}:\d{2}:\d{2}")} -> 08:54:48 | O43: =TRIM(SUBSTITUTE(_xlfn.TEXTAFTER(C43, " " & N43 & " "), F43 & " " & D43 & " " & E43, "")) -> 2mg/錠 バラ 1000錠×1瓶 | P43: =TRIM(LEFT(_xlfn.TEXTAFTER(C43, I43 & " "), FIND(" ", _xlfn.TEXTAFTER(C43, I43 & " "))-1)) -> 1
B44: =B43+4 -> 172 | C44: =_xlfn.CONCAT(OFFSET(元!$B$10,'1行'!B44,0)," ",OFFSET(元!$B$12,'1行'!B44,0)) -> 2026/03/25 2026/04/01 クエチアピン錠25mg「アメル」共和薬品工業 2 40 08:54:48 25mg/錠 バラ 1000錠×1瓶4987058193617 2 0 | D44: {=INDEX(_xlfn.FILTERXML("<t><s>" & SUBSTITUTE(C44," ","</s><s>") & "</s></t>","//s[number(.)=number(.)]"), COUNT(_xlfn.FILTERXML("<t><s>" & SUBSTITUTE(C44," ","</s><s>") & "</s></t>","//s[number(.)=number(.)]"))-1)} -> 2 | E44: {=INDEX(_xlfn.FILTERXML("<t><s>" & SUBSTITUTE(C44," ","</s><s>") & "</s></t>","//s[number(.)=number(.)]"), COUNT(_xlfn.FILTERXML("<t><s>" & SUBSTITUTE(C44," ","</s><s>") & "</s></t>","//s[number(.)=number(.)]")))} -> 0 | F44: =TRIM(RIGHT(SUBSTITUTE(C44," "&D44&" "&E44,""),13)) -> 4987058193617 | G44: =LEFT(C44,10) -> 2026/03/25 | H44: =MID(C44,12,10) -> 2026/04/01 | I44: =_xlfn.LET( _xlpm.s, _xlfn.TEXTAFTER(C44, " " & H44 & " "), TRIM(_xlfn.TEXTBEFORE(_xlpm.s, " " & L44 & " ")) ) -> クエチアピン錠25mg「アメル」共和薬品工業 | J44: =LEFT(I44, LEN(I44) - LEN(K44)) -> クエチアピン錠25mg「アメル」 | K44: {=_xlfn.LET( _xlpm.s, SUBSTITUTE(SUBSTITUTE(I44," ","")," ",""), _xlpm.dic, SUBSTITUTE(SUBSTITUTE(メーカー!$A$1:$A$100," ","")," ",""), _xlpm.pos, MATCH(TRUE, RIGHT(_xlpm.s, LEN(_xlpm.dic)) = _xlpm.dic, 0), INDEX(メーカー!$A$1:$A$100, _xlpm.pos) )} -> 共和薬品工業 | L44: {=INDEX(_xlfn.FILTERXML("<t><s>" & SUBSTITUTE(MID(C44,23,999)," ","</s><s>") & "</s></t>","//s[number(.)=number(.)]"),1)} -> 2 | M44: {=INDEX( _xlfn.FILTERXML("<t><s>" & SUBSTITUTE(MID(C44, 22 + LEN(I44) + 1, 999), " ", "</s><s>") & "</s></t>", "//s[number(.)=number(.)]"), 2 )} -> 40 | N44: {=_xlfn.REGEXEXTRACT(C44, "\d{2}:\d{2}:\d{2}")} -> 08:54:48 | O44: =TRIM(SUBSTITUTE(_xlfn.TEXTAFTER(C44, " " & N44 & " "), F44 & " " & D44 & " " & E44, "")) -> 25mg/錠 バラ 1000錠×1瓶 | P44: =TRIM(LEFT(_xlfn.TEXTAFTER(C44, I44 & " "), FIND(" ", _xlfn.TEXTAFTER(C44, I44 & " "))-1)) -> 2
B45: =B44+4 -> 176 | C45: =_xlfn.CONCAT(OFFSET(元!$B$10,'1行'!B45,0)," ",OFFSET(元!$B$12,'1行'!B45,0)) -> 2026/03/25 2026/04/01 デパケンR錠200mg 日医工 1 41 08:54:48 200mg/錠 バラ 1000錠×1瓶4987376850223 1 0 | D45: {=INDEX(_xlfn.FILTERXML("<t><s>" & SUBSTITUTE(C45," ","</s><s>") & "</s></t>","//s[number(.)=number(.)]"), COUNT(_xlfn.FILTERXML("<t><s>" & SUBSTITUTE(C45," ","</s><s>") & "</s></t>","//s[number(.)=number(.)]"))-1)} -> 1 | E45: {=INDEX(_xlfn.FILTERXML("<t><s>" & SUBSTITUTE(C45," ","</s><s>") & "</s></t>","//s[number(.)=number(.)]"), COUNT(_xlfn.FILTERXML("<t><s>" & SUBSTITUTE(C45," ","</s><s>") & "</s></t>","//s[number(.)=number(.)]")))} -> 0 | F45: =TRIM(RIGHT(SUBSTITUTE(C45," "&D45&" "&E45,""),13)) -> 4987376850223 | G45: =LEFT(C45,10) -> 2026/03/25 | H45: =MID(C45,12,10) -> 2026/04/01 | I45: =_xlfn.LET( _xlpm.s, _xlfn.TEXTAFTER(C45, " " & H45 & " "), TRIM(_xlfn.TEXTBEFORE(_xlpm.s, " " & L45 & " ")) ) -> デパケンR錠200mg 日医工 | J45: =LEFT(I45, LEN(I45) - LEN(K45)) -> デパケンR錠200mg | K45: {=_xlfn.LET( _xlpm.s, SUBSTITUTE(SUBSTITUTE(I45," ","")," ",""), _xlpm.dic, SUBSTITUTE(SUBSTITUTE(メーカー!$A$1:$A$100," ","")," ",""), _xlpm.pos, MATCH(TRUE, RIGHT(_xlpm.s, LEN(_xlpm.dic)) = _xlpm.dic, 0), INDEX(メーカー!$A$1:$A$100, _xlpm.pos) )} -> 日医工 | L45: {=INDEX(_xlfn.FILTERXML("<t><s>" & SUBSTITUTE(MID(C45,23,999)," ","</s><s>") & "</s></t>","//s[number(.)=number(.)]"),1)} -> 1 | M45: {=INDEX( _xlfn.FILTERXML("<t><s>" & SUBSTITUTE(MID(C45, 22 + LEN(I45) + 1, 999), " ", "</s><s>") & "</s></t>", "//s[number(.)=number(.)]"), 2 )} -> 41 | N45: {=_xlfn.REGEXEXTRACT(C45, "\d{2}:\d{2}:\d{2}")} -> 08:54:48 | O45: =TRIM(SUBSTITUTE(_xlfn.TEXTAFTER(C45, " " & N45 & " "), F45 & " " & D45 & " " & E45, "")) -> 200mg/錠 バラ 1000錠×1瓶 | P45: =TRIM(LEFT(_xlfn.TEXTAFTER(C45, I45 & " "), FIND(" ", _xlfn.TEXTAFTER(C45, I45 & " "))-1)) -> 1
B46: =B45+4 -> 180 | C46: =_xlfn.CONCAT(OFFSET(元!$B$10,'1行'!B46,0)," ",OFFSET(元!$B$12,'1行'!B46,0)) -> 2026/03/25 2026/04/01 イベニティ皮下注105mgシリンジアステラス製薬 5 42 08:54:48 105mg1.17mL1筒×2筒4987233105220 5 0 | D46: {=INDEX(_xlfn.FILTERXML("<t><s>" & SUBSTITUTE(C46," ","</s><s>") & "</s></t>","//s[number(.)=number(.)]"), COUNT(_xlfn.FILTERXML("<t><s>" & SUBSTITUTE(C46," ","</s><s>") & "</s></t>","//s[number(.)=number(.)]"))-1)} -> 5 | E46: {=INDEX(_xlfn.FILTERXML("<t><s>" & SUBSTITUTE(C46," ","</s><s>") & "</s></t>","//s[number(.)=number(.)]"), COUNT(_xlfn.FILTERXML("<t><s>" & SUBSTITUTE(C46," ","</s><s>") & "</s></t>","//s[number(.)=number(.)]")))} -> 0 | F46: =TRIM(RIGHT(SUBSTITUTE(C46," "&D46&" "&E46,""),13)) -> 4987233105220 | G46: =LEFT(C46,10) -> 2026/03/25 | H46: =MID(C46,12,10) -> 2026/04/01 | I46: =_xlfn.LET( _xlpm.s, _xlfn.TEXTAFTER(C46, " " & H46 & " "), TRIM(_xlfn.TEXTBEFORE(_xlpm.s, " " & L46 & " ")) ) -> イベニティ皮下注105mgシリンジアステラス製薬 | J46: =LEFT(I46, LEN(I46) - LEN(K46)) -> イベニティ皮下注105mgシリンジ | K46: {=_xlfn.LET( _xlpm.s, SUBSTITUTE(SUBSTITUTE(I46," ","")," ",""), _xlpm.dic, SUBSTITUTE(SUBSTITUTE(メーカー!$A$1:$A$100," ","")," ",""), _xlpm.pos, MATCH(TRUE, RIGHT(_xlpm.s, LEN(_xlpm.dic)) = _xlpm.dic, 0), INDEX(メーカー!$A$1:$A$100, _xlpm.pos) )} -> アステラス製薬 | L46: {=INDEX(_xlfn.FILTERXML("<t><s>" & SUBSTITUTE(MID(C46,23,999)," ","</s><s>") & "</s></t>","//s[number(.)=number(.)]"),1)} -> 5 | M46: {=INDEX( _xlfn.FILTERXML("<t><s>" & SUBSTITUTE(MID(C46, 22 + LEN(I46) + 1, 999), " ", "</s><s>") & "</s></t>", "//s[number(.)=number(.)]"), 2 )} -> 42 | N46: {=_xlfn.REGEXEXTRACT(C46, "\d{2}:\d{2}:\d{2}")} -> 08:54:48 | O46: =TRIM(SUBSTITUTE(_xlfn.TEXTAFTER(C46, " " & N46 & " "), F46 & " " & D46 & " " & E46, "")) -> 105mg1.17mL1筒×2筒 | P46: =TRIM(LEFT(_xlfn.TEXTAFTER(C46, I46 & " "), FIND(" ", _xlfn.TEXTAFTER(C46, I46 & " "))-1)) -> 5
B47: =B46+4 -> 184 | C47: =_xlfn.CONCAT(OFFSET(元!$B$10,'1行'!B47,0)," ",OFFSET(元!$B$12,'1行'!B47,0)) -> 2026/03/25 2026/04/01 プレガバリンOD錠75mg「サワイ」沢井製薬 1 43 08:54:48 75mg/錠 PTP 10錠×10 4987080471714 1 0 | D47: {=INDEX(_xlfn.FILTERXML("<t><s>" & SUBSTITUTE(C47," ","</s><s>") & "</s></t>","//s[number(.)=number(.)]"), COUNT(_xlfn.FILTERXML("<t><s>" & SUBSTITUTE(C47," ","</s><s>") & "</s></t>","//s[number(.)=number(.)]"))-1)} -> 1 | E47: {=INDEX(_xlfn.FILTERXML("<t><s>" & SUBSTITUTE(C47," ","</s><s>") & "</s></t>","//s[number(.)=number(.)]"), COUNT(_xlfn.FILTERXML("<t><s>" & SUBSTITUTE(C47," ","</s><s>") & "</s></t>","//s[number(.)=number(.)]")))} -> 0 | F47: =TRIM(RIGHT(SUBSTITUTE(C47," "&D47&" "&E47,""),13)) -> 4987080471714 | G47: =LEFT(C47,10) -> 2026/03/25 | H47: =MID(C47,12,10) -> 2026/04/01 | I47: =_xlfn.LET( _xlpm.s, _xlfn.TEXTAFTER(C47, " " & H47 & " "), TRIM(_xlfn.TEXTBEFORE(_xlpm.s, " " & L47 & " ")) ) -> プレガバリンOD錠75mg「サワイ」沢井製薬 | J47: =LEFT(I47, LEN(I47) - LEN(K47)) -> プレガバリンOD錠75mg「サワイ」 | K47: {=_xlfn.LET( _xlpm.s, SUBSTITUTE(SUBSTITUTE(I47," ","")," ",""), _xlpm.dic, SUBSTITUTE(SUBSTITUTE(メーカー!$A$1:$A$100," ","")," ",""), _xlpm.pos, MATCH(TRUE, RIGHT(_xlpm.s, LEN(_xlpm.dic)) = _xlpm.dic, 0), INDEX(メーカー!$A$1:$A$100, _xlpm.pos) )} -> 沢井製薬 | L47: {=INDEX(_xlfn.FILTERXML("<t><s>" & SUBSTITUTE(MID(C47,23,999)," ","</s><s>") & "</s></t>","//s[number(.)=number(.)]"),1)} -> 1 | M47: {=INDEX( _xlfn.FILTERXML("<t><s>" & SUBSTITUTE(MID(C47, 22 + LEN(I47) + 1, 999), " ", "</s><s>") & "</s></t>", "//s[number(.)=number(.)]"), 2 )} -> 43 | N47: {=_xlfn.REGEXEXTRACT(C47, "\d{2}:\d{2}:\d{2}")} -> 08:54:48 | O47: =TRIM(SUBSTITUTE(_xlfn.TEXTAFTER(C47, " " & N47 & " "), F47 & " " & D47 & " " & E47, "")) -> 75mg/錠 PTP 10錠×10 | P47: =TRIM(LEFT(_xlfn.TEXTAFTER(C47, I47 & " "), FIND(" ", _xlfn.TEXTAFTER(C47, I47 & " "))-1)) -> 1
... B57: =B56+4 -> 224 | C57: =_xlfn.CONCAT(OFFSET(元!$B$10,'1行'!B57,0)," ",OFFSET(元!$B$12,'1行'!B57,0)) -> 2026/03/25 2026/04/01 ゼプリオン水懸筋注100mgシリンジ住友ファーマ 1 53 08:54:48 100mg1キット×1キット4987116011150 1 0 | D57: {=INDEX(_xlfn.FILTERXML("<t><s>" & SUBSTITUTE(C57," ","</s><s>") & "</s></t>","//s[number(.)=number(.)]"), COUNT(_xlfn.FILTERXML("<t><s>" & SUBSTITUTE(C57," ","</s><s>") & "</s></t>","//s[number(.)=number(.)]"))-1)} -> 1 | E57: {=INDEX(_xlfn.FILTERXML("<t><s>" & SUBSTITUTE(C57," ","</s><s>") & "</s></t>","//s[number(.)=number(.)]"), COUNT(_xlfn.FILTERXML("<t><s>" & SUBSTITUTE(C57," ","</s><s>") & "</s></t>","//s[number(.)=number(.)]")))} -> 0 | F57: =TRIM(RIGHT(SUBSTITUTE(C57," "&D57&" "&E57,""),13)) -> 4987116011150 | G57: =LEFT(C57,10) -> 2026/03/25 | H57: =MID(C57,12,10) -> 2026/04/01 | I57: =_xlfn.LET( _xlpm.s, _xlfn.TEXTAFTER(C57, " " & H57 & " "), TRIM(_xlfn.TEXTBEFORE(_xlpm.s, " " & L57 & " ")) ) -> ゼプリオン水懸筋注100mgシリンジ住友ファーマ | J57: =LEFT(I57, LEN(I57) - LEN(K57)) -> ゼプリオン水懸筋注100mgシリンジ | K57: {=_xlfn.LET( _xlpm.s, SUBSTITUTE(SUBSTITUTE(I57," ","")," ",""), _xlpm.dic, SUBSTITUTE(SUBSTITUTE(メーカー!$A$1:$A$100," ","")," ",""), _xlpm.pos, MATCH(TRUE, RIGHT(_xlpm.s, LEN(_xlpm.dic)) = _xlpm.dic, 0), INDEX(メーカー!$A$1:$A$100, _xlpm.pos) )} -> 住友ファーマ | L57: {=INDEX(_xlfn.FILTERXML("<t><s>" & SUBSTITUTE(MID(C57,23,999)," ","</s><s>") & "</s></t>","//s[number(.)=number(.)]"),1)} -> 1 | M57: {=INDEX( _xlfn.FILTERXML("<t><s>" & SUBSTITUTE(MID(C57, 22 + LEN(I57) + 1, 999), " ", "</s><s>") & "</s></t>", "//s[number(.)=number(.)]"), 2 )} -> 53 | N57: {=_xlfn.REGEXEXTRACT(C57, "\d{2}:\d{2}:\d{2}")} -> 08:54:48 | O57: =TRIM(SUBSTITUTE(_xlfn.TEXTAFTER(C57, " " & N57 & " "), F57 & " " & D57 & " " & E57, "")) -> 100mg1キット×1キット | P57: =TRIM(LEFT(_xlfn.TEXTAFTER(C57, I57 & " "), FIND(" ", _xlfn.TEXTAFTER(C57, I57 & " "))-1)) -> 1
B58: =B57+10 -> 234 | C58: =_xlfn.CONCAT(OFFSET(元!$B$10,'1行'!B58,0)," ",OFFSET(元!$B$12,'1行'!B58,0)) -> 2026/03/26 2026/03/26 モビコール配合内用剤LD 持田製薬 2 1 15:43:55 分包 6.8523g1包×100包4987224143521 2 0 | D58: {=INDEX(_xlfn.FILTERXML("<t><s>" & SUBSTITUTE(C58," ","</s><s>") & "</s></t>","//s[number(.)=number(.)]"), COUNT(_xlfn.FILTERXML("<t><s>" & SUBSTITUTE(C58," ","</s><s>") & "</s></t>","//s[number(.)=number(.)]"))-1)} -> 2 | E58: {=INDEX(_xlfn.FILTERXML("<t><s>" & SUBSTITUTE(C58," ","</s><s>") & "</s></t>","//s[number(.)=number(.)]"), COUNT(_xlfn.FILTERXML("<t><s>" & SUBSTITUTE(C58," ","</s><s>") & "</s></t>","//s[number(.)=number(.)]")))} -> 0 | F58: =TRIM(RIGHT(SUBSTITUTE(C58," "&D58&" "&E58,""),13)) -> 4987224143521 | G58: =LEFT(C58,10) -> 2026/03/26 | H58: =MID(C58,12,10) -> 2026/03/26 | I58: =_xlfn.LET( _xlpm.s, _xlfn.TEXTAFTER(C58, " " & H58 & " "), TRIM(_xlfn.TEXTBEFORE(_xlpm.s, " " & L58 & " ")) ) -> モビコール配合内用剤LD 持田製薬 | J58: =LEFT(I58, LEN(I58) - LEN(K58)) -> モビコール配合内用剤LD | K58: {=_xlfn.LET( _xlpm.s, SUBSTITUTE(SUBSTITUTE(I58," ","")," ",""), _xlpm.dic, SUBSTITUTE(SUBSTITUTE(メーカー!$A$1:$A$100," ","")," ",""), _xlpm.pos, MATCH(TRUE, RIGHT(_xlpm.s, LEN(_xlpm.dic)) = _xlpm.dic, 0), INDEX(メーカー!$A$1:$A$100, _xlpm.pos) )} -> 持田製薬 | L58: {=INDEX(_xlfn.FILTERXML("<t><s>" & SUBSTITUTE(MID(C58,23,999)," ","</s><s>") & "</s></t>","//s[number(.)=number(.)]"),1)} -> 2 | M58: {=INDEX( _xlfn.FILTERXML("<t><s>" & SUBSTITUTE(MID(C58, 22 + LEN(I58) + 1, 999), " ", "</s><s>") & "</s></t>", "//s[number(.)=number(.)]"), 2 )} -> 1 | N58: {=_xlfn.REGEXEXTRACT(C58, "\d{2}:\d{2}:\d{2}")} -> 15:43:55 | O58: =TRIM(SUBSTITUTE(_xlfn.TEXTAFTER(C58, " " & N58 & " "), F58 & " " & D58 & " " & E58, "")) -> 分包 6.8523g1包×100包 | P58: =TRIM(LEFT(_xlfn.TEXTAFTER(C58, I58 & " "), FIND(" ", _xlfn.TEXTAFTER(C58, I58 & " "))-1)) -> 2
B59: =B58+4 -> 238 | C59: =_xlfn.CONCAT(OFFSET(元!$B$10,'1行'!B59,0)," ",OFFSET(元!$B$12,'1行'!B59,0)) -> 2026/03/26 2026/03/26 ツムラ抑肝散エキス顆粒(医療用) ツムラ 2 2 15:43:55 分包 2.5g×189包4987138805430 2 0 | D59: {=INDEX(_xlfn.FILTERXML("<t><s>" & SUBSTITUTE(C59," ","</s><s>") & "</s></t>","//s[number(.)=number(.)]"), COUNT(_xlfn.FILTERXML("<t><s>" & SUBSTITUTE(C59," ","</s><s>") & "</s></t>","//s[number(.)=number(.)]"))-1)} -> 2 | E59: {=INDEX(_xlfn.FILTERXML("<t><s>" & SUBSTITUTE(C59," ","</s><s>") & "</s></t>","//s[number(.)=number(.)]"), COUNT(_xlfn.FILTERXML("<t><s>" & SUBSTITUTE(C59," ","</s><s>") & "</s></t>","//s[number(.)=number(.)]")))} -> 0 | F59: =TRIM(RIGHT(SUBSTITUTE(C59," "&D59&" "&E59,""),13)) -> 4987138805430 | G59: =LEFT(C59,10) -> 2026/03/26 | H59: =MID(C59,12,10) -> 2026/03/26 | I59: =_xlfn.LET( _xlpm.s, _xlfn.TEXTAFTER(C59, " " & H59 & " "), TRIM(_xlfn.TEXTBEFORE(_xlpm.s, " " & L59 & " ")) ) -> ツムラ抑肝散エキス顆粒(医療用) ツムラ | J59: =LEFT(I59, LEN(I59) - LEN(K59)) -> ツムラ抑肝散エキス顆粒(医療用) | K59: {=_xlfn.LET( _xlpm.s, SUBSTITUTE(SUBSTITUTE(I59," ","")," ",""), _xlpm.dic, SUBSTITUTE(SUBSTITUTE(メーカー!$A$1:$A$100," ","")," ",""), _xlpm.pos, MATCH(TRUE, RIGHT(_xlpm.s, LEN(_xlpm.dic)) = _xlpm.dic, 0), INDEX(メーカー!$A$1:$A$100, _xlpm.pos) )} -> ツムラ | L59: {=INDEX(_xlfn.FILTERXML("<t><s>" & SUBSTITUTE(MID(C59,23,999)," ","</s><s>") & "</s></t>","//s[number(.)=number(.)]"),1)} -> 2 | M59: {=INDEX( _xlfn.FILTERXML("<t><s>" & SUBSTITUTE(MID(C59, 22 + LEN(I59) + 1, 999), " ", "</s><s>") & "</s></t>", "//s[number(.)=number(.)]"), 2 )} -> 2 | N59: {=_xlfn.REGEXEXTRACT(C59, "\d{2}:\d{2}:\d{2}")} -> 15:43:55 | O59: =TRIM(SUBSTITUTE(_xlfn.TEXTAFTER(C59, " " & N59 & " "), F59 & " " & D59 & " " & E59, "")) -> 分包 2.5g×189包 | P59: =TRIM(LEFT(_xlfn.TEXTAFTER(C59, I59 & " "), FIND(" ", _xlfn.TEXTAFTER(C59, I59 & " "))-1)) -> 2
B60: =B59+4 -> 242 | C60: =_xlfn.CONCAT(OFFSET(元!$B$10,'1行'!B60,0)," ",OFFSET(元!$B$12,'1行'!B60,0)) -> 2026/03/26 2026/03/26 ソルデム1輸液 200ｍｌ テルモ 2 3 15:43:55 200mL×30袋4987350088710 2 0 | D60: {=INDEX(_xlfn.FILTERXML("<t><s>" & SUBSTITUTE(C60," ","</s><s>") & "</s></t>","//s[number(.)=number(.)]"), COUNT(_xlfn.FILTERXML("<t><s>" & SUBSTITUTE(C60," ","</s><s>") & "</s></t>","//s[number(.)=number(.)]"))-1)} -> 2 | E60: {=INDEX(_xlfn.FILTERXML("<t><s>" & SUBSTITUTE(C60," ","</s><s>") & "</s></t>","//s[number(.)=number(.)]"), COUNT(_xlfn.FILTERXML("<t><s>" & SUBSTITUTE(C60," ","</s><s>") & "</s></t>","//s[number(.)=number(.)]")))} -> 0 | F60: =TRIM(RIGHT(SUBSTITUTE(C60," "&D60&" "&E60,""),13)) -> 4987350088710 | G60: =LEFT(C60,10) -> 2026/03/26 | H60: =MID(C60,12,10) -> 2026/03/26 | I60: =_xlfn.LET( _xlpm.s, _xlfn.TEXTAFTER(C60, " " & H60 & " "), TRIM(_xlfn.TEXTBEFORE(_xlpm.s, " " & L60 & " ")) ) -> ソルデム1輸液 200ｍｌ テルモ | J60: =LEFT(I60, LEN(I60) - LEN(K60)) -> ソルデム1輸液 200ｍｌ | K60: {=_xlfn.LET( _xlpm.s, SUBSTITUTE(SUBSTITUTE(I60," ","")," ",""), _xlpm.dic, SUBSTITUTE(SUBSTITUTE(メーカー!$A$1:$A$100," ","")," ",""), _xlpm.pos, MATCH(TRUE, RIGHT(_xlpm.s, LEN(_xlpm.dic)) = _xlpm.dic, 0), INDEX(メーカー!$A$1:$A$100, _xlpm.pos) )} -> テルモ | L60: {=INDEX(_xlfn.FILTERXML("<t><s>" & SUBSTITUTE(MID(C60,23,999)," ","</s><s>") & "</s></t>","//s[number(.)=number(.)]"),1)} -> 2 | M60: {=INDEX( _xlfn.FILTERXML("<t><s>" & SUBSTITUTE(MID(C60, 22 + LEN(I60) + 1, 999), " ", "</s><s>") & "</s></t>", "//s[number(.)=number(.)]"), 2 )} -> 3 | N60: {=_xlfn.REGEXEXTRACT(C60, "\d{2}:\d{2}:\d{2}")} -> 15:43:55 | O60: =TRIM(SUBSTITUTE(_xlfn.TEXTAFTER(C60, " " & N60 & " "), F60 & " " & D60 & " " & E60, "")) -> 200mL×30袋 | P60: =TRIM(LEFT(_xlfn.TEXTAFTER(C60, I60 & " "), FIND(" ", _xlfn.TEXTAFTER(C60, I60 & " "))-1)) -> 2
B61: =B60+4 -> 246 | C61: =_xlfn.CONCAT(OFFSET(元!$B$10,'1行'!B61,0)," ",OFFSET(元!$B$12,'1行'!B61,0)) -> 2026/03/26 2026/03/26 ラスビック点滴静注キット150mg 杏林製薬 3 4 15:43:55 150mg1キット×1キット (76mL専用希釈液(注入針入り支持筒付容器付)) 4987060008909 3 0 | D61: {=INDEX(_xlfn.FILTERXML("<t><s>" & SUBSTITUTE(C61," ","</s><s>") & "</s></t>","//s[number(.)=number(.)]"), COUNT(_xlfn.FILTERXML("<t><s>" & SUBSTITUTE(C61," ","</s><s>") & "</s></t>","//s[number(.)=number(.)]"))-1)} -> 3 | E61: {=INDEX(_xlfn.FILTERXML("<t><s>" & SUBSTITUTE(C61," ","</s><s>") & "</s></t>","//s[number(.)=number(.)]"), COUNT(_xlfn.FILTERXML("<t><s>" & SUBSTITUTE(C61," ","</s><s>") & "</s></t>","//s[number(.)=number(.)]")))} -> 0 | F61: =TRIM(RIGHT(SUBSTITUTE(C61," "&D61&" "&E61,""),13)) -> 4987060008909 | G61: =LEFT(C61,10) -> 2026/03/26 | H61: =MID(C61,12,10) -> 2026/03/26 | I61: =_xlfn.LET( _xlpm.s, _xlfn.TEXTAFTER(C61, " " & H61 & " "), TRIM(_xlfn.TEXTBEFORE(_xlpm.s, " " & L61 & " ")) ) -> ラスビック点滴静注キット150mg 杏林製薬 | J61: =LEFT(I61, LEN(I61) - LEN(K61)) -> ラスビック点滴静注キット150mg | K61: {=_xlfn.LET( _xlpm.s, SUBSTITUTE(SUBSTITUTE(I61," ","")," ",""), _xlpm.dic, SUBSTITUTE(SUBSTITUTE(メーカー!$A$1:$A$100," ","")," ",""), _xlpm.pos, MATCH(TRUE, RIGHT(_xlpm.s, LEN(_xlpm.dic)) = _xlpm.dic, 0), INDEX(メーカー!$A$1:$A$100, _xlpm.pos) )} -> 杏林製薬 | L61: {=INDEX(_xlfn.FILTERXML("<t><s>" & SUBSTITUTE(MID(C61,23,999)," ","</s><s>") & "</s></t>","//s[number(.)=number(.)]"),1)} -> 3 | M61: {=INDEX( _xlfn.FILTERXML("<t><s>" & SUBSTITUTE(MID(C61, 22 + LEN(I61) + 1, 999), " ", "</s><s>") & "</s></t>", "//s[number(.)=number(.)]"), 2 )} -> 4 | N61: {=_xlfn.REGEXEXTRACT(C61, "\d{2}:\d{2}:\d{2}")} -> 15:43:55 | O61: =TRIM(SUBSTITUTE(_xlfn.TEXTAFTER(C61, " " & N61 & " "), F61 & " " & D61 & " " & E61, "")) -> 150mg1キット×1キット (76mL専用希釈液(注入針入り支持筒付容器付)) | P61: =TRIM(LEFT(_xlfn.TEXTAFTER(C61, I61 & " "), FIND(" ", _xlfn.TEXTAFTER(C61, I61 & " "))-1)) -> 3
B62: =B61+20 -> 266 | C62: =_xlfn.CONCAT(OFFSET(元!$B$10,'1行'!B62,0)," ",OFFSET(元!$B$12,'1行'!B62,0)) -> 2026/03/26 2026/03/26 グリセリン浣腸液50%「ムネ」60mL 丸石製薬 12 5 15:43:55 50%60mL1個×10個 (ポリ) 4987211123710 12 0 | D62: {=INDEX(_xlfn.FILTERXML("<t><s>" & SUBSTITUTE(C62," ","</s><s>") & "</s></t>","//s[number(.)=number(.)]"), COUNT(_xlfn.FILTERXML("<t><s>" & SUBSTITUTE(C62," ","</s><s>") & "</s></t>","//s[number(.)=number(.)]"))-1)} -> 12 | E62: {=INDEX(_xlfn.FILTERXML("<t><s>" & SUBSTITUTE(C62," ","</s><s>") & "</s></t>","//s[number(.)=number(.)]"), COUNT(_xlfn.FILTERXML("<t><s>" & SUBSTITUTE(C62," ","</s><s>") & "</s></t>","//s[number(.)=number(.)]")))} -> 0 | F62: =TRIM(RIGHT(SUBSTITUTE(C62," "&D62&" "&E62,""),13)) -> 4987211123710 | G62: =LEFT(C62,10) -> 2026/03/26 | H62: =MID(C62,12,10) -> 2026/03/26 | I62: =_xlfn.LET( _xlpm.s, _xlfn.TEXTAFTER(C62, " " & H62 & " "), TRIM(_xlfn.TEXTBEFORE(_xlpm.s, " " & L62 & " ")) ) -> グリセリン浣腸液50%「ムネ」60mL 丸石製薬 | J62: =LEFT(I62, LEN(I62) - LEN(K62)) -> グリセリン浣腸液50%「ムネ」60mL | K62: {=_xlfn.LET( _xlpm.s, SUBSTITUTE(SUBSTITUTE(I62," ","")," ",""), _xlpm.dic, SUBSTITUTE(SUBSTITUTE(メーカー!$A$1:$A$100," ","")," ",""), _xlpm.pos, MATCH(TRUE, RIGHT(_xlpm.s, LEN(_xlpm.dic)) = _xlpm.dic, 0), INDEX(メーカー!$A$1:$A$100, _xlpm.pos) )} -> 丸石製薬 | L62: {=INDEX(_xlfn.FILTERXML("<t><s>" & SUBSTITUTE(MID(C62,23,999)," ","</s><s>") & "</s></t>","//s[number(.)=number(.)]"),1)} -> 12 | M62: {=INDEX( _xlfn.FILTERXML("<t><s>" & SUBSTITUTE(MID(C62, 22 + LEN(I62) + 1, 999), " ", "</s><s>") & "</s></t>", "//s[number(.)=number(.)]"), 2 )} -> 5 | N62: {=_xlfn.REGEXEXTRACT(C62, "\d{2}:\d{2}:\d{2}")} -> 15:43:55 | O62: =TRIM(SUBSTITUTE(_xlfn.TEXTAFTER(C62, " " & N62 & " "), F62 & " " & D62 & " " & E62, "")) -> 50%60mL1個×10個 (ポリ) | P62: =TRIM(LEFT(_xlfn.TEXTAFTER(C62, I62 & " "), FIND(" ", _xlfn.TEXTAFTER(C62, I62 & " "))-1)) -> 12
B63: =B62+4 -> 270 | C63: =_xlfn.CONCAT(OFFSET(元!$B$10,'1行'!B63,0)," ",OFFSET(元!$B$12,'1行'!B63,0)) -> 2026/03/26 2026/03/26 リクシアナOD錠30mg 第一三共 1 6 15:43:55 30mg/錠 バラ 100錠×1瓶4987081107063 1 0 | D63: {=INDEX(_xlfn.FILTERXML("<t><s>" & SUBSTITUTE(C63," ","</s><s>") & "</s></t>","//s[number(.)=number(.)]"), COUNT(_xlfn.FILTERXML("<t><s>" & SUBSTITUTE(C63," ","</s><s>") & "</s></t>","//s[number(.)=number(.)]"))-1)} -> 1 | E63: {=INDEX(_xlfn.FILTERXML("<t><s>" & SUBSTITUTE(C63," ","</s><s>") & "</s></t>","//s[number(.)=number(.)]"), COUNT(_xlfn.FILTERXML("<t><s>" & SUBSTITUTE(C63," ","</s><s>") & "</s></t>","//s[number(.)=number(.)]")))} -> 0 | F63: =TRIM(RIGHT(SUBSTITUTE(C63," "&D63&" "&E63,""),13)) -> 4987081107063 | G63: =LEFT(C63,10) -> 2026/03/26 | H63: =MID(C63,12,10) -> 2026/03/26 | I63: =_xlfn.LET( _xlpm.s, _xlfn.TEXTAFTER(C63, " " & H63 & " "), TRIM(_xlfn.TEXTBEFORE(_xlpm.s, " " & L63 & " ")) ) -> リクシアナOD錠30mg 第一三共 | J63: =LEFT(I63, LEN(I63) - LEN(K63)) -> リクシアナOD錠30mg | K63: {=_xlfn.LET( _xlpm.s, SUBSTITUTE(SUBSTITUTE(I63," ","")," ",""), _xlpm.dic, SUBSTITUTE(SUBSTITUTE(メーカー!$A$1:$A$100," ","")," ",""), _xlpm.pos, MATCH(TRUE, RIGHT(_xlpm.s, LEN(_xlpm.dic)) = _xlpm.dic, 0), INDEX(メーカー!$A$1:$A$100, _xlpm.pos) )} -> 第一三共 | L63: {=INDEX(_xlfn.FILTERXML("<t><s>" & SUBSTITUTE(MID(C63,23,999)," ","</s><s>") & "</s></t>","//s[number(.)=number(.)]"),1)} -> 1 | M63: {=INDEX( _xlfn.FILTERXML("<t><s>" & SUBSTITUTE(MID(C63, 22 + LEN(I63) + 1, 999), " ", "</s><s>") & "</s></t>", "//s[number(.)=number(.)]"), 2 )} -> 6 | N63: {=_xlfn.REGEXEXTRACT(C63, "\d{2}:\d{2}:\d{2}")} -> 15:43:55 | O63: =TRIM(SUBSTITUTE(_xlfn.TEXTAFTER(C63, " " & N63 & " "), F63 & " " & D63 & " " & E63, "")) -> 30mg/錠 バラ 100錠×1瓶 | P63: =TRIM(LEFT(_xlfn.TEXTAFTER(C63, I63 & " "), FIND(" ", _xlfn.TEXTAFTER(C63, I63 & " "))-1)) -> 1
B64: =B63+4 -> 274 | C64: =_xlfn.CONCAT(OFFSET(元!$B$10,'1行'!B64,0)," ",OFFSET(元!$B$12,'1行'!B64,0)) -> 2026/03/25 2026/04/01 ツムラ八味地黄丸エキス顆粒(医療用) ツムラ 1 7 08:54:48 分包 2.5g×189包4987138800732 1 0 | D64: {=INDEX(_xlfn.FILTERXML("<t><s>" & SUBSTITUTE(C64," ","</s><s>") & "</s></t>","//s[number(.)=number(.)]"), COUNT(_xlfn.FILTERXML("<t><s>" & SUBSTITUTE(C64," ","</s><s>") & "</s></t>","//s[number(.)=number(.)]"))-1)} -> 1 | E64: {=INDEX(_xlfn.FILTERXML("<t><s>" & SUBSTITUTE(C64," ","</s><s>") & "</s></t>","//s[number(.)=number(.)]"), COUNT(_xlfn.FILTERXML("<t><s>" & SUBSTITUTE(C64," ","</s><s>") & "</s></t>","//s[number(.)=number(.)]")))} -> 0 | F64: =TRIM(RIGHT(SUBSTITUTE(C64," "&D64&" "&E64,""),13)) -> 4987138800732 | G64: =LEFT(C64,10) -> 2026/03/25 | H64: =MID(C64,12,10) -> 2026/04/01 | I64: =_xlfn.LET( _xlpm.s, _xlfn.TEXTAFTER(C64, " " & H64 & " "), TRIM(_xlfn.TEXTBEFORE(_xlpm.s, " " & L64 & " ")) ) -> ツムラ八味地黄丸エキス顆粒(医療用) ツムラ | J64: =LEFT(I64, LEN(I64) - LEN(K64)) -> ツムラ八味地黄丸エキス顆粒(医療用) | K64: {=_xlfn.LET( _xlpm.s, SUBSTITUTE(SUBSTITUTE(I64," ","")," ",""), _xlpm.dic, SUBSTITUTE(SUBSTITUTE(メーカー!$A$1:$A$100," ","")," ",""), _xlpm.pos, MATCH(TRUE, RIGHT(_xlpm.s, LEN(_xlpm.dic)) = _xlpm.dic, 0), INDEX(メーカー!$A$1:$A$100, _xlpm.pos) )} -> ツムラ | L64: {=INDEX(_xlfn.FILTERXML("<t><s>" & SUBSTITUTE(MID(C64,23,999)," ","</s><s>") & "</s></t>","//s[number(.)=number(.)]"),1)} -> 1 | M64: {=INDEX( _xlfn.FILTERXML("<t><s>" & SUBSTITUTE(MID(C64, 22 + LEN(I64) + 1, 999), " ", "</s><s>") & "</s></t>", "//s[number(.)=number(.)]"), 2 )} -> 7 | N64: {=_xlfn.REGEXEXTRACT(C64, "\d{2}:\d{2}:\d{2}")} -> 08:54:48 | O64: =TRIM(SUBSTITUTE(_xlfn.TEXTAFTER(C64, " " & N64 & " "), F64 & " " & D64 & " " & E64, "")) -> 分包 2.5g×189包 | P64: =TRIM(LEFT(_xlfn.TEXTAFTER(C64, I64 & " "), FIND(" ", _xlfn.TEXTAFTER(C64, I64 & " "))-1)) -> 1
B65: =B64+4 -> 278 | C65: =_xlfn.CONCAT(OFFSET(元!$B$10,'1行'!B65,0)," ",OFFSET(元!$B$12,'1行'!B65,0)) -> 2026/03/25 2026/04/01 シロスタゾールOD錠100mg「タカタ」高田製薬 1 8 08:54:48 100mg/錠 PTP 10錠×10 4987120339905 1 0 | D65: {=INDEX(_xlfn.FILTERXML("<t><s>" & SUBSTITUTE(C65," ","</s><s>") & "</s></t>","//s[number(.)=number(.)]"), COUNT(_xlfn.FILTERXML("<t><s>" & SUBSTITUTE(C65," ","</s><s>") & "</s></t>","//s[number(.)=number(.)]"))-1)} -> 1 | E65: {=INDEX(_xlfn.FILTERXML("<t><s>" & SUBSTITUTE(C65," ","</s><s>") & "</s></t>","//s[number(.)=number(.)]"), COUNT(_xlfn.FILTERXML("<t><s>" & SUBSTITUTE(C65," ","</s><s>") & "</s></t>","//s[number(.)=number(.)]")))} -> 0 | F65: =TRIM(RIGHT(SUBSTITUTE(C65," "&D65&" "&E65,""),13)) -> 4987120339905 | G65: =LEFT(C65,10) -> 2026/03/25 | H65: =MID(C65,12,10) -> 2026/04/01 | I65: =_xlfn.LET( _xlpm.s, _xlfn.TEXTAFTER(C65, " " & H65 & " "), TRIM(_xlfn.TEXTBEFORE(_xlpm.s, " " & L65 & " ")) ) -> シロスタゾールOD錠100mg「タカタ」高田製薬 | J65: =LEFT(I65, LEN(I65) - LEN(K65)) -> シロスタゾールOD錠100mg「タカタ」 | K65: {=_xlfn.LET( _xlpm.s, SUBSTITUTE(SUBSTITUTE(I65," ","")," ",""), _xlpm.dic, SUBSTITUTE(SUBSTITUTE(メーカー!$A$1:$A$100," ","")," ",""), _xlpm.pos, MATCH(TRUE, RIGHT(_xlpm.s, LEN(_xlpm.dic)) = _xlpm.dic, 0), INDEX(メーカー!$A$1:$A$100, _xlpm.pos) )} -> 高田製薬 | L65: {=INDEX(_xlfn.FILTERXML("<t><s>" & SUBSTITUTE(MID(C65,23,999)," ","</s><s>") & "</s></t>","//s[number(.)=number(.)]"),1)} -> 1 | M65: {=INDEX( _xlfn.FILTERXML("<t><s>" & SUBSTITUTE(MID(C65, 22 + LEN(I65) + 1, 999), " ", "</s><s>") & "</s></t>", "//s[number(.)=number(.)]"), 2 )} -> 8 | N65: {=_xlfn.REGEXEXTRACT(C65, "\d{2}:\d{2}:\d{2}")} -> 08:54:48 | O65: =TRIM(SUBSTITUTE(_xlfn.TEXTAFTER(C65, " " & N65 & " "), F65 & " " & D65 & " " & E65, "")) -> 100mg/錠 PTP 10錠×10 | P65: =TRIM(LEFT(_xlfn.TEXTAFTER(C65, I65 & " "), FIND(" ", _xlfn.TEXTAFTER(C65, I65 & " "))-1)) -> 1
B66: =B65+4 -> 282 | C66: =_xlfn.CONCAT(OFFSET(元!$B$10,'1行'!B66,0)," ",OFFSET(元!$B$12,'1行'!B66,0)) -> 2026/03/25 2026/04/01 セディール錠10mg 住友ファーマ 1 9 08:54:48 10mg/錠 バラ 500錠×1瓶4987116020732 1 0 | D66: {=INDEX(_xlfn.FILTERXML("<t><s>" & SUBSTITUTE(C66," ","</s><s>") & "</s></t>","//s[number(.)=number(.)]"), COUNT(_xlfn.FILTERXML("<t><s>" & SUBSTITUTE(C66," ","</s><s>") & "</s></t>","//s[number(.)=number(.)]"))-1)} -> 1 | E66: {=INDEX(_xlfn.FILTERXML("<t><s>" & SUBSTITUTE(C66," ","</s><s>") & "</s></t>","//s[number(.)=number(.)]"), COUNT(_xlfn.FILTERXML("<t><s>" & SUBSTITUTE(C66," ","</s><s>") & "</s></t>","//s[number(.)=number(.)]")))} -> 0 | F66: =TRIM(RIGHT(SUBSTITUTE(C66," "&D66&" "&E66,""),13)) -> 4987116020732 | G66: =LEFT(C66,10) -> 2026/03/25 | H66: =MID(C66,12,10) -> 2026/04/01 | I66: =_xlfn.LET( _xlpm.s, _xlfn.TEXTAFTER(C66, " " & H66 & " "), TRIM(_xlfn.TEXTBEFORE(_xlpm.s, " " & L66 & " ")) ) -> セディール錠10mg 住友ファーマ | J66: =LEFT(I66, LEN(I66) - LEN(K66)) -> セディール錠10mg | K66: {=_xlfn.LET( _xlpm.s, SUBSTITUTE(SUBSTITUTE(I66," ","")," ",""), _xlpm.dic, SUBSTITUTE(SUBSTITUTE(メーカー!$A$1:$A$100," ","")," ",""), _xlpm.pos, MATCH(TRUE, RIGHT(_xlpm.s, LEN(_xlpm.dic)) = _xlpm.dic, 0), INDEX(メーカー!$A$1:$A$100, _xlpm.pos) )} -> 住友ファーマ | L66: {=INDEX(_xlfn.FILTERXML("<t><s>" & SUBSTITUTE(MID(C66,23,999)," ","</s><s>") & "</s></t>","//s[number(.)=number(.)]"),1)} -> 1 | M66: {=INDEX( _xlfn.FILTERXML("<t><s>" & SUBSTITUTE(MID(C66, 22 + LEN(I66) + 1, 999), " ", "</s><s>") & "</s></t>", "//s[number(.)=number(.)]"), 2 )} -> 9 | N66: {=_xlfn.REGEXEXTRACT(C66, "\d{2}:\d{2}:\d{2}")} -> 08:54:48 | O66: =TRIM(SUBSTITUTE(_xlfn.TEXTAFTER(C66, " " & N66 & " "), F66 & " " & D66 & " " & E66, "")) -> 10mg/錠 バラ 500錠×1瓶 | P66: =TRIM(LEFT(_xlfn.TEXTAFTER(C66, I66 & " "), FIND(" ", _xlfn.TEXTAFTER(C66, I66 & " "))-1)) -> 1
B67: =B66+4 -> 286 | C67: =_xlfn.CONCAT(OFFSET(元!$B$10,'1行'!B67,0)," ",OFFSET(元!$B$12,'1行'!B67,0)) -> 2026/03/25 2026/04/01 グラマリール細粒10% 日医工 1 10 08:54:48 100mg/g バラ 100g×1瓶4987376245807 1 0 | D67: {=INDEX(_xlfn.FILTERXML("<t><s>" & SUBSTITUTE(C67," ","</s><s>") & "</s></t>","//s[number(.)=number(.)]"), COUNT(_xlfn.FILTERXML("<t><s>" & SUBSTITUTE(C67," ","</s><s>") & "</s></t>","//s[number(.)=number(.)]"))-1)} -> 1 | E67: {=INDEX(_xlfn.FILTERXML("<t><s>" & SUBSTITUTE(C67," ","</s><s>") & "</s></t>","//s[number(.)=number(.)]"), COUNT(_xlfn.FILTERXML("<t><s>" & SUBSTITUTE(C67," ","</s><s>") & "</s></t>","//s[number(.)=number(.)]")))} -> 0 | F67: =TRIM(RIGHT(SUBSTITUTE(C67," "&D67&" "&E67,""),13)) -> 4987376245807 | G67: =LEFT(C67,10) -> 2026/03/25 | H67: =MID(C67,12,10) -> 2026/04/01 | I67: =_xlfn.LET( _xlpm.s, _xlfn.TEXTAFTER(C67, " " & H67 & " "), TRIM(_xlfn.TEXTBEFORE(_xlpm.s, " " & L67 & " ")) ) -> グラマリール細粒10% 日医工 | J67: =LEFT(I67, LEN(I67) - LEN(K67)) -> グラマリール細粒10% | K67: {=_xlfn.LET( _xlpm.s, SUBSTITUTE(SUBSTITUTE(I67," ","")," ",""), _xlpm.dic, SUBSTITUTE(SUBSTITUTE(メーカー!$A$1:$A$100," ","")," ",""), _xlpm.pos, MATCH(TRUE, RIGHT(_xlpm.s, LEN(_xlpm.dic)) = _xlpm.dic, 0), INDEX(メーカー!$A$1:$A$100, _xlpm.pos) )} -> 日医工 | L67: {=INDEX(_xlfn.FILTERXML("<t><s>" & SUBSTITUTE(MID(C67,23,999)," ","</s><s>") & "</s></t>","//s[number(.)=number(.)]"),1)} -> 1 | M67: {=INDEX( _xlfn.FILTERXML("<t><s>" & SUBSTITUTE(MID(C67, 22 + LEN(I67) + 1, 999), " ", "</s><s>") & "</s></t>", "//s[number(.)=number(.)]"), 2 )} -> 10 | N67: {=_xlfn.REGEXEXTRACT(C67, "\d{2}:\d{2}:\d{2}")} -> 08:54:48 | O67: =TRIM(SUBSTITUTE(_xlfn.TEXTAFTER(C67, " " & N67 & " "), F67 & " " & D67 & " " & E67, "")) -> 100mg/g バラ 100g×1瓶 | P67: =TRIM(LEFT(_xlfn.TEXTAFTER(C67, I67 & " "), FIND(" ", _xlfn.TEXTAFTER(C67, I67 & " "))-1)) -> 1
B68: =B67+4 -> 290 | C68: =_xlfn.CONCAT(OFFSET(元!$B$10,'1行'!B68,0)," ",OFFSET(元!$B$12,'1行'!B68,0)) -> 2026/03/25 2026/04/01 パレプラス輸液陽進堂 3 11 08:54:48 500mL1キット×20キット4987476167108 3 0 | D68: {=INDEX(_xlfn.FILTERXML("<t><s>" & SUBSTITUTE(C68," ","</s><s>") & "</s></t>","//s[number(.)=number(.)]"), COUNT(_xlfn.FILTERXML("<t><s>" & SUBSTITUTE(C68," ","</s><s>") & "</s></t>","//s[number(.)=number(.)]"))-1)} -> 3 | E68: {=INDEX(_xlfn.FILTERXML("<t><s>" & SUBSTITUTE(C68," ","</s><s>") & "</s></t>","//s[number(.)=number(.)]"), COUNT(_xlfn.FILTERXML("<t><s>" & SUBSTITUTE(C68," ","</s><s>") & "</s></t>","//s[number(.)=number(.)]")))} -> 0 | F68: =TRIM(RIGHT(SUBSTITUTE(C68," "&D68&" "&E68,""),13)) -> 4987476167108 | G68: =LEFT(C68,10) -> 2026/03/25 | H68: =MID(C68,12,10) -> 2026/04/01 | I68: =_xlfn.LET( _xlpm.s, _xlfn.TEXTAFTER(C68, " " & H68 & " "), TRIM(_xlfn.TEXTBEFORE(_xlpm.s, " " & L68 & " ")) ) -> パレプラス輸液陽進堂 | J68: =LEFT(I68, LEN(I68) - LEN(K68)) -> パレプラス輸液 | K68: {=_xlfn.LET( _xlpm.s, SUBSTITUTE(SUBSTITUTE(I68," ","")," ",""), _xlpm.dic, SUBSTITUTE(SUBSTITUTE(メーカー!$A$1:$A$100," ","")," ",""), _xlpm.pos, MATCH(TRUE, RIGHT(_xlpm.s, LEN(_xlpm.dic)) = _xlpm.dic, 0), INDEX(メーカー!$A$1:$A$100, _xlpm.pos) )} -> 陽進堂 | L68: {=INDEX(_xlfn.FILTERXML("<t><s>" & SUBSTITUTE(MID(C68,23,999)," ","</s><s>") & "</s></t>","//s[number(.)=number(.)]"),1)} -> 3 | M68: {=INDEX( _xlfn.FILTERXML("<t><s>" & SUBSTITUTE(MID(C68, 22 + LEN(I68) + 1, 999), " ", "</s><s>") & "</s></t>", "//s[number(.)=number(.)]"), 2 )} -> 11 | N68: {=_xlfn.REGEXEXTRACT(C68, "\d{2}:\d{2}:\d{2}")} -> 08:54:48 | O68: =TRIM(SUBSTITUTE(_xlfn.TEXTAFTER(C68, " " & N68 & " "), F68 & " " & D68 & " " & E68, "")) -> 500mL1キット×20キット | P68: =TRIM(LEFT(_xlfn.TEXTAFTER(C68, I68 & " "), FIND(" ", _xlfn.TEXTAFTER(C68, I68 & " "))-1)) -> 3
B69: =B68+4 -> 294 | C69: =_xlfn.CONCAT(OFFSET(元!$B$10,'1行'!B69,0)," ",OFFSET(元!$B$12,'1行'!B69,0)) -> 2026/03/25 2026/04/01 エビリファイ持続性水懸筋注用400mgシリンジ大塚製薬 2 12 08:54:48 400mg1キット×1キット 1.6mL(溶)付4987035560111 2 0 | D69: {=INDEX(_xlfn.FILTERXML("<t><s>" & SUBSTITUTE(C69," ","</s><s>") & "</s></t>","//s[number(.)=number(.)]"), COUNT(_xlfn.FILTERXML("<t><s>" & SUBSTITUTE(C69," ","</s><s>") & "</s></t>","//s[number(.)=number(.)]"))-1)} -> 2 | E69: {=INDEX(_xlfn.FILTERXML("<t><s>" & SUBSTITUTE(C69," ","</s><s>") & "</s></t>","//s[number(.)=number(.)]"), COUNT(_xlfn.FILTERXML("<t><s>" & SUBSTITUTE(C69," ","</s><s>") & "</s></t>","//s[number(.)=number(.)]")))} -> 0 | F69: =TRIM(RIGHT(SUBSTITUTE(C69," "&D69&" "&E69,""),13)) -> 4987035560111 | G69: =LEFT(C69,10) -> 2026/03/25 | H69: =MID(C69,12,10) -> 2026/04/01 | I69: =_xlfn.LET( _xlpm.s, _xlfn.TEXTAFTER(C69, " " & H69 & " "), TRIM(_xlfn.TEXTBEFORE(_xlpm.s, " " & L69 & " ")) ) -> エビリファイ持続性水懸筋注用400mgシリンジ大塚製薬 | J69: =LEFT(I69, LEN(I69) - LEN(K69)) -> エビリファイ持続性水懸筋注用400mgシリンジ | K69: {=_xlfn.LET( _xlpm.s, SUBSTITUTE(SUBSTITUTE(I69," ","")," ",""), _xlpm.dic, SUBSTITUTE(SUBSTITUTE(メーカー!$A$1:$A$100," ","")," ",""), _xlpm.pos, MATCH(TRUE, RIGHT(_xlpm.s, LEN(_xlpm.dic)) = _xlpm.dic, 0), INDEX(メーカー!$A$1:$A$100, _xlpm.pos) )} -> 大塚製薬 | L69: {=INDEX(_xlfn.FILTERXML("<t><s>" & SUBSTITUTE(MID(C69,23,999)," ","</s><s>") & "</s></t>","//s[number(.)=number(.)]"),1)} -> 2 | M69: {=INDEX( _xlfn.FILTERXML("<t><s>" & SUBSTITUTE(MID(C69, 22 + LEN(I69) + 1, 999), " ", "</s><s>") & "</s></t>", "//s[number(.)=number(.)]"), 2 )} -> 12 | N69: {=_xlfn.REGEXEXTRACT(C69, "\d{2}:\d{2}:\d{2}")} -> 08:54:48 | O69: =TRIM(SUBSTITUTE(_xlfn.TEXTAFTER(C69, " " & N69 & " "), F69 & " " & D69 & " " & E69, "")) -> 400mg1キット×1キット 1.6mL(溶)付 | P69: =TRIM(LEFT(_xlfn.TEXTAFTER(C69, I69 & " "), FIND(" ", _xlfn.TEXTAFTER(C69, I69 & " "))-1)) -> 2
B70: =B69+4 -> 298 | C70: =_xlfn.CONCAT(OFFSET(元!$B$10,'1行'!B70,0)," ",OFFSET(元!$B$12,'1行'!B70,0)) -> 2026/03/25 2026/04/01 ミノドロン酸錠50mg「JG」日本ジェネリック 15 13 08:54:48 50mg/錠 PTP 1錠×2 4987792100827 15 0 | D70: {=INDEX(_xlfn.FILTERXML("<t><s>" & SUBSTITUTE(C70," ","</s><s>") & "</s></t>","//s[number(.)=number(.)]"), COUNT(_xlfn.FILTERXML("<t><s>" & SUBSTITUTE(C70," ","</s><s>") & "</s></t>","//s[number(.)=number(.)]"))-1)} -> 15 | E70: {=INDEX(_xlfn.FILTERXML("<t><s>" & SUBSTITUTE(C70," ","</s><s>") & "</s></t>","//s[number(.)=number(.)]"), COUNT(_xlfn.FILTERXML("<t><s>" & SUBSTITUTE(C70," ","</s><s>") & "</s></t>","//s[number(.)=number(.)]")))} -> 0 | F70: =TRIM(RIGHT(SUBSTITUTE(C70," "&D70&" "&E70,""),13)) -> 4987792100827 | G70: =LEFT(C70,10) -> 2026/03/25 | H70: =MID(C70,12,10) -> 2026/04/01 | I70: =_xlfn.LET( _xlpm.s, _xlfn.TEXTAFTER(C70, " " & H70 & " "), TRIM(_xlfn.TEXTBEFORE(_xlpm.s, " " & L70 & " ")) ) -> ミノドロン酸錠50mg「JG」日本ジェネリック | J70: =LEFT(I70, LEN(I70) - LEN(K70)) -> ミノドロン酸錠50mg「JG」 | K70: {=_xlfn.LET( _xlpm.s, SUBSTITUTE(SUBSTITUTE(I70," ","")," ",""), _xlpm.dic, SUBSTITUTE(SUBSTITUTE(メーカー!$A$1:$A$100," ","")," ",""), _xlpm.pos, MATCH(TRUE, RIGHT(_xlpm.s, LEN(_xlpm.dic)) = _xlpm.dic, 0), INDEX(メーカー!$A$1:$A$100, _xlpm.pos) )} -> 日本ジェネリック | L70: {=INDEX(_xlfn.FILTERXML("<t><s>" & SUBSTITUTE(MID(C70,23,999)," ","</s><s>") & "</s></t>","//s[number(.)=number(.)]"),1)} -> 15 | M70: {=INDEX( _xlfn.FILTERXML("<t><s>" & SUBSTITUTE(MID(C70, 22 + LEN(I70) + 1, 999), " ", "</s><s>") & "</s></t>", "//s[number(.)=number(.)]"), 2 )} -> 13 | N70: {=_xlfn.REGEXEXTRACT(C70, "\d{2}:\d{2}:\d{2}")} -> 08:54:48 | O70: =TRIM(SUBSTITUTE(_xlfn.TEXTAFTER(C70, " " & N70 & " "), F70 & " " & D70 & " " & E70, "")) -> 50mg/錠 PTP 1錠×2 | P70: =TRIM(LEFT(_xlfn.TEXTAFTER(C70, I70 & " "), FIND(" ", _xlfn.TEXTAFTER(C70, I70 & " "))-1)) -> 15
B71: =B70+4 -> 302 | C71: =_xlfn.CONCAT(OFFSET(元!$B$10,'1行'!B71,0)," ",OFFSET(元!$B$12,'1行'!B71,0)) -> 2026/03/25 2026/04/01 インウ゛ェガ錠6mg ヤンセンファーマ 5 14 08:54:48 6mg/錠 PTP 10錠×10 4987672105768 5 0 | D71: {=INDEX(_xlfn.FILTERXML("<t><s>" & SUBSTITUTE(C71," ","</s><s>") & "</s></t>","//s[number(.)=number(.)]"), COUNT(_xlfn.FILTERXML("<t><s>" & SUBSTITUTE(C71," ","</s><s>") & "</s></t>","//s[number(.)=number(.)]"))-1)} -> 5 | E71: {=INDEX(_xlfn.FILTERXML("<t><s>" & SUBSTITUTE(C71," ","</s><s>") & "</s></t>","//s[number(.)=number(.)]"), COUNT(_xlfn.FILTERXML("<t><s>" & SUBSTITUTE(C71," ","</s><s>") & "</s></t>","//s[number(.)=number(.)]")))} -> 0 | F71: =TRIM(RIGHT(SUBSTITUTE(C71," "&D71&" "&E71,""),13)) -> 4987672105768 | G71: =LEFT(C71,10) -> 2026/03/25 | H71: =MID(C71,12,10) -> 2026/04/01 | I71: =_xlfn.LET( _xlpm.s, _xlfn.TEXTAFTER(C71, " " & H71 & " "), TRIM(_xlfn.TEXTBEFORE(_xlpm.s, " " & L71 & " ")) ) -> インウ゛ェガ錠6mg ヤンセンファーマ | J71: =LEFT(I71, LEN(I71) - LEN(K71)) -> インウ゛ェガ錠6mg | K71: {=_xlfn.LET( _xlpm.s, SUBSTITUTE(SUBSTITUTE(I71," ","")," ",""), _xlpm.dic, SUBSTITUTE(SUBSTITUTE(メーカー!$A$1:$A$100," ","")," ",""), _xlpm.pos, MATCH(TRUE, RIGHT(_xlpm.s, LEN(_xlpm.dic)) = _xlpm.dic, 0), INDEX(メーカー!$A$1:$A$100, _xlpm.pos) )} -> ヤンセンファーマ | L71: {=INDEX(_xlfn.FILTERXML("<t><s>" & SUBSTITUTE(MID(C71,23,999)," ","</s><s>") & "</s></t>","//s[number(.)=number(.)]"),1)} -> 5 | M71: {=INDEX( _xlfn.FILTERXML("<t><s>" & SUBSTITUTE(MID(C71, 22 + LEN(I71) + 1, 999), " ", "</s><s>") & "</s></t>", "//s[number(.)=number(.)]"), 2 )} -> 14 | N71: {=_xlfn.REGEXEXTRACT(C71, "\d{2}:\d{2}:\d{2}")} -> 08:54:48 | O71: =TRIM(SUBSTITUTE(_xlfn.TEXTAFTER(C71, " " & N71 & " "), F71 & " " & D71 & " " & E71, "")) -> 6mg/錠 PTP 10錠×10 | P71: =TRIM(LEFT(_xlfn.TEXTAFTER(C71, I71 & " "), FIND(" ", _xlfn.TEXTAFTER(C71, I71 & " "))-1)) -> 5
B72: =B71+4 -> 306 | C72: =_xlfn.CONCAT(OFFSET(元!$B$10,'1行'!B72,0)," ",OFFSET(元!$B$12,'1行'!B72,0)) -> 2026/03/25 2026/04/01 インウ゛ェガ錠3mg ヤンセンファーマ 1 15 08:54:48 3mg/錠 PTP 10錠×10 4987672105744 1 0 | D72: {=INDEX(_xlfn.FILTERXML("<t><s>" & SUBSTITUTE(C72," ","</s><s>") & "</s></t>","//s[number(.)=number(.)]"), COUNT(_xlfn.FILTERXML("<t><s>" & SUBSTITUTE(C72," ","</s><s>") & "</s></t>","//s[number(.)=number(.)]"))-1)} -> 1 | E72: {=INDEX(_xlfn.FILTERXML("<t><s>" & SUBSTITUTE(C72," ","</s><s>") & "</s></t>","//s[number(.)=number(.)]"), COUNT(_xlfn.FILTERXML("<t><s>" & SUBSTITUTE(C72," ","</s><s>") & "</s></t>","//s[number(.)=number(.)]")))} -> 0 | F72: =TRIM(RIGHT(SUBSTITUTE(C72," "&D72&" "&E72,""),13)) -> 4987672105744 | G72: =LEFT(C72,10) -> 2026/03/25 | H72: =MID(C72,12,10) -> 2026/04/01 | I72: =_xlfn.LET( _xlpm.s, _xlfn.TEXTAFTER(C72, " " & H72 & " "), TRIM(_xlfn.TEXTBEFORE(_xlpm.s, " " & L72 & " ")) ) -> インウ゛ェガ錠3mg ヤンセンファーマ | J72: =LEFT(I72, LEN(I72) - LEN(K72)) -> インウ゛ェガ錠3mg | K72: {=_xlfn.LET( _xlpm.s, SUBSTITUTE(SUBSTITUTE(I72," ","")," ",""), _xlpm.dic, SUBSTITUTE(SUBSTITUTE(メーカー!$A$1:$A$100," ","")," ",""), _xlpm.pos, MATCH(TRUE, RIGHT(_xlpm.s, LEN(_xlpm.dic)) = _xlpm.dic, 0), INDEX(メーカー!$A$1:$A$100, _xlpm.pos) )} -> ヤンセンファーマ | L72: {=INDEX(_xlfn.FILTERXML("<t><s>" & SUBSTITUTE(MID(C72,23,999)," ","</s><s>") & "</s></t>","//s[number(.)=number(.)]"),1)} -> 1 | M72: {=INDEX( _xlfn.FILTERXML("<t><s>" & SUBSTITUTE(MID(C72, 22 + LEN(I72) + 1, 999), " ", "</s><s>") & "</s></t>", "//s[number(.)=number(.)]"), 2 )} -> 15 | N72: {=_xlfn.REGEXEXTRACT(C72, "\d{2}:\d{2}:\d{2}")} -> 08:54:48 | O72: =TRIM(SUBSTITUTE(_xlfn.TEXTAFTER(C72, " " & N72 & " "), F72 & " " & D72 & " " & E72, "")) -> 3mg/錠 PTP 10錠×10 | P72: =TRIM(LEFT(_xlfn.TEXTAFTER(C72, I72 & " "), FIND(" ", _xlfn.TEXTAFTER(C72, I72 & " "))-1)) -> 1
B73: =B72+4 -> 310 | C73: =_xlfn.CONCAT(OFFSET(元!$B$10,'1行'!B73,0)," ",OFFSET(元!$B$12,'1行'!B73,0)) -> 2026/03/25 2026/04/01 ツムラ人参養栄湯エキス顆粒(医療用) ツムラ 2 16 08:54:48 分包 3g×42包4987138810847 2 0 | D73: {=INDEX(_xlfn.FILTERXML("<t><s>" & SUBSTITUTE(C73," ","</s><s>") & "</s></t>","//s[number(.)=number(.)]"), COUNT(_xlfn.FILTERXML("<t><s>" & SUBSTITUTE(C73," ","</s><s>") & "</s></t>","//s[number(.)=number(.)]"))-1)} -> 2 | E73: {=INDEX(_xlfn.FILTERXML("<t><s>" & SUBSTITUTE(C73," ","</s><s>") & "</s></t>","//s[number(.)=number(.)]"), COUNT(_xlfn.FILTERXML("<t><s>" & SUBSTITUTE(C73," ","</s><s>") & "</s></t>","//s[number(.)=number(.)]")))} -> 0 | F73: =TRIM(RIGHT(SUBSTITUTE(C73," "&D73&" "&E73,""),13)) -> 4987138810847 | G73: =LEFT(C73,10) -> 2026/03/25 | H73: =MID(C73,12,10) -> 2026/04/01 | I73: =_xlfn.LET( _xlpm.s, _xlfn.TEXTAFTER(C73, " " & H73 & " "), TRIM(_xlfn.TEXTBEFORE(_xlpm.s, " " & L73 & " ")) ) -> ツムラ人参養栄湯エキス顆粒(医療用) ツムラ | J73: =LEFT(I73, LEN(I73) - LEN(K73)) -> ツムラ人参養栄湯エキス顆粒(医療用) | K73: {=_xlfn.LET( _xlpm.s, SUBSTITUTE(SUBSTITUTE(I73," ","")," ",""), _xlpm.dic, SUBSTITUTE(SUBSTITUTE(メーカー!$A$1:$A$100," ","")," ",""), _xlpm.pos, MATCH(TRUE, RIGHT(_xlpm.s, LEN(_xlpm.dic)) = _xlpm.dic, 0), INDEX(メーカー!$A$1:$A$100, _xlpm.pos) )} -> ツムラ | L73: {=INDEX(_xlfn.FILTERXML("<t><s>" & SUBSTITUTE(MID(C73,23,999)," ","</s><s>") & "</s></t>","//s[number(.)=number(.)]"),1)} -> 2 | M73: {=INDEX( _xlfn.FILTERXML("<t><s>" & SUBSTITUTE(MID(C73, 22 + LEN(I73) + 1, 999), " ", "</s><s>") & "</s></t>", "//s[number(.)=number(.)]"), 2 )} -> 16 | N73: {=_xlfn.REGEXEXTRACT(C73, "\d{2}:\d{2}:\d{2}")} -> 08:54:48 | O73: =TRIM(SUBSTITUTE(_xlfn.TEXTAFTER(C73, " " & N73 & " "), F73 & " " & D73 & " " & E73, "")) -> 分包 3g×42包 | P73: =TRIM(LEFT(_xlfn.TEXTAFTER(C73, I73 & " "), FIND(" ", _xlfn.TEXTAFTER(C73, I73 & " "))-1)) -> 2
B74: =B73+4 -> 314 | C74: =_xlfn.CONCAT(OFFSET(元!$B$10,'1行'!B74,0)," ",OFFSET(元!$B$12,'1行'!B74,0)) -> 2026/03/25 2026/04/01 レキソタン錠5 サンド 5 17 08:54:48 5mg/錠 PTP 10錠×10 4987614438206 5 0 | D74: {=INDEX(_xlfn.FILTERXML("<t><s>" & SUBSTITUTE(C74," ","</s><s>") & "</s></t>","//s[number(.)=number(.)]"), COUNT(_xlfn.FILTERXML("<t><s>" & SUBSTITUTE(C74," ","</s><s>") & "</s></t>","//s[number(.)=number(.)]"))-1)} -> 5 | E74: {=INDEX(_xlfn.FILTERXML("<t><s>" & SUBSTITUTE(C74," ","</s><s>") & "</s></t>","//s[number(.)=number(.)]"), COUNT(_xlfn.FILTERXML("<t><s>" & SUBSTITUTE(C74," ","</s><s>") & "</s></t>","//s[number(.)=number(.)]")))} -> 0 | F74: =TRIM(RIGHT(SUBSTITUTE(C74," "&D74&" "&E74,""),13)) -> 4987614438206 | G74: =LEFT(C74,10) -> 2026/03/25 | H74: =MID(C74,12,10) -> 2026/04/01 | I74: =_xlfn.LET( _xlpm.s, _xlfn.TEXTAFTER(C74, " " & H74 & " "), TRIM(_xlfn.TEXTBEFORE(_xlpm.s, " " & L74 & " ")) ) -> レキソタン錠5 サンド | J74: =LEFT(I74, LEN(I74) - LEN(K74)) -> レキソタン錠5 | K74: {=_xlfn.LET( _xlpm.s, SUBSTITUTE(SUBSTITUTE(I74," ","")," ",""), _xlpm.dic, SUBSTITUTE(SUBSTITUTE(メーカー!$A$1:$A$100," ","")," ",""), _xlpm.pos, MATCH(TRUE, RIGHT(_xlpm.s, LEN(_xlpm.dic)) = _xlpm.dic, 0), INDEX(メーカー!$A$1:$A$100, _xlpm.pos) )} -> サンド | L74: {=INDEX(_xlfn.FILTERXML("<t><s>" & SUBSTITUTE(MID(C74,23,999)," ","</s><s>") & "</s></t>","//s[number(.)=number(.)]"),1)} -> 5 | M74: {=INDEX( _xlfn.FILTERXML("<t><s>" & SUBSTITUTE(MID(C74, 22 + LEN(I74) + 1, 999), " ", "</s><s>") & "</s></t>", "//s[number(.)=number(.)]"), 2 )} -> 17 | N74: {=_xlfn.REGEXEXTRACT(C74, "\d{2}:\d{2}:\d{2}")} -> 08:54:48 | O74: =TRIM(SUBSTITUTE(_xlfn.TEXTAFTER(C74, " " & N74 & " "), F74 & " " & D74 & " " & E74, "")) -> 5mg/錠 PTP 10錠×10 | P74: =TRIM(LEFT(_xlfn.TEXTAFTER(C74, I74 & " "), FIND(" ", _xlfn.TEXTAFTER(C74, I74 & " "))-1)) -> 5
... B91: =B90+4 -> 382 | C91: =_xlfn.CONCAT(OFFSET(元!$B$10,'1行'!B91,0)," ",OFFSET(元!$B$12,'1行'!B91,0)) -> 2026/03/25 2026/04/01 トラゼンタ錠5mg 日本ベーリンガーインゲルハイム 1 34 08:54:48 5mg/錠 PTP 10錠×10 4987413870511 1 0 | D91: {=INDEX(_xlfn.FILTERXML("<t><s>" & SUBSTITUTE(C91," ","</s><s>") & "</s></t>","//s[number(.)=number(.)]"), COUNT(_xlfn.FILTERXML("<t><s>" & SUBSTITUTE(C91," ","</s><s>") & "</s></t>","//s[number(.)=number(.)]"))-1)} -> 1 | E91: {=INDEX(_xlfn.FILTERXML("<t><s>" & SUBSTITUTE(C91," ","</s><s>") & "</s></t>","//s[number(.)=number(.)]"), COUNT(_xlfn.FILTERXML("<t><s>" & SUBSTITUTE(C91," ","</s><s>") & "</s></t>","//s[number(.)=number(.)]")))} -> 0 | F91: =TRIM(RIGHT(SUBSTITUTE(C91," "&D91&" "&E91,""),13)) -> 4987413870511 | G91: =LEFT(C91,10) -> 2026/03/25 | H91: =MID(C91,12,10) -> 2026/04/01 | I91: =_xlfn.LET( _xlpm.s, _xlfn.TEXTAFTER(C91, " " & H91 & " "), TRIM(_xlfn.TEXTBEFORE(_xlpm.s, " " & L91 & " ")) ) -> トラゼンタ錠5mg 日本ベーリンガーインゲルハイム | J91: =LEFT(I91, LEN(I91) - LEN(K91)) -> トラゼンタ錠5mg | K91: {=_xlfn.LET( _xlpm.s, SUBSTITUTE(SUBSTITUTE(I91," ","")," ",""), _xlpm.dic, SUBSTITUTE(SUBSTITUTE(メーカー!$A$1:$A$100," ","")," ",""), _xlpm.pos, MATCH(TRUE, RIGHT(_xlpm.s, LEN(_xlpm.dic)) = _xlpm.dic, 0), INDEX(メーカー!$A$1:$A$100, _xlpm.pos) )} -> 日本ベーリンガーインゲルハイム | L91: {=INDEX(_xlfn.FILTERXML("<t><s>" & SUBSTITUTE(MID(C91,23,999)," ","</s><s>") & "</s></t>","//s[number(.)=number(.)]"),1)} -> 1 | M91: {=INDEX( _xlfn.FILTERXML("<t><s>" & SUBSTITUTE(MID(C91, 22 + LEN(I91) + 1, 999), " ", "</s><s>") & "</s></t>", "//s[number(.)=number(.)]"), 2 )} -> 34 | N91: {=_xlfn.REGEXEXTRACT(C91, "\d{2}:\d{2}:\d{2}")} -> 08:54:48 | O91: =TRIM(SUBSTITUTE(_xlfn.TEXTAFTER(C91, " " & N91 & " "), F91 & " " & D91 & " " & E91, "")) -> 5mg/錠 PTP 10錠×10 | P91: =TRIM(LEFT(_xlfn.TEXTAFTER(C91, I91 & " "), FIND(" ", _xlfn.TEXTAFTER(C91, I91 & " "))-1)) -> 1
B92: =B91+20 -> 402 | C92: =_xlfn.CONCAT(OFFSET(元!$B$10,'1行'!B92,0)," ",OFFSET(元!$B$12,'1行'!B92,0)) -> 2026/03/25 2026/04/01 クラシエ柴苓湯エキス細粒クラシエ薬品 1 35 08:54:48 分包 2.7g×294包4987045642098 1 0 | D92: {=INDEX(_xlfn.FILTERXML("<t><s>" & SUBSTITUTE(C92," ","</s><s>") & "</s></t>","//s[number(.)=number(.)]"), COUNT(_xlfn.FILTERXML("<t><s>" & SUBSTITUTE(C92," ","</s><s>") & "</s></t>","//s[number(.)=number(.)]"))-1)} -> 1 | E92: {=INDEX(_xlfn.FILTERXML("<t><s>" & SUBSTITUTE(C92," ","</s><s>") & "</s></t>","//s[number(.)=number(.)]"), COUNT(_xlfn.FILTERXML("<t><s>" & SUBSTITUTE(C92," ","</s><s>") & "</s></t>","//s[number(.)=number(.)]")))} -> 0 | F92: =TRIM(RIGHT(SUBSTITUTE(C92," "&D92&" "&E92,""),13)) -> 4987045642098 | G92: =LEFT(C92,10) -> 2026/03/25 | H92: =MID(C92,12,10) -> 2026/04/01 | I92: =_xlfn.LET( _xlpm.s, _xlfn.TEXTAFTER(C92, " " & H92 & " "), TRIM(_xlfn.TEXTBEFORE(_xlpm.s, " " & L92 & " ")) ) -> クラシエ柴苓湯エキス細粒クラシエ薬品 | J92: =LEFT(I92, LEN(I92) - LEN(K92)) -> クラシエ柴苓湯エキス細粒 | K92: {=_xlfn.LET( _xlpm.s, SUBSTITUTE(SUBSTITUTE(I92," ","")," ",""), _xlpm.dic, SUBSTITUTE(SUBSTITUTE(メーカー!$A$1:$A$100," ","")," ",""), _xlpm.pos, MATCH(TRUE, RIGHT(_xlpm.s, LEN(_xlpm.dic)) = _xlpm.dic, 0), INDEX(メーカー!$A$1:$A$100, _xlpm.pos) )} -> クラシエ薬品 | L92: {=INDEX(_xlfn.FILTERXML("<t><s>" & SUBSTITUTE(MID(C92,23,999)," ","</s><s>") & "</s></t>","//s[number(.)=number(.)]"),1)} -> 1 | M92: {=INDEX( _xlfn.FILTERXML("<t><s>" & SUBSTITUTE(MID(C92, 22 + LEN(I92) + 1, 999), " ", "</s><s>") & "</s></t>", "//s[number(.)=number(.)]"), 2 )} -> 35 | N92: {=_xlfn.REGEXEXTRACT(C92, "\d{2}:\d{2}:\d{2}")} -> 08:54:48 | O92: =TRIM(SUBSTITUTE(_xlfn.TEXTAFTER(C92, " " & N92 & " "), F92 & " " & D92 & " " & E92, "")) -> 分包 2.7g×294包 | P92: =TRIM(LEFT(_xlfn.TEXTAFTER(C92, I92 & " "), FIND(" ", _xlfn.TEXTAFTER(C92, I92 & " "))-1)) -> 1
B93: =B92+4 -> 406 | C93: =_xlfn.CONCAT(OFFSET(元!$B$10,'1行'!B93,0)," ",OFFSET(元!$B$12,'1行'!B93,0)) -> 2026/03/25 2026/04/01 レトロゾール錠2.5mg「サワイ」沢井製薬 1 36 08:54:48 2.5mg/錠 PTP 10錠×3 4987080409113 1 0 | D93: {=INDEX(_xlfn.FILTERXML("<t><s>" & SUBSTITUTE(C93," ","</s><s>") & "</s></t>","//s[number(.)=number(.)]"), COUNT(_xlfn.FILTERXML("<t><s>" & SUBSTITUTE(C93," ","</s><s>") & "</s></t>","//s[number(.)=number(.)]"))-1)} -> 1 | E93: {=INDEX(_xlfn.FILTERXML("<t><s>" & SUBSTITUTE(C93," ","</s><s>") & "</s></t>","//s[number(.)=number(.)]"), COUNT(_xlfn.FILTERXML("<t><s>" & SUBSTITUTE(C93," ","</s><s>") & "</s></t>","//s[number(.)=number(.)]")))} -> 0 | F93: =TRIM(RIGHT(SUBSTITUTE(C93," "&D93&" "&E93,""),13)) -> 4987080409113 | G93: =LEFT(C93,10) -> 2026/03/25 | H93: =MID(C93,12,10) -> 2026/04/01 | I93: =_xlfn.LET( _xlpm.s, _xlfn.TEXTAFTER(C93, " " & H93 & " "), TRIM(_xlfn.TEXTBEFORE(_xlpm.s, " " & L93 & " ")) ) -> レトロゾール錠2.5mg「サワイ」沢井製薬 | J93: =LEFT(I93, LEN(I93) - LEN(K93)) -> レトロゾール錠2.5mg「サワイ」 | K93: {=_xlfn.LET( _xlpm.s, SUBSTITUTE(SUBSTITUTE(I93," ","")," ",""), _xlpm.dic, SUBSTITUTE(SUBSTITUTE(メーカー!$A$1:$A$100," ","")," ",""), _xlpm.pos, MATCH(TRUE, RIGHT(_xlpm.s, LEN(_xlpm.dic)) = _xlpm.dic, 0), INDEX(メーカー!$A$1:$A$100, _xlpm.pos) )} -> 沢井製薬 | L93: {=INDEX(_xlfn.FILTERXML("<t><s>" & SUBSTITUTE(MID(C93,23,999)," ","</s><s>") & "</s></t>","//s[number(.)=number(.)]"),1)} -> 1 | M93: {=INDEX( _xlfn.FILTERXML("<t><s>" & SUBSTITUTE(MID(C93, 22 + LEN(I93) + 1, 999), " ", "</s><s>") & "</s></t>", "//s[number(.)=number(.)]"), 2 )} -> 36 | N93: {=_xlfn.REGEXEXTRACT(C93, "\d{2}:\d{2}:\d{2}")} -> 08:54:48 | O93: =TRIM(SUBSTITUTE(_xlfn.TEXTAFTER(C93, " " & N93 & " "), F93 & " " & D93 & " " & E93, "")) -> 2.5mg/錠 PTP 10錠×3 | P93: =TRIM(LEFT(_xlfn.TEXTAFTER(C93, I93 & " "), FIND(" ", _xlfn.TEXTAFTER(C93, I93 & " "))-1)) -> 1
B94: =B93+4 -> 410 | C94: =_xlfn.CONCAT(OFFSET(元!$B$10,'1行'!B94,0)," ",OFFSET(元!$B$12,'1行'!B94,0)) -> 2026/03/25 2026/04/01 レキソタン錠2 サンド 5 37 08:54:48 2mg/錠 PTP 10錠×10 4987614438107 5 0 | D94: {=INDEX(_xlfn.FILTERXML("<t><s>" & SUBSTITUTE(C94," ","</s><s>") & "</s></t>","//s[number(.)=number(.)]"), COUNT(_xlfn.FILTERXML("<t><s>" & SUBSTITUTE(C94," ","</s><s>") & "</s></t>","//s[number(.)=number(.)]"))-1)} -> 5 | E94: {=INDEX(_xlfn.FILTERXML("<t><s>" & SUBSTITUTE(C94," ","</s><s>") & "</s></t>","//s[number(.)=number(.)]"), COUNT(_xlfn.FILTERXML("<t><s>" & SUBSTITUTE(C94," ","</s><s>") & "</s></t>","//s[number(.)=number(.)]")))} -> 0 | F94: =TRIM(RIGHT(SUBSTITUTE(C94," "&D94&" "&E94,""),13)) -> 4987614438107 | G94: =LEFT(C94,10) -> 2026/03/25 | H94: =MID(C94,12,10) -> 2026/04/01 | I94: =_xlfn.LET( _xlpm.s, _xlfn.TEXTAFTER(C94, " " & H94 & " "), TRIM(_xlfn.TEXTBEFORE(_xlpm.s, " " & L94 & " ")) ) -> レキソタン錠2 サンド | J94: =LEFT(I94, LEN(I94) - LEN(K94)) -> レキソタン錠2 | K94: {=_xlfn.LET( _xlpm.s, SUBSTITUTE(SUBSTITUTE(I94," ","")," ",""), _xlpm.dic, SUBSTITUTE(SUBSTITUTE(メーカー!$A$1:$A$100," ","")," ",""), _xlpm.pos, MATCH(TRUE, RIGHT(_xlpm.s, LEN(_xlpm.dic)) = _xlpm.dic, 0), INDEX(メーカー!$A$1:$A$100, _xlpm.pos) )} -> サンド | L94: {=INDEX(_xlfn.FILTERXML("<t><s>" & SUBSTITUTE(MID(C94,23,999)," ","</s><s>") & "</s></t>","//s[number(.)=number(.)]"),1)} -> 5 | M94: {=INDEX( _xlfn.FILTERXML("<t><s>" & SUBSTITUTE(MID(C94, 22 + LEN(I94) + 1, 999), " ", "</s><s>") & "</s></t>", "//s[number(.)=number(.)]"), 2 )} -> 37 | N94: {=_xlfn.REGEXEXTRACT(C94, "\d{2}:\d{2}:\d{2}")} -> 08:54:48 | O94: =TRIM(SUBSTITUTE(_xlfn.TEXTAFTER(C94, " " & N94 & " "), F94 & " " & D94 & " " & E94, "")) -> 2mg/錠 PTP 10錠×10 | P94: =TRIM(LEFT(_xlfn.TEXTAFTER(C94, I94 & " "), FIND(" ", _xlfn.TEXTAFTER(C94, I94 & " "))-1)) -> 5
B95: =B94+4 -> 414 | C95: =_xlfn.CONCAT(OFFSET(元!$B$10,'1行'!B95,0)," ",OFFSET(元!$B$12,'1行'!B95,0)) -> 2026/03/25 2026/04/01 エバスチンOD錠5mg「サワイ」沢井製薬 1 38 08:54:48 5mg/錠 PTP 10錠×10 4987080117018 1 0 | D95: {=INDEX(_xlfn.FILTERXML("<t><s>" & SUBSTITUTE(C95," ","</s><s>") & "</s></t>","//s[number(.)=number(.)]"), COUNT(_xlfn.FILTERXML("<t><s>" & SUBSTITUTE(C95," ","</s><s>") & "</s></t>","//s[number(.)=number(.)]"))-1)} -> 1 | E95: {=INDEX(_xlfn.FILTERXML("<t><s>" & SUBSTITUTE(C95," ","</s><s>") & "</s></t>","//s[number(.)=number(.)]"), COUNT(_xlfn.FILTERXML("<t><s>" & SUBSTITUTE(C95," ","</s><s>") & "</s></t>","//s[number(.)=number(.)]")))} -> 0 | F95: =TRIM(RIGHT(SUBSTITUTE(C95," "&D95&" "&E95,""),13)) -> 4987080117018 | G95: =LEFT(C95,10) -> 2026/03/25 | H95: =MID(C95,12,10) -> 2026/04/01 | I95: =_xlfn.LET( _xlpm.s, _xlfn.TEXTAFTER(C95, " " & H95 & " "), TRIM(_xlfn.TEXTBEFORE(_xlpm.s, " " & L95 & " ")) ) -> エバスチンOD錠5mg「サワイ」沢井製薬 | J95: =LEFT(I95, LEN(I95) - LEN(K95)) -> エバスチンOD錠5mg「サワイ」 | K95: {=_xlfn.LET( _xlpm.s, SUBSTITUTE(SUBSTITUTE(I95," ","")," ",""), _xlpm.dic, SUBSTITUTE(SUBSTITUTE(メーカー!$A$1:$A$100," ","")," ",""), _xlpm.pos, MATCH(TRUE, RIGHT(_xlpm.s, LEN(_xlpm.dic)) = _xlpm.dic, 0), INDEX(メーカー!$A$1:$A$100, _xlpm.pos) )} -> 沢井製薬 | L95: {=INDEX(_xlfn.FILTERXML("<t><s>" & SUBSTITUTE(MID(C95,23,999)," ","</s><s>") & "</s></t>","//s[number(.)=number(.)]"),1)} -> 1 | M95: {=INDEX( _xlfn.FILTERXML("<t><s>" & SUBSTITUTE(MID(C95, 22 + LEN(I95) + 1, 999), " ", "</s><s>") & "</s></t>", "//s[number(.)=number(.)]"), 2 )} -> 38 | N95: {=_xlfn.REGEXEXTRACT(C95, "\d{2}:\d{2}:\d{2}")} -> 08:54:48 | O95: =TRIM(SUBSTITUTE(_xlfn.TEXTAFTER(C95, " " & N95 & " "), F95 & " " & D95 & " " & E95, "")) -> 5mg/錠 PTP 10錠×10 | P95: =TRIM(LEFT(_xlfn.TEXTAFTER(C95, I95 & " "), FIND(" ", _xlfn.TEXTAFTER(C95, I95 & " "))-1)) -> 1
B96: =B95+4 -> 418 | C96: =_xlfn.CONCAT(OFFSET(元!$B$10,'1行'!B96,0)," ",OFFSET(元!$B$12,'1行'!B96,0)) -> 2026/03/25 2026/04/01 クロピドグレル錠75mg「JG」日本ジェネリック 1 39 08:54:48 75mg/錠 バラ 500錠×1瓶4987792313180 1 0 | D96: {=INDEX(_xlfn.FILTERXML("<t><s>" & SUBSTITUTE(C96," ","</s><s>") & "</s></t>","//s[number(.)=number(.)]"), COUNT(_xlfn.FILTERXML("<t><s>" & SUBSTITUTE(C96," ","</s><s>") & "</s></t>","//s[number(.)=number(.)]"))-1)} -> 1 | E96: {=INDEX(_xlfn.FILTERXML("<t><s>" & SUBSTITUTE(C96," ","</s><s>") & "</s></t>","//s[number(.)=number(.)]"), COUNT(_xlfn.FILTERXML("<t><s>" & SUBSTITUTE(C96," ","</s><s>") & "</s></t>","//s[number(.)=number(.)]")))} -> 0 | F96: =TRIM(RIGHT(SUBSTITUTE(C96," "&D96&" "&E96,""),13)) -> 4987792313180 | G96: =LEFT(C96,10) -> 2026/03/25 | H96: =MID(C96,12,10) -> 2026/04/01 | I96: =_xlfn.LET( _xlpm.s, _xlfn.TEXTAFTER(C96, " " & H96 & " "), TRIM(_xlfn.TEXTBEFORE(_xlpm.s, " " & L96 & " ")) ) -> クロピドグレル錠75mg「JG」日本ジェネリック | J96: =LEFT(I96, LEN(I96) - LEN(K96)) -> クロピドグレル錠75mg「JG」 | K96: {=_xlfn.LET( _xlpm.s, SUBSTITUTE(SUBSTITUTE(I96," ","")," ",""), _xlpm.dic, SUBSTITUTE(SUBSTITUTE(メーカー!$A$1:$A$100," ","")," ",""), _xlpm.pos, MATCH(TRUE, RIGHT(_xlpm.s, LEN(_xlpm.dic)) = _xlpm.dic, 0), INDEX(メーカー!$A$1:$A$100, _xlpm.pos) )} -> 日本ジェネリック | L96: {=INDEX(_xlfn.FILTERXML("<t><s>" & SUBSTITUTE(MID(C96,23,999)," ","</s><s>") & "</s></t>","//s[number(.)=number(.)]"),1)} -> 1 | M96: {=INDEX( _xlfn.FILTERXML("<t><s>" & SUBSTITUTE(MID(C96, 22 + LEN(I96) + 1, 999), " ", "</s><s>") & "</s></t>", "//s[number(.)=number(.)]"), 2 )} -> 39 | N96: {=_xlfn.REGEXEXTRACT(C96, "\d{2}:\d{2}:\d{2}")} -> 08:54:48 | O96: =TRIM(SUBSTITUTE(_xlfn.TEXTAFTER(C96, " " & N96 & " "), F96 & " " & D96 & " " & E96, "")) -> 75mg/錠 バラ 500錠×1瓶 | P96: =TRIM(LEFT(_xlfn.TEXTAFTER(C96, I96 & " "), FIND(" ", _xlfn.TEXTAFTER(C96, I96 & " "))-1)) -> 1
B97: =B96+4 -> 422 | C97: =_xlfn.CONCAT(OFFSET(元!$B$10,'1行'!B97,0)," ",OFFSET(元!$B$12,'1行'!B97,0)) -> 2026/03/25 2026/04/01 フロセミド錠20mg「NIG」武田薬品工業 1 40 08:54:48 20mg/錠 バラ 1200錠×1瓶4987123875264 1 0 | D97: {=INDEX(_xlfn.FILTERXML("<t><s>" & SUBSTITUTE(C97," ","</s><s>") & "</s></t>","//s[number(.)=number(.)]"), COUNT(_xlfn.FILTERXML("<t><s>" & SUBSTITUTE(C97," ","</s><s>") & "</s></t>","//s[number(.)=number(.)]"))-1)} -> 1 | E97: {=INDEX(_xlfn.FILTERXML("<t><s>" & SUBSTITUTE(C97," ","</s><s>") & "</s></t>","//s[number(.)=number(.)]"), COUNT(_xlfn.FILTERXML("<t><s>" & SUBSTITUTE(C97," ","</s><s>") & "</s></t>","//s[number(.)=number(.)]")))} -> 0 | F97: =TRIM(RIGHT(SUBSTITUTE(C97," "&D97&" "&E97,""),13)) -> 4987123875264 | G97: =LEFT(C97,10) -> 2026/03/25 | H97: =MID(C97,12,10) -> 2026/04/01 | I97: =_xlfn.LET( _xlpm.s, _xlfn.TEXTAFTER(C97, " " & H97 & " "), TRIM(_xlfn.TEXTBEFORE(_xlpm.s, " " & L97 & " ")) ) -> フロセミド錠20mg「NIG」武田薬品工業 | J97: =LEFT(I97, LEN(I97) - LEN(K97)) -> フロセミド錠20mg「NIG」 | K97: {=_xlfn.LET( _xlpm.s, SUBSTITUTE(SUBSTITUTE(I97," ","")," ",""), _xlpm.dic, SUBSTITUTE(SUBSTITUTE(メーカー!$A$1:$A$100," ","")," ",""), _xlpm.pos, MATCH(TRUE, RIGHT(_xlpm.s, LEN(_xlpm.dic)) = _xlpm.dic, 0), INDEX(メーカー!$A$1:$A$100, _xlpm.pos) )} -> 武田薬品工業 | L97: {=INDEX(_xlfn.FILTERXML("<t><s>" & SUBSTITUTE(MID(C97,23,999)," ","</s><s>") & "</s></t>","//s[number(.)=number(.)]"),1)} -> 1 | M97: {=INDEX( _xlfn.FILTERXML("<t><s>" & SUBSTITUTE(MID(C97, 22 + LEN(I97) + 1, 999), " ", "</s><s>") & "</s></t>", "//s[number(.)=number(.)]"), 2 )} -> 40 | N97: {=_xlfn.REGEXEXTRACT(C97, "\d{2}:\d{2}:\d{2}")} -> 08:54:48 | O97: =TRIM(SUBSTITUTE(_xlfn.TEXTAFTER(C97, " " & N97 & " "), F97 & " " & D97 & " " & E97, "")) -> 20mg/錠 バラ 1200錠×1瓶 | P97: =TRIM(LEFT(_xlfn.TEXTAFTER(C97, I97 & " "), FIND(" ", _xlfn.TEXTAFTER(C97, I97 & " "))-1)) -> 1
B98: =B97+4 -> 426 | C98: =_xlfn.CONCAT(OFFSET(元!$B$10,'1行'!B98,0)," ",OFFSET(元!$B$12,'1行'!B98,0)) -> 2026/03/25 2026/04/01 タケキャブOD錠20mg 武田薬品工業 1 41 08:54:48 20mg/錠 PTP 10錠×10 4987123002752 1 0 | D98: {=INDEX(_xlfn.FILTERXML("<t><s>" & SUBSTITUTE(C98," ","</s><s>") & "</s></t>","//s[number(.)=number(.)]"), COUNT(_xlfn.FILTERXML("<t><s>" & SUBSTITUTE(C98," ","</s><s>") & "</s></t>","//s[number(.)=number(.)]"))-1)} -> 1 | E98: {=INDEX(_xlfn.FILTERXML("<t><s>" & SUBSTITUTE(C98," ","</s><s>") & "</s></t>","//s[number(.)=number(.)]"), COUNT(_xlfn.FILTERXML("<t><s>" & SUBSTITUTE(C98," ","</s><s>") & "</s></t>","//s[number(.)=number(.)]")))} -> 0 | F98: =TRIM(RIGHT(SUBSTITUTE(C98," "&D98&" "&E98,""),13)) -> 4987123002752 | G98: =LEFT(C98,10) -> 2026/03/25 | H98: =MID(C98,12,10) -> 2026/04/01 | I98: =_xlfn.LET( _xlpm.s, _xlfn.TEXTAFTER(C98, " " & H98 & " "), TRIM(_xlfn.TEXTBEFORE(_xlpm.s, " " & L98 & " ")) ) -> タケキャブOD錠20mg 武田薬品工業 | J98: =LEFT(I98, LEN(I98) - LEN(K98)) -> タケキャブOD錠20mg | K98: {=_xlfn.LET( _xlpm.s, SUBSTITUTE(SUBSTITUTE(I98," ","")," ",""), _xlpm.dic, SUBSTITUTE(SUBSTITUTE(メーカー!$A$1:$A$100," ","")," ",""), _xlpm.pos, MATCH(TRUE, RIGHT(_xlpm.s, LEN(_xlpm.dic)) = _xlpm.dic, 0), INDEX(メーカー!$A$1:$A$100, _xlpm.pos) )} -> 武田薬品工業 | L98: {=INDEX(_xlfn.FILTERXML("<t><s>" & SUBSTITUTE(MID(C98,23,999)," ","</s><s>") & "</s></t>","//s[number(.)=number(.)]"),1)} -> 1 | M98: {=INDEX( _xlfn.FILTERXML("<t><s>" & SUBSTITUTE(MID(C98, 22 + LEN(I98) + 1, 999), " ", "</s><s>") & "</s></t>", "//s[number(.)=number(.)]"), 2 )} -> 41 | N98: {=_xlfn.REGEXEXTRACT(C98, "\d{2}:\d{2}:\d{2}")} -> 08:54:48 | O98: =TRIM(SUBSTITUTE(_xlfn.TEXTAFTER(C98, " " & N98 & " "), F98 & " " & D98 & " " & E98, "")) -> 20mg/錠 PTP 10錠×10 | P98: =TRIM(LEFT(_xlfn.TEXTAFTER(C98, I98 & " "), FIND(" ", _xlfn.TEXTAFTER(C98, I98 & " "))-1)) -> 1
B99: =B98+4 -> 430 | C99: =_xlfn.CONCAT(OFFSET(元!$B$10,'1行'!B99,0)," ",OFFSET(元!$B$12,'1行'!B99,0)) -> 2026/03/25 2026/04/01 レグテクト錠333mg 日本新薬 1 42 08:54:48 333mg/錠 バラ 500錠×1瓶4987173018369 1 0 | D99: {=INDEX(_xlfn.FILTERXML("<t><s>" & SUBSTITUTE(C99," ","</s><s>") & "</s></t>","//s[number(.)=number(.)]"), COUNT(_xlfn.FILTERXML("<t><s>" & SUBSTITUTE(C99," ","</s><s>") & "</s></t>","//s[number(.)=number(.)]"))-1)} -> 1 | E99: {=INDEX(_xlfn.FILTERXML("<t><s>" & SUBSTITUTE(C99," ","</s><s>") & "</s></t>","//s[number(.)=number(.)]"), COUNT(_xlfn.FILTERXML("<t><s>" & SUBSTITUTE(C99," ","</s><s>") & "</s></t>","//s[number(.)=number(.)]")))} -> 0 | F99: =TRIM(RIGHT(SUBSTITUTE(C99," "&D99&" "&E99,""),13)) -> 4987173018369 | G99: =LEFT(C99,10) -> 2026/03/25 | H99: =MID(C99,12,10) -> 2026/04/01 | I99: =_xlfn.LET( _xlpm.s, _xlfn.TEXTAFTER(C99, " " & H99 & " "), TRIM(_xlfn.TEXTBEFORE(_xlpm.s, " " & L99 & " ")) ) -> レグテクト錠333mg 日本新薬 | J99: =LEFT(I99, LEN(I99) - LEN(K99)) -> レグテクト錠333mg | K99: {=_xlfn.LET( _xlpm.s, SUBSTITUTE(SUBSTITUTE(I99," ","")," ",""), _xlpm.dic, SUBSTITUTE(SUBSTITUTE(メーカー!$A$1:$A$100," ","")," ",""), _xlpm.pos, MATCH(TRUE, RIGHT(_xlpm.s, LEN(_xlpm.dic)) = _xlpm.dic, 0), INDEX(メーカー!$A$1:$A$100, _xlpm.pos) )} -> 日本新薬 | L99: {=INDEX(_xlfn.FILTERXML("<t><s>" & SUBSTITUTE(MID(C99,23,999)," ","</s><s>") & "</s></t>","//s[number(.)=number(.)]"),1)} -> 1 | M99: {=INDEX( _xlfn.FILTERXML("<t><s>" & SUBSTITUTE(MID(C99, 22 + LEN(I99) + 1, 999), " ", "</s><s>") & "</s></t>", "//s[number(.)=number(.)]"), 2 )} -> 42 | N99: {=_xlfn.REGEXEXTRACT(C99, "\d{2}:\d{2}:\d{2}")} -> 08:54:48 | O99: =TRIM(SUBSTITUTE(_xlfn.TEXTAFTER(C99, " " & N99 & " "), F99 & " " & D99 & " " & E99, "")) -> 333mg/錠 バラ 500錠×1瓶 | P99: =TRIM(LEFT(_xlfn.TEXTAFTER(C99, I99 & " "), FIND(" ", _xlfn.TEXTAFTER(C99, I99 & " "))-1)) -> 1
B100: =B99+4 -> 434 | C100: =_xlfn.CONCAT(OFFSET(元!$B$10,'1行'!B100,0)," ",OFFSET(元!$B$12,'1行'!B100,0)) -> 2026/03/25 2026/04/01 アリピプラゾール錠1mg「サワイ」沢井製薬 4 43 08:54:48 1mg/錠 PTP 10錠×10 4987080271116 4 0 | D100: {=INDEX(_xlfn.FILTERXML("<t><s>" & SUBSTITUTE(C100," ","</s><s>") & "</s></t>","//s[number(.)=number(.)]"), COUNT(_xlfn.FILTERXML("<t><s>" & SUBSTITUTE(C100," ","</s><s>") & "</s></t>","//s[number(.)=number(.)]"))-1)} -> 4 | E100: {=INDEX(_xlfn.FILTERXML("<t><s>" & SUBSTITUTE(C100," ","</s><s>") & "</s></t>","//s[number(.)=number(.)]"), COUNT(_xlfn.FILTERXML("<t><s>" & SUBSTITUTE(C100," ","</s><s>") & "</s></t>","//s[number(.)=number(.)]")))} -> 0 | F100: =TRIM(RIGHT(SUBSTITUTE(C100," "&D100&" "&E100,""),13)) -> 4987080271116 | G100: =LEFT(C100,10) -> 2026/03/25 | H100: =MID(C100,12,10) -> 2026/04/01 | I100: =_xlfn.LET( _xlpm.s, _xlfn.TEXTAFTER(C100, " " & H100 & " "), TRIM(_xlfn.TEXTBEFORE(_xlpm.s, " " & L100 & " ")) ) -> アリピプラゾール錠1mg「サワイ」沢井製薬 | J100: =LEFT(I100, LEN(I100) - LEN(K100)) -> アリピプラゾール錠1mg「サワイ」 | K100: {=_xlfn.LET( _xlpm.s, SUBSTITUTE(SUBSTITUTE(I100," ","")," ",""), _xlpm.dic, SUBSTITUTE(SUBSTITUTE(メーカー!$A$1:$A$100," ","")," ",""), _xlpm.pos, MATCH(TRUE, RIGHT(_xlpm.s, LEN(_xlpm.dic)) = _xlpm.dic, 0), INDEX(メーカー!$A$1:$A$100, _xlpm.pos) )} -> 沢井製薬 | L100: {=INDEX(_xlfn.FILTERXML("<t><s>" & SUBSTITUTE(MID(C100,23,999)," ","</s><s>") & "</s></t>","//s[number(.)=number(.)]"),1)} -> 4 | M100: {=INDEX( _xlfn.FILTERXML("<t><s>" & SUBSTITUTE(MID(C100, 22 + LEN(I100) + 1, 999), " ", "</s><s>") & "</s></t>", "//s[number(.)=number(.)]"), 2 )} -> 43 | N100: {=_xlfn.REGEXEXTRACT(C100, "\d{2}:\d{2}:\d{2}")} -> 08:54:48 | O100: =TRIM(SUBSTITUTE(_xlfn.TEXTAFTER(C100, " " & N100 & " "), F100 & " " & D100 & " " & E100, "")) -> 1mg/錠 PTP 10錠×10 | P100: =TRIM(LEFT(_xlfn.TEXTAFTER(C100, I100 & " "), FIND(" ", _xlfn.TEXTAFTER(C100, I100 & " "))-1)) -> 4
B101: =B100+4 -> 438 | C101: =_xlfn.CONCAT(OFFSET(元!$B$10,'1行'!B101,0)," ",OFFSET(元!$B$12,'1行'!B101,0)) -> 2026/03/25 2026/04/01 ノイロトロピン錠4単位日本臓器製薬 1 44 08:54:48 4単位/錠 PTP 10錠×100 4987174111335 1 0 | D101: {=INDEX(_xlfn.FILTERXML("<t><s>" & SUBSTITUTE(C101," ","</s><s>") & "</s></t>","//s[number(.)=number(.)]"), COUNT(_xlfn.FILTERXML("<t><s>" & SUBSTITUTE(C101," ","</s><s>") & "</s></t>","//s[number(.)=number(.)]"))-1)} -> 1 | E101: {=INDEX(_xlfn.FILTERXML("<t><s>" & SUBSTITUTE(C101," ","</s><s>") & "</s></t>","//s[number(.)=number(.)]"), COUNT(_xlfn.FILTERXML("<t><s>" & SUBSTITUTE(C101," ","</s><s>") & "</s></t>","//s[number(.)=number(.)]")))} -> 0 | F101: =TRIM(RIGHT(SUBSTITUTE(C101," "&D101&" "&E101,""),13)) -> 4987174111335 | G101: =LEFT(C101,10) -> 2026/03/25 | H101: =MID(C101,12,10) -> 2026/04/01 | I101: =_xlfn.LET( _xlpm.s, _xlfn.TEXTAFTER(C101, " " & H101 & " "), TRIM(_xlfn.TEXTBEFORE(_xlpm.s, " " & L101 & " ")) ) -> ノイロトロピン錠4単位日本臓器製薬 | J101: =LEFT(I101, LEN(I101) - LEN(K101)) -> ノイロトロピン錠4単位 | K101: {=_xlfn.LET( _xlpm.s, SUBSTITUTE(SUBSTITUTE(I101," ","")," ",""), _xlpm.dic, SUBSTITUTE(SUBSTITUTE(メーカー!$A$1:$A$100," ","")," ",""), _xlpm.pos, MATCH(TRUE, RIGHT(_xlpm.s, LEN(_xlpm.dic)) = _xlpm.dic, 0), INDEX(メーカー!$A$1:$A$100, _xlpm.pos) )} -> 日本臓器製薬 | L101: {=INDEX(_xlfn.FILTERXML("<t><s>" & SUBSTITUTE(MID(C101,23,999)," ","</s><s>") & "</s></t>","//s[number(.)=number(.)]"),1)} -> 1 | M101: {=INDEX( _xlfn.FILTERXML("<t><s>" & SUBSTITUTE(MID(C101, 22 + LEN(I101) + 1, 999), " ", "</s><s>") & "</s></t>", "//s[number(.)=number(.)]"), 2 )} -> 44 | N101: {=_xlfn.REGEXEXTRACT(C101, "\d{2}:\d{2}:\d{2}")} -> 08:54:48 | O101: =TRIM(SUBSTITUTE(_xlfn.TEXTAFTER(C101, " " & N101 & " "), F101 & " " & D101 & " " & E101, "")) -> 4単位/錠 PTP 10錠×100 | P101: =TRIM(LEFT(_xlfn.TEXTAFTER(C101, I101 & " "), FIND(" ", _xlfn.TEXTAFTER(C101, I101 & " "))-1)) -> 1
B102: =B101+4 -> 442 | C102: =_xlfn.CONCAT(OFFSET(元!$B$10,'1行'!B102,0)," ",OFFSET(元!$B$12,'1行'!B102,0)) -> 2026/03/25 2026/04/01 デュタステリドカプセル0.5mgAV「サワイ」沢井製薬 3 45 08:54:48 0.5mg/カプセル PTP 10カプセル×3 4987080195115 3 0 | D102: {=INDEX(_xlfn.FILTERXML("<t><s>" & SUBSTITUTE(C102," ","</s><s>") & "</s></t>","//s[number(.)=number(.)]"), COUNT(_xlfn.FILTERXML("<t><s>" & SUBSTITUTE(C102," ","</s><s>") & "</s></t>","//s[number(.)=number(.)]"))-1)} -> 3 | E102: {=INDEX(_xlfn.FILTERXML("<t><s>" & SUBSTITUTE(C102," ","</s><s>") & "</s></t>","//s[number(.)=number(.)]"), COUNT(_xlfn.FILTERXML("<t><s>" & SUBSTITUTE(C102," ","</s><s>") & "</s></t>","//s[number(.)=number(.)]")))} -> 0 | F102: =TRIM(RIGHT(SUBSTITUTE(C102," "&D102&" "&E102,""),13)) -> 4987080195115 | G102: =LEFT(C102,10) -> 2026/03/25 | H102: =MID(C102,12,10) -> 2026/04/01 | I102: =_xlfn.LET( _xlpm.s, _xlfn.TEXTAFTER(C102, " " & H102 & " "), TRIM(_xlfn.TEXTBEFORE(_xlpm.s, " " & L102 & " ")) ) -> デュタステリドカプセル0.5mgAV「サワイ」沢井製薬 | J102: =LEFT(I102, LEN(I102) - LEN(K102)) -> デュタステリドカプセル0.5mgAV「サワイ」 | K102: {=_xlfn.LET( _xlpm.s, SUBSTITUTE(SUBSTITUTE(I102," ","")," ",""), _xlpm.dic, SUBSTITUTE(SUBSTITUTE(メーカー!$A$1:$A$100," ","")," ",""), _xlpm.pos, MATCH(TRUE, RIGHT(_xlpm.s, LEN(_xlpm.dic)) = _xlpm.dic, 0), INDEX(メーカー!$A$1:$A$100, _xlpm.pos) )} -> 沢井製薬 | L102: {=INDEX(_xlfn.FILTERXML("<t><s>" & SUBSTITUTE(MID(C102,23,999)," ","</s><s>") & "</s></t>","//s[number(.)=number(.)]"),1)} -> 3 | M102: {=INDEX( _xlfn.FILTERXML("<t><s>" & SUBSTITUTE(MID(C102, 22 + LEN(I102) + 1, 999), " ", "</s><s>") & "</s></t>", "//s[number(.)=number(.)]"), 2 )} -> 45 | N102: {=_xlfn.REGEXEXTRACT(C102, "\d{2}:\d{2}:\d{2}")} -> 08:54:48 | O102: =TRIM(SUBSTITUTE(_xlfn.TEXTAFTER(C102, " " & N102 & " "), F102 & " " & D102 & " " & E102, "")) -> 0.5mg/カプセル PTP 10カプセル×3 | P102: =TRIM(LEFT(_xlfn.TEXTAFTER(C102, I102 & " "), FIND(" ", _xlfn.TEXTAFTER(C102, I102 & " "))-1)) -> 3
B103: =B102+4 -> 446 | C103: =_xlfn.CONCAT(OFFSET(元!$B$10,'1行'!B103,0)," ",OFFSET(元!$B$12,'1行'!B103,0)) -> 2026/03/25 2026/04/01 トアラセット配合錠「オーハラ」大原薬品工業 1 46 08:54:48 PTP 10錠×10 4987407239300 1 0 | D103: {=INDEX(_xlfn.FILTERXML("<t><s>" & SUBSTITUTE(C103," ","</s><s>") & "</s></t>","//s[number(.)=number(.)]"), COUNT(_xlfn.FILTERXML("<t><s>" & SUBSTITUTE(C103," ","</s><s>") & "</s></t>","//s[number(.)=number(.)]"))-1)} -> 1 | E103: {=INDEX(_xlfn.FILTERXML("<t><s>" & SUBSTITUTE(C103," ","</s><s>") & "</s></t>","//s[number(.)=number(.)]"), COUNT(_xlfn.FILTERXML("<t><s>" & SUBSTITUTE(C103," ","</s><s>") & "</s></t>","//s[number(.)=number(.)]")))} -> 0 | F103: =TRIM(RIGHT(SUBSTITUTE(C103," "&D103&" "&E103,""),13)) -> 4987407239300 | G103: =LEFT(C103,10) -> 2026/03/25 | H103: =MID(C103,12,10) -> 2026/04/01 | I103: =_xlfn.LET( _xlpm.s, _xlfn.TEXTAFTER(C103, " " & H103 & " "), TRIM(_xlfn.TEXTBEFORE(_xlpm.s, " " & L103 & " ")) ) -> トアラセット配合錠「オーハラ」大原薬品工業 | J103: =LEFT(I103, LEN(I103) - LEN(K103)) -> トアラセット配合錠「オーハラ」 | K103: {=_xlfn.LET( _xlpm.s, SUBSTITUTE(SUBSTITUTE(I103," ","")," ",""), _xlpm.dic, SUBSTITUTE(SUBSTITUTE(メーカー!$A$1:$A$100," ","")," ",""), _xlpm.pos, MATCH(TRUE, RIGHT(_xlpm.s, LEN(_xlpm.dic)) = _xlpm.dic, 0), INDEX(メーカー!$A$1:$A$100, _xlpm.pos) )} -> 大原薬品工業 | L103: {=INDEX(_xlfn.FILTERXML("<t><s>" & SUBSTITUTE(MID(C103,23,999)," ","</s><s>") & "</s></t>","//s[number(.)=number(.)]"),1)} -> 1 | M103: {=INDEX( _xlfn.FILTERXML("<t><s>" & SUBSTITUTE(MID(C103, 22 + LEN(I103) + 1, 999), " ", "</s><s>") & "</s></t>", "//s[number(.)=number(.)]"), 2 )} -> 46 | N103: {=_xlfn.REGEXEXTRACT(C103, "\d{2}:\d{2}:\d{2}")} -> 08:54:48 | O103: =TRIM(SUBSTITUTE(_xlfn.TEXTAFTER(C103, " " & N103 & " "), F103 & " " & D103 & " " & E103, "")) -> PTP 10錠×10 | P103: =TRIM(LEFT(_xlfn.TEXTAFTER(C103, I103 & " "), FIND(" ", _xlfn.TEXTAFTER(C103, I103 & " "))-1)) -> 1
B104: =B103+4 -> 450 | C104: =_xlfn.CONCAT(OFFSET(元!$B$10,'1行'!B104,0)," ",OFFSET(元!$B$12,'1行'!B104,0)) -> 2026/03/25 2026/04/01 リオレサール錠5mg サンファーマ 1 47 08:54:48 5mg/錠 PTP 10錠×10 4987047211445 1 0 | D104: {=INDEX(_xlfn.FILTERXML("<t><s>" & SUBSTITUTE(C104," ","</s><s>") & "</s></t>","//s[number(.)=number(.)]"), COUNT(_xlfn.FILTERXML("<t><s>" & SUBSTITUTE(C104," ","</s><s>") & "</s></t>","//s[number(.)=number(.)]"))-1)} -> 1 | E104: {=INDEX(_xlfn.FILTERXML("<t><s>" & SUBSTITUTE(C104," ","</s><s>") & "</s></t>","//s[number(.)=number(.)]"), COUNT(_xlfn.FILTERXML("<t><s>" & SUBSTITUTE(C104," ","</s><s>") & "</s></t>","//s[number(.)=number(.)]")))} -> 0 | F104: =TRIM(RIGHT(SUBSTITUTE(C104," "&D104&" "&E104,""),13)) -> 4987047211445 | G104: =LEFT(C104,10) -> 2026/03/25 | H104: =MID(C104,12,10) -> 2026/04/01 | I104: =_xlfn.LET( _xlpm.s, _xlfn.TEXTAFTER(C104, " " & H104 & " "), TRIM(_xlfn.TEXTBEFORE(_xlpm.s, " " & L104 & " ")) ) -> リオレサール錠5mg サンファーマ | J104: =LEFT(I104, LEN(I104) - LEN(K104)) -> リオレサール錠5mg | K104: {=_xlfn.LET( _xlpm.s, SUBSTITUTE(SUBSTITUTE(I104," ","")," ",""), _xlpm.dic, SUBSTITUTE(SUBSTITUTE(メーカー!$A$1:$A$100," ","")," ",""), _xlpm.pos, MATCH(TRUE, RIGHT(_xlpm.s, LEN(_xlpm.dic)) = _xlpm.dic, 0), INDEX(メーカー!$A$1:$A$100, _xlpm.pos) )} -> サンファーマ | L104: {=INDEX(_xlfn.FILTERXML("<t><s>" & SUBSTITUTE(MID(C104,23,999)," ","</s><s>") & "</s></t>","//s[number(.)=number(.)]"),1)} -> 1 | M104: {=INDEX( _xlfn.FILTERXML("<t><s>" & SUBSTITUTE(MID(C104, 22 + LEN(I104) + 1, 999), " ", "</s><s>") & "</s></t>", "//s[number(.)=number(.)]"), 2 )} -> 47 | N104: {=_xlfn.REGEXEXTRACT(C104, "\d{2}:\d{2}:\d{2}")} -> 08:54:48 | O104: =TRIM(SUBSTITUTE(_xlfn.TEXTAFTER(C104, " " & N104 & " "), F104 & " " & D104 & " " & E104, "")) -> 5mg/錠 PTP 10錠×10 | P104: =TRIM(LEFT(_xlfn.TEXTAFTER(C104, I104 & " "), FIND(" ", _xlfn.TEXTAFTER(C104, I104 & " "))-1)) -> 1
... B117: =B116+4 -> 502 | C117: =_xlfn.CONCAT(OFFSET(元!$B$10,'1行'!B117,0)," ",OFFSET(元!$B$12,'1行'!B117,0)) -> 2026/03/25 2026/04/01 ツムラ大建中湯エキス顆粒(医療用) ツムラ 10 60 08:54:48 分包 2.5g×189包4987138810038 10 0 | D117: {=INDEX(_xlfn.FILTERXML("<t><s>" & SUBSTITUTE(C117," ","</s><s>") & "</s></t>","//s[number(.)=number(.)]"), COUNT(_xlfn.FILTERXML("<t><s>" & SUBSTITUTE(C117," ","</s><s>") & "</s></t>","//s[number(.)=number(.)]"))-1)} -> 10 | E117: {=INDEX(_xlfn.FILTERXML("<t><s>" & SUBSTITUTE(C117," ","</s><s>") & "</s></t>","//s[number(.)=number(.)]"), COUNT(_xlfn.FILTERXML("<t><s>" & SUBSTITUTE(C117," ","</s><s>") & "</s></t>","//s[number(.)=number(.)]")))} -> 0 | F117: =TRIM(RIGHT(SUBSTITUTE(C117," "&D117&" "&E117,""),13)) -> 4987138810038 | G117: =LEFT(C117,10) -> 2026/03/25 | H117: =MID(C117,12,10) -> 2026/04/01 | I117: =_xlfn.LET( _xlpm.s, _xlfn.TEXTAFTER(C117, " " & H117 & " "), TRIM(_xlfn.TEXTBEFORE(_xlpm.s, " " & L117 & " ")) ) -> ツムラ大建中湯エキス顆粒(医療用) ツムラ | J117: =LEFT(I117, LEN(I117) - LEN(K117)) -> ツムラ大建中湯エキス顆粒(医療用) | K117: {=_xlfn.LET( _xlpm.s, SUBSTITUTE(SUBSTITUTE(I117," ","")," ",""), _xlpm.dic, SUBSTITUTE(SUBSTITUTE(メーカー!$A$1:$A$100," ","")," ",""), _xlpm.pos, MATCH(TRUE, RIGHT(_xlpm.s, LEN(_xlpm.dic)) = _xlpm.dic, 0), INDEX(メーカー!$A$1:$A$100, _xlpm.pos) )} -> ツムラ | L117: {=INDEX(_xlfn.FILTERXML("<t><s>" & SUBSTITUTE(MID(C117,23,999)," ","</s><s>") & "</s></t>","//s[number(.)=number(.)]"),1)} -> 10 | M117: {=INDEX( _xlfn.FILTERXML("<t><s>" & SUBSTITUTE(MID(C117, 22 + LEN(I117) + 1, 999), " ", "</s><s>") & "</s></t>", "//s[number(.)=number(.)]"), 2 )} -> 60 | N117: {=_xlfn.REGEXEXTRACT(C117, "\d{2}:\d{2}:\d{2}")} -> 08:54:48 | O117: =TRIM(SUBSTITUTE(_xlfn.TEXTAFTER(C117, " " & N117 & " "), F117 & " " & D117 & " " & E117, "")) -> 分包 2.5g×189包 | P117: =TRIM(LEFT(_xlfn.TEXTAFTER(C117, I117 & " "), FIND(" ", _xlfn.TEXTAFTER(C117, I117 & " "))-1)) -> 10
B118: =B117+10 -> 512 | C118: =_xlfn.CONCAT(OFFSET(元!$B$10,'1行'!B118,0)," ",OFFSET(元!$B$12,'1行'!B118,0)) -> 2026/03/26 2026/03/26 スルバシリン静注用1.5g Ｍｅｉｊｉ Ｓｅｉｋａ ファル 2 1 15:43:55 (1.5g)1瓶×10瓶4987222664738 2 0 | D118: {=INDEX(_xlfn.FILTERXML("<t><s>" & SUBSTITUTE(C118," ","</s><s>") & "</s></t>","//s[number(.)=number(.)]"), COUNT(_xlfn.FILTERXML("<t><s>" & SUBSTITUTE(C118," ","</s><s>") & "</s></t>","//s[number(.)=number(.)]"))-1)} -> 2 | E118: {=INDEX(_xlfn.FILTERXML("<t><s>" & SUBSTITUTE(C118," ","</s><s>") & "</s></t>","//s[number(.)=number(.)]"), COUNT(_xlfn.FILTERXML("<t><s>" & SUBSTITUTE(C118," ","</s><s>") & "</s></t>","//s[number(.)=number(.)]")))} -> 0 | F118: =TRIM(RIGHT(SUBSTITUTE(C118," "&D118&" "&E118,""),13)) -> 4987222664738 | G118: =LEFT(C118,10) -> 2026/03/26 | H118: =MID(C118,12,10) -> 2026/03/26 | I118: =_xlfn.LET( _xlpm.s, _xlfn.TEXTAFTER(C118, " " & H118 & " "), TRIM(_xlfn.TEXTBEFORE(_xlpm.s, " " & L118 & " ")) ) -> スルバシリン静注用1.5g Ｍｅｉｊｉ Ｓｅｉｋａ ファル | J118: =LEFT(I118, LEN(I118) - LEN(K118)) -> スルバシリン静注用1.5g | K118: {=_xlfn.LET( _xlpm.s, SUBSTITUTE(SUBSTITUTE(I118," ","")," ",""), _xlpm.dic, SUBSTITUTE(SUBSTITUTE(メーカー!$A$1:$A$100," ","")," ",""), _xlpm.pos, MATCH(TRUE, RIGHT(_xlpm.s, LEN(_xlpm.dic)) = _xlpm.dic, 0), INDEX(メーカー!$A$1:$A$100, _xlpm.pos) )} -> Ｍｅｉｊｉ Ｓｅｉｋａ ファル | L118: {=INDEX(_xlfn.FILTERXML("<t><s>" & SUBSTITUTE(MID(C118,23,999)," ","</s><s>") & "</s></t>","//s[number(.)=number(.)]"),1)} -> 2 | M118: {=INDEX( _xlfn.FILTERXML("<t><s>" & SUBSTITUTE(MID(C118, 22 + LEN(I118) + 1, 999), " ", "</s><s>") & "</s></t>", "//s[number(.)=number(.)]"), 2 )} -> 1 | N118: {=_xlfn.REGEXEXTRACT(C118, "\d{2}:\d{2}:\d{2}")} -> 15:43:55 | O118: =TRIM(SUBSTITUTE(_xlfn.TEXTAFTER(C118, " " & N118 & " "), F118 & " " & D118 & " " & E118, "")) -> (1.5g)1瓶×10瓶 | P118: =TRIM(LEFT(_xlfn.TEXTAFTER(C118, I118 & " "), FIND(" ", _xlfn.TEXTAFTER(C118, I118 & " "))-1)) -> 2
B119: =B118+20 -> 532 | C119: =_xlfn.CONCAT(OFFSET(元!$B$10,'1行'!B119,0)," ",OFFSET(元!$B$12,'1行'!B119,0)) -> 2026/03/25 2026/04/01 アスパラ-CA錠200 ニプロ 3 2 08:54:48 200mg/錠 PTP 10錠×10 4987190000064 3 0 | D119: {=INDEX(_xlfn.FILTERXML("<t><s>" & SUBSTITUTE(C119," ","</s><s>") & "</s></t>","//s[number(.)=number(.)]"), COUNT(_xlfn.FILTERXML("<t><s>" & SUBSTITUTE(C119," ","</s><s>") & "</s></t>","//s[number(.)=number(.)]"))-1)} -> 3 | E119: {=INDEX(_xlfn.FILTERXML("<t><s>" & SUBSTITUTE(C119," ","</s><s>") & "</s></t>","//s[number(.)=number(.)]"), COUNT(_xlfn.FILTERXML("<t><s>" & SUBSTITUTE(C119," ","</s><s>") & "</s></t>","//s[number(.)=number(.)]")))} -> 0 | F119: =TRIM(RIGHT(SUBSTITUTE(C119," "&D119&" "&E119,""),13)) -> 4987190000064 | G119: =LEFT(C119,10) -> 2026/03/25 | H119: =MID(C119,12,10) -> 2026/04/01 | I119: =_xlfn.LET( _xlpm.s, _xlfn.TEXTAFTER(C119, " " & H119 & " "), TRIM(_xlfn.TEXTBEFORE(_xlpm.s, " " & L119 & " ")) ) -> アスパラ-CA錠200 ニプロ | J119: =LEFT(I119, LEN(I119) - LEN(K119)) -> アスパラ-CA錠200 | K119: {=_xlfn.LET( _xlpm.s, SUBSTITUTE(SUBSTITUTE(I119," ","")," ",""), _xlpm.dic, SUBSTITUTE(SUBSTITUTE(メーカー!$A$1:$A$100," ","")," ",""), _xlpm.pos, MATCH(TRUE, RIGHT(_xlpm.s, LEN(_xlpm.dic)) = _xlpm.dic, 0), INDEX(メーカー!$A$1:$A$100, _xlpm.pos) )} -> ニプロ | L119: {=INDEX(_xlfn.FILTERXML("<t><s>" & SUBSTITUTE(MID(C119,23,999)," ","</s><s>") & "</s></t>","//s[number(.)=number(.)]"),1)} -> 3 | M119: {=INDEX( _xlfn.FILTERXML("<t><s>" & SUBSTITUTE(MID(C119, 22 + LEN(I119) + 1, 999), " ", "</s><s>") & "</s></t>", "//s[number(.)=number(.)]"), 2 )} -> 2 | N119: {=_xlfn.REGEXEXTRACT(C119, "\d{2}:\d{2}:\d{2}")} -> 08:54:48 | O119: =TRIM(SUBSTITUTE(_xlfn.TEXTAFTER(C119, " " & N119 & " "), F119 & " " & D119 & " " & E119, "")) -> 200mg/錠 PTP 10錠×10 | P119: =TRIM(LEFT(_xlfn.TEXTAFTER(C119, I119 & " "), FIND(" ", _xlfn.TEXTAFTER(C119, I119 & " "))-1)) -> 3
B120: =B119+4 -> 536 | C120: =_xlfn.CONCAT(OFFSET(元!$B$10,'1行'!B120,0)," ",OFFSET(元!$B$12,'1行'!B120,0)) -> 2026/03/25 2026/04/01 アスパラカリウム散50% ニプロ 1 3 08:54:48 50%1g バラ 500g×1袋 (缶) 4987190000057 1 0 | D120: {=INDEX(_xlfn.FILTERXML("<t><s>" & SUBSTITUTE(C120," ","</s><s>") & "</s></t>","//s[number(.)=number(.)]"), COUNT(_xlfn.FILTERXML("<t><s>" & SUBSTITUTE(C120," ","</s><s>") & "</s></t>","//s[number(.)=number(.)]"))-1)} -> 1 | E120: {=INDEX(_xlfn.FILTERXML("<t><s>" & SUBSTITUTE(C120," ","</s><s>") & "</s></t>","//s[number(.)=number(.)]"), COUNT(_xlfn.FILTERXML("<t><s>" & SUBSTITUTE(C120," ","</s><s>") & "</s></t>","//s[number(.)=number(.)]")))} -> 0 | F120: =TRIM(RIGHT(SUBSTITUTE(C120," "&D120&" "&E120,""),13)) -> 4987190000057 | G120: =LEFT(C120,10) -> 2026/03/25 | H120: =MID(C120,12,10) -> 2026/04/01 | I120: =_xlfn.LET( _xlpm.s, _xlfn.TEXTAFTER(C120, " " & H120 & " "), TRIM(_xlfn.TEXTBEFORE(_xlpm.s, " " & L120 & " ")) ) -> アスパラカリウム散50% ニプロ | J120: =LEFT(I120, LEN(I120) - LEN(K120)) -> アスパラカリウム散50% | K120: {=_xlfn.LET( _xlpm.s, SUBSTITUTE(SUBSTITUTE(I120," ","")," ",""), _xlpm.dic, SUBSTITUTE(SUBSTITUTE(メーカー!$A$1:$A$100," ","")," ",""), _xlpm.pos, MATCH(TRUE, RIGHT(_xlpm.s, LEN(_xlpm.dic)) = _xlpm.dic, 0), INDEX(メーカー!$A$1:$A$100, _xlpm.pos) )} -> ニプロ | L120: {=INDEX(_xlfn.FILTERXML("<t><s>" & SUBSTITUTE(MID(C120,23,999)," ","</s><s>") & "</s></t>","//s[number(.)=number(.)]"),1)} -> 1 | M120: {=INDEX( _xlfn.FILTERXML("<t><s>" & SUBSTITUTE(MID(C120, 22 + LEN(I120) + 1, 999), " ", "</s><s>") & "</s></t>", "//s[number(.)=number(.)]"), 2 )} -> 3 | N120: {=_xlfn.REGEXEXTRACT(C120, "\d{2}:\d{2}:\d{2}")} -> 08:54:48 | O120: =TRIM(SUBSTITUTE(_xlfn.TEXTAFTER(C120, " " & N120 & " "), F120 & " " & D120 & " " & E120, "")) -> 50%1g バラ 500g×1袋 (缶) | P120: =TRIM(LEFT(_xlfn.TEXTAFTER(C120, I120 & " "), FIND(" ", _xlfn.TEXTAFTER(C120, I120 & " "))-1)) -> 1
B121: =B120+4 -> 540 | C121: =_xlfn.CONCAT(OFFSET(元!$B$10,'1行'!B121,0)," ",OFFSET(元!$B$12,'1行'!B121,0)) -> 2026/03/25 2026/04/01 メイロン静注7% 大塚製薬 1 4 08:54:48 7%20mL1管×10管 (プラスチック) 4987035187219 1 0 | D121: {=INDEX(_xlfn.FILTERXML("<t><s>" & SUBSTITUTE(C121," ","</s><s>") & "</s></t>","//s[number(.)=number(.)]"), COUNT(_xlfn.FILTERXML("<t><s>" & SUBSTITUTE(C121," ","</s><s>") & "</s></t>","//s[number(.)=number(.)]"))-1)} -> 1 | E121: {=INDEX(_xlfn.FILTERXML("<t><s>" & SUBSTITUTE(C121," ","</s><s>") & "</s></t>","//s[number(.)=number(.)]"), COUNT(_xlfn.FILTERXML("<t><s>" & SUBSTITUTE(C121," ","</s><s>") & "</s></t>","//s[number(.)=number(.)]")))} -> 0 | F121: =TRIM(RIGHT(SUBSTITUTE(C121," "&D121&" "&E121,""),13)) -> 4987035187219 | G121: =LEFT(C121,10) -> 2026/03/25 | H121: =MID(C121,12,10) -> 2026/04/01 | I121: =_xlfn.LET( _xlpm.s, _xlfn.TEXTAFTER(C121, " " & H121 & " "), TRIM(_xlfn.TEXTBEFORE(_xlpm.s, " " & L121 & " ")) ) -> メイロン静注7% 大塚製薬 | J121: =LEFT(I121, LEN(I121) - LEN(K121)) -> メイロン静注7% | K121: {=_xlfn.LET( _xlpm.s, SUBSTITUTE(SUBSTITUTE(I121," ","")," ",""), _xlpm.dic, SUBSTITUTE(SUBSTITUTE(メーカー!$A$1:$A$100," ","")," ",""), _xlpm.pos, MATCH(TRUE, RIGHT(_xlpm.s, LEN(_xlpm.dic)) = _xlpm.dic, 0), INDEX(メーカー!$A$1:$A$100, _xlpm.pos) )} -> 大塚製薬 | L121: {=INDEX(_xlfn.FILTERXML("<t><s>" & SUBSTITUTE(MID(C121,23,999)," ","</s><s>") & "</s></t>","//s[number(.)=number(.)]"),1)} -> 1 | M121: {=INDEX( _xlfn.FILTERXML("<t><s>" & SUBSTITUTE(MID(C121, 22 + LEN(I121) + 1, 999), " ", "</s><s>") & "</s></t>", "//s[number(.)=number(.)]"), 2 )} -> 4 | N121: {=_xlfn.REGEXEXTRACT(C121, "\d{2}:\d{2}:\d{2}")} -> 08:54:48 | O121: =TRIM(SUBSTITUTE(_xlfn.TEXTAFTER(C121, " " & N121 & " "), F121 & " " & D121 & " " & E121, "")) -> 7%20mL1管×10管 (プラスチック) | P121: =TRIM(LEFT(_xlfn.TEXTAFTER(C121, I121 & " "), FIND(" ", _xlfn.TEXTAFTER(C121, I121 & " "))-1)) -> 1
B122: =B121+4 -> 544 | C122: =_xlfn.CONCAT(OFFSET(元!$B$10,'1行'!B122,0)," ",OFFSET(元!$B$12,'1行'!B122,0)) -> 2026/03/25 2026/04/01 アタラックス錠25mg ファイザー 3 5 08:54:48 25mg/錠 PTP 10錠×10 4987114362001 3 0 | D122: {=INDEX(_xlfn.FILTERXML("<t><s>" & SUBSTITUTE(C122," ","</s><s>") & "</s></t>","//s[number(.)=number(.)]"), COUNT(_xlfn.FILTERXML("<t><s>" & SUBSTITUTE(C122," ","</s><s>") & "</s></t>","//s[number(.)=number(.)]"))-1)} -> 3 | E122: {=INDEX(_xlfn.FILTERXML("<t><s>" & SUBSTITUTE(C122," ","</s><s>") & "</s></t>","//s[number(.)=number(.)]"), COUNT(_xlfn.FILTERXML("<t><s>" & SUBSTITUTE(C122," ","</s><s>") & "</s></t>","//s[number(.)=number(.)]")))} -> 0 | F122: =TRIM(RIGHT(SUBSTITUTE(C122," "&D122&" "&E122,""),13)) -> 4987114362001 | G122: =LEFT(C122,10) -> 2026/03/25 | H122: =MID(C122,12,10) -> 2026/04/01 | I122: =_xlfn.LET( _xlpm.s, _xlfn.TEXTAFTER(C122, " " & H122 & " "), TRIM(_xlfn.TEXTBEFORE(_xlpm.s, " " & L122 & " ")) ) -> アタラックス錠25mg ファイザー | J122: =LEFT(I122, LEN(I122) - LEN(K122)) -> アタラックス錠25mg | K122: {=_xlfn.LET( _xlpm.s, SUBSTITUTE(SUBSTITUTE(I122," ","")," ",""), _xlpm.dic, SUBSTITUTE(SUBSTITUTE(メーカー!$A$1:$A$100," ","")," ",""), _xlpm.pos, MATCH(TRUE, RIGHT(_xlpm.s, LEN(_xlpm.dic)) = _xlpm.dic, 0), INDEX(メーカー!$A$1:$A$100, _xlpm.pos) )} -> ファイザー | L122: {=INDEX(_xlfn.FILTERXML("<t><s>" & SUBSTITUTE(MID(C122,23,999)," ","</s><s>") & "</s></t>","//s[number(.)=number(.)]"),1)} -> 3 | M122: {=INDEX( _xlfn.FILTERXML("<t><s>" & SUBSTITUTE(MID(C122, 22 + LEN(I122) + 1, 999), " ", "</s><s>") & "</s></t>", "//s[number(.)=number(.)]"), 2 )} -> 5 | N122: {=_xlfn.REGEXEXTRACT(C122, "\d{2}:\d{2}:\d{2}")} -> 08:54:48 | O122: =TRIM(SUBSTITUTE(_xlfn.TEXTAFTER(C122, " " & N122 & " "), F122 & " " & D122 & " " & E122, "")) -> 25mg/錠 PTP 10錠×10 | P122: =TRIM(LEFT(_xlfn.TEXTAFTER(C122, I122 & " "), FIND(" ", _xlfn.TEXTAFTER(C122, I122 & " "))-1)) -> 3
B123: =B122+4 -> 548 | C123: =_xlfn.CONCAT(OFFSET(元!$B$10,'1行'!B123,0)," ",OFFSET(元!$B$12,'1行'!B123,0)) -> 2026/03/25 2026/04/01 アスパラ-CA錠200 ニプロ 2 6 08:54:48 200mg/錠 バラ 500錠×1袋 (缶) 4987190000088 2 0 | D123: {=INDEX(_xlfn.FILTERXML("<t><s>" & SUBSTITUTE(C123," ","</s><s>") & "</s></t>","//s[number(.)=number(.)]"), COUNT(_xlfn.FILTERXML("<t><s>" & SUBSTITUTE(C123," ","</s><s>") & "</s></t>","//s[number(.)=number(.)]"))-1)} -> 2 | E123: {=INDEX(_xlfn.FILTERXML("<t><s>" & SUBSTITUTE(C123," ","</s><s>") & "</s></t>","//s[number(.)=number(.)]"), COUNT(_xlfn.FILTERXML("<t><s>" & SUBSTITUTE(C123," ","</s><s>") & "</s></t>","//s[number(.)=number(.)]")))} -> 0 | F123: =TRIM(RIGHT(SUBSTITUTE(C123," "&D123&" "&E123,""),13)) -> 4987190000088 | G123: =LEFT(C123,10) -> 2026/03/25 | H123: =MID(C123,12,10) -> 2026/04/01 | I123: =_xlfn.LET( _xlpm.s, _xlfn.TEXTAFTER(C123, " " & H123 & " "), TRIM(_xlfn.TEXTBEFORE(_xlpm.s, " " & L123 & " ")) ) -> アスパラ-CA錠200 ニプロ | J123: =LEFT(I123, LEN(I123) - LEN(K123)) -> アスパラ-CA錠200 | K123: {=_xlfn.LET( _xlpm.s, SUBSTITUTE(SUBSTITUTE(I123," ","")," ",""), _xlpm.dic, SUBSTITUTE(SUBSTITUTE(メーカー!$A$1:$A$100," ","")," ",""), _xlpm.pos, MATCH(TRUE, RIGHT(_xlpm.s, LEN(_xlpm.dic)) = _xlpm.dic, 0), INDEX(メーカー!$A$1:$A$100, _xlpm.pos) )} -> ニプロ | L123: {=INDEX(_xlfn.FILTERXML("<t><s>" & SUBSTITUTE(MID(C123,23,999)," ","</s><s>") & "</s></t>","//s[number(.)=number(.)]"),1)} -> 2 | M123: {=INDEX( _xlfn.FILTERXML("<t><s>" & SUBSTITUTE(MID(C123, 22 + LEN(I123) + 1, 999), " ", "</s><s>") & "</s></t>", "//s[number(.)=number(.)]"), 2 )} -> 6 | N123: {=_xlfn.REGEXEXTRACT(C123, "\d{2}:\d{2}:\d{2}")} -> 08:54:48 | O123: =TRIM(SUBSTITUTE(_xlfn.TEXTAFTER(C123, " " & N123 & " "), F123 & " " & D123 & " " & E123, "")) -> 200mg/錠 バラ 500錠×1袋 (缶) | P123: =TRIM(LEFT(_xlfn.TEXTAFTER(C123, I123 & " "), FIND(" ", _xlfn.TEXTAFTER(C123, I123 & " "))-1)) -> 2
B124: =B123+4 -> 552 | C124: =_xlfn.CONCAT(OFFSET(元!$B$10,'1行'!B124,0)," ",OFFSET(元!$B$12,'1行'!B124,0)) -> 2026/03/25 2026/04/01 アザルフィジンEN錠500mg あゆみ製薬 1 7 08:54:48 500mg/錠 PTP 10錠×10 4987896000146 1 0 | D124: {=INDEX(_xlfn.FILTERXML("<t><s>" & SUBSTITUTE(C124," ","</s><s>") & "</s></t>","//s[number(.)=number(.)]"), COUNT(_xlfn.FILTERXML("<t><s>" & SUBSTITUTE(C124," ","</s><s>") & "</s></t>","//s[number(.)=number(.)]"))-1)} -> 1 | E124: {=INDEX(_xlfn.FILTERXML("<t><s>" & SUBSTITUTE(C124," ","</s><s>") & "</s></t>","//s[number(.)=number(.)]"), COUNT(_xlfn.FILTERXML("<t><s>" & SUBSTITUTE(C124," ","</s><s>") & "</s></t>","//s[number(.)=number(.)]")))} -> 0 | F124: =TRIM(RIGHT(SUBSTITUTE(C124," "&D124&" "&E124,""),13)) -> 4987896000146 | G124: =LEFT(C124,10) -> 2026/03/25 | H124: =MID(C124,12,10) -> 2026/04/01 | I124: =_xlfn.LET( _xlpm.s, _xlfn.TEXTAFTER(C124, " " & H124 & " "), TRIM(_xlfn.TEXTBEFORE(_xlpm.s, " " & L124 & " ")) ) -> アザルフィジンEN錠500mg あゆみ製薬 | J124: =LEFT(I124, LEN(I124) - LEN(K124)) -> アザルフィジンEN錠500mg | K124: {=_xlfn.LET( _xlpm.s, SUBSTITUTE(SUBSTITUTE(I124," ","")," ",""), _xlpm.dic, SUBSTITUTE(SUBSTITUTE(メーカー!$A$1:$A$100," ","")," ",""), _xlpm.pos, MATCH(TRUE, RIGHT(_xlpm.s, LEN(_xlpm.dic)) = _xlpm.dic, 0), INDEX(メーカー!$A$1:$A$100, _xlpm.pos) )} -> あゆみ製薬 | L124: {=INDEX(_xlfn.FILTERXML("<t><s>" & SUBSTITUTE(MID(C124,23,999)," ","</s><s>") & "</s></t>","//s[number(.)=number(.)]"),1)} -> 1 | M124: {=INDEX( _xlfn.FILTERXML("<t><s>" & SUBSTITUTE(MID(C124, 22 + LEN(I124) + 1, 999), " ", "</s><s>") & "</s></t>", "//s[number(.)=number(.)]"), 2 )} -> 7 | N124: {=_xlfn.REGEXEXTRACT(C124, "\d{2}:\d{2}:\d{2}")} -> 08:54:48 | O124: =TRIM(SUBSTITUTE(_xlfn.TEXTAFTER(C124, " " & N124 & " "), F124 & " " & D124 & " " & E124, "")) -> 500mg/錠 PTP 10錠×10 | P124: =TRIM(LEFT(_xlfn.TEXTAFTER(C124, I124 & " "), FIND(" ", _xlfn.TEXTAFTER(C124, I124 & " "))-1)) -> 1
B125: =B124+10 -> 562 | C125: =_xlfn.CONCAT(OFFSET(元!$B$10,'1行'!B125,0)," ",OFFSET(元!$B$12,'1行'!B125,0)) -> 2026/03/17 2026/03/17 タンボコール錠50mg エーザイ 1 1 16:06:01 50mg/錠 PTP 10錠×10 4987028213406 1 0 | D125: {=INDEX(_xlfn.FILTERXML("<t><s>" & SUBSTITUTE(C125," ","</s><s>") & "</s></t>","//s[number(.)=number(.)]"), COUNT(_xlfn.FILTERXML("<t><s>" & SUBSTITUTE(C125," ","</s><s>") & "</s></t>","//s[number(.)=number(.)]"))-1)} -> 1 | E125: {=INDEX(_xlfn.FILTERXML("<t><s>" & SUBSTITUTE(C125," ","</s><s>") & "</s></t>","//s[number(.)=number(.)]"), COUNT(_xlfn.FILTERXML("<t><s>" & SUBSTITUTE(C125," ","</s><s>") & "</s></t>","//s[number(.)=number(.)]")))} -> 0 | F125: =TRIM(RIGHT(SUBSTITUTE(C125," "&D125&" "&E125,""),13)) -> 4987028213406 | G125: =LEFT(C125,10) -> 2026/03/17 | H125: =MID(C125,12,10) -> 2026/03/17 | I125: =_xlfn.LET( _xlpm.s, _xlfn.TEXTAFTER(C125, " " & H125 & " "), TRIM(_xlfn.TEXTBEFORE(_xlpm.s, " " & L125 & " ")) ) -> タンボコール錠50mg エーザイ | J125: =LEFT(I125, LEN(I125) - LEN(K125)) -> タンボコール錠50mg | K125: {=_xlfn.LET( _xlpm.s, SUBSTITUTE(SUBSTITUTE(I125," ","")," ",""), _xlpm.dic, SUBSTITUTE(SUBSTITUTE(メーカー!$A$1:$A$100," ","")," ",""), _xlpm.pos, MATCH(TRUE, RIGHT(_xlpm.s, LEN(_xlpm.dic)) = _xlpm.dic, 0), INDEX(メーカー!$A$1:$A$100, _xlpm.pos) )} -> エーザイ | L125: {=INDEX(_xlfn.FILTERXML("<t><s>" & SUBSTITUTE(MID(C125,23,999)," ","</s><s>") & "</s></t>","//s[number(.)=number(.)]"),1)} -> 1 | M125: {=INDEX( _xlfn.FILTERXML("<t><s>" & SUBSTITUTE(MID(C125, 22 + LEN(I125) + 1, 999), " ", "</s><s>") & "</s></t>", "//s[number(.)=number(.)]"), 2 )} -> 1 | N125: {=_xlfn.REGEXEXTRACT(C125, "\d{2}:\d{2}:\d{2}")} -> 16:06:01 | O125: =TRIM(SUBSTITUTE(_xlfn.TEXTAFTER(C125, " " & N125 & " "), F125 & " " & D125 & " " & E125, "")) -> 50mg/錠 PTP 10錠×10 | P125: =TRIM(LEFT(_xlfn.TEXTAFTER(C125, I125 & " "), FIND(" ", _xlfn.TEXTAFTER(C125, I125 & " "))-1)) -> 1
B126: =B125+4 -> 566 | C126: =_xlfn.CONCAT(OFFSET(元!$B$10,'1行'!B126,0)," ",OFFSET(元!$B$12,'1行'!B126,0)) -> 2026/03/26 2026/03/26 ポタコールR輸液 500ml 大塚製薬 2 2 15:43:55 500mL1袋×20袋 (ソフトバッグ) 4987035186601 2 0 | D126: {=INDEX(_xlfn.FILTERXML("<t><s>" & SUBSTITUTE(C126," ","</s><s>") & "</s></t>","//s[number(.)=number(.)]"), COUNT(_xlfn.FILTERXML("<t><s>" & SUBSTITUTE(C126," ","</s><s>") & "</s></t>","//s[number(.)=number(.)]"))-1)} -> 2 | E126: {=INDEX(_xlfn.FILTERXML("<t><s>" & SUBSTITUTE(C126," ","</s><s>") & "</s></t>","//s[number(.)=number(.)]"), COUNT(_xlfn.FILTERXML("<t><s>" & SUBSTITUTE(C126," ","</s><s>") & "</s></t>","//s[number(.)=number(.)]")))} -> 0 | F126: =TRIM(RIGHT(SUBSTITUTE(C126," "&D126&" "&E126,""),13)) -> 4987035186601 | G126: =LEFT(C126,10) -> 2026/03/26 | H126: =MID(C126,12,10) -> 2026/03/26 | I126: =_xlfn.LET( _xlpm.s, _xlfn.TEXTAFTER(C126, " " & H126 & " "), TRIM(_xlfn.TEXTBEFORE(_xlpm.s, " " & L126 & " ")) ) -> ポタコールR輸液 500ml 大塚製薬 | J126: =LEFT(I126, LEN(I126) - LEN(K126)) -> ポタコールR輸液 500ml | K126: {=_xlfn.LET( _xlpm.s, SUBSTITUTE(SUBSTITUTE(I126," ","")," ",""), _xlpm.dic, SUBSTITUTE(SUBSTITUTE(メーカー!$A$1:$A$100," ","")," ",""), _xlpm.pos, MATCH(TRUE, RIGHT(_xlpm.s, LEN(_xlpm.dic)) = _xlpm.dic, 0), INDEX(メーカー!$A$1:$A$100, _xlpm.pos) )} -> 大塚製薬 | L126: {=INDEX(_xlfn.FILTERXML("<t><s>" & SUBSTITUTE(MID(C126,23,999)," ","</s><s>") & "</s></t>","//s[number(.)=number(.)]"),1)} -> 2 | M126: {=INDEX( _xlfn.FILTERXML("<t><s>" & SUBSTITUTE(MID(C126, 22 + LEN(I126) + 1, 999), " ", "</s><s>") & "</s></t>", "//s[number(.)=number(.)]"), 2 )} -> 2 | N126: {=_xlfn.REGEXEXTRACT(C126, "\d{2}:\d{2}:\d{2}")} -> 15:43:55 | O126: =TRIM(SUBSTITUTE(_xlfn.TEXTAFTER(C126, " " & N126 & " "), F126 & " " & D126 & " " & E126, "")) -> 500mL1袋×20袋 (ソフトバッグ) | P126: =TRIM(LEFT(_xlfn.TEXTAFTER(C126, I126 & " "), FIND(" ", _xlfn.TEXTAFTER(C126, I126 & " "))-1)) -> 2
B127: =B126+4 -> 570 | C127: =_xlfn.CONCAT(OFFSET(元!$B$10,'1行'!B127,0)," ",OFFSET(元!$B$12,'1行'!B127,0)) -> 2026/03/26 2026/03/26 トリフリード輸液大塚製薬 2 3 15:43:55 500mL1瓶又は1袋×20袋 (ソフトバッグ) 4987035197904 2 0 | D127: {=INDEX(_xlfn.FILTERXML("<t><s>" & SUBSTITUTE(C127," ","</s><s>") & "</s></t>","//s[number(.)=number(.)]"), COUNT(_xlfn.FILTERXML("<t><s>" & SUBSTITUTE(C127," ","</s><s>") & "</s></t>","//s[number(.)=number(.)]"))-1)} -> 2 | E127: {=INDEX(_xlfn.FILTERXML("<t><s>" & SUBSTITUTE(C127," ","</s><s>") & "</s></t>","//s[number(.)=number(.)]"), COUNT(_xlfn.FILTERXML("<t><s>" & SUBSTITUTE(C127," ","</s><s>") & "</s></t>","//s[number(.)=number(.)]")))} -> 0 | F127: =TRIM(RIGHT(SUBSTITUTE(C127," "&D127&" "&E127,""),13)) -> 4987035197904 | G127: =LEFT(C127,10) -> 2026/03/26 | H127: =MID(C127,12,10) -> 2026/03/26 | I127: =_xlfn.LET( _xlpm.s, _xlfn.TEXTAFTER(C127, " " & H127 & " "), TRIM(_xlfn.TEXTBEFORE(_xlpm.s, " " & L127 & " ")) ) -> トリフリード輸液大塚製薬 | J127: =LEFT(I127, LEN(I127) - LEN(K127)) -> トリフリード輸液 | K127: {=_xlfn.LET( _xlpm.s, SUBSTITUTE(SUBSTITUTE(I127," ","")," ",""), _xlpm.dic, SUBSTITUTE(SUBSTITUTE(メーカー!$A$1:$A$100," ","")," ",""), _xlpm.pos, MATCH(TRUE, RIGHT(_xlpm.s, LEN(_xlpm.dic)) = _xlpm.dic, 0), INDEX(メーカー!$A$1:$A$100, _xlpm.pos) )} -> 大塚製薬 | L127: {=INDEX(_xlfn.FILTERXML("<t><s>" & SUBSTITUTE(MID(C127,23,999)," ","</s><s>") & "</s></t>","//s[number(.)=number(.)]"),1)} -> 2 | M127: {=INDEX( _xlfn.FILTERXML("<t><s>" & SUBSTITUTE(MID(C127, 22 + LEN(I127) + 1, 999), " ", "</s><s>") & "</s></t>", "//s[number(.)=number(.)]"), 2 )} -> 3 | N127: {=_xlfn.REGEXEXTRACT(C127, "\d{2}:\d{2}:\d{2}")} -> 15:43:55 | O127: =TRIM(SUBSTITUTE(_xlfn.TEXTAFTER(C127, " " & N127 & " "), F127 & " " & D127 & " " & E127, "")) -> 500mL1瓶又は1袋×20袋 (ソフトバッグ) | P127: =TRIM(LEFT(_xlfn.TEXTAFTER(C127, I127 & " "), FIND(" ", _xlfn.TEXTAFTER(C127, I127 & " "))-1)) -> 2
B128: =B127+4 -> 574 | C128: =_xlfn.CONCAT(OFFSET(元!$B$10,'1行'!B128,0)," ",OFFSET(元!$B$12,'1行'!B128,0)) -> 2026/03/26 2026/03/26 ワンパル2号輸液陽進堂 1 4 15:43:55 1200mL1キット×7キット4987476173710 1 0 | D128: {=INDEX(_xlfn.FILTERXML("<t><s>" & SUBSTITUTE(C128," ","</s><s>") & "</s></t>","//s[number(.)=number(.)]"), COUNT(_xlfn.FILTERXML("<t><s>" & SUBSTITUTE(C128," ","</s><s>") & "</s></t>","//s[number(.)=number(.)]"))-1)} -> 1 | E128: {=INDEX(_xlfn.FILTERXML("<t><s>" & SUBSTITUTE(C128," ","</s><s>") & "</s></t>","//s[number(.)=number(.)]"), COUNT(_xlfn.FILTERXML("<t><s>" & SUBSTITUTE(C128," ","</s><s>") & "</s></t>","//s[number(.)=number(.)]")))} -> 0 | F128: =TRIM(RIGHT(SUBSTITUTE(C128," "&D128&" "&E128,""),13)) -> 4987476173710 | G128: =LEFT(C128,10) -> 2026/03/26 | H128: =MID(C128,12,10) -> 2026/03/26 | I128: =_xlfn.LET( _xlpm.s, _xlfn.TEXTAFTER(C128, " " & H128 & " "), TRIM(_xlfn.TEXTBEFORE(_xlpm.s, " " & L128 & " ")) ) -> ワンパル2号輸液陽進堂 | J128: =LEFT(I128, LEN(I128) - LEN(K128)) -> ワンパル2号輸液 | K128: {=_xlfn.LET( _xlpm.s, SUBSTITUTE(SUBSTITUTE(I128," ","")," ",""), _xlpm.dic, SUBSTITUTE(SUBSTITUTE(メーカー!$A$1:$A$100," ","")," ",""), _xlpm.pos, MATCH(TRUE, RIGHT(_xlpm.s, LEN(_xlpm.dic)) = _xlpm.dic, 0), INDEX(メーカー!$A$1:$A$100, _xlpm.pos) )} -> 陽進堂 | L128: {=INDEX(_xlfn.FILTERXML("<t><s>" & SUBSTITUTE(MID(C128,23,999)," ","</s><s>") & "</s></t>","//s[number(.)=number(.)]"),1)} -> 1 | M128: {=INDEX( _xlfn.FILTERXML("<t><s>" & SUBSTITUTE(MID(C128, 22 + LEN(I128) + 1, 999), " ", "</s><s>") & "</s></t>", "//s[number(.)=number(.)]"), 2 )} -> 4 | N128: {=_xlfn.REGEXEXTRACT(C128, "\d{2}:\d{2}:\d{2}")} -> 15:43:55 | O128: =TRIM(SUBSTITUTE(_xlfn.TEXTAFTER(C128, " " & N128 & " "), F128 & " " & D128 & " " & E128, "")) -> 1200mL1キット×7キット | P128: =TRIM(LEFT(_xlfn.TEXTAFTER(C128, I128 & " "), FIND(" ", _xlfn.TEXTAFTER(C128, I128 & " "))-1)) -> 1
B129: =B128+4 -> 578 | C129: =_xlfn.CONCAT(OFFSET(元!$B$10,'1行'!B129,0)," ",OFFSET(元!$B$12,'1行'!B129,0)) -> 2026/03/25 2026/04/01 ポタコールR輸液 500ml 大塚製薬 5 5 08:54:48 500mL1袋×20袋 (ソフトバッグ) 4987035186601 5 0 | D129: {=INDEX(_xlfn.FILTERXML("<t><s>" & SUBSTITUTE(C129," ","</s><s>") & "</s></t>","//s[number(.)=number(.)]"), COUNT(_xlfn.FILTERXML("<t><s>" & SUBSTITUTE(C129," ","</s><s>") & "</s></t>","//s[number(.)=number(.)]"))-1)} -> 5 | E129: {=INDEX(_xlfn.FILTERXML("<t><s>" & SUBSTITUTE(C129," ","</s><s>") & "</s></t>","//s[number(.)=number(.)]"), COUNT(_xlfn.FILTERXML("<t><s>" & SUBSTITUTE(C129," ","</s><s>") & "</s></t>","//s[number(.)=number(.)]")))} -> 0 | F129: =TRIM(RIGHT(SUBSTITUTE(C129," "&D129&" "&E129,""),13)) -> 4987035186601 | G129: =LEFT(C129,10) -> 2026/03/25 | H129: =MID(C129,12,10) -> 2026/04/01 | I129: =_xlfn.LET( _xlpm.s, _xlfn.TEXTAFTER(C129, " " & H129 & " "), TRIM(_xlfn.TEXTBEFORE(_xlpm.s, " " & L129 & " ")) ) -> ポタコールR輸液 500ml 大塚製薬 | J129: =LEFT(I129, LEN(I129) - LEN(K129)) -> ポタコールR輸液 500ml | K129: {=_xlfn.LET( _xlpm.s, SUBSTITUTE(SUBSTITUTE(I129," ","")," ",""), _xlpm.dic, SUBSTITUTE(SUBSTITUTE(メーカー!$A$1:$A$100," ","")," ",""), _xlpm.pos, MATCH(TRUE, RIGHT(_xlpm.s, LEN(_xlpm.dic)) = _xlpm.dic, 0), INDEX(メーカー!$A$1:$A$100, _xlpm.pos) )} -> 大塚製薬 | L129: {=INDEX(_xlfn.FILTERXML("<t><s>" & SUBSTITUTE(MID(C129,23,999)," ","</s><s>") & "</s></t>","//s[number(.)=number(.)]"),1)} -> 5 | M129: {=INDEX( _xlfn.FILTERXML("<t><s>" & SUBSTITUTE(MID(C129, 22 + LEN(I129) + 1, 999), " ", "</s><s>") & "</s></t>", "//s[number(.)=number(.)]"), 2 )} -> 5 | N129: {=_xlfn.REGEXEXTRACT(C129, "\d{2}:\d{2}:\d{2}")} -> 08:54:48 | O129: =TRIM(SUBSTITUTE(_xlfn.TEXTAFTER(C129, " " & N129 & " "), F129 & " " & D129 & " " & E129, "")) -> 500mL1袋×20袋 (ソフトバッグ) | P129: =TRIM(LEFT(_xlfn.TEXTAFTER(C129, I129 & " "), FIND(" ", _xlfn.TEXTAFTER(C129, I129 & " "))-1)) -> 5
B130: =B129+4 -> 582 | C130: =_xlfn.CONCAT(OFFSET(元!$B$10,'1行'!B130,0)," ",OFFSET(元!$B$12,'1行'!B130,0)) -> 2026/03/25 2026/04/01 トリフリード輸液大塚製薬 5 6 08:54:48 500mL1瓶又は1袋×20袋 (ソフトバッグ) 4987035197904 5 0 | D130: {=INDEX(_xlfn.FILTERXML("<t><s>" & SUBSTITUTE(C130," ","</s><s>") & "</s></t>","//s[number(.)=number(.)]"), COUNT(_xlfn.FILTERXML("<t><s>" & SUBSTITUTE(C130," ","</s><s>") & "</s></t>","//s[number(.)=number(.)]"))-1)} -> 5 | E130: {=INDEX(_xlfn.FILTERXML("<t><s>" & SUBSTITUTE(C130," ","</s><s>") & "</s></t>","//s[number(.)=number(.)]"), COUNT(_xlfn.FILTERXML("<t><s>" & SUBSTITUTE(C130," ","</s><s>") & "</s></t>","//s[number(.)=number(.)]")))} -> 0 | F130: =TRIM(RIGHT(SUBSTITUTE(C130," "&D130&" "&E130,""),13)) -> 4987035197904 | G130: =LEFT(C130,10) -> 2026/03/25 | H130: =MID(C130,12,10) -> 2026/04/01 | I130: =_xlfn.LET( _xlpm.s, _xlfn.TEXTAFTER(C130, " " & H130 & " "), TRIM(_xlfn.TEXTBEFORE(_xlpm.s, " " & L130 & " ")) ) -> トリフリード輸液大塚製薬 | J130: =LEFT(I130, LEN(I130) - LEN(K130)) -> トリフリード輸液 | K130: {=_xlfn.LET( _xlpm.s, SUBSTITUTE(SUBSTITUTE(I130," ","")," ",""), _xlpm.dic, SUBSTITUTE(SUBSTITUTE(メーカー!$A$1:$A$100," ","")," ",""), _xlpm.pos, MATCH(TRUE, RIGHT(_xlpm.s, LEN(_xlpm.dic)) = _xlpm.dic, 0), INDEX(メーカー!$A$1:$A$100, _xlpm.pos) )} -> 大塚製薬 | L130: {=INDEX(_xlfn.FILTERXML("<t><s>" & SUBSTITUTE(MID(C130,23,999)," ","</s><s>") & "</s></t>","//s[number(.)=number(.)]"),1)} -> 5 | M130: {=INDEX( _xlfn.FILTERXML("<t><s>" & SUBSTITUTE(MID(C130, 22 + LEN(I130) + 1, 999), " ", "</s><s>") & "</s></t>", "//s[number(.)=number(.)]"), 2 )} -> 6 | N130: {=_xlfn.REGEXEXTRACT(C130, "\d{2}:\d{2}:\d{2}")} -> 08:54:48 | O130: =TRIM(SUBSTITUTE(_xlfn.TEXTAFTER(C130, " " & N130 & " "), F130 & " " & D130 & " " & E130, "")) -> 500mL1瓶又は1袋×20袋 (ソフトバッグ) | P130: =TRIM(LEFT(_xlfn.TEXTAFTER(C130, I130 & " "), FIND(" ", _xlfn.TEXTAFTER(C130, I130 & " "))-1)) -> 5
B131: =B130+4 -> 586 | C131: =_xlfn.CONCAT(OFFSET(元!$B$10,'1行'!B131,0)," ",OFFSET(元!$B$12,'1行'!B131,0)) -> 2026/03/25 2026/04/01 ポタコールR輸液 250ml 大塚製薬 2 7 08:54:48 250mL1袋×20袋 (ソフトバッグ) 4987035186502 2 0 | D131: {=INDEX(_xlfn.FILTERXML("<t><s>" & SUBSTITUTE(C131," ","</s><s>") & "</s></t>","//s[number(.)=number(.)]"), COUNT(_xlfn.FILTERXML("<t><s>" & SUBSTITUTE(C131," ","</s><s>") & "</s></t>","//s[number(.)=number(.)]"))-1)} -> 2 | E131: {=INDEX(_xlfn.FILTERXML("<t><s>" & SUBSTITUTE(C131," ","</s><s>") & "</s></t>","//s[number(.)=number(.)]"), COUNT(_xlfn.FILTERXML("<t><s>" & SUBSTITUTE(C131," ","</s><s>") & "</s></t>","//s[number(.)=number(.)]")))} -> 0 | F131: =TRIM(RIGHT(SUBSTITUTE(C131," "&D131&" "&E131,""),13)) -> 4987035186502 | G131: =LEFT(C131,10) -> 2026/03/25 | H131: =MID(C131,12,10) -> 2026/04/01 | I131: =_xlfn.LET( _xlpm.s, _xlfn.TEXTAFTER(C131, " " & H131 & " "), TRIM(_xlfn.TEXTBEFORE(_xlpm.s, " " & L131 & " ")) ) -> ポタコールR輸液 250ml 大塚製薬 | J131: =LEFT(I131, LEN(I131) - LEN(K131)) -> ポタコールR輸液 250ml | K131: {=_xlfn.LET( _xlpm.s, SUBSTITUTE(SUBSTITUTE(I131," ","")," ",""), _xlpm.dic, SUBSTITUTE(SUBSTITUTE(メーカー!$A$1:$A$100," ","")," ",""), _xlpm.pos, MATCH(TRUE, RIGHT(_xlpm.s, LEN(_xlpm.dic)) = _xlpm.dic, 0), INDEX(メーカー!$A$1:$A$100, _xlpm.pos) )} -> 大塚製薬 | L131: {=INDEX(_xlfn.FILTERXML("<t><s>" & SUBSTITUTE(MID(C131,23,999)," ","</s><s>") & "</s></t>","//s[number(.)=number(.)]"),1)} -> 2 | M131: {=INDEX( _xlfn.FILTERXML("<t><s>" & SUBSTITUTE(MID(C131, 22 + LEN(I131) + 1, 999), " ", "</s><s>") & "</s></t>", "//s[number(.)=number(.)]"), 2 )} -> 7 | N131: {=_xlfn.REGEXEXTRACT(C131, "\d{2}:\d{2}:\d{2}")} -> 08:54:48 | O131: =TRIM(SUBSTITUTE(_xlfn.TEXTAFTER(C131, " " & N131 & " "), F131 & " " & D131 & " " & E131, "")) -> 250mL1袋×20袋 (ソフトバッグ) | P131: =TRIM(LEFT(_xlfn.TEXTAFTER(C131, I131 & " "), FIND(" ", _xlfn.TEXTAFTER(C131, I131 & " "))-1)) -> 2
B132: =B131+4 -> 590 | C132: =_xlfn.CONCAT(OFFSET(元!$B$10,'1行'!B132,0)," ",OFFSET(元!$B$12,'1行'!B132,0)) -> 2026/03/25 2026/04/01 ダーブロック錠2mg 協和キリン 1 8 08:54:48 2mg/錠 PTP 10錠×10 4987057649306 1 0 | D132: {=INDEX(_xlfn.FILTERXML("<t><s>" & SUBSTITUTE(C132," ","</s><s>") & "</s></t>","//s[number(.)=number(.)]"), COUNT(_xlfn.FILTERXML("<t><s>" & SUBSTITUTE(C132," ","</s><s>") & "</s></t>","//s[number(.)=number(.)]"))-1)} -> 1 | E132: {=INDEX(_xlfn.FILTERXML("<t><s>" & SUBSTITUTE(C132," ","</s><s>") & "</s></t>","//s[number(.)=number(.)]"), COUNT(_xlfn.FILTERXML("<t><s>" & SUBSTITUTE(C132," ","</s><s>") & "</s></t>","//s[number(.)=number(.)]")))} -> 0 | F132: =TRIM(RIGHT(SUBSTITUTE(C132," "&D132&" "&E132,""),13)) -> 4987057649306 | G132: =LEFT(C132,10) -> 2026/03/25 | H132: =MID(C132,12,10) -> 2026/04/01 | I132: =_xlfn.LET( _xlpm.s, _xlfn.TEXTAFTER(C132, " " & H132 & " "), TRIM(_xlfn.TEXTBEFORE(_xlpm.s, " " & L132 & " ")) ) -> ダーブロック錠2mg 協和キリン | J132: =LEFT(I132, LEN(I132) - LEN(K132)) -> ダーブロック錠2mg | K132: {=_xlfn.LET( _xlpm.s, SUBSTITUTE(SUBSTITUTE(I132," ","")," ",""), _xlpm.dic, SUBSTITUTE(SUBSTITUTE(メーカー!$A$1:$A$100," ","")," ",""), _xlpm.pos, MATCH(TRUE, RIGHT(_xlpm.s, LEN(_xlpm.dic)) = _xlpm.dic, 0), INDEX(メーカー!$A$1:$A$100, _xlpm.pos) )} -> 協和キリン | L132: {=INDEX(_xlfn.FILTERXML("<t><s>" & SUBSTITUTE(MID(C132,23,999)," ","</s><s>") & "</s></t>","//s[number(.)=number(.)]"),1)} -> 1 | M132: {=INDEX( _xlfn.FILTERXML("<t><s>" & SUBSTITUTE(MID(C132, 22 + LEN(I132) + 1, 999), " ", "</s><s>") & "</s></t>", "//s[number(.)=number(.)]"), 2 )} -> 8 | N132: {=_xlfn.REGEXEXTRACT(C132, "\d{2}:\d{2}:\d{2}")} -> 08:54:48 | O132: =TRIM(SUBSTITUTE(_xlfn.TEXTAFTER(C132, " " & N132 & " "), F132 & " " & D132 & " " & E132, "")) -> 2mg/錠 PTP 10錠×10 | P132: =TRIM(LEFT(_xlfn.TEXTAFTER(C132, I132 & " "), FIND(" ", _xlfn.TEXTAFTER(C132, I132 & " "))-1)) -> 1
B133: =B132+4 -> 594 | C133: =_xlfn.CONCAT(OFFSET(元!$B$10,'1行'!B133,0)," ",OFFSET(元!$B$12,'1行'!B133,0)) -> 2026/03/25 2026/04/01 ワソラン錠40mg エーザイ 2 9 08:54:48 40mg/錠 バラ 100錠×1瓶4987028220671 2 0 | D133: {=INDEX(_xlfn.FILTERXML("<t><s>" & SUBSTITUTE(C133," ","</s><s>") & "</s></t>","//s[number(.)=number(.)]"), COUNT(_xlfn.FILTERXML("<t><s>" & SUBSTITUTE(C133," ","</s><s>") & "</s></t>","//s[number(.)=number(.)]"))-1)} -> 2 | E133: {=INDEX(_xlfn.FILTERXML("<t><s>" & SUBSTITUTE(C133," ","</s><s>") & "</s></t>","//s[number(.)=number(.)]"), COUNT(_xlfn.FILTERXML("<t><s>" & SUBSTITUTE(C133," ","</s><s>") & "</s></t>","//s[number(.)=number(.)]")))} -> 0 | F133: =TRIM(RIGHT(SUBSTITUTE(C133," "&D133&" "&E133,""),13)) -> 4987028220671 | G133: =LEFT(C133,10) -> 2026/03/25 | H133: =MID(C133,12,10) -> 2026/04/01 | I133: =_xlfn.LET( _xlpm.s, _xlfn.TEXTAFTER(C133, " " & H133 & " "), TRIM(_xlfn.TEXTBEFORE(_xlpm.s, " " & L133 & " ")) ) -> ワソラン錠40mg エーザイ | J133: =LEFT(I133, LEN(I133) - LEN(K133)) -> ワソラン錠40mg | K133: {=_xlfn.LET( _xlpm.s, SUBSTITUTE(SUBSTITUTE(I133," ","")," ",""), _xlpm.dic, SUBSTITUTE(SUBSTITUTE(メーカー!$A$1:$A$100," ","")," ",""), _xlpm.pos, MATCH(TRUE, RIGHT(_xlpm.s, LEN(_xlpm.dic)) = _xlpm.dic, 0), INDEX(メーカー!$A$1:$A$100, _xlpm.pos) )} -> エーザイ | L133: {=INDEX(_xlfn.FILTERXML("<t><s>" & SUBSTITUTE(MID(C133,23,999)," ","</s><s>") & "</s></t>","//s[number(.)=number(.)]"),1)} -> 2 | M133: {=INDEX( _xlfn.FILTERXML("<t><s>" & SUBSTITUTE(MID(C133, 22 + LEN(I133) + 1, 999), " ", "</s><s>") & "</s></t>", "//s[number(.)=number(.)]"), 2 )} -> 9 | N133: {=_xlfn.REGEXEXTRACT(C133, "\d{2}:\d{2}:\d{2}")} -> 08:54:48 | O133: =TRIM(SUBSTITUTE(_xlfn.TEXTAFTER(C133, " " & N133 & " "), F133 & " " & D133 & " " & E133, "")) -> 40mg/錠 バラ 100錠×1瓶 | P133: =TRIM(LEFT(_xlfn.TEXTAFTER(C133, I133 & " "), FIND(" ", _xlfn.TEXTAFTER(C133, I133 & " "))-1)) -> 2
B134: =B133+4 -> 598 | C134: =_xlfn.CONCAT(OFFSET(元!$B$10,'1行'!B134,0)," ",OFFSET(元!$B$12,'1行'!B134,0)) -> 2026/03/25 2026/04/01 ベサコリン散5% エーザイ 1 10 08:54:48 5%1g バラ 100g×1瓶4987028207122 1 0 | D134: {=INDEX(_xlfn.FILTERXML("<t><s>" & SUBSTITUTE(C134," ","</s><s>") & "</s></t>","//s[number(.)=number(.)]"), COUNT(_xlfn.FILTERXML("<t><s>" & SUBSTITUTE(C134," ","</s><s>") & "</s></t>","//s[number(.)=number(.)]"))-1)} -> 1 | E134: {=INDEX(_xlfn.FILTERXML("<t><s>" & SUBSTITUTE(C134," ","</s><s>") & "</s></t>","//s[number(.)=number(.)]"), COUNT(_xlfn.FILTERXML("<t><s>" & SUBSTITUTE(C134," ","</s><s>") & "</s></t>","//s[number(.)=number(.)]")))} -> 0 | F134: =TRIM(RIGHT(SUBSTITUTE(C134," "&D134&" "&E134,""),13)) -> 4987028207122 | G134: =LEFT(C134,10) -> 2026/03/25 | H134: =MID(C134,12,10) -> 2026/04/01 | I134: =_xlfn.LET( _xlpm.s, _xlfn.TEXTAFTER(C134, " " & H134 & " "), TRIM(_xlfn.TEXTBEFORE(_xlpm.s, " " & L134 & " ")) ) -> ベサコリン散5% エーザイ | J134: =LEFT(I134, LEN(I134) - LEN(K134)) -> ベサコリン散5% | K134: {=_xlfn.LET( _xlpm.s, SUBSTITUTE(SUBSTITUTE(I134," ","")," ",""), _xlpm.dic, SUBSTITUTE(SUBSTITUTE(メーカー!$A$1:$A$100," ","")," ",""), _xlpm.pos, MATCH(TRUE, RIGHT(_xlpm.s, LEN(_xlpm.dic)) = _xlpm.dic, 0), INDEX(メーカー!$A$1:$A$100, _xlpm.pos) )} -> エーザイ | L134: {=INDEX(_xlfn.FILTERXML("<t><s>" & SUBSTITUTE(MID(C134,23,999)," ","</s><s>") & "</s></t>","//s[number(.)=number(.)]"),1)} -> 1 | M134: {=INDEX( _xlfn.FILTERXML("<t><s>" & SUBSTITUTE(MID(C134, 22 + LEN(I134) + 1, 999), " ", "</s><s>") & "</s></t>", "//s[number(.)=number(.)]"), 2 )} -> 10 | N134: {=_xlfn.REGEXEXTRACT(C134, "\d{2}:\d{2}:\d{2}")} -> 08:54:48 | O134: =TRIM(SUBSTITUTE(_xlfn.TEXTAFTER(C134, " " & N134 & " "), F134 & " " & D134 & " " & E134, "")) -> 5%1g バラ 100g×1瓶 | P134: =TRIM(LEFT(_xlfn.TEXTAFTER(C134, I134 & " "), FIND(" ", _xlfn.TEXTAFTER(C134, I134 & " "))-1)) -> 1
B135: =B134+4 -> 602 | C135: =_xlfn.CONCAT(OFFSET(元!$B$10,'1行'!B135,0)," ",OFFSET(元!$B$12,'1行'!B135,0)) -> 2026/03/25 2026/04/01 ポリスチレンスルホン酸Ca経口ゼリー20%分包25g「三和化学研究所 1 11 08:54:48 20%25g1個×105個4987086390651 1 0 | D135: {=INDEX(_xlfn.FILTERXML("<t><s>" & SUBSTITUTE(C135," ","</s><s>") & "</s></t>","//s[number(.)=number(.)]"), COUNT(_xlfn.FILTERXML("<t><s>" & SUBSTITUTE(C135," ","</s><s>") & "</s></t>","//s[number(.)=number(.)]"))-1)} -> 1 | E135: {=INDEX(_xlfn.FILTERXML("<t><s>" & SUBSTITUTE(C135," ","</s><s>") & "</s></t>","//s[number(.)=number(.)]"), COUNT(_xlfn.FILTERXML("<t><s>" & SUBSTITUTE(C135," ","</s><s>") & "</s></t>","//s[number(.)=number(.)]")))} -> 0 | F135: =TRIM(RIGHT(SUBSTITUTE(C135," "&D135&" "&E135,""),13)) -> 4987086390651 | G135: =LEFT(C135,10) -> 2026/03/25 | H135: =MID(C135,12,10) -> 2026/04/01 | I135: =_xlfn.LET( _xlpm.s, _xlfn.TEXTAFTER(C135, " " & H135 & " "), TRIM(_xlfn.TEXTBEFORE(_xlpm.s, " " & L135 & " ")) ) -> ポリスチレンスルホン酸Ca経口ゼリー20%分包25g「三和化学研究所 | J135: =LEFT(I135, LEN(I135) - LEN(K135)) -> ポリスチレンスルホン酸Ca経口ゼリー20%分包25g「 | K135: {=_xlfn.LET( _xlpm.s, SUBSTITUTE(SUBSTITUTE(I135," ","")," ",""), _xlpm.dic, SUBSTITUTE(SUBSTITUTE(メーカー!$A$1:$A$100," ","")," ",""), _xlpm.pos, MATCH(TRUE, RIGHT(_xlpm.s, LEN(_xlpm.dic)) = _xlpm.dic, 0), INDEX(メーカー!$A$1:$A$100, _xlpm.pos) )} -> 三和化学研究所 | L135: {=INDEX(_xlfn.FILTERXML("<t><s>" & SUBSTITUTE(MID(C135,23,999)," ","</s><s>") & "</s></t>","//s[number(.)=number(.)]"),1)} -> 1 | M135: {=INDEX( _xlfn.FILTERXML("<t><s>" & SUBSTITUTE(MID(C135, 22 + LEN(I135) + 1, 999), " ", "</s><s>") & "</s></t>", "//s[number(.)=number(.)]"), 2 )} -> 11 | N135: {=_xlfn.REGEXEXTRACT(C135, "\d{2}:\d{2}:\d{2}")} -> 08:54:48 | O135: =TRIM(SUBSTITUTE(_xlfn.TEXTAFTER(C135, " " & N135 & " "), F135 & " " & D135 & " " & E135, "")) -> 20%25g1個×105個 | P135: =TRIM(LEFT(_xlfn.TEXTAFTER(C135, I135 & " "), FIND(" ", _xlfn.TEXTAFTER(C135, I135 & " "))-1)) -> 1
B136: =B135+4 -> 606 | C136: =_xlfn.CONCAT(OFFSET(元!$B$10,'1行'!B136,0)," ",OFFSET(元!$B$12,'1行'!B136,0)) -> 2026/03/25 2026/04/01 レキサルティOD錠1mg 大塚製薬 1 12 08:54:48 1mg/錠 バラ 500錠×1瓶4987035614715 1 0 | D136: {=INDEX(_xlfn.FILTERXML("<t><s>" & SUBSTITUTE(C136," ","</s><s>") & "</s></t>","//s[number(.)=number(.)]"), COUNT(_xlfn.FILTERXML("<t><s>" & SUBSTITUTE(C136," ","</s><s>") & "</s></t>","//s[number(.)=number(.)]"))-1)} -> 1 | E136: {=INDEX(_xlfn.FILTERXML("<t><s>" & SUBSTITUTE(C136," ","</s><s>") & "</s></t>","//s[number(.)=number(.)]"), COUNT(_xlfn.FILTERXML("<t><s>" & SUBSTITUTE(C136," ","</s><s>") & "</s></t>","//s[number(.)=number(.)]")))} -> 0 | F136: =TRIM(RIGHT(SUBSTITUTE(C136," "&D136&" "&E136,""),13)) -> 4987035614715 | G136: =LEFT(C136,10) -> 2026/03/25 | H136: =MID(C136,12,10) -> 2026/04/01 | I136: =_xlfn.LET( _xlpm.s, _xlfn.TEXTAFTER(C136, " " & H136 & " "), TRIM(_xlfn.TEXTBEFORE(_xlpm.s, " " & L136 & " ")) ) -> レキサルティOD錠1mg 大塚製薬 | J136: =LEFT(I136, LEN(I136) - LEN(K136)) -> レキサルティOD錠1mg | K136: {=_xlfn.LET( _xlpm.s, SUBSTITUTE(SUBSTITUTE(I136," ","")," ",""), _xlpm.dic, SUBSTITUTE(SUBSTITUTE(メーカー!$A$1:$A$100," ","")," ",""), _xlpm.pos, MATCH(TRUE, RIGHT(_xlpm.s, LEN(_xlpm.dic)) = _xlpm.dic, 0), INDEX(メーカー!$A$1:$A$100, _xlpm.pos) )} -> 大塚製薬 | L136: {=INDEX(_xlfn.FILTERXML("<t><s>" & SUBSTITUTE(MID(C136,23,999)," ","</s><s>") & "</s></t>","//s[number(.)=number(.)]"),1)} -> 1 | M136: {=INDEX( _xlfn.FILTERXML("<t><s>" & SUBSTITUTE(MID(C136, 22 + LEN(I136) + 1, 999), " ", "</s><s>") & "</s></t>", "//s[number(.)=number(.)]"), 2 )} -> 12 | N136: {=_xlfn.REGEXEXTRACT(C136, "\d{2}:\d{2}:\d{2}")} -> 08:54:48 | O136: =TRIM(SUBSTITUTE(_xlfn.TEXTAFTER(C136, " " & N136 & " "), F136 & " " & D136 & " " & E136, "")) -> 1mg/錠 バラ 500錠×1瓶 | P136: =TRIM(LEFT(_xlfn.TEXTAFTER(C136, I136 & " "), FIND(" ", _xlfn.TEXTAFTER(C136, I136 & " "))-1)) -> 1
B137: =B136+4 -> 610 | C137: =_xlfn.CONCAT(OFFSET(元!$B$10,'1行'!B137,0)," ",OFFSET(元!$B$12,'1行'!B137,0)) -> 2026/03/25 2026/04/01 クービビック錠25mg 塩野義製薬 1 13 08:54:48 25mg/錠 PTP 10錠×10 4987087043143 1 0 | D137: {=INDEX(_xlfn.FILTERXML("<t><s>" & SUBSTITUTE(C137," ","</s><s>") & "</s></t>","//s[number(.)=number(.)]"), COUNT(_xlfn.FILTERXML("<t><s>" & SUBSTITUTE(C137," ","</s><s>") & "</s></t>","//s[number(.)=number(.)]"))-1)} -> 1 | E137: {=INDEX(_xlfn.FILTERXML("<t><s>" & SUBSTITUTE(C137," ","</s><s>") & "</s></t>","//s[number(.)=number(.)]"), COUNT(_xlfn.FILTERXML("<t><s>" & SUBSTITUTE(C137," ","</s><s>") & "</s></t>","//s[number(.)=number(.)]")))} -> 0 | F137: =TRIM(RIGHT(SUBSTITUTE(C137," "&D137&" "&E137,""),13)) -> 4987087043143 | G137: =LEFT(C137,10) -> 2026/03/25 | H137: =MID(C137,12,10) -> 2026/04/01 | I137: =_xlfn.LET( _xlpm.s, _xlfn.TEXTAFTER(C137, " " & H137 & " "), TRIM(_xlfn.TEXTBEFORE(_xlpm.s, " " & L137 & " ")) ) -> クービビック錠25mg 塩野義製薬 | J137: =LEFT(I137, LEN(I137) - LEN(K137)) -> クービビック錠25mg | K137: {=_xlfn.LET( _xlpm.s, SUBSTITUTE(SUBSTITUTE(I137," ","")," ",""), _xlpm.dic, SUBSTITUTE(SUBSTITUTE(メーカー!$A$1:$A$100," ","")," ",""), _xlpm.pos, MATCH(TRUE, RIGHT(_xlpm.s, LEN(_xlpm.dic)) = _xlpm.dic, 0), INDEX(メーカー!$A$1:$A$100, _xlpm.pos) )} -> 塩野義製薬 | L137: {=INDEX(_xlfn.FILTERXML("<t><s>" & SUBSTITUTE(MID(C137,23,999)," ","</s><s>") & "</s></t>","//s[number(.)=number(.)]"),1)} -> 1 | M137: {=INDEX( _xlfn.FILTERXML("<t><s>" & SUBSTITUTE(MID(C137, 22 + LEN(I137) + 1, 999), " ", "</s><s>") & "</s></t>", "//s[number(.)=number(.)]"), 2 )} -> 13 | N137: {=_xlfn.REGEXEXTRACT(C137, "\d{2}:\d{2}:\d{2}")} -> 08:54:48 | O137: =TRIM(SUBSTITUTE(_xlfn.TEXTAFTER(C137, " " & N137 & " "), F137 & " " & D137 & " " & E137, "")) -> 25mg/錠 PTP 10錠×10 | P137: =TRIM(LEFT(_xlfn.TEXTAFTER(C137, I137 & " "), FIND(" ", _xlfn.TEXTAFTER(C137, I137 & " "))-1)) -> 1
... B141: =B140+4 -> 626 | C141: =_xlfn.CONCAT(OFFSET(元!$B$10,'1行'!B141,0)," ",OFFSET(元!$B$12,'1行'!B141,0)) -> 2026/03/25 2026/04/01 アリドネパッチ27.5mg 興和 3 17 08:54:48 27.5mg1枚 1枚×28袋4987770525703 3 0 | D141: {=INDEX(_xlfn.FILTERXML("<t><s>" & SUBSTITUTE(C141," ","</s><s>") & "</s></t>","//s[number(.)=number(.)]"), COUNT(_xlfn.FILTERXML("<t><s>" & SUBSTITUTE(C141," ","</s><s>") & "</s></t>","//s[number(.)=number(.)]"))-1)} -> 3 | E141: {=INDEX(_xlfn.FILTERXML("<t><s>" & SUBSTITUTE(C141," ","</s><s>") & "</s></t>","//s[number(.)=number(.)]"), COUNT(_xlfn.FILTERXML("<t><s>" & SUBSTITUTE(C141," ","</s><s>") & "</s></t>","//s[number(.)=number(.)]")))} -> 0 | F141: =TRIM(RIGHT(SUBSTITUTE(C141," "&D141&" "&E141,""),13)) -> 4987770525703 | G141: =LEFT(C141,10) -> 2026/03/25 | H141: =MID(C141,12,10) -> 2026/04/01 | I141: =_xlfn.LET( _xlpm.s, _xlfn.TEXTAFTER(C141, " " & H141 & " "), TRIM(_xlfn.TEXTBEFORE(_xlpm.s, " " & L141 & " ")) ) -> アリドネパッチ27.5mg 興和 | J141: =LEFT(I141, LEN(I141) - LEN(K141)) -> アリドネパッチ27.5mg | K141: {=_xlfn.LET( _xlpm.s, SUBSTITUTE(SUBSTITUTE(I141," ","")," ",""), _xlpm.dic, SUBSTITUTE(SUBSTITUTE(メーカー!$A$1:$A$100," ","")," ",""), _xlpm.pos, MATCH(TRUE, RIGHT(_xlpm.s, LEN(_xlpm.dic)) = _xlpm.dic, 0), INDEX(メーカー!$A$1:$A$100, _xlpm.pos) )} -> 興和 | L141: {=INDEX(_xlfn.FILTERXML("<t><s>" & SUBSTITUTE(MID(C141,23,999)," ","</s><s>") & "</s></t>","//s[number(.)=number(.)]"),1)} -> 3 | M141: {=INDEX( _xlfn.FILTERXML("<t><s>" & SUBSTITUTE(MID(C141, 22 + LEN(I141) + 1, 999), " ", "</s><s>") & "</s></t>", "//s[number(.)=number(.)]"), 2 )} -> 17 | N141: {=_xlfn.REGEXEXTRACT(C141, "\d{2}:\d{2}:\d{2}")} -> 08:54:48 | O141: =TRIM(SUBSTITUTE(_xlfn.TEXTAFTER(C141, " " & N141 & " "), F141 & " " & D141 & " " & E141, "")) -> 27.5mg1枚 1枚×28袋 | P141: =TRIM(LEFT(_xlfn.TEXTAFTER(C141, I141 & " "), FIND(" ", _xlfn.TEXTAFTER(C141, I141 & " "))-1)) -> 3
B142: =B141+10 -> 636 | C142: =_xlfn.CONCAT(OFFSET(元!$B$10,'1行'!B142,0)," ",OFFSET(元!$B$12,'1行'!B142,0)) -> 2026/03/26 2026/03/26 オロパタジン塩酸塩OD錠5mg「トーワ」東和薬品 1 1 15:43:55 5mg/錠 PTP 10錠×10 4987155095128 1 0 | D142: {=INDEX(_xlfn.FILTERXML("<t><s>" & SUBSTITUTE(C142," ","</s><s>") & "</s></t>","//s[number(.)=number(.)]"), COUNT(_xlfn.FILTERXML("<t><s>" & SUBSTITUTE(C142," ","</s><s>") & "</s></t>","//s[number(.)=number(.)]"))-1)} -> 1 | E142: {=INDEX(_xlfn.FILTERXML("<t><s>" & SUBSTITUTE(C142," ","</s><s>") & "</s></t>","//s[number(.)=number(.)]"), COUNT(_xlfn.FILTERXML("<t><s>" & SUBSTITUTE(C142," ","</s><s>") & "</s></t>","//s[number(.)=number(.)]")))} -> 0 | F142: =TRIM(RIGHT(SUBSTITUTE(C142," "&D142&" "&E142,""),13)) -> 4987155095128 | G142: =LEFT(C142,10) -> 2026/03/26 | H142: =MID(C142,12,10) -> 2026/03/26 | I142: =_xlfn.LET( _xlpm.s, _xlfn.TEXTAFTER(C142, " " & H142 & " "), TRIM(_xlfn.TEXTBEFORE(_xlpm.s, " " & L142 & " ")) ) -> オロパタジン塩酸塩OD錠5mg「トーワ」東和薬品 | J142: =LEFT(I142, LEN(I142) - LEN(K142)) -> オロパタジン塩酸塩OD錠5mg「トーワ」 | K142: {=_xlfn.LET( _xlpm.s, SUBSTITUTE(SUBSTITUTE(I142," ","")," ",""), _xlpm.dic, SUBSTITUTE(SUBSTITUTE(メーカー!$A$1:$A$100," ","")," ",""), _xlpm.pos, MATCH(TRUE, RIGHT(_xlpm.s, LEN(_xlpm.dic)) = _xlpm.dic, 0), INDEX(メーカー!$A$1:$A$100, _xlpm.pos) )} -> 東和薬品 | L142: {=INDEX(_xlfn.FILTERXML("<t><s>" & SUBSTITUTE(MID(C142,23,999)," ","</s><s>") & "</s></t>","//s[number(.)=number(.)]"),1)} -> 1 | M142: {=INDEX( _xlfn.FILTERXML("<t><s>" & SUBSTITUTE(MID(C142, 22 + LEN(I142) + 1, 999), " ", "</s><s>") & "</s></t>", "//s[number(.)=number(.)]"), 2 )} -> 1 | N142: {=_xlfn.REGEXEXTRACT(C142, "\d{2}:\d{2}:\d{2}")} -> 15:43:55 | O142: =TRIM(SUBSTITUTE(_xlfn.TEXTAFTER(C142, " " & N142 & " "), F142 & " " & D142 & " " & E142, "")) -> 5mg/錠 PTP 10錠×10 | P142: =TRIM(LEFT(_xlfn.TEXTAFTER(C142, I142 & " "), FIND(" ", _xlfn.TEXTAFTER(C142, I142 & " "))-1)) -> 1
B143: =B142+4 -> 640 | C143: =_xlfn.CONCAT(OFFSET(元!$B$10,'1行'!B143,0)," ",OFFSET(元!$B$12,'1行'!B143,0)) -> 2026/03/25 2026/04/01 エスシタロプラムOD錠10mg「トーワ」東和薬品 2 2 08:54:48 10mg/錠 PTP 10錠×10 4987155159172 2 0 | D143: {=INDEX(_xlfn.FILTERXML("<t><s>" & SUBSTITUTE(C143," ","</s><s>") & "</s></t>","//s[number(.)=number(.)]"), COUNT(_xlfn.FILTERXML("<t><s>" & SUBSTITUTE(C143," ","</s><s>") & "</s></t>","//s[number(.)=number(.)]"))-1)} -> 2 | E143: {=INDEX(_xlfn.FILTERXML("<t><s>" & SUBSTITUTE(C143," ","</s><s>") & "</s></t>","//s[number(.)=number(.)]"), COUNT(_xlfn.FILTERXML("<t><s>" & SUBSTITUTE(C143," ","</s><s>") & "</s></t>","//s[number(.)=number(.)]")))} -> 0 | F143: =TRIM(RIGHT(SUBSTITUTE(C143," "&D143&" "&E143,""),13)) -> 4987155159172 | G143: =LEFT(C143,10) -> 2026/03/25 | H143: =MID(C143,12,10) -> 2026/04/01 | I143: =_xlfn.LET( _xlpm.s, _xlfn.TEXTAFTER(C143, " " & H143 & " "), TRIM(_xlfn.TEXTBEFORE(_xlpm.s, " " & L143 & " ")) ) -> エスシタロプラムOD錠10mg「トーワ」東和薬品 | J143: =LEFT(I143, LEN(I143) - LEN(K143)) -> エスシタロプラムOD錠10mg「トーワ」 | K143: {=_xlfn.LET( _xlpm.s, SUBSTITUTE(SUBSTITUTE(I143," ","")," ",""), _xlpm.dic, SUBSTITUTE(SUBSTITUTE(メーカー!$A$1:$A$100," ","")," ",""), _xlpm.pos, MATCH(TRUE, RIGHT(_xlpm.s, LEN(_xlpm.dic)) = _xlpm.dic, 0), INDEX(メーカー!$A$1:$A$100, _xlpm.pos) )} -> 東和薬品 | L143: {=INDEX(_xlfn.FILTERXML("<t><s>" & SUBSTITUTE(MID(C143,23,999)," ","</s><s>") & "</s></t>","//s[number(.)=number(.)]"),1)} -> 2 | M143: {=INDEX( _xlfn.FILTERXML("<t><s>" & SUBSTITUTE(MID(C143, 22 + LEN(I143) + 1, 999), " ", "</s><s>") & "</s></t>", "//s[number(.)=number(.)]"), 2 )} -> 2 | N143: {=_xlfn.REGEXEXTRACT(C143, "\d{2}:\d{2}:\d{2}")} -> 08:54:48 | O143: =TRIM(SUBSTITUTE(_xlfn.TEXTAFTER(C143, " " & N143 & " "), F143 & " " & D143 & " " & E143, "")) -> 10mg/錠 PTP 10錠×10 | P143: =TRIM(LEFT(_xlfn.TEXTAFTER(C143, I143 & " "), FIND(" ", _xlfn.TEXTAFTER(C143, I143 & " "))-1)) -> 2
B144: =B143+20 -> 660 | C144: =_xlfn.CONCAT(OFFSET(元!$B$10,'1行'!B144,0)," ",OFFSET(元!$B$12,'1行'!B144,0)) -> 2026/03/25 2026/04/01 ボグリボースOD錠0.2mg「トーワ」東和薬品 1 3 08:54:48 0.2mg/錠 PTP 10錠×10 4987155881011 1 0 | D144: {=INDEX(_xlfn.FILTERXML("<t><s>" & SUBSTITUTE(C144," ","</s><s>") & "</s></t>","//s[number(.)=number(.)]"), COUNT(_xlfn.FILTERXML("<t><s>" & SUBSTITUTE(C144," ","</s><s>") & "</s></t>","//s[number(.)=number(.)]"))-1)} -> 1 | E144: {=INDEX(_xlfn.FILTERXML("<t><s>" & SUBSTITUTE(C144," ","</s><s>") & "</s></t>","//s[number(.)=number(.)]"), COUNT(_xlfn.FILTERXML("<t><s>" & SUBSTITUTE(C144," ","</s><s>") & "</s></t>","//s[number(.)=number(.)]")))} -> 0 | F144: =TRIM(RIGHT(SUBSTITUTE(C144," "&D144&" "&E144,""),13)) -> 4987155881011 | G144: =LEFT(C144,10) -> 2026/03/25 | H144: =MID(C144,12,10) -> 2026/04/01 | I144: =_xlfn.LET( _xlpm.s, _xlfn.TEXTAFTER(C144, " " & H144 & " "), TRIM(_xlfn.TEXTBEFORE(_xlpm.s, " " & L144 & " ")) ) -> ボグリボースOD錠0.2mg「トーワ」東和薬品 | J144: =LEFT(I144, LEN(I144) - LEN(K144)) -> ボグリボースOD錠0.2mg「トーワ」 | K144: {=_xlfn.LET( _xlpm.s, SUBSTITUTE(SUBSTITUTE(I144," ","")," ",""), _xlpm.dic, SUBSTITUTE(SUBSTITUTE(メーカー!$A$1:$A$100," ","")," ",""), _xlpm.pos, MATCH(TRUE, RIGHT(_xlpm.s, LEN(_xlpm.dic)) = _xlpm.dic, 0), INDEX(メーカー!$A$1:$A$100, _xlpm.pos) )} -> 東和薬品 | L144: {=INDEX(_xlfn.FILTERXML("<t><s>" & SUBSTITUTE(MID(C144,23,999)," ","</s><s>") & "</s></t>","//s[number(.)=number(.)]"),1)} -> 1 | M144: {=INDEX( _xlfn.FILTERXML("<t><s>" & SUBSTITUTE(MID(C144, 22 + LEN(I144) + 1, 999), " ", "</s><s>") & "</s></t>", "//s[number(.)=number(.)]"), 2 )} -> 3 | N144: {=_xlfn.REGEXEXTRACT(C144, "\d{2}:\d{2}:\d{2}")} -> 08:54:48 | O144: =TRIM(SUBSTITUTE(_xlfn.TEXTAFTER(C144, " " & N144 & " "), F144 & " " & D144 & " " & E144, "")) -> 0.2mg/錠 PTP 10錠×10 | P144: =TRIM(LEFT(_xlfn.TEXTAFTER(C144, I144 & " "), FIND(" ", _xlfn.TEXTAFTER(C144, I144 & " "))-1)) -> 1
B145: =B144+4 -> 664 | C145: =_xlfn.CONCAT(OFFSET(元!$B$10,'1行'!B145,0)," ",OFFSET(元!$B$12,'1行'!B145,0)) -> 2026/03/25 2026/04/01 レベチラセタム錠250mg「トーワ」東和薬品 2 4 08:54:48 250mg/錠 PTP 10錠×10 4987155155174 2 0 | D145: {=INDEX(_xlfn.FILTERXML("<t><s>" & SUBSTITUTE(C145," ","</s><s>") & "</s></t>","//s[number(.)=number(.)]"), COUNT(_xlfn.FILTERXML("<t><s>" & SUBSTITUTE(C145," ","</s><s>") & "</s></t>","//s[number(.)=number(.)]"))-1)} -> 2 | E145: {=INDEX(_xlfn.FILTERXML("<t><s>" & SUBSTITUTE(C145," ","</s><s>") & "</s></t>","//s[number(.)=number(.)]"), COUNT(_xlfn.FILTERXML("<t><s>" & SUBSTITUTE(C145," ","</s><s>") & "</s></t>","//s[number(.)=number(.)]")))} -> 0 | F145: =TRIM(RIGHT(SUBSTITUTE(C145," "&D145&" "&E145,""),13)) -> 4987155155174 | G145: =LEFT(C145,10) -> 2026/03/25 | H145: =MID(C145,12,10) -> 2026/04/01 | I145: =_xlfn.LET( _xlpm.s, _xlfn.TEXTAFTER(C145, " " & H145 & " "), TRIM(_xlfn.TEXTBEFORE(_xlpm.s, " " & L145 & " ")) ) -> レベチラセタム錠250mg「トーワ」東和薬品 | J145: =LEFT(I145, LEN(I145) - LEN(K145)) -> レベチラセタム錠250mg「トーワ」 | K145: {=_xlfn.LET( _xlpm.s, SUBSTITUTE(SUBSTITUTE(I145," ","")," ",""), _xlpm.dic, SUBSTITUTE(SUBSTITUTE(メーカー!$A$1:$A$100," ","")," ",""), _xlpm.pos, MATCH(TRUE, RIGHT(_xlpm.s, LEN(_xlpm.dic)) = _xlpm.dic, 0), INDEX(メーカー!$A$1:$A$100, _xlpm.pos) )} -> 東和薬品 | L145: {=INDEX(_xlfn.FILTERXML("<t><s>" & SUBSTITUTE(MID(C145,23,999)," ","</s><s>") & "</s></t>","//s[number(.)=number(.)]"),1)} -> 2 | M145: {=INDEX( _xlfn.FILTERXML("<t><s>" & SUBSTITUTE(MID(C145, 22 + LEN(I145) + 1, 999), " ", "</s><s>") & "</s></t>", "//s[number(.)=number(.)]"), 2 )} -> 4 | N145: {=_xlfn.REGEXEXTRACT(C145, "\d{2}:\d{2}:\d{2}")} -> 08:54:48 | O145: =TRIM(SUBSTITUTE(_xlfn.TEXTAFTER(C145, " " & N145 & " "), F145 & " " & D145 & " " & E145, "")) -> 250mg/錠 PTP 10錠×10 | P145: =TRIM(LEFT(_xlfn.TEXTAFTER(C145, I145 & " "), FIND(" ", _xlfn.TEXTAFTER(C145, I145 & " "))-1)) -> 2
B146: =B145+4 -> 668 | C146: =_xlfn.CONCAT(OFFSET(元!$B$10,'1行'!B146,0)," ",OFFSET(元!$B$12,'1行'!B146,0)) -> 2026/03/25 2026/04/01 ソリフェナシンコハク酸塩OD錠5mg「トーワ」東和薬品 1 5 08:54:48 5mg/錠 PTP 10錠×10 4987155153071 1 0 | D146: {=INDEX(_xlfn.FILTERXML("<t><s>" & SUBSTITUTE(C146," ","</s><s>") & "</s></t>","//s[number(.)=number(.)]"), COUNT(_xlfn.FILTERXML("<t><s>" & SUBSTITUTE(C146," ","</s><s>") & "</s></t>","//s[number(.)=number(.)]"))-1)} -> 1 | E146: {=INDEX(_xlfn.FILTERXML("<t><s>" & SUBSTITUTE(C146," ","</s><s>") & "</s></t>","//s[number(.)=number(.)]"), COUNT(_xlfn.FILTERXML("<t><s>" & SUBSTITUTE(C146," ","</s><s>") & "</s></t>","//s[number(.)=number(.)]")))} -> 0 | F146: =TRIM(RIGHT(SUBSTITUTE(C146," "&D146&" "&E146,""),13)) -> 4987155153071 | G146: =LEFT(C146,10) -> 2026/03/25 | H146: =MID(C146,12,10) -> 2026/04/01 | I146: =_xlfn.LET( _xlpm.s, _xlfn.TEXTAFTER(C146, " " & H146 & " "), TRIM(_xlfn.TEXTBEFORE(_xlpm.s, " " & L146 & " ")) ) -> ソリフェナシンコハク酸塩OD錠5mg「トーワ」東和薬品 | J146: =LEFT(I146, LEN(I146) - LEN(K146)) -> ソリフェナシンコハク酸塩OD錠5mg「トーワ」 | K146: {=_xlfn.LET( _xlpm.s, SUBSTITUTE(SUBSTITUTE(I146," ","")," ",""), _xlpm.dic, SUBSTITUTE(SUBSTITUTE(メーカー!$A$1:$A$100," ","")," ",""), _xlpm.pos, MATCH(TRUE, RIGHT(_xlpm.s, LEN(_xlpm.dic)) = _xlpm.dic, 0), INDEX(メーカー!$A$1:$A$100, _xlpm.pos) )} -> 東和薬品 | L146: {=INDEX(_xlfn.FILTERXML("<t><s>" & SUBSTITUTE(MID(C146,23,999)," ","</s><s>") & "</s></t>","//s[number(.)=number(.)]"),1)} -> 1 | M146: {=INDEX( _xlfn.FILTERXML("<t><s>" & SUBSTITUTE(MID(C146, 22 + LEN(I146) + 1, 999), " ", "</s><s>") & "</s></t>", "//s[number(.)=number(.)]"), 2 )} -> 5 | N146: {=_xlfn.REGEXEXTRACT(C146, "\d{2}:\d{2}:\d{2}")} -> 08:54:48 | O146: =TRIM(SUBSTITUTE(_xlfn.TEXTAFTER(C146, " " & N146 & " "), F146 & " " & D146 & " " & E146, "")) -> 5mg/錠 PTP 10錠×10 | P146: =TRIM(LEFT(_xlfn.TEXTAFTER(C146, I146 & " "), FIND(" ", _xlfn.TEXTAFTER(C146, I146 & " "))-1)) -> 1
B147: =B146+4 -> 672 | C147: =_xlfn.CONCAT(OFFSET(元!$B$10,'1行'!B147,0)," ",OFFSET(元!$B$12,'1行'!B147,0)) -> 2026/03/25 2026/04/01 エゼチミブOD錠10mg「トーワ」東和薬品 1 6 08:54:48 10mg/錠 PTP 10錠×10 4987155148190 1 0 | D147: {=INDEX(_xlfn.FILTERXML("<t><s>" & SUBSTITUTE(C147," ","</s><s>") & "</s></t>","//s[number(.)=number(.)]"), COUNT(_xlfn.FILTERXML("<t><s>" & SUBSTITUTE(C147," ","</s><s>") & "</s></t>","//s[number(.)=number(.)]"))-1)} -> 1 | E147: {=INDEX(_xlfn.FILTERXML("<t><s>" & SUBSTITUTE(C147," ","</s><s>") & "</s></t>","//s[number(.)=number(.)]"), COUNT(_xlfn.FILTERXML("<t><s>" & SUBSTITUTE(C147," ","</s><s>") & "</s></t>","//s[number(.)=number(.)]")))} -> 0 | F147: =TRIM(RIGHT(SUBSTITUTE(C147," "&D147&" "&E147,""),13)) -> 4987155148190 | G147: =LEFT(C147,10) -> 2026/03/25 | H147: =MID(C147,12,10) -> 2026/04/01 | I147: =_xlfn.LET( _xlpm.s, _xlfn.TEXTAFTER(C147, " " & H147 & " "), TRIM(_xlfn.TEXTBEFORE(_xlpm.s, " " & L147 & " ")) ) -> エゼチミブOD錠10mg「トーワ」東和薬品 | J147: =LEFT(I147, LEN(I147) - LEN(K147)) -> エゼチミブOD錠10mg「トーワ」 | K147: {=_xlfn.LET( _xlpm.s, SUBSTITUTE(SUBSTITUTE(I147," ","")," ",""), _xlpm.dic, SUBSTITUTE(SUBSTITUTE(メーカー!$A$1:$A$100," ","")," ",""), _xlpm.pos, MATCH(TRUE, RIGHT(_xlpm.s, LEN(_xlpm.dic)) = _xlpm.dic, 0), INDEX(メーカー!$A$1:$A$100, _xlpm.pos) )} -> 東和薬品 | L147: {=INDEX(_xlfn.FILTERXML("<t><s>" & SUBSTITUTE(MID(C147,23,999)," ","</s><s>") & "</s></t>","//s[number(.)=number(.)]"),1)} -> 1 | M147: {=INDEX( _xlfn.FILTERXML("<t><s>" & SUBSTITUTE(MID(C147, 22 + LEN(I147) + 1, 999), " ", "</s><s>") & "</s></t>", "//s[number(.)=number(.)]"), 2 )} -> 6 | N147: {=_xlfn.REGEXEXTRACT(C147, "\d{2}:\d{2}:\d{2}")} -> 08:54:48 | O147: =TRIM(SUBSTITUTE(_xlfn.TEXTAFTER(C147, " " & N147 & " "), F147 & " " & D147 & " " & E147, "")) -> 10mg/錠 PTP 10錠×10 | P147: =TRIM(LEFT(_xlfn.TEXTAFTER(C147, I147 & " "), FIND(" ", _xlfn.TEXTAFTER(C147, I147 & " "))-1)) -> 1
B148: =B147+4 -> 676 | C148: =_xlfn.CONCAT(OFFSET(元!$B$10,'1行'!B148,0)," ",OFFSET(元!$B$12,'1行'!B148,0)) -> 2026/03/25 2026/04/01 グリメピリド錠1mg「トーワ」東和薬品 1 7 08:54:48 1mg/錠 バラ 500錠×1瓶4987155491036 1 0 | D148: {=INDEX(_xlfn.FILTERXML("<t><s>" & SUBSTITUTE(C148," ","</s><s>") & "</s></t>","//s[number(.)=number(.)]"), COUNT(_xlfn.FILTERXML("<t><s>" & SUBSTITUTE(C148," ","</s><s>") & "</s></t>","//s[number(.)=number(.)]"))-1)} -> 1 | E148: {=INDEX(_xlfn.FILTERXML("<t><s>" & SUBSTITUTE(C148," ","</s><s>") & "</s></t>","//s[number(.)=number(.)]"), COUNT(_xlfn.FILTERXML("<t><s>" & SUBSTITUTE(C148," ","</s><s>") & "</s></t>","//s[number(.)=number(.)]")))} -> 0 | F148: =TRIM(RIGHT(SUBSTITUTE(C148," "&D148&" "&E148,""),13)) -> 4987155491036 | G148: =LEFT(C148,10) -> 2026/03/25 | H148: =MID(C148,12,10) -> 2026/04/01 | I148: =_xlfn.LET( _xlpm.s, _xlfn.TEXTAFTER(C148, " " & H148 & " "), TRIM(_xlfn.TEXTBEFORE(_xlpm.s, " " & L148 & " ")) ) -> グリメピリド錠1mg「トーワ」東和薬品 | J148: =LEFT(I148, LEN(I148) - LEN(K148)) -> グリメピリド錠1mg「トーワ」 | K148: {=_xlfn.LET( _xlpm.s, SUBSTITUTE(SUBSTITUTE(I148," ","")," ",""), _xlpm.dic, SUBSTITUTE(SUBSTITUTE(メーカー!$A$1:$A$100," ","")," ",""), _xlpm.pos, MATCH(TRUE, RIGHT(_xlpm.s, LEN(_xlpm.dic)) = _xlpm.dic, 0), INDEX(メーカー!$A$1:$A$100, _xlpm.pos) )} -> 東和薬品 | L148: {=INDEX(_xlfn.FILTERXML("<t><s>" & SUBSTITUTE(MID(C148,23,999)," ","</s><s>") & "</s></t>","//s[number(.)=number(.)]"),1)} -> 1 | M148: {=INDEX( _xlfn.FILTERXML("<t><s>" & SUBSTITUTE(MID(C148, 22 + LEN(I148) + 1, 999), " ", "</s><s>") & "</s></t>", "//s[number(.)=number(.)]"), 2 )} -> 7 | N148: {=_xlfn.REGEXEXTRACT(C148, "\d{2}:\d{2}:\d{2}")} -> 08:54:48 | O148: =TRIM(SUBSTITUTE(_xlfn.TEXTAFTER(C148, " " & N148 & " "), F148 & " " & D148 & " " & E148, "")) -> 1mg/錠 バラ 500錠×1瓶 | P148: =TRIM(LEFT(_xlfn.TEXTAFTER(C148, I148 & " "), FIND(" ", _xlfn.TEXTAFTER(C148, I148 & " "))-1)) -> 1
B149: =B148+4 -> 680 | C149: =_xlfn.CONCAT(OFFSET(元!$B$10,'1行'!B149,0)," ",OFFSET(元!$B$12,'1行'!B149,0)) -> 2026/03/25 2026/04/01 ブロムヘキシン塩酸塩錠4mg「トーワ」東和薬品 1 8 08:54:48 4mg/錠 PTP 10錠×100 4987155139181 1 0 | D149: {=INDEX(_xlfn.FILTERXML("<t><s>" & SUBSTITUTE(C149," ","</s><s>") & "</s></t>","//s[number(.)=number(.)]"), COUNT(_xlfn.FILTERXML("<t><s>" & SUBSTITUTE(C149," ","</s><s>") & "</s></t>","//s[number(.)=number(.)]"))-1)} -> 1 | E149: {=INDEX(_xlfn.FILTERXML("<t><s>" & SUBSTITUTE(C149," ","</s><s>") & "</s></t>","//s[number(.)=number(.)]"), COUNT(_xlfn.FILTERXML("<t><s>" & SUBSTITUTE(C149," ","</s><s>") & "</s></t>","//s[number(.)=number(.)]")))} -> 0 | F149: =TRIM(RIGHT(SUBSTITUTE(C149," "&D149&" "&E149,""),13)) -> 4987155139181 | G149: =LEFT(C149,10) -> 2026/03/25 | H149: =MID(C149,12,10) -> 2026/04/01 | I149: =_xlfn.LET( _xlpm.s, _xlfn.TEXTAFTER(C149, " " & H149 & " "), TRIM(_xlfn.TEXTBEFORE(_xlpm.s, " " & L149 & " ")) ) -> ブロムヘキシン塩酸塩錠4mg「トーワ」東和薬品 | J149: =LEFT(I149, LEN(I149) - LEN(K149)) -> ブロムヘキシン塩酸塩錠4mg「トーワ」 | K149: {=_xlfn.LET( _xlpm.s, SUBSTITUTE(SUBSTITUTE(I149," ","")," ",""), _xlpm.dic, SUBSTITUTE(SUBSTITUTE(メーカー!$A$1:$A$100," ","")," ",""), _xlpm.pos, MATCH(TRUE, RIGHT(_xlpm.s, LEN(_xlpm.dic)) = _xlpm.dic, 0), INDEX(メーカー!$A$1:$A$100, _xlpm.pos) )} -> 東和薬品 | L149: {=INDEX(_xlfn.FILTERXML("<t><s>" & SUBSTITUTE(MID(C149,23,999)," ","</s><s>") & "</s></t>","//s[number(.)=number(.)]"),1)} -> 1 | M149: {=INDEX( _xlfn.FILTERXML("<t><s>" & SUBSTITUTE(MID(C149, 22 + LEN(I149) + 1, 999), " ", "</s><s>") & "</s></t>", "//s[number(.)=number(.)]"), 2 )} -> 8 | N149: {=_xlfn.REGEXEXTRACT(C149, "\d{2}:\d{2}:\d{2}")} -> 08:54:48 | O149: =TRIM(SUBSTITUTE(_xlfn.TEXTAFTER(C149, " " & N149 & " "), F149 & " " & D149 & " " & E149, "")) -> 4mg/錠 PTP 10錠×100 | P149: =TRIM(LEFT(_xlfn.TEXTAFTER(C149, I149 & " "), FIND(" ", _xlfn.TEXTAFTER(C149, I149 & " "))-1)) -> 1
B150: =B149+4 -> 684 | C150: =_xlfn.CONCAT(OFFSET(元!$B$10,'1行'!B150,0)," ",OFFSET(元!$B$12,'1行'!B150,0)) -> 2026/03/25 2026/04/01 テオフィリン徐放U錠200mg「トーワ」東和薬品 1 9 08:54:48 200mg/錠 PTP 10錠×10 4987155278071 1 0 | D150: {=INDEX(_xlfn.FILTERXML("<t><s>" & SUBSTITUTE(C150," ","</s><s>") & "</s></t>","//s[number(.)=number(.)]"), COUNT(_xlfn.FILTERXML("<t><s>" & SUBSTITUTE(C150," ","</s><s>") & "</s></t>","//s[number(.)=number(.)]"))-1)} -> 1 | E150: {=INDEX(_xlfn.FILTERXML("<t><s>" & SUBSTITUTE(C150," ","</s><s>") & "</s></t>","//s[number(.)=number(.)]"), COUNT(_xlfn.FILTERXML("<t><s>" & SUBSTITUTE(C150," ","</s><s>") & "</s></t>","//s[number(.)=number(.)]")))} -> 0 | F150: =TRIM(RIGHT(SUBSTITUTE(C150," "&D150&" "&E150,""),13)) -> 4987155278071 | G150: =LEFT(C150,10) -> 2026/03/25 | H150: =MID(C150,12,10) -> 2026/04/01 | I150: =_xlfn.LET( _xlpm.s, _xlfn.TEXTAFTER(C150, " " & H150 & " "), TRIM(_xlfn.TEXTBEFORE(_xlpm.s, " " & L150 & " ")) ) -> テオフィリン徐放U錠200mg「トーワ」東和薬品 | J150: =LEFT(I150, LEN(I150) - LEN(K150)) -> テオフィリン徐放U錠200mg「トーワ」 | K150: {=_xlfn.LET( _xlpm.s, SUBSTITUTE(SUBSTITUTE(I150," ","")," ",""), _xlpm.dic, SUBSTITUTE(SUBSTITUTE(メーカー!$A$1:$A$100," ","")," ",""), _xlpm.pos, MATCH(TRUE, RIGHT(_xlpm.s, LEN(_xlpm.dic)) = _xlpm.dic, 0), INDEX(メーカー!$A$1:$A$100, _xlpm.pos) )} -> 東和薬品 | L150: {=INDEX(_xlfn.FILTERXML("<t><s>" & SUBSTITUTE(MID(C150,23,999)," ","</s><s>") & "</s></t>","//s[number(.)=number(.)]"),1)} -> 1 | M150: {=INDEX( _xlfn.FILTERXML("<t><s>" & SUBSTITUTE(MID(C150, 22 + LEN(I150) + 1, 999), " ", "</s><s>") & "</s></t>", "//s[number(.)=number(.)]"), 2 )} -> 9 | N150: {=_xlfn.REGEXEXTRACT(C150, "\d{2}:\d{2}:\d{2}")} -> 08:54:48 | O150: =TRIM(SUBSTITUTE(_xlfn.TEXTAFTER(C150, " " & N150 & " "), F150 & " " & D150 & " " & E150, "")) -> 200mg/錠 PTP 10錠×10 | P150: =TRIM(LEFT(_xlfn.TEXTAFTER(C150, I150 & " "), FIND(" ", _xlfn.TEXTAFTER(C150, I150 & " "))-1)) -> 1
B151: =B150+4 -> 688 | C151: =_xlfn.CONCAT(OFFSET(元!$B$10,'1行'!B151,0)," ",OFFSET(元!$B$12,'1行'!B151,0)) -> 2026/03/25 2026/04/01 メコバラミン錠500「トーワ」東和薬品 1 10 08:54:48 0.5mg/錠 バラ 1000錠×1瓶4987155207026 1 0 | D151: {=INDEX(_xlfn.FILTERXML("<t><s>" & SUBSTITUTE(C151," ","</s><s>") & "</s></t>","//s[number(.)=number(.)]"), COUNT(_xlfn.FILTERXML("<t><s>" & SUBSTITUTE(C151," ","</s><s>") & "</s></t>","//s[number(.)=number(.)]"))-1)} -> 1 | E151: {=INDEX(_xlfn.FILTERXML("<t><s>" & SUBSTITUTE(C151," ","</s><s>") & "</s></t>","//s[number(.)=number(.)]"), COUNT(_xlfn.FILTERXML("<t><s>" & SUBSTITUTE(C151," ","</s><s>") & "</s></t>","//s[number(.)=number(.)]")))} -> 0 | F151: =TRIM(RIGHT(SUBSTITUTE(C151," "&D151&" "&E151,""),13)) -> 4987155207026 | G151: =LEFT(C151,10) -> 2026/03/25 | H151: =MID(C151,12,10) -> 2026/04/01 | I151: =_xlfn.LET( _xlpm.s, _xlfn.TEXTAFTER(C151, " " & H151 & " "), TRIM(_xlfn.TEXTBEFORE(_xlpm.s, " " & L151 & " ")) ) -> メコバラミン錠500「トーワ」東和薬品 | J151: =LEFT(I151, LEN(I151) - LEN(K151)) -> メコバラミン錠500「トーワ」 | K151: {=_xlfn.LET( _xlpm.s, SUBSTITUTE(SUBSTITUTE(I151," ","")," ",""), _xlpm.dic, SUBSTITUTE(SUBSTITUTE(メーカー!$A$1:$A$100," ","")," ",""), _xlpm.pos, MATCH(TRUE, RIGHT(_xlpm.s, LEN(_xlpm.dic)) = _xlpm.dic, 0), INDEX(メーカー!$A$1:$A$100, _xlpm.pos) )} -> 東和薬品 | L151: {=INDEX(_xlfn.FILTERXML("<t><s>" & SUBSTITUTE(MID(C151,23,999)," ","</s><s>") & "</s></t>","//s[number(.)=number(.)]"),1)} -> 1 | M151: {=INDEX( _xlfn.FILTERXML("<t><s>" & SUBSTITUTE(MID(C151, 22 + LEN(I151) + 1, 999), " ", "</s><s>") & "</s></t>", "//s[number(.)=number(.)]"), 2 )} -> 10 | N151: {=_xlfn.REGEXEXTRACT(C151, "\d{2}:\d{2}:\d{2}")} -> 08:54:48 | O151: =TRIM(SUBSTITUTE(_xlfn.TEXTAFTER(C151, " " & N151 & " "), F151 & " " & D151 & " " & E151, "")) -> 0.5mg/錠 バラ 1000錠×1瓶 | P151: =TRIM(LEFT(_xlfn.TEXTAFTER(C151, I151 & " "), FIND(" ", _xlfn.TEXTAFTER(C151, I151 & " "))-1)) -> 1
B152: =B151+4 -> 692 | C152: =_xlfn.CONCAT(OFFSET(元!$B$10,'1行'!B152,0)," ",OFFSET(元!$B$12,'1行'!B152,0)) -> 2026/03/25 2026/04/01 メコバラミン錠500「トーワ」東和薬品 1 11 08:54:48 0.5mg/錠 PTP 10錠×100 4987155207040 1 0 | D152: {=INDEX(_xlfn.FILTERXML("<t><s>" & SUBSTITUTE(C152," ","</s><s>") & "</s></t>","//s[number(.)=number(.)]"), COUNT(_xlfn.FILTERXML("<t><s>" & SUBSTITUTE(C152," ","</s><s>") & "</s></t>","//s[number(.)=number(.)]"))-1)} -> 1 | E152: {=INDEX(_xlfn.FILTERXML("<t><s>" & SUBSTITUTE(C152," ","</s><s>") & "</s></t>","//s[number(.)=number(.)]"), COUNT(_xlfn.FILTERXML("<t><s>" & SUBSTITUTE(C152," ","</s><s>") & "</s></t>","//s[number(.)=number(.)]")))} -> 0 | F152: =TRIM(RIGHT(SUBSTITUTE(C152," "&D152&" "&E152,""),13)) -> 4987155207040 | G152: =LEFT(C152,10) -> 2026/03/25 | H152: =MID(C152,12,10) -> 2026/04/01 | I152: =_xlfn.LET( _xlpm.s, _xlfn.TEXTAFTER(C152, " " & H152 & " "), TRIM(_xlfn.TEXTBEFORE(_xlpm.s, " " & L152 & " ")) ) -> メコバラミン錠500「トーワ」東和薬品 | J152: =LEFT(I152, LEN(I152) - LEN(K152)) -> メコバラミン錠500「トーワ」 | K152: {=_xlfn.LET( _xlpm.s, SUBSTITUTE(SUBSTITUTE(I152," ","")," ",""), _xlpm.dic, SUBSTITUTE(SUBSTITUTE(メーカー!$A$1:$A$100," ","")," ",""), _xlpm.pos, MATCH(TRUE, RIGHT(_xlpm.s, LEN(_xlpm.dic)) = _xlpm.dic, 0), INDEX(メーカー!$A$1:$A$100, _xlpm.pos) )} -> 東和薬品 | L152: {=INDEX(_xlfn.FILTERXML("<t><s>" & SUBSTITUTE(MID(C152,23,999)," ","</s><s>") & "</s></t>","//s[number(.)=number(.)]"),1)} -> 1 | M152: {=INDEX( _xlfn.FILTERXML("<t><s>" & SUBSTITUTE(MID(C152, 22 + LEN(I152) + 1, 999), " ", "</s><s>") & "</s></t>", "//s[number(.)=number(.)]"), 2 )} -> 11 | N152: {=_xlfn.REGEXEXTRACT(C152, "\d{2}:\d{2}:\d{2}")} -> 08:54:48 | O152: =TRIM(SUBSTITUTE(_xlfn.TEXTAFTER(C152, " " & N152 & " "), F152 & " " & D152 & " " & E152, "")) -> 0.5mg/錠 PTP 10錠×100 | P152: =TRIM(LEFT(_xlfn.TEXTAFTER(C152, I152 & " "), FIND(" ", _xlfn.TEXTAFTER(C152, I152 & " "))-1)) -> 1
