Workbook

Sheet 統合マスタ
C3: 棚卸 | N3: マスタ
B4: no | C4: 名称 | D4: 2025年度卸 | E4: 包装形態 | F4: 容量 | G4: メーカー | H4: 新単位薬価 | I4: 2025年度薬価 | J4: 単位数量 | K4: 薬価単位 | L4: 2025年納入価格 | M4: 単位納入価 | N4: コード(区分値) | O4: コード | P4: 名称 | Q4: ホストコード | R4: 採用区分（区分値）(区分値) | S4: 採用区分（区分値） | T4: 薬価 | U4: カナ名称 | V4: 剤形(区分値) | W4: 剤形 | X4: 毒劇薬（区分値）(区分値) | Y4: 毒劇薬（区分値） | Z4: 場所番号 | AA4: 非採用 | AB4: Excelシート | AC4: 数量
A5: =元データ!P2 -> 295 | B5: 1 | C5: =DBCS(元データ!A2) -> ００７ ツムラ ハチミジオウガン | D5: =元データ!B2 -> メディセオ | E5: =DBCS(元データ!C2) -> 粉 | F5: =DBCS(元データ!D2) -> ２．５ｇｘ１８９ | G5: =元データ!E2 -> ツムラ | H5: =元データ!F2 -> 9.8 | I5: =元データ!G2 -> 4630.5 | J5: =元データ!H2 -> 472.5 | K5: =元データ!I2 -> ｇ | L5: =元データ!J2 -> 4093 | M5: =元データ!K2 -> 8.6624339 | N5: =IF(OFFSET(マスタ非採用削除!A$4,統合マスタ!$A5,0)="","",OFFSET(マスタ非採用削除!A$4,統合マスタ!$A5,0)) -> ﾂﾑﾗ007 | O5: =IF(OFFSET(マスタ非採用削除!B$4,統合マスタ!$A5,0)="","",OFFSET(マスタ非採用削除!B$4,統合マスタ!$A5,0)) -> ﾂﾑﾗ007 | P5: =IF(OFFSET(マスタ非採用削除!C$4,統合マスタ!$A5,0)="","",OFFSET(マスタ非採用削除!C$4,統合マスタ!$A5,0)) -> ツムラ八味地黄丸エキス顆粒（医療用） | Q5: =IF(OFFSET(マスタ非採用削除!D$4,統合マスタ!$A5,0)="","",OFFSET(マスタ非採用削除!D$4,統合マスタ!$A5,0)) -> ﾊﾁﾐ | R5: =IF(AA5="非採用",0,IF(OFFSET(マスタ非採用削除!E$4,統合マスタ!$A5,0)="","",OFFSET(マスタ非採用削除!E$4,統合マスタ!$A5,0))) -> 2 | S5: =IF(OFFSET(マスタ非採用削除!F$4,統合マスタ!$A5,0)="","",OFFSET(マスタ非採用削除!F$4,統合マスタ!$A5,0)) | T5: =IF(OFFSET(マスタ非採用削除!G$4,統合マスタ!$A5,0)="","",OFFSET(マスタ非採用削除!G$4,統合マスタ!$A5,0)) -> 9.8 | U5: =IF(OFFSET(マスタ非採用削除!H$4,統合マスタ!$A5,0)="","",OFFSET(マスタ非採用削除!H$4,統合マスタ!$A5,0)) -> ﾂﾑﾗﾊﾁﾐｼﾞｵｳｶﾞﾝｴｷｽｶﾘｭｳ(ｲﾘｮｳﾖｳ) | V5: =IF(OFFSET(マスタ非採用削除!I$4,統合マスタ!$A5,0)="","",OFFSET(マスタ非採用削除!I$4,統合マスタ!$A5,0)) -> 3 | W5: =IF(OFFSET(マスタ非採用削除!J$4,統合マスタ!$A5,0)="","",OFFSET(マスタ非採用削除!J$4,統合マスタ!$A5,0)) -> 散 | X5: =IF(OFFSET(マスタ非採用削除!K$4,統合マスタ!$A5,0)="","",OFFSET(マスタ非採用削除!K$4,統合マスタ!$A5,0)) -> 0 | Y5: =IF(OFFSET(マスタ非採用削除!L$4,統合マスタ!$A5,0)="","",OFFSET(マスタ非採用削除!L$4,統合マスタ!$A5,0)) | Z5: =IF(OFFSET(マスタ非採用削除!M$4,統合マスタ!$A5,0)="","",OFFSET(マスタ非採用削除!M$4,統合マスタ!$A5,0)) -> 4 | AB5: =IF(R5=2,"臨時", IF(COUNTIF(分類!$H$8:$H$15, 統合マスタ!V5)>0, 分類!$G$7, IF(COUNTIF(分類!$K$8:$K$15, 統合マスタ!V5)>0, 分類!$J$7, IF(COUNTIF(分類!$N$8:$N$15, 統合マスタ!V5)>0, 分類!$M$7, IF(COUNTIF(分類!$Q$8:$Q$15, 統合マスタ!V5)>0, 分類!$P$7, "無し"))))) -> 臨時 | AC5: {=OFFSET( INDIRECT("'" & AB5 & "'!A4"), MATCH(B5, INDIRECT("'" & AB5 & "'!C5:C1000"), 0), MATCH("合計", INDIRECT("'" & AB5 & "'!4:4"), 0) - 1 )} -> 0
A6: =元データ!P3 -> 295 | B6: =B5+1 -> 2 | C6: =DBCS(元データ!A3) -> ００７ ツムラ ハチミジオウガン | D6: =元データ!B3 | E6: =DBCS(元データ!C3) -> 粉 | F6: =DBCS(元データ!D3) -> ２．５ｇｘ４２ | G6: =元データ!E3 -> ツムラ | H6: =元データ!F3 -> 9.8 | I6: =元データ!G3 -> 1029 | J6: =元データ!H3 -> 105 | K6: =元データ!I3 -> ｇ | L6: =元データ!J3 -> 935 | M6: =元データ!K3 -> 8.9047619 | N6: =IF(OFFSET(マスタ非採用削除!A$4,統合マスタ!$A6,0)="","",OFFSET(マスタ非採用削除!A$4,統合マスタ!$A6,0)) -> ﾂﾑﾗ007 | O6: =IF(OFFSET(マスタ非採用削除!B$4,統合マスタ!$A6,0)="","",OFFSET(マスタ非採用削除!B$4,統合マスタ!$A6,0)) -> ﾂﾑﾗ007 | P6: =IF(OFFSET(マスタ非採用削除!C$4,統合マスタ!$A6,0)="","",OFFSET(マスタ非採用削除!C$4,統合マスタ!$A6,0)) -> ツムラ八味地黄丸エキス顆粒（医療用） | Q6: =IF(OFFSET(マスタ非採用削除!D$4,統合マスタ!$A6,0)="","",OFFSET(マスタ非採用削除!D$4,統合マスタ!$A6,0)) -> ﾊﾁﾐ | R6: =IF(AA6="非採用",0,IF(OFFSET(マスタ非採用削除!E$4,統合マスタ!$A6,0)="","",OFFSET(マスタ非採用削除!E$4,統合マスタ!$A6,0))) -> 2 | S6: =IF(OFFSET(マスタ非採用削除!F$4,統合マスタ!$A6,0)="","",OFFSET(マスタ非採用削除!F$4,統合マスタ!$A6,0)) | T6: =IF(OFFSET(マスタ非採用削除!G$4,統合マスタ!$A6,0)="","",OFFSET(マスタ非採用削除!G$4,統合マスタ!$A6,0)) -> 9.8 | U6: =IF(OFFSET(マスタ非採用削除!H$4,統合マスタ!$A6,0)="","",OFFSET(マスタ非採用削除!H$4,統合マスタ!$A6,0)) -> ﾂﾑﾗﾊﾁﾐｼﾞｵｳｶﾞﾝｴｷｽｶﾘｭｳ(ｲﾘｮｳﾖｳ) | V6: =IF(OFFSET(マスタ非採用削除!I$4,統合マスタ!$A6,0)="","",OFFSET(マスタ非採用削除!I$4,統合マスタ!$A6,0)) -> 3 | W6: =IF(OFFSET(マスタ非採用削除!J$4,統合マスタ!$A6,0)="","",OFFSET(マスタ非採用削除!J$4,統合マスタ!$A6,0)) -> 散 | X6: =IF(OFFSET(マスタ非採用削除!K$4,統合マスタ!$A6,0)="","",OFFSET(マスタ非採用削除!K$4,統合マスタ!$A6,0)) -> 0 | Y6: =IF(OFFSET(マスタ非採用削除!L$4,統合マスタ!$A6,0)="","",OFFSET(マスタ非採用削除!L$4,統合マスタ!$A6,0)) | Z6: =IF(OFFSET(マスタ非採用削除!M$4,統合マスタ!$A6,0)="","",OFFSET(マスタ非採用削除!M$4,統合マスタ!$A6,0)) -> 4 | AB6: =IF(R6=2,"臨時", IF(COUNTIF(分類!$H$8:$H$15, 統合マスタ!V6)>0, 分類!$G$7, IF(COUNTIF(分類!$K$8:$K$15, 統合マスタ!V6)>0, 分類!$J$7, IF(COUNTIF(分類!$N$8:$N$15, 統合マスタ!V6)>0, 分類!$M$7, IF(COUNTIF(分類!$Q$8:$Q$15, 統合マスタ!V6)>0, 分類!$P$7, "無し"))))) -> 臨時 | AC6: {=OFFSET( INDIRECT("'" & AB6 & "'!A4"), MATCH(B6, INDIRECT("'" & AB6 & "'!C5:C1000"), 0), MATCH("合計", INDIRECT("'" & AB6 & "'!4:4"), 0) - 1 )} -> 0
A7: =元データ!P4 -> 296 | B7: =B6+1 -> 3 | C7: =DBCS(元データ!A4) -> ０１２ ツムラ サイコカリュウコツボレイトウ | D7: =元データ!B4 -> メディセオ | E7: =DBCS(元データ!C4) -> 粉 | F7: =DBCS(元データ!D4) -> ２．５ｇｘ１８９ | G7: =元データ!E4 -> ツムラ | H7: =元データ!F4 -> 20.3 | I7: =元データ!G4 -> 9591.75 | J7: =元データ!H4 -> 472.5 | K7: =元データ!I4 -> g | L7: =元データ!J4 -> 8544 | M7: =元データ!K4 -> 18.08254 | N7: =IF(OFFSET(マスタ非採用削除!A$4,統合マスタ!$A7,0)="","",OFFSET(マスタ非採用削除!A$4,統合マスタ!$A7,0)) -> ﾂﾑﾗ012 | O7: =IF(OFFSET(マスタ非採用削除!B$4,統合マスタ!$A7,0)="","",OFFSET(マスタ非採用削除!B$4,統合マスタ!$A7,0)) -> ﾂﾑﾗ012 | P7: =IF(OFFSET(マスタ非採用削除!C$4,統合マスタ!$A7,0)="","",OFFSET(マスタ非採用削除!C$4,統合マスタ!$A7,0)) -> ツムラ柴胡加竜骨牡蛎湯エキス顆粒（医療用） | Q7: =IF(OFFSET(マスタ非採用削除!D$4,統合マスタ!$A7,0)="","",OFFSET(マスタ非採用削除!D$4,統合マスタ!$A7,0)) -> ｻｲｺ | R7: =IF(AA7="非採用",0,IF(OFFSET(マスタ非採用削除!E$4,統合マスタ!$A7,0)="","",OFFSET(マスタ非採用削除!E$4,統合マスタ!$A7,0))) -> 2 | S7: =IF(OFFSET(マスタ非採用削除!F$4,統合マスタ!$A7,0)="","",OFFSET(マスタ非採用削除!F$4,統合マスタ!$A7,0)) | T7: =IF(OFFSET(マスタ非採用削除!G$4,統合マスタ!$A7,0)="","",OFFSET(マスタ非採用削除!G$4,統合マスタ!$A7,0)) -> 20.3 | U7: =IF(OFFSET(マスタ非採用削除!H$4,統合マスタ!$A7,0)="","",OFFSET(マスタ非採用削除!H$4,統合マスタ!$A7,0)) -> ﾂﾑﾗｻｲｺｶﾘｭｳｺﾂﾎﾞﾚｲﾄｳｴｷｽｶﾘｭｳ(ｲﾘｮｳﾖｳ) | V7: =IF(OFFSET(マスタ非採用削除!I$4,統合マスタ!$A7,0)="","",OFFSET(マスタ非採用削除!I$4,統合マスタ!$A7,0)) -> 3 | W7: =IF(OFFSET(マスタ非採用削除!J$4,統合マスタ!$A7,0)="","",OFFSET(マスタ非採用削除!J$4,統合マスタ!$A7,0)) -> 散 | X7: =IF(OFFSET(マスタ非採用削除!K$4,統合マスタ!$A7,0)="","",OFFSET(マスタ非採用削除!K$4,統合マスタ!$A7,0)) -> 0 | Y7: =IF(OFFSET(マスタ非採用削除!L$4,統合マスタ!$A7,0)="","",OFFSET(マスタ非採用削除!L$4,統合マスタ!$A7,0)) | Z7: =IF(OFFSET(マスタ非採用削除!M$4,統合マスタ!$A7,0)="","",OFFSET(マスタ非採用削除!M$4,統合マスタ!$A7,0)) -> 4 | AB7: =IF(R7=2,"臨時", IF(COUNTIF(分類!$H$8:$H$15, 統合マスタ!V7)>0, 分類!$G$7, IF(COUNTIF(分類!$K$8:$K$15, 統合マスタ!V7)>0, 分類!$J$7, IF(COUNTIF(分類!$N$8:$N$15, 統合マスタ!V7)>0, 分類!$M$7, IF(COUNTIF(分類!$Q$8:$Q$15, 統合マスタ!V7)>0, 分類!$P$7, "無し"))))) -> 臨時 | AC7: {=OFFSET( INDIRECT("'" & AB7 & "'!A4"), MATCH(B7, INDIRECT("'" & AB7 & "'!C5:C1000"), 0), MATCH("合計", INDIRECT("'" & AB7 & "'!4:4"), 0) - 1 )} -> 0
A8: =元データ!P5 -> 297 | B8: =B7+1 -> 4 | C8: =DBCS(元データ!A5) -> ０１６ ツムラ ハンゲコウボクトウ | D8: =元データ!B5 -> メディセオ | E8: =DBCS(元データ!C5) -> 粉 | F8: =DBCS(元データ!D5) -> ２．５ｇｘ１８９ | G8: =元データ!E5 -> ツムラ | H8: =元データ!F5 -> 14.6 | I8: =元データ!G5 -> 6898.5 | J8: =元データ!H5 -> 472.5 | K8: =元データ!I5 -> ｇ | L8: =元データ!J5 -> 6211 | M8: =元データ!K5 -> 13.144974 | N8: =IF(OFFSET(マスタ非採用削除!A$4,統合マスタ!$A8,0)="","",OFFSET(マスタ非採用削除!A$4,統合マスタ!$A8,0)) -> ﾂﾑﾗ016 | O8: =IF(OFFSET(マスタ非採用削除!B$4,統合マスタ!$A8,0)="","",OFFSET(マスタ非採用削除!B$4,統合マスタ!$A8,0)) -> ﾂﾑﾗ016 | P8: =IF(OFFSET(マスタ非採用削除!C$4,統合マスタ!$A8,0)="","",OFFSET(マスタ非採用削除!C$4,統合マスタ!$A8,0)) -> ツムラ半夏厚朴湯エキス顆粒（医療用） | Q8: =IF(OFFSET(マスタ非採用削除!D$4,統合マスタ!$A8,0)="","",OFFSET(マスタ非採用削除!D$4,統合マスタ!$A8,0)) -> ﾊﾝｹﾞｺ | R8: =IF(AA8="非採用",0,IF(OFFSET(マスタ非採用削除!E$4,統合マスタ!$A8,0)="","",OFFSET(マスタ非採用削除!E$4,統合マスタ!$A8,0))) -> 2 | S8: =IF(OFFSET(マスタ非採用削除!F$4,統合マスタ!$A8,0)="","",OFFSET(マスタ非採用削除!F$4,統合マスタ!$A8,0)) | T8: =IF(OFFSET(マスタ非採用削除!G$4,統合マスタ!$A8,0)="","",OFFSET(マスタ非採用削除!G$4,統合マスタ!$A8,0)) -> 14.6 | U8: =IF(OFFSET(マスタ非採用削除!H$4,統合マスタ!$A8,0)="","",OFFSET(マスタ非採用削除!H$4,統合マスタ!$A8,0)) -> ﾂﾑﾗﾊﾝｹﾞｺｳﾎﾞｸﾄｳｴｷｽｶﾘｭｳ(ｲﾘｮｳﾖｳ) | V8: =IF(OFFSET(マスタ非採用削除!I$4,統合マスタ!$A8,0)="","",OFFSET(マスタ非採用削除!I$4,統合マスタ!$A8,0)) -> 3 | W8: =IF(OFFSET(マスタ非採用削除!J$4,統合マスタ!$A8,0)="","",OFFSET(マスタ非採用削除!J$4,統合マスタ!$A8,0)) -> 散 | X8: =IF(OFFSET(マスタ非採用削除!K$4,統合マスタ!$A8,0)="","",OFFSET(マスタ非採用削除!K$4,統合マスタ!$A8,0)) -> 0 | Y8: =IF(OFFSET(マスタ非採用削除!L$4,統合マスタ!$A8,0)="","",OFFSET(マスタ非採用削除!L$4,統合マスタ!$A8,0)) | Z8: =IF(OFFSET(マスタ非採用削除!M$4,統合マスタ!$A8,0)="","",OFFSET(マスタ非採用削除!M$4,統合マスタ!$A8,0)) -> 4 | AB8: =IF(R8=2,"臨時", IF(COUNTIF(分類!$H$8:$H$15, 統合マスタ!V8)>0, 分類!$G$7, IF(COUNTIF(分類!$K$8:$K$15, 統合マスタ!V8)>0, 分類!$J$7, IF(COUNTIF(分類!$N$8:$N$15, 統合マスタ!V8)>0, 分類!$M$7, IF(COUNTIF(分類!$Q$8:$Q$15, 統合マスタ!V8)>0, 分類!$P$7, "無し"))))) -> 臨時 | AC8: {=OFFSET( INDIRECT("'" & AB8 & "'!A4"), MATCH(B8, INDIRECT("'" & AB8 & "'!C5:C1000"), 0), MATCH("合計", INDIRECT("'" & AB8 & "'!4:4"), 0) - 1 )} -> 0
A9: =元データ!P6 -> 298 | B9: =B8+1 -> 5 | C9: =DBCS(元データ!A6) -> ０１７ ツムラ ゴレイサン | D9: =元データ!B6 -> メディセオ | E9: =DBCS(元データ!C6) -> 粉 | F9: =DBCS(元データ!D6) -> ２．５ｇｘ１８９ | G9: =元データ!E6 -> ツムラ | H9: =元データ!F6 -> 13.6 | I9: =元データ!G6 -> 6426 | J9: =元データ!H6 -> 472.5 | K9: =元データ!I6 -> g | L9: =元データ!J6 -> 5728 | M9: =元データ!K6 -> 12.122751 | N9: =IF(OFFSET(マスタ非採用削除!A$4,統合マスタ!$A9,0)="","",OFFSET(マスタ非採用削除!A$4,統合マスタ!$A9,0)) -> ﾂﾑﾗ017 | O9: =IF(OFFSET(マスタ非採用削除!B$4,統合マスタ!$A9,0)="","",OFFSET(マスタ非採用削除!B$4,統合マスタ!$A9,0)) -> ﾂﾑﾗ017 | P9: =IF(OFFSET(マスタ非採用削除!C$4,統合マスタ!$A9,0)="","",OFFSET(マスタ非採用削除!C$4,統合マスタ!$A9,0)) -> ツムラ五苓散エキス顆粒（医療用） | Q9: =IF(OFFSET(マスタ非採用削除!D$4,統合マスタ!$A9,0)="","",OFFSET(マスタ非採用削除!D$4,統合マスタ!$A9,0)) -> ｺﾞﾚｲ | R9: =IF(AA9="非採用",0,IF(OFFSET(マスタ非採用削除!E$4,統合マスタ!$A9,0)="","",OFFSET(マスタ非採用削除!E$4,統合マスタ!$A9,0))) -> 1 | S9: =IF(OFFSET(マスタ非採用削除!F$4,統合マスタ!$A9,0)="","",OFFSET(マスタ非採用削除!F$4,統合マスタ!$A9,0)) | T9: =IF(OFFSET(マスタ非採用削除!G$4,統合マスタ!$A9,0)="","",OFFSET(マスタ非採用削除!G$4,統合マスタ!$A9,0)) -> 13.6 | U9: =IF(OFFSET(マスタ非採用削除!H$4,統合マスタ!$A9,0)="","",OFFSET(マスタ非採用削除!H$4,統合マスタ!$A9,0)) -> ﾂﾑﾗｺﾞﾚｲｻﾝｴｷｽｶﾘｭｳ(ｲﾘｮｳﾖｳ) | V9: =IF(OFFSET(マスタ非採用削除!I$4,統合マスタ!$A9,0)="","",OFFSET(マスタ非採用削除!I$4,統合マスタ!$A9,0)) -> 3 | W9: =IF(OFFSET(マスタ非採用削除!J$4,統合マスタ!$A9,0)="","",OFFSET(マスタ非採用削除!J$4,統合マスタ!$A9,0)) -> 散 | X9: =IF(OFFSET(マスタ非採用削除!K$4,統合マスタ!$A9,0)="","",OFFSET(マスタ非採用削除!K$4,統合マスタ!$A9,0)) -> 0 | Y9: =IF(OFFSET(マスタ非採用削除!L$4,統合マスタ!$A9,0)="","",OFFSET(マスタ非採用削除!L$4,統合マスタ!$A9,0)) | Z9: =IF(OFFSET(マスタ非採用削除!M$4,統合マスタ!$A9,0)="","",OFFSET(マスタ非採用削除!M$4,統合マスタ!$A9,0)) -> 4 | AB9: =IF(R9=2,"臨時", IF(COUNTIF(分類!$H$8:$H$15, 統合マスタ!V9)>0, 分類!$G$7, IF(COUNTIF(分類!$K$8:$K$15, 統合マスタ!V9)>0, 分類!$J$7, IF(COUNTIF(分類!$N$8:$N$15, 統合マスタ!V9)>0, 分類!$M$7, IF(COUNTIF(分類!$Q$8:$Q$15, 統合マスタ!V9)>0, 分類!$P$7, "無し"))))) -> 散剤 | AC9: {=OFFSET( INDIRECT("'" & AB9 & "'!A4"), MATCH(B9, INDIRECT("'" & AB9 & "'!C5:C1000"), 0), MATCH("合計", INDIRECT("'" & AB9 & "'!4:4"), 0) - 1 )} -> 0
A10: =元データ!P7 -> 299 | B10: =B9+1 -> 6 | C10: =DBCS(元データ!A7) -> ０１９ ツムラ ショウセイリュウトウ | D10: =元データ!B7 -> メディセオ | E10: =DBCS(元データ!C7) -> 粉 | F10: =DBCS(元データ!D7) -> ３ｇＸ４２ | G10: =元データ!E7 -> ツムラ | H10: =元データ!F7 -> 12.8 | I10: =元データ!G7 -> 1612.8 | J10: =元データ!H7 -> 126 | K10: =元データ!I7 -> g | L10: =元データ!J7 -> 1465 | M10: =元データ!K7 -> 11.626984 | N10: =IF(OFFSET(マスタ非採用削除!A$4,統合マスタ!$A10,0)="","",OFFSET(マスタ非採用削除!A$4,統合マスタ!$A10,0)) -> ﾂﾑﾗ019 | O10: =IF(OFFSET(マスタ非採用削除!B$4,統合マスタ!$A10,0)="","",OFFSET(マスタ非採用削除!B$4,統合マスタ!$A10,0)) -> ﾂﾑﾗ019 | P10: =IF(OFFSET(マスタ非採用削除!C$4,統合マスタ!$A10,0)="","",OFFSET(マスタ非採用削除!C$4,統合マスタ!$A10,0)) -> ツムラ小青竜湯エキス顆粒（医療用） | Q10: =IF(OFFSET(マスタ非採用削除!D$4,統合マスタ!$A10,0)="","",OFFSET(マスタ非採用削除!D$4,統合マスタ!$A10,0)) | R10: =IF(AA10="非採用",0,IF(OFFSET(マスタ非採用削除!E$4,統合マスタ!$A10,0)="","",OFFSET(マスタ非採用削除!E$4,統合マスタ!$A10,0))) -> 2 | S10: =IF(OFFSET(マスタ非採用削除!F$4,統合マスタ!$A10,0)="","",OFFSET(マスタ非採用削除!F$4,統合マスタ!$A10,0)) | T10: =IF(OFFSET(マスタ非採用削除!G$4,統合マスタ!$A10,0)="","",OFFSET(マスタ非採用削除!G$4,統合マスタ!$A10,0)) -> 12.8 | U10: =IF(OFFSET(マスタ非採用削除!H$4,統合マスタ!$A10,0)="","",OFFSET(マスタ非採用削除!H$4,統合マスタ!$A10,0)) -> ﾂﾑﾗｼﾖｳｾｲﾘﾕｳﾄｳｴｷｽｶﾘﾕｳｲﾘﾖｳﾖｳ | V10: =IF(OFFSET(マスタ非採用削除!I$4,統合マスタ!$A10,0)="","",OFFSET(マスタ非採用削除!I$4,統合マスタ!$A10,0)) -> 5 | W10: =IF(OFFSET(マスタ非採用削除!J$4,統合マスタ!$A10,0)="","",OFFSET(マスタ非採用削除!J$4,統合マスタ!$A10,0)) -> 顆粒 | X10: =IF(OFFSET(マスタ非採用削除!K$4,統合マスタ!$A10,0)="","",OFFSET(マスタ非採用削除!K$4,統合マスタ!$A10,0)) -> 0 | Y10: =IF(OFFSET(マスタ非採用削除!L$4,統合マスタ!$A10,0)="","",OFFSET(マスタ非採用削除!L$4,統合マスタ!$A10,0)) | Z10: =IF(OFFSET(マスタ非採用削除!M$4,統合マスタ!$A10,0)="","",OFFSET(マスタ非採用削除!M$4,統合マスタ!$A10,0)) -> 4 | AB10: =IF(R10=2,"臨時", IF(COUNTIF(分類!$H$8:$H$15, 統合マスタ!V10)>0, 分類!$G$7, IF(COUNTIF(分類!$K$8:$K$15, 統合マスタ!V10)>0, 分類!$J$7, IF(COUNTIF(分類!$N$8:$N$15, 統合マスタ!V10)>0, 分類!$M$7, IF(COUNTIF(分類!$Q$8:$Q$15, 統合マスタ!V10)>0, 分類!$P$7, "無し"))))) -> 臨時 | AC10: {=OFFSET( INDIRECT("'" & AB10 & "'!A4"), MATCH(B10, INDIRECT("'" & AB10 & "'!C5:C1000"), 0), MATCH("合計", INDIRECT("'" & AB10 & "'!4:4"), 0) - 1 )} -> 0
A11: =元データ!P8 -> 301 | B11: =B10+1 -> 7 | C11: =DBCS(元データ!A8) -> ０４３ ツムラ リツクンシトウ | D11: =元データ!B8 -> メディセオ | E11: =DBCS(元データ!C8) -> 粉 | F11: =DBCS(元データ!D8) -> ２．５ｇｘ１８９ | G11: =元データ!E8 -> ツムラ | H11: =元データ!F8 -> 18 | I11: =元データ!G8 -> 8505 | J11: =元データ!H8 -> 472.5 | K11: =元データ!I8 -> g | L11: =元データ!J8 -> 7576 | M11: =元データ!K8 -> 16.033862 | N11: =IF(OFFSET(マスタ非採用削除!A$4,統合マスタ!$A11,0)="","",OFFSET(マスタ非採用削除!A$4,統合マスタ!$A11,0)) -> ﾂﾑﾗ043 | O11: =IF(OFFSET(マスタ非採用削除!B$4,統合マスタ!$A11,0)="","",OFFSET(マスタ非採用削除!B$4,統合マスタ!$A11,0)) -> ﾂﾑﾗ043 | P11: =IF(OFFSET(マスタ非採用削除!C$4,統合マスタ!$A11,0)="","",OFFSET(マスタ非採用削除!C$4,統合マスタ!$A11,0)) -> ツムラ六君子湯エキス顆粒（医療用） | Q11: =IF(OFFSET(マスタ非採用削除!D$4,統合マスタ!$A11,0)="","",OFFSET(マスタ非採用削除!D$4,統合マスタ!$A11,0)) -> ﾘｯｸ | R11: =IF(AA11="非採用",0,IF(OFFSET(マスタ非採用削除!E$4,統合マスタ!$A11,0)="","",OFFSET(マスタ非採用削除!E$4,統合マスタ!$A11,0))) -> 2 | S11: =IF(OFFSET(マスタ非採用削除!F$4,統合マスタ!$A11,0)="","",OFFSET(マスタ非採用削除!F$4,統合マスタ!$A11,0)) | T11: =IF(OFFSET(マスタ非採用削除!G$4,統合マスタ!$A11,0)="","",OFFSET(マスタ非採用削除!G$4,統合マスタ!$A11,0)) -> 18 | U11: =IF(OFFSET(マスタ非採用削除!H$4,統合マスタ!$A11,0)="","",OFFSET(マスタ非採用削除!H$4,統合マスタ!$A11,0)) -> ﾂﾑﾗﾘｯｸﾝｼﾄｳｴｷｽｶﾘｭｳ(ｲﾘｮｳﾖｳ) | V11: =IF(OFFSET(マスタ非採用削除!I$4,統合マスタ!$A11,0)="","",OFFSET(マスタ非採用削除!I$4,統合マスタ!$A11,0)) -> 3 | W11: =IF(OFFSET(マスタ非採用削除!J$4,統合マスタ!$A11,0)="","",OFFSET(マスタ非採用削除!J$4,統合マスタ!$A11,0)) -> 散 | X11: =IF(OFFSET(マスタ非採用削除!K$4,統合マスタ!$A11,0)="","",OFFSET(マスタ非採用削除!K$4,統合マスタ!$A11,0)) -> 0 | Y11: =IF(OFFSET(マスタ非採用削除!L$4,統合マスタ!$A11,0)="","",OFFSET(マスタ非採用削除!L$4,統合マスタ!$A11,0)) | Z11: =IF(OFFSET(マスタ非採用削除!M$4,統合マスタ!$A11,0)="","",OFFSET(マスタ非採用削除!M$4,統合マスタ!$A11,0)) -> 4 | AB11: =IF(R11=2,"臨時", IF(COUNTIF(分類!$H$8:$H$15, 統合マスタ!V11)>0, 分類!$G$7, IF(COUNTIF(分類!$K$8:$K$15, 統合マスタ!V11)>0, 分類!$J$7, IF(COUNTIF(分類!$N$8:$N$15, 統合マスタ!V11)>0, 分類!$M$7, IF(COUNTIF(分類!$Q$8:$Q$15, 統合マスタ!V11)>0, 分類!$P$7, "無し"))))) -> 臨時 | AC11: {=OFFSET( INDIRECT("'" & AB11 & "'!A4"), MATCH(B11, INDIRECT("'" & AB11 & "'!C5:C1000"), 0), MATCH("合計", INDIRECT("'" & AB11 & "'!4:4"), 0) - 1 )} -> 0
A12: =元データ!P9 -> 非採用 | B12: =B11+1 -> 8 | C12: =DBCS(元データ!A9) -> ０４８ ツムラ ジュウゼンタイホトウ | D12: =元データ!B9 | E12: =DBCS(元データ!C9) -> 粉 | F12: =DBCS(元データ!D9) -> ２．５ｇｘ１８９包 | G12: =元データ!E9 -> ツムラ | H12: =元データ!F9 -> 18.4 | I12: =元データ!G9 -> 8694 | J12: =元データ!H9 -> 472.5 | K12: =元データ!I9 -> g | L12: =元データ!J9 -> 7750 | M12: =元データ!K9 -> 16.402116 | N12: =IF(OFFSET(マスタ非採用削除!A$4,統合マスタ!$A12,0)="","",OFFSET(マスタ非採用削除!A$4,統合マスタ!$A12,0)) -> #VALUE! | O12: =IF(OFFSET(マスタ非採用削除!B$4,統合マスタ!$A12,0)="","",OFFSET(マスタ非採用削除!B$4,統合マスタ!$A12,0)) -> #VALUE! | P12: =IF(OFFSET(マスタ非採用削除!C$4,統合マスタ!$A12,0)="","",OFFSET(マスタ非採用削除!C$4,統合マスタ!$A12,0)) -> #VALUE! | Q12: =IF(OFFSET(マスタ非採用削除!D$4,統合マスタ!$A12,0)="","",OFFSET(マスタ非採用削除!D$4,統合マスタ!$A12,0)) -> #VALUE! | R12: =IF(AA12="非採用",0,IF(OFFSET(マスタ非採用削除!E$4,統合マスタ!$A12,0)="","",OFFSET(マスタ非採用削除!E$4,統合マスタ!$A12,0))) -> 0 | S12: =IF(OFFSET(マスタ非採用削除!F$4,統合マスタ!$A12,0)="","",OFFSET(マスタ非採用削除!F$4,統合マスタ!$A12,0)) -> #VALUE! | T12: =IF(OFFSET(マスタ非採用削除!G$4,統合マスタ!$A12,0)="","",OFFSET(マスタ非採用削除!G$4,統合マスタ!$A12,0)) -> #VALUE! | U12: =IF(OFFSET(マスタ非採用削除!H$4,統合マスタ!$A12,0)="","",OFFSET(マスタ非採用削除!H$4,統合マスタ!$A12,0)) -> #VALUE! | V12: =IF(OFFSET(マスタ非採用削除!I$4,統合マスタ!$A12,0)="","",OFFSET(マスタ非採用削除!I$4,統合マスタ!$A12,0)) -> #VALUE! | W12: =IF(OFFSET(マスタ非採用削除!J$4,統合マスタ!$A12,0)="","",OFFSET(マスタ非採用削除!J$4,統合マスタ!$A12,0)) -> #VALUE! | X12: =IF(OFFSET(マスタ非採用削除!K$4,統合マスタ!$A12,0)="","",OFFSET(マスタ非採用削除!K$4,統合マスタ!$A12,0)) -> #VALUE! | Y12: =IF(OFFSET(マスタ非採用削除!L$4,統合マスタ!$A12,0)="","",OFFSET(マスタ非採用削除!L$4,統合マスタ!$A12,0)) -> #VALUE! | Z12: =IF(OFFSET(マスタ非採用削除!M$4,統合マスタ!$A12,0)="","",OFFSET(マスタ非採用削除!M$4,統合マスタ!$A12,0)) -> #VALUE! | AA12: 非採用 | AB12: =IF(R12=2,"臨時", IF(COUNTIF(分類!$H$8:$H$15, 統合マスタ!V12)>0, 分類!$G$7, IF(COUNTIF(分類!$K$8:$K$15, 統合マスタ!V12)>0, 分類!$J$7, IF(COUNTIF(分類!$N$8:$N$15, 統合マスタ!V12)>0, 分類!$M$7, IF(COUNTIF(分類!$Q$8:$Q$15, 統合マスタ!V12)>0, 分類!$P$7, "無し"))))) -> 無し | AC12: {=OFFSET( INDIRECT("'" & AB12 & "'!A4"), MATCH(B12, INDIRECT("'" & AB12 & "'!C5:C1000"), 0), MATCH("合計", INDIRECT("'" & AB12 & "'!4:4"), 0) - 1 )} -> #REF!
A13: =元データ!P10 -> 302 | B13: =B12+1 -> 9 | C13: =DBCS(元データ!A10) -> ０５４ ツムラ ヨクカンサン | D13: =元データ!B10 -> メディセオ | E13: =DBCS(元データ!C10) -> 粉 | F13: =DBCS(元データ!D10) -> ２．５ｇＸ１８９ | G13: =元データ!E10 -> ツムラ | H13: =元データ!F10 -> 16.1 | I13: =元データ!G10 -> 7607.25 | J13: =元データ!H10 -> 472.5 | K13: =元データ!I10 -> g | L13: =元データ!J10 -> 6849 | M13: =元データ!K10 -> 14.495238 | N13: =IF(OFFSET(マスタ非採用削除!A$4,統合マスタ!$A13,0)="","",OFFSET(マスタ非採用削除!A$4,統合マスタ!$A13,0)) -> ﾂﾑﾗ054 | O13: =IF(OFFSET(マスタ非採用削除!B$4,統合マスタ!$A13,0)="","",OFFSET(マスタ非採用削除!B$4,統合マスタ!$A13,0)) -> ﾂﾑﾗ054 | P13: =IF(OFFSET(マスタ非採用削除!C$4,統合マスタ!$A13,0)="","",OFFSET(マスタ非採用削除!C$4,統合マスタ!$A13,0)) -> ツムラ抑肝散エキス顆粒（医療用） | Q13: =IF(OFFSET(マスタ非採用削除!D$4,統合マスタ!$A13,0)="","",OFFSET(マスタ非採用削除!D$4,統合マスタ!$A13,0)) -> ﾖｸｶ | R13: =IF(AA13="非採用",0,IF(OFFSET(マスタ非採用削除!E$4,統合マスタ!$A13,0)="","",OFFSET(マスタ非採用削除!E$4,統合マスタ!$A13,0))) -> 1 | S13: =IF(OFFSET(マスタ非採用削除!F$4,統合マスタ!$A13,0)="","",OFFSET(マスタ非採用削除!F$4,統合マスタ!$A13,0)) | T13: =IF(OFFSET(マスタ非採用削除!G$4,統合マスタ!$A13,0)="","",OFFSET(マスタ非採用削除!G$4,統合マスタ!$A13,0)) -> 16.1 | U13: =IF(OFFSET(マスタ非採用削除!H$4,統合マスタ!$A13,0)="","",OFFSET(マスタ非採用削除!H$4,統合マスタ!$A13,0)) -> ﾂﾑﾗﾖｸｶﾝｻﾝｴｷｽｶﾘｭｳ(ｲﾘｮｳﾖｳ) | V13: =IF(OFFSET(マスタ非採用削除!I$4,統合マスタ!$A13,0)="","",OFFSET(マスタ非採用削除!I$4,統合マスタ!$A13,0)) -> 3 | W13: =IF(OFFSET(マスタ非採用削除!J$4,統合マスタ!$A13,0)="","",OFFSET(マスタ非採用削除!J$4,統合マスタ!$A13,0)) -> 散 | X13: =IF(OFFSET(マスタ非採用削除!K$4,統合マスタ!$A13,0)="","",OFFSET(マスタ非採用削除!K$4,統合マスタ!$A13,0)) -> 0 | Y13: =IF(OFFSET(マスタ非採用削除!L$4,統合マスタ!$A13,0)="","",OFFSET(マスタ非採用削除!L$4,統合マスタ!$A13,0)) | Z13: =IF(OFFSET(マスタ非採用削除!M$4,統合マスタ!$A13,0)="","",OFFSET(マスタ非採用削除!M$4,統合マスタ!$A13,0)) -> 4 | AB13: =IF(R13=2,"臨時", IF(COUNTIF(分類!$H$8:$H$15, 統合マスタ!V13)>0, 分類!$G$7, IF(COUNTIF(分類!$K$8:$K$15, 統合マスタ!V13)>0, 分類!$J$7, IF(COUNTIF(分類!$N$8:$N$15, 統合マスタ!V13)>0, 分類!$M$7, IF(COUNTIF(分類!$Q$8:$Q$15, 統合マスタ!V13)>0, 分類!$P$7, "無し"))))) -> 散剤 | AC13: {=OFFSET( INDIRECT("'" & AB13 & "'!A4"), MATCH(B13, INDIRECT("'" & AB13 & "'!C5:C1000"), 0), MATCH("合計", INDIRECT("'" & AB13 & "'!4:4"), 0) - 1 )} -> 2.5
A14: =元データ!P11 -> 303 | B14: =B13+1 -> 10 | C14: =DBCS(元データ!A11) -> ０６２ ツムラ ボウフウツウシヨウサン | D14: =元データ!B11 -> メディセオ | E14: =DBCS(元データ!C11) -> 粉 | F14: =DBCS(元データ!D11) -> ２．５ｇｘ１８９ | G14: =元データ!E11 -> ツムラ | H14: =元データ!F11 -> 13.8 | I14: =元データ!G11 -> 6520.5 | J14: =元データ!H11 -> 472.5 | K14: =元データ!I11 -> g | L14: =元データ!J11 -> 5871 | M14: =元データ!K11 -> 12.425397 | N14: =IF(OFFSET(マスタ非採用削除!A$4,統合マスタ!$A14,0)="","",OFFSET(マスタ非採用削除!A$4,統合マスタ!$A14,0)) -> ﾂﾑﾗ062 | O14: =IF(OFFSET(マスタ非採用削除!B$4,統合マスタ!$A14,0)="","",OFFSET(マスタ非採用削除!B$4,統合マスタ!$A14,0)) -> ﾂﾑﾗ062 | P14: =IF(OFFSET(マスタ非採用削除!C$4,統合マスタ!$A14,0)="","",OFFSET(マスタ非採用削除!C$4,統合マスタ!$A14,0)) -> ツムラ防風通聖散エキス顆粒（医療用） | Q14: =IF(OFFSET(マスタ非採用削除!D$4,統合マスタ!$A14,0)="","",OFFSET(マスタ非採用削除!D$4,統合マスタ!$A14,0)) -> ﾎﾞｳﾌｳ | R14: =IF(AA14="非採用",0,IF(OFFSET(マスタ非採用削除!E$4,統合マスタ!$A14,0)="","",OFFSET(マスタ非採用削除!E$4,統合マスタ!$A14,0))) -> 1 | S14: =IF(OFFSET(マスタ非採用削除!F$4,統合マスタ!$A14,0)="","",OFFSET(マスタ非採用削除!F$4,統合マスタ!$A14,0)) | T14: =IF(OFFSET(マスタ非採用削除!G$4,統合マスタ!$A14,0)="","",OFFSET(マスタ非採用削除!G$4,統合マスタ!$A14,0)) -> 13.8 | U14: =IF(OFFSET(マスタ非採用削除!H$4,統合マスタ!$A14,0)="","",OFFSET(マスタ非採用削除!H$4,統合マスタ!$A14,0)) -> ﾂﾑﾗﾎﾞｳﾌｳﾂｳｼｮｳｻﾝｴｷｽｶﾘｭｳ(ｲﾘｮｳﾖｳ) | V14: =IF(OFFSET(マスタ非採用削除!I$4,統合マスタ!$A14,0)="","",OFFSET(マスタ非採用削除!I$4,統合マスタ!$A14,0)) -> 3 | W14: =IF(OFFSET(マスタ非採用削除!J$4,統合マスタ!$A14,0)="","",OFFSET(マスタ非採用削除!J$4,統合マスタ!$A14,0)) -> 散 | X14: =IF(OFFSET(マスタ非採用削除!K$4,統合マスタ!$A14,0)="","",OFFSET(マスタ非採用削除!K$4,統合マスタ!$A14,0)) -> 0 | Y14: =IF(OFFSET(マスタ非採用削除!L$4,統合マスタ!$A14,0)="","",OFFSET(マスタ非採用削除!L$4,統合マスタ!$A14,0)) | Z14: =IF(OFFSET(マスタ非採用削除!M$4,統合マスタ!$A14,0)="","",OFFSET(マスタ非採用削除!M$4,統合マスタ!$A14,0)) -> 4 | AB14: =IF(R14=2,"臨時", IF(COUNTIF(分類!$H$8:$H$15, 統合マスタ!V14)>0, 分類!$G$7, IF(COUNTIF(分類!$K$8:$K$15, 統合マスタ!V14)>0, 分類!$J$7, IF(COUNTIF(分類!$N$8:$N$15, 統合マスタ!V14)>0, 分類!$M$7, IF(COUNTIF(分類!$Q$8:$Q$15, 統合マスタ!V14)>0, 分類!$P$7, "無し"))))) -> 散剤 | AC14: {=OFFSET( INDIRECT("'" & AB14 & "'!A4"), MATCH(B14, INDIRECT("'" & AB14 & "'!C5:C1000"), 0), MATCH("合計", INDIRECT("'" & AB14 & "'!4:4"), 0) - 1 )} -> 5
A15: =元データ!P12 -> 304 | B15: =B14+1 -> 11 | C15: =DBCS(元データ!A12) -> ０６８ ツムラ シャクヤクカンゾウトウ | D15: =元データ!B12 -> メディセオ | E15: =DBCS(元データ!C12) -> 粉 | F15: =DBCS(元データ!D12) -> ２．５ｇｘ４２ | G15: =元データ!E12 -> ツムラ | H15: =元データ!F12 -> 10.4 | I15: =元データ!G12 -> 1092 | J15: =元データ!H12 -> 105 | K15: =元データ!I12 -> g | L15: =元データ!J12 -> 992 | M15: =元データ!K12 -> 9.447619 | N15: =IF(OFFSET(マスタ非採用削除!A$4,統合マスタ!$A15,0)="","",OFFSET(マスタ非採用削除!A$4,統合マスタ!$A15,0)) -> ﾂﾑﾗ068 | O15: =IF(OFFSET(マスタ非採用削除!B$4,統合マスタ!$A15,0)="","",OFFSET(マスタ非採用削除!B$4,統合マスタ!$A15,0)) -> ﾂﾑﾗ068 | P15: =IF(OFFSET(マスタ非採用削除!C$4,統合マスタ!$A15,0)="","",OFFSET(マスタ非採用削除!C$4,統合マスタ!$A15,0)) -> ツムラ芍薬甘草湯エキス顆粒（医療用） | Q15: =IF(OFFSET(マスタ非採用削除!D$4,統合マスタ!$A15,0)="","",OFFSET(マスタ非採用削除!D$4,統合マスタ!$A15,0)) -> ｼｬｸ | R15: =IF(AA15="非採用",0,IF(OFFSET(マスタ非採用削除!E$4,統合マスタ!$A15,0)="","",OFFSET(マスタ非採用削除!E$4,統合マスタ!$A15,0))) -> 1 | S15: =IF(OFFSET(マスタ非採用削除!F$4,統合マスタ!$A15,0)="","",OFFSET(マスタ非採用削除!F$4,統合マスタ!$A15,0)) | T15: =IF(OFFSET(マスタ非採用削除!G$4,統合マスタ!$A15,0)="","",OFFSET(マスタ非採用削除!G$4,統合マスタ!$A15,0)) -> 10.4 | U15: =IF(OFFSET(マスタ非採用削除!H$4,統合マスタ!$A15,0)="","",OFFSET(マスタ非採用削除!H$4,統合マスタ!$A15,0)) -> ﾂﾑﾗｼｬｸﾔｸｶﾝｿﾞｳﾄｳｴｷｽｶﾘｭｳ(ｲﾘｮｳﾖｳ) | V15: =IF(OFFSET(マスタ非採用削除!I$4,統合マスタ!$A15,0)="","",OFFSET(マスタ非採用削除!I$4,統合マスタ!$A15,0)) -> 3 | W15: =IF(OFFSET(マスタ非採用削除!J$4,統合マスタ!$A15,0)="","",OFFSET(マスタ非採用削除!J$4,統合マスタ!$A15,0)) -> 散 | X15: =IF(OFFSET(マスタ非採用削除!K$4,統合マスタ!$A15,0)="","",OFFSET(マスタ非採用削除!K$4,統合マスタ!$A15,0)) -> 0 | Y15: =IF(OFFSET(マスタ非採用削除!L$4,統合マスタ!$A15,0)="","",OFFSET(マスタ非採用削除!L$4,統合マスタ!$A15,0)) | Z15: =IF(OFFSET(マスタ非採用削除!M$4,統合マスタ!$A15,0)="","",OFFSET(マスタ非採用削除!M$4,統合マスタ!$A15,0)) -> 4 | AB15: =IF(R15=2,"臨時", IF(COUNTIF(分類!$H$8:$H$15, 統合マスタ!V15)>0, 分類!$G$7, IF(COUNTIF(分類!$K$8:$K$15, 統合マスタ!V15)>0, 分類!$J$7, IF(COUNTIF(分類!$N$8:$N$15, 統合マスタ!V15)>0, 分類!$M$7, IF(COUNTIF(分類!$Q$8:$Q$15, 統合マスタ!V15)>0, 分類!$P$7, "無し"))))) -> 散剤 | AC15: {=OFFSET( INDIRECT("'" & AB15 & "'!A4"), MATCH(B15, INDIRECT("'" & AB15 & "'!C5:C1000"), 0), MATCH("合計", INDIRECT("'" & AB15 & "'!4:4"), 0) - 1 )} -> 7.5
A16: =元データ!P13 -> 305 | B16: =B15+1 -> 12 | C16: =DBCS(元データ!A13) -> ０８３ ツムラ ヨクカンサンカチンピハンゲ | D16: =元データ!B13 -> メディセオ | E16: =DBCS(元データ!C13) -> 粉 | F16: =DBCS(元データ!D13) -> ２．５ｇｘ１８９ | G16: =元データ!E13 -> ツムラ | H16: =元データ!F13 -> 14.4 | I16: =元データ!G13 -> 6804 | J16: =元データ!H13 -> 472.5 | K16: =元データ!I13 -> g | L16: =元データ!J13 -> 6065 | M16: =元データ!K13 -> 12.835979 | N16: =IF(OFFSET(マスタ非採用削除!A$4,統合マスタ!$A16,0)="","",OFFSET(マスタ非採用削除!A$4,統合マスタ!$A16,0)) -> ﾂﾑﾗ083 | O16: =IF(OFFSET(マスタ非採用削除!B$4,統合マスタ!$A16,0)="","",OFFSET(マスタ非採用削除!B$4,統合マスタ!$A16,0)) -> ﾂﾑﾗ083 | P16: =IF(OFFSET(マスタ非採用削除!C$4,統合マスタ!$A16,0)="","",OFFSET(マスタ非採用削除!C$4,統合マスタ!$A16,0)) -> ツムラ抑肝散加陳皮半夏エキス顆粒（医療用） | Q16: =IF(OFFSET(マスタ非採用削除!D$4,統合マスタ!$A16,0)="","",OFFSET(マスタ非採用削除!D$4,統合マスタ!$A16,0)) -> ﾖｸｶﾁﾝ | R16: =IF(AA16="非採用",0,IF(OFFSET(マスタ非採用削除!E$4,統合マスタ!$A16,0)="","",OFFSET(マスタ非採用削除!E$4,統合マスタ!$A16,0))) -> 1 | S16: =IF(OFFSET(マスタ非採用削除!F$4,統合マスタ!$A16,0)="","",OFFSET(マスタ非採用削除!F$4,統合マスタ!$A16,0)) | T16: =IF(OFFSET(マスタ非採用削除!G$4,統合マスタ!$A16,0)="","",OFFSET(マスタ非採用削除!G$4,統合マスタ!$A16,0)) -> 14.4 | U16: =IF(OFFSET(マスタ非採用削除!H$4,統合マスタ!$A16,0)="","",OFFSET(マスタ非採用削除!H$4,統合マスタ!$A16,0)) -> ﾂﾑﾗﾖｸｶﾝｻﾝｶﾁﾝﾋﾟﾊﾝｹﾞｴｷｽｶﾘｭｳ(ｲﾘｮｳﾖｳ) | V16: =IF(OFFSET(マスタ非採用削除!I$4,統合マスタ!$A16,0)="","",OFFSET(マスタ非採用削除!I$4,統合マスタ!$A16,0)) -> 3 | W16: =IF(OFFSET(マスタ非採用削除!J$4,統合マスタ!$A16,0)="","",OFFSET(マスタ非採用削除!J$4,統合マスタ!$A16,0)) -> 散 | X16: =IF(OFFSET(マスタ非採用削除!K$4,統合マスタ!$A16,0)="","",OFFSET(マスタ非採用削除!K$4,統合マスタ!$A16,0)) -> 0 | Y16: =IF(OFFSET(マスタ非採用削除!L$4,統合マスタ!$A16,0)="","",OFFSET(マスタ非採用削除!L$4,統合マスタ!$A16,0)) | Z16: =IF(OFFSET(マスタ非採用削除!M$4,統合マスタ!$A16,0)="","",OFFSET(マスタ非採用削除!M$4,統合マスタ!$A16,0)) -> 4 | AB16: =IF(R16=2,"臨時", IF(COUNTIF(分類!$H$8:$H$15, 統合マスタ!V16)>0, 分類!$G$7, IF(COUNTIF(分類!$K$8:$K$15, 統合マスタ!V16)>0, 分類!$J$7, IF(COUNTIF(分類!$N$8:$N$15, 統合マスタ!V16)>0, 分類!$M$7, IF(COUNTIF(分類!$Q$8:$Q$15, 統合マスタ!V16)>0, 分類!$P$7, "無し"))))) -> 散剤 | AC16: {=OFFSET( INDIRECT("'" & AB16 & "'!A4"), MATCH(B16, INDIRECT("'" & AB16 & "'!C5:C1000"), 0), MATCH("合計", INDIRECT("'" & AB16 & "'!4:4"), 0) - 1 )} -> 10
A17: =元データ!P14 -> 306 | B17: =B16+1 -> 13 | C17: =DBCS(元データ!A14) -> １００ ツムラ ダイケンチユウトウ | D17: =元データ!B14 -> メディセオ | E17: =DBCS(元データ!C14) -> 粉 | F17: =DBCS(元データ!D14) -> ２．５ｇＸ１８９ | G17: =元データ!E14 -> ツムラ | H17: =元データ!F14 -> 13.7 | I17: =元データ!G14 -> 6473.25 | J17: =元データ!H14 -> 472.5 | K17: =元データ!I14 -> g | L17: =元データ!J14 -> 5828 | M17: =元データ!K14 -> 12.334392 | N17: =IF(OFFSET(マスタ非採用削除!A$4,統合マスタ!$A17,0)="","",OFFSET(マスタ非採用削除!A$4,統合マスタ!$A17,0)) -> ﾂﾑﾗ100 | O17: =IF(OFFSET(マスタ非採用削除!B$4,統合マスタ!$A17,0)="","",OFFSET(マスタ非採用削除!B$4,統合マスタ!$A17,0)) -> ﾂﾑﾗ100 | P17: =IF(OFFSET(マスタ非採用削除!C$4,統合マスタ!$A17,0)="","",OFFSET(マスタ非採用削除!C$4,統合マスタ!$A17,0)) -> ツムラ大建中湯エキス顆粒（医療用） | Q17: =IF(OFFSET(マスタ非採用削除!D$4,統合マスタ!$A17,0)="","",OFFSET(マスタ非採用削除!D$4,統合マスタ!$A17,0)) -> ﾀﾞｲｹﾝﾁ | R17: =IF(AA17="非採用",0,IF(OFFSET(マスタ非採用削除!E$4,統合マスタ!$A17,0)="","",OFFSET(マスタ非採用削除!E$4,統合マスタ!$A17,0))) -> 1 | S17: =IF(OFFSET(マスタ非採用削除!F$4,統合マスタ!$A17,0)="","",OFFSET(マスタ非採用削除!F$4,統合マスタ!$A17,0)) | T17: =IF(OFFSET(マスタ非採用削除!G$4,統合マスタ!$A17,0)="","",OFFSET(マスタ非採用削除!G$4,統合マスタ!$A17,0)) -> 13.7 | U17: =IF(OFFSET(マスタ非採用削除!H$4,統合マスタ!$A17,0)="","",OFFSET(マスタ非採用削除!H$4,統合マスタ!$A17,0)) -> ﾂﾑﾗﾀﾞｲｹﾝﾁｭｳﾄｳｴｷｽｶﾘｭｳ(ｲﾘｮｳﾖｳ) | V17: =IF(OFFSET(マスタ非採用削除!I$4,統合マスタ!$A17,0)="","",OFFSET(マスタ非採用削除!I$4,統合マスタ!$A17,0)) -> 3 | W17: =IF(OFFSET(マスタ非採用削除!J$4,統合マスタ!$A17,0)="","",OFFSET(マスタ非採用削除!J$4,統合マスタ!$A17,0)) -> 散 | X17: =IF(OFFSET(マスタ非採用削除!K$4,統合マスタ!$A17,0)="","",OFFSET(マスタ非採用削除!K$4,統合マスタ!$A17,0)) -> 0 | Y17: =IF(OFFSET(マスタ非採用削除!L$4,統合マスタ!$A17,0)="","",OFFSET(マスタ非採用削除!L$4,統合マスタ!$A17,0)) | Z17: =IF(OFFSET(マスタ非採用削除!M$4,統合マスタ!$A17,0)="","",OFFSET(マスタ非採用削除!M$4,統合マスタ!$A17,0)) -> 4 | AB17: =IF(R17=2,"臨時", IF(COUNTIF(分類!$H$8:$H$15, 統合マスタ!V17)>0, 分類!$G$7, IF(COUNTIF(分類!$K$8:$K$15, 統合マスタ!V17)>0, 分類!$J$7, IF(COUNTIF(分類!$N$8:$N$15, 統合マスタ!V17)>0, 分類!$M$7, IF(COUNTIF(分類!$Q$8:$Q$15, 統合マスタ!V17)>0, 分類!$P$7, "無し"))))) -> 散剤 | AC17: {=OFFSET( INDIRECT("'" & AB17 & "'!A4"), MATCH(B17, INDIRECT("'" & AB17 & "'!C5:C1000"), 0), MATCH("合計", INDIRECT("'" & AB17 & "'!4:4"), 0) - 1 )} -> 12.5
A18: =元データ!P15 -> 307 | B18: =B17+1 -> 14 | C18: =DBCS(元データ!A15) -> １０８ ツムラ ニンジンヨウエイトウ | D18: =元データ!B15 -> メディセオ | E18: =DBCS(元データ!C15) -> 粉 | F18: =DBCS(元データ!D15) -> ３ｇｘ４２包 | G18: =元データ!E15 -> ツムラ | H18: =元データ!F15 -> 20.1 | I18: =元データ!G15 -> 2532.6 | J18: =元データ!H15 -> 126 | K18: =元データ!I15 -> ｇ | L18: =元データ!J15 -> 2301 | M18: =元データ!K15 -> 18.261905 | N18: =IF(OFFSET(マスタ非採用削除!A$4,統合マスタ!$A18,0)="","",OFFSET(マスタ非採用削除!A$4,統合マスタ!$A18,0)) -> ﾂﾑﾗ108 | O18: =IF(OFFSET(マスタ非採用削除!B$4,統合マスタ!$A18,0)="","",OFFSET(マスタ非採用削除!B$4,統合マスタ!$A18,0)) -> ﾂﾑﾗ108 | P18: =IF(OFFSET(マスタ非採用削除!C$4,統合マスタ!$A18,0)="","",OFFSET(マスタ非採用削除!C$4,統合マスタ!$A18,0)) -> ツムラ人参養栄湯エキス顆粒（医療用） | Q18: =IF(OFFSET(マスタ非採用削除!D$4,統合マスタ!$A18,0)="","",OFFSET(マスタ非採用削除!D$4,統合マスタ!$A18,0)) -> ﾆﾝｼﾞﾝﾖ | R18: =IF(AA18="非採用",0,IF(OFFSET(マスタ非採用削除!E$4,統合マスタ!$A18,0)="","",OFFSET(マスタ非採用削除!E$4,統合マスタ!$A18,0))) -> 2 | S18: =IF(OFFSET(マスタ非採用削除!F$4,統合マスタ!$A18,0)="","",OFFSET(マスタ非採用削除!F$4,統合マスタ!$A18,0)) | T18: =IF(OFFSET(マスタ非採用削除!G$4,統合マスタ!$A18,0)="","",OFFSET(マスタ非採用削除!G$4,統合マスタ!$A18,0)) -> 20.1 | U18: =IF(OFFSET(マスタ非採用削除!H$4,統合マスタ!$A18,0)="","",OFFSET(マスタ非採用削除!H$4,統合マスタ!$A18,0)) -> ﾂﾑﾗﾆﾝｼﾞﾝﾖｳｴｲﾄｳｴｷｽｶﾘｭｳ(ｲﾘｮｳﾖｳ) | V18: =IF(OFFSET(マスタ非採用削除!I$4,統合マスタ!$A18,0)="","",OFFSET(マスタ非採用削除!I$4,統合マスタ!$A18,0)) -> 3 | W18: =IF(OFFSET(マスタ非採用削除!J$4,統合マスタ!$A18,0)="","",OFFSET(マスタ非採用削除!J$4,統合マスタ!$A18,0)) -> 散 | X18: =IF(OFFSET(マスタ非採用削除!K$4,統合マスタ!$A18,0)="","",OFFSET(マスタ非採用削除!K$4,統合マスタ!$A18,0)) -> 0 | Y18: =IF(OFFSET(マスタ非採用削除!L$4,統合マスタ!$A18,0)="","",OFFSET(マスタ非採用削除!L$4,統合マスタ!$A18,0)) | Z18: =IF(OFFSET(マスタ非採用削除!M$4,統合マスタ!$A18,0)="","",OFFSET(マスタ非採用削除!M$4,統合マスタ!$A18,0)) -> 4 | AB18: =IF(R18=2,"臨時", IF(COUNTIF(分類!$H$8:$H$15, 統合マスタ!V18)>0, 分類!$G$7, IF(COUNTIF(分類!$K$8:$K$15, 統合マスタ!V18)>0, 分類!$J$7, IF(COUNTIF(分類!$N$8:$N$15, 統合マスタ!V18)>0, 分類!$M$7, IF(COUNTIF(分類!$Q$8:$Q$15, 統合マスタ!V18)>0, 分類!$P$7, "無し"))))) -> 臨時 | AC18: {=OFFSET( INDIRECT("'" & AB18 & "'!A4"), MATCH(B18, INDIRECT("'" & AB18 & "'!C5:C1000"), 0), MATCH("合計", INDIRECT("'" & AB18 & "'!4:4"), 0) - 1 )} -> 0
A19: =元データ!P16 -> 308 | B19: =B18+1 -> 15 | C19: =DBCS(元データ!A16) -> １１２ ツムラ チョレイトウゴウシモットウ | D19: =元データ!B16 | E19: =DBCS(元データ!C16) -> 粉 | F19: =DBCS(元データ!D16) -> ２．５ｇｘ４２ | G19: =元データ!E16 -> ツムラ | H19: =元データ!F16 -> 22.9 | I19: =元データ!G16 -> 2404.5 | J19: =元データ!H16 -> 105 | K19: =元データ!I16 -> g | L19: =元データ!J16 -> 2185 | M19: =元データ!K16 -> 20.809524 | N19: =IF(OFFSET(マスタ非採用削除!A$4,統合マスタ!$A19,0)="","",OFFSET(マスタ非採用削除!A$4,統合マスタ!$A19,0)) -> ﾂﾑﾗ112 | O19: =IF(OFFSET(マスタ非採用削除!B$4,統合マスタ!$A19,0)="","",OFFSET(マスタ非採用削除!B$4,統合マスタ!$A19,0)) -> ﾂﾑﾗ112 | P19: =IF(OFFSET(マスタ非採用削除!C$4,統合マスタ!$A19,0)="","",OFFSET(マスタ非採用削除!C$4,統合マスタ!$A19,0)) -> ツムラ猪苓湯合四物湯エキス顆粒（医療用） | Q19: =IF(OFFSET(マスタ非採用削除!D$4,統合マスタ!$A19,0)="","",OFFSET(マスタ非採用削除!D$4,統合マスタ!$A19,0)) | R19: =IF(AA19="非採用",0,IF(OFFSET(マスタ非採用削除!E$4,統合マスタ!$A19,0)="","",OFFSET(マスタ非採用削除!E$4,統合マスタ!$A19,0))) -> 2 | S19: =IF(OFFSET(マスタ非採用削除!F$4,統合マスタ!$A19,0)="","",OFFSET(マスタ非採用削除!F$4,統合マスタ!$A19,0)) | T19: =IF(OFFSET(マスタ非採用削除!G$4,統合マスタ!$A19,0)="","",OFFSET(マスタ非採用削除!G$4,統合マスタ!$A19,0)) -> 22.9 | U19: =IF(OFFSET(マスタ非採用削除!H$4,統合マスタ!$A19,0)="","",OFFSET(マスタ非採用削除!H$4,統合マスタ!$A19,0)) -> ﾂﾑﾗﾁﾖﾚｲﾄｳｺﾞｳｼﾓﾂﾄｳｴｷｽｶﾘﾕｳｲﾘﾖｳﾖｳ | V19: =IF(OFFSET(マスタ非採用削除!I$4,統合マスタ!$A19,0)="","",OFFSET(マスタ非採用削除!I$4,統合マスタ!$A19,0)) -> 5 | W19: =IF(OFFSET(マスタ非採用削除!J$4,統合マスタ!$A19,0)="","",OFFSET(マスタ非採用削除!J$4,統合マスタ!$A19,0)) -> 顆粒 | X19: =IF(OFFSET(マスタ非採用削除!K$4,統合マスタ!$A19,0)="","",OFFSET(マスタ非採用削除!K$4,統合マスタ!$A19,0)) -> 0 | Y19: =IF(OFFSET(マスタ非採用削除!L$4,統合マスタ!$A19,0)="","",OFFSET(マスタ非採用削除!L$4,統合マスタ!$A19,0)) | Z19: =IF(OFFSET(マスタ非採用削除!M$4,統合マスタ!$A19,0)="","",OFFSET(マスタ非採用削除!M$4,統合マスタ!$A19,0)) -> 4 | AB19: =IF(R19=2,"臨時", IF(COUNTIF(分類!$H$8:$H$15, 統合マスタ!V19)>0, 分類!$G$7, IF(COUNTIF(分類!$K$8:$K$15, 統合マスタ!V19)>0, 分類!$J$7, IF(COUNTIF(分類!$N$8:$N$15, 統合マスタ!V19)>0, 分類!$M$7, IF(COUNTIF(分類!$Q$8:$Q$15, 統合マスタ!V19)>0, 分類!$P$7, "無し"))))) -> 臨時 | AC19: {=OFFSET( INDIRECT("'" & AB19 & "'!A4"), MATCH(B19, INDIRECT("'" & AB19 & "'!C5:C1000"), 0), MATCH("合計", INDIRECT("'" & AB19 & "'!4:4"), 0) - 1 )} -> 0
A20: =元データ!P17 -> 43 | B20: =B19+1 -> 16 | C20: =DBCS(元データ!A17) -> ２５ｍｇアリナミン Ｆ糖衣錠 | D20: =元データ!B17 -> メディセオ | E20: =DBCS(元データ!C17) -> ＰＴＰ | F20: =DBCS(元データ!D17) -> １００Ｔ | G20: =元データ!E17 -> 武田薬品工業 | H20: =元データ!F17 -> 6.1 | I20: =元データ!G17 -> 610 | J20: =元データ!H17 -> 100 | K20: =元データ!I17 -> 錠 | L20: =元データ!J17 -> 544 | M20: =元データ!K17 -> 5.44 | N20: =IF(OFFSET(マスタ非採用削除!A$4,統合マスタ!$A20,0)="","",OFFSET(マスタ非採用削除!A$4,統合マスタ!$A20,0)) -> ｱﾘﾅ001 | O20: =IF(OFFSET(マスタ非採用削除!B$4,統合マスタ!$A20,0)="","",OFFSET(マスタ非採用削除!B$4,統合マスタ!$A20,0)) -> ｱﾘﾅ001 | P20: =IF(OFFSET(マスタ非採用削除!C$4,統合マスタ!$A20,0)="","",OFFSET(マスタ非採用削除!C$4,統合マスタ!$A20,0)) -> ２５ｍｇアリナミンＦ糖衣錠 | Q20: =IF(OFFSET(マスタ非採用削除!D$4,統合マスタ!$A20,0)="","",OFFSET(マスタ非採用削除!D$4,統合マスタ!$A20,0)) -> ｱﾘF** | R20: =IF(AA20="非採用",0,IF(OFFSET(マスタ非採用削除!E$4,統合マスタ!$A20,0)="","",OFFSET(マスタ非採用削除!E$4,統合マスタ!$A20,0))) -> 1 | S20: =IF(OFFSET(マスタ非採用削除!F$4,統合マスタ!$A20,0)="","",OFFSET(マスタ非採用削除!F$4,統合マスタ!$A20,0)) | T20: =IF(OFFSET(マスタ非採用削除!G$4,統合マスタ!$A20,0)="","",OFFSET(マスタ非採用削除!G$4,統合マスタ!$A20,0)) -> 6.1 | U20: =IF(OFFSET(マスタ非採用削除!H$4,統合マスタ!$A20,0)="","",OFFSET(マスタ非採用削除!H$4,統合マスタ!$A20,0)) -> 25mgｱﾘﾅﾐﾝFﾄｳｲｼﾞｮｳ | V20: =IF(OFFSET(マスタ非採用削除!I$4,統合マスタ!$A20,0)="","",OFFSET(マスタ非採用削除!I$4,統合マスタ!$A20,0)) -> 1 | W20: =IF(OFFSET(マスタ非採用削除!J$4,統合マスタ!$A20,0)="","",OFFSET(マスタ非採用削除!J$4,統合マスタ!$A20,0)) -> 錠剤 | X20: =IF(OFFSET(マスタ非採用削除!K$4,統合マスタ!$A20,0)="","",OFFSET(マスタ非採用削除!K$4,統合マスタ!$A20,0)) -> 0 | Y20: =IF(OFFSET(マスタ非採用削除!L$4,統合マスタ!$A20,0)="","",OFFSET(マスタ非採用削除!L$4,統合マスタ!$A20,0)) | Z20: =IF(OFFSET(マスタ非採用削除!M$4,統合マスタ!$A20,0)="","",OFFSET(マスタ非採用削除!M$4,統合マスタ!$A20,0)) -> 25 | AB20: =IF(R20=2,"臨時", IF(COUNTIF(分類!$H$8:$H$15, 統合マスタ!V20)>0, 分類!$G$7, IF(COUNTIF(分類!$K$8:$K$15, 統合マスタ!V20)>0, 分類!$J$7, IF(COUNTIF(分類!$N$8:$N$15, 統合マスタ!V20)>0, 分類!$M$7, IF(COUNTIF(分類!$Q$8:$Q$15, 統合マスタ!V20)>0, 分類!$P$7, "無し"))))) -> 錠剤 | AC20: {=OFFSET( INDIRECT("'" & AB20 & "'!A4"), MATCH(B20, INDIRECT("'" & AB20 & "'!C5:C1000"), 0), MATCH("合計", INDIRECT("'" & AB20 & "'!4:4"), 0) - 1 )} -> 1
A21: =元データ!P18 -> 139 | B21: =B20+1 -> 17 | C21: =DBCS(元データ!A18) -> ＥＫ１ 葛根湯エキス細粒 | D21: =元データ!B18 -> メディセオ | E21: =DBCS(元データ!C18) -> 粉 | F21: =DBCS(元データ!D18) -> ２．５ｇ×２９４ | G21: =元データ!E18 -> クラシエ | H21: =元データ!F18 -> 10.2 | I21: =元データ!G18 -> 7497 | J21: =元データ!H18 -> 735 | K21: =元データ!I18 -> g | L21: =元データ!J18 -> 6679 | M21: =元データ!K18 -> 9.0870748 | N21: =IF(OFFSET(マスタ非採用削除!A$4,統合マスタ!$A21,0)="","",OFFSET(マスタ非採用削除!A$4,統合マスタ!$A21,0)) -> ｸﾗｼ001 | O21: =IF(OFFSET(マスタ非採用削除!B$4,統合マスタ!$A21,0)="","",OFFSET(マスタ非採用削除!B$4,統合マスタ!$A21,0)) -> ｸﾗｼ001 | P21: =IF(OFFSET(マスタ非採用削除!C$4,統合マスタ!$A21,0)="","",OFFSET(マスタ非採用削除!C$4,統合マスタ!$A21,0)) -> クラシエ葛根湯エキス細粒 | Q21: =IF(OFFSET(マスタ非採用削除!D$4,統合マスタ!$A21,0)="","",OFFSET(マスタ非採用削除!D$4,統合マスタ!$A21,0)) -> ｶｯｺﾝ | R21: =IF(AA21="非採用",0,IF(OFFSET(マスタ非採用削除!E$4,統合マスタ!$A21,0)="","",OFFSET(マスタ非採用削除!E$4,統合マスタ!$A21,0))) -> 1 | S21: =IF(OFFSET(マスタ非採用削除!F$4,統合マスタ!$A21,0)="","",OFFSET(マスタ非採用削除!F$4,統合マスタ!$A21,0)) | T21: =IF(OFFSET(マスタ非採用削除!G$4,統合マスタ!$A21,0)="","",OFFSET(マスタ非採用削除!G$4,統合マスタ!$A21,0)) -> 10.2 | U21: =IF(OFFSET(マスタ非採用削除!H$4,統合マスタ!$A21,0)="","",OFFSET(マスタ非採用削除!H$4,統合マスタ!$A21,0)) -> ｸﾗｼｴｶｯｺﾝﾄｳｴｷｽｻｲﾘｭｳ | V21: =IF(OFFSET(マスタ非採用削除!I$4,統合マスタ!$A21,0)="","",OFFSET(マスタ非採用削除!I$4,統合マスタ!$A21,0)) -> 3 | W21: =IF(OFFSET(マスタ非採用削除!J$4,統合マスタ!$A21,0)="","",OFFSET(マスタ非採用削除!J$4,統合マスタ!$A21,0)) -> 散 | X21: =IF(OFFSET(マスタ非採用削除!K$4,統合マスタ!$A21,0)="","",OFFSET(マスタ非採用削除!K$4,統合マスタ!$A21,0)) -> 0 | Y21: =IF(OFFSET(マスタ非採用削除!L$4,統合マスタ!$A21,0)="","",OFFSET(マスタ非採用削除!L$4,統合マスタ!$A21,0)) | Z21: =IF(OFFSET(マスタ非採用削除!M$4,統合マスタ!$A21,0)="","",OFFSET(マスタ非採用削除!M$4,統合マスタ!$A21,0)) -> 4 | AB21: =IF(R21=2,"臨時", IF(COUNTIF(分類!$H$8:$H$15, 統合マスタ!V21)>0, 分類!$G$7, IF(COUNTIF(分類!$K$8:$K$15, 統合マスタ!V21)>0, 分類!$J$7, IF(COUNTIF(分類!$N$8:$N$15, 統合マスタ!V21)>0, 分類!$M$7, IF(COUNTIF(分類!$Q$8:$Q$15, 統合マスタ!V21)>0, 分類!$P$7, "無し"))))) -> 散剤 | AC21: {=OFFSET( INDIRECT("'" & AB21 & "'!A4"), MATCH(B21, INDIRECT("'" & AB21 & "'!C5:C1000"), 0), MATCH("合計", INDIRECT("'" & AB21 & "'!4:4"), 0) - 1 )} -> 15
A22: =元データ!P19 -> 144 | B22: =B21+1 -> 18 | C22: =DBCS(元データ!A19) -> ＥＫ１１４ 柴苓湯 | D22: =元データ!B19 -> メディセオ | E22: =DBCS(元データ!C19) -> 粉 | F22: =DBCS(元データ!D19) -> ２．７ｇ×２９４ | G22: =元データ!E19 -> クラシエ | H22: =元データ!F19 -> 46.8 | I22: =元データ!G19 -> 37149.84 | J22: =元データ!H19 -> 793.8 | K22: =元データ!I19 -> g | L22: =元データ!J19 -> 33097 | M22: =元データ!K19 -> 41.694381 | N22: =IF(OFFSET(マスタ非採用削除!A$4,統合マスタ!$A22,0)="","",OFFSET(マスタ非採用削除!A$4,統合マスタ!$A22,0)) -> ｸﾗｼ114 | O22: =IF(OFFSET(マスタ非採用削除!B$4,統合マスタ!$A22,0)="","",OFFSET(マスタ非採用削除!B$4,統合マスタ!$A22,0)) -> ｸﾗｼ114 | P22: =IF(OFFSET(マスタ非採用削除!C$4,統合マスタ!$A22,0)="","",OFFSET(マスタ非採用削除!C$4,統合マスタ!$A22,0)) -> クラシエ柴苓湯エキス細粒 | Q22: =IF(OFFSET(マスタ非採用削除!D$4,統合マスタ!$A22,0)="","",OFFSET(マスタ非採用削除!D$4,統合マスタ!$A22,0)) -> ｻｲﾚ | R22: =IF(AA22="非採用",0,IF(OFFSET(マスタ非採用削除!E$4,統合マスタ!$A22,0)="","",OFFSET(マスタ非採用削除!E$4,統合マスタ!$A22,0))) -> 2 | S22: =IF(OFFSET(マスタ非採用削除!F$4,統合マスタ!$A22,0)="","",OFFSET(マスタ非採用削除!F$4,統合マスタ!$A22,0)) | T22: =IF(OFFSET(マスタ非採用削除!G$4,統合マスタ!$A22,0)="","",OFFSET(マスタ非採用削除!G$4,統合マスタ!$A22,0)) -> 46.8 | U22: =IF(OFFSET(マスタ非採用削除!H$4,統合マスタ!$A22,0)="","",OFFSET(マスタ非採用削除!H$4,統合マスタ!$A22,0)) -> ｸﾗｼｴｻｲﾚｲﾄｳｴｷｽｻｲﾘｭｳ | V22: =IF(OFFSET(マスタ非採用削除!I$4,統合マスタ!$A22,0)="","",OFFSET(マスタ非採用削除!I$4,統合マスタ!$A22,0)) -> 3 | W22: =IF(OFFSET(マスタ非採用削除!J$4,統合マスタ!$A22,0)="","",OFFSET(マスタ非採用削除!J$4,統合マスタ!$A22,0)) -> 散 | X22: =IF(OFFSET(マスタ非採用削除!K$4,統合マスタ!$A22,0)="","",OFFSET(マスタ非採用削除!K$4,統合マスタ!$A22,0)) -> 0 | Y22: =IF(OFFSET(マスタ非採用削除!L$4,統合マスタ!$A22,0)="","",OFFSET(マスタ非採用削除!L$4,統合マスタ!$A22,0)) | Z22: =IF(OFFSET(マスタ非採用削除!M$4,統合マスタ!$A22,0)="","",OFFSET(マスタ非採用削除!M$4,統合マスタ!$A22,0)) -> 4 | AB22: =IF(R22=2,"臨時", IF(COUNTIF(分類!$H$8:$H$15, 統合マスタ!V22)>0, 分類!$G$7, IF(COUNTIF(分類!$K$8:$K$15, 統合マスタ!V22)>0, 分類!$J$7, IF(COUNTIF(分類!$N$8:$N$15, 統合マスタ!V22)>0, 分類!$M$7, IF(COUNTIF(分類!$Q$8:$Q$15, 統合マスタ!V22)>0, 分類!$P$7, "無し"))))) -> 臨時 | AC22: {=OFFSET( INDIRECT("'" & AB22 & "'!A4"), MATCH(B22, INDIRECT("'" & AB22 & "'!C5:C1000"), 0), MATCH("合計", INDIRECT("'" & AB22 & "'!4:4"), 0) - 1 )} -> 0
A23: =元データ!P20 -> 140 | B23: =B22+1 -> 19 | C23: =DBCS(元データ!A20) -> ＥＫ１５ 黄連解毒湯エキス細粒 | D23: =元データ!B20 -> メディセオ | E23: =DBCS(元データ!C20) -> 粉 | F23: =DBCS(元データ!D20) -> ２ｇｘ４２包 | G23: =元データ!E20 -> クラシエ | H23: =元データ!F20 -> 13.3 | I23: =元データ!G20 -> 1117.2 | J23: =元データ!H20 -> 84 | K23: =元データ!I20 -> g | L23: =元データ!J20 -> 1015 | M23: =元データ!K20 -> 12.083333 | N23: =IF(OFFSET(マスタ非採用削除!A$4,統合マスタ!$A23,0)="","",OFFSET(マスタ非採用削除!A$4,統合マスタ!$A23,0)) -> ｸﾗｼ015 | O23: =IF(OFFSET(マスタ非採用削除!B$4,統合マスタ!$A23,0)="","",OFFSET(マスタ非採用削除!B$4,統合マスタ!$A23,0)) -> ｸﾗｼ015 | P23: =IF(OFFSET(マスタ非採用削除!C$4,統合マスタ!$A23,0)="","",OFFSET(マスタ非採用削除!C$4,統合マスタ!$A23,0)) -> クラシエ黄連解毒湯エキス細粒 | Q23: =IF(OFFSET(マスタ非採用削除!D$4,統合マスタ!$A23,0)="","",OFFSET(マスタ非採用削除!D$4,統合マスタ!$A23,0)) -> ｵｳ | R23: =IF(AA23="非採用",0,IF(OFFSET(マスタ非採用削除!E$4,統合マスタ!$A23,0)="","",OFFSET(マスタ非採用削除!E$4,統合マスタ!$A23,0))) -> 2 | S23: =IF(OFFSET(マスタ非採用削除!F$4,統合マスタ!$A23,0)="","",OFFSET(マスタ非採用削除!F$4,統合マスタ!$A23,0)) | T23: =IF(OFFSET(マスタ非採用削除!G$4,統合マスタ!$A23,0)="","",OFFSET(マスタ非採用削除!G$4,統合マスタ!$A23,0)) -> 13.3 | U23: =IF(OFFSET(マスタ非採用削除!H$4,統合マスタ!$A23,0)="","",OFFSET(マスタ非採用削除!H$4,統合マスタ!$A23,0)) -> ｸﾗｼｴｵｳﾚﾝｹﾞﾄﾞｸﾄｳｴｷｽｻｲﾘｭｳ | V23: =IF(OFFSET(マスタ非採用削除!I$4,統合マスタ!$A23,0)="","",OFFSET(マスタ非採用削除!I$4,統合マスタ!$A23,0)) -> 3 | W23: =IF(OFFSET(マスタ非採用削除!J$4,統合マスタ!$A23,0)="","",OFFSET(マスタ非採用削除!J$4,統合マスタ!$A23,0)) -> 散 | X23: =IF(OFFSET(マスタ非採用削除!K$4,統合マスタ!$A23,0)="","",OFFSET(マスタ非採用削除!K$4,統合マスタ!$A23,0)) -> 0 | Y23: =IF(OFFSET(マスタ非採用削除!L$4,統合マスタ!$A23,0)="","",OFFSET(マスタ非採用削除!L$4,統合マスタ!$A23,0)) | Z23: =IF(OFFSET(マスタ非採用削除!M$4,統合マスタ!$A23,0)="","",OFFSET(マスタ非採用削除!M$4,統合マスタ!$A23,0)) -> 4 | AB23: =IF(R23=2,"臨時", IF(COUNTIF(分類!$H$8:$H$15, 統合マスタ!V23)>0, 分類!$G$7, IF(COUNTIF(分類!$K$8:$K$15, 統合マスタ!V23)>0, 分類!$J$7, IF(COUNTIF(分類!$N$8:$N$15, 統合マスタ!V23)>0, 分類!$M$7, IF(COUNTIF(分類!$Q$8:$Q$15, 統合マスタ!V23)>0, 分類!$P$7, "無し"))))) -> 臨時 | AC23: {=OFFSET( INDIRECT("'" & AB23 & "'!A4"), MATCH(B23, INDIRECT("'" & AB23 & "'!C5:C1000"), 0), MATCH("合計", INDIRECT("'" & AB23 & "'!4:4"), 0) - 1 )} -> 0
A24: =元データ!P21 -> 非採用 | B24: =B23+1 -> 20 | C24: =DBCS(元データ!A21) -> ＥＫ１９ 小青竜湯エキス細粒 | D24: =元データ!B21 -> アルフレッサ | E24: =DBCS(元データ!C21) | F24: =DBCS(元データ!D21) -> ２ｇｘ４２包 | G24: =元データ!E21 -> クラシエ | H24: =元データ!F21 -> 24.1 | I24: =元データ!G21 -> 2024.4 | J24: =元データ!H21 -> 84 | K24: =元データ!I21 -> g | L24: =元データ!J21 -> 1840 | M24: =元データ!K21 -> 21.904762 | N24: =IF(OFFSET(マスタ非採用削除!A$4,統合マスタ!$A24,0)="","",OFFSET(マスタ非採用削除!A$4,統合マスタ!$A24,0)) -> #VALUE! | O24: =IF(OFFSET(マスタ非採用削除!B$4,統合マスタ!$A24,0)="","",OFFSET(マスタ非採用削除!B$4,統合マスタ!$A24,0)) -> #VALUE! | P24: =IF(OFFSET(マスタ非採用削除!C$4,統合マスタ!$A24,0)="","",OFFSET(マスタ非採用削除!C$4,統合マスタ!$A24,0)) -> #VALUE! | Q24: =IF(OFFSET(マスタ非採用削除!D$4,統合マスタ!$A24,0)="","",OFFSET(マスタ非採用削除!D$4,統合マスタ!$A24,0)) -> #VALUE! | R24: =IF(AA24="非採用",0,IF(OFFSET(マスタ非採用削除!E$4,統合マスタ!$A24,0)="","",OFFSET(マスタ非採用削除!E$4,統合マスタ!$A24,0))) -> 0 | S24: =IF(OFFSET(マスタ非採用削除!F$4,統合マスタ!$A24,0)="","",OFFSET(マスタ非採用削除!F$4,統合マスタ!$A24,0)) -> #VALUE! | T24: =IF(OFFSET(マスタ非採用削除!G$4,統合マスタ!$A24,0)="","",OFFSET(マスタ非採用削除!G$4,統合マスタ!$A24,0)) -> #VALUE! | U24: =IF(OFFSET(マスタ非採用削除!H$4,統合マスタ!$A24,0)="","",OFFSET(マスタ非採用削除!H$4,統合マスタ!$A24,0)) -> #VALUE! | V24: =IF(OFFSET(マスタ非採用削除!I$4,統合マスタ!$A24,0)="","",OFFSET(マスタ非採用削除!I$4,統合マスタ!$A24,0)) -> #VALUE! | W24: =IF(OFFSET(マスタ非採用削除!J$4,統合マスタ!$A24,0)="","",OFFSET(マスタ非採用削除!J$4,統合マスタ!$A24,0)) -> #VALUE! | X24: =IF(OFFSET(マスタ非採用削除!K$4,統合マスタ!$A24,0)="","",OFFSET(マスタ非採用削除!K$4,統合マスタ!$A24,0)) -> #VALUE! | Y24: =IF(OFFSET(マスタ非採用削除!L$4,統合マスタ!$A24,0)="","",OFFSET(マスタ非採用削除!L$4,統合マスタ!$A24,0)) -> #VALUE! | Z24: =IF(OFFSET(マスタ非採用削除!M$4,統合マスタ!$A24,0)="","",OFFSET(マスタ非採用削除!M$4,統合マスタ!$A24,0)) -> #VALUE! | AA24: 非採用 | AB24: =IF(R24=2,"臨時", IF(COUNTIF(分類!$H$8:$H$15, 統合マスタ!V24)>0, 分類!$G$7, IF(COUNTIF(分類!$K$8:$K$15, 統合マスタ!V24)>0, 分類!$J$7, IF(COUNTIF(分類!$N$8:$N$15, 統合マスタ!V24)>0, 分類!$M$7, IF(COUNTIF(分類!$Q$8:$Q$15, 統合マスタ!V24)>0, 分類!$P$7, "無し"))))) -> 無し | AC24: {=OFFSET( INDIRECT("'" & AB24 & "'!A4"), MATCH(B24, INDIRECT("'" & AB24 & "'!C5:C1000"), 0), MATCH("合計", INDIRECT("'" & AB24 & "'!4:4"), 0) - 1 )} -> #REF!
A25: =元データ!P22 -> 141 | B25: =B24+1 -> 21 | C25: =DBCS(元データ!A22) -> ＥＫ２４ 加味逍遥散料エキス細粒 | D25: =元データ!B22 -> メディセオ | E25: =DBCS(元データ!C22) -> 粉 | F25: =DBCS(元データ!D22) -> ２ｇｘ４２包 | G25: =元データ!E22 -> クラシエ | H25: =元データ!F22 -> 18.3 | I25: =元データ!G22 -> 1537.2 | J25: =元データ!H22 -> 84 | K25: =元データ!I22 -> g | L25: =元データ!J22 -> 1397 | M25: =元データ!K22 -> 16.630952 | N25: =IF(OFFSET(マスタ非採用削除!A$4,統合マスタ!$A25,0)="","",OFFSET(マスタ非採用削除!A$4,統合マスタ!$A25,0)) -> ｸﾗｼ024 | O25: =IF(OFFSET(マスタ非採用削除!B$4,統合マスタ!$A25,0)="","",OFFSET(マスタ非採用削除!B$4,統合マスタ!$A25,0)) -> ｸﾗｼ024 | P25: =IF(OFFSET(マスタ非採用削除!C$4,統合マスタ!$A25,0)="","",OFFSET(マスタ非採用削除!C$4,統合マスタ!$A25,0)) -> クラシエ加味逍遙散料エキス細粒 | Q25: =IF(OFFSET(マスタ非採用削除!D$4,統合マスタ!$A25,0)="","",OFFSET(マスタ非採用削除!D$4,統合マスタ!$A25,0)) -> ｶﾐｼｮ1 | R25: =IF(AA25="非採用",0,IF(OFFSET(マスタ非採用削除!E$4,統合マスタ!$A25,0)="","",OFFSET(マスタ非採用削除!E$4,統合マスタ!$A25,0))) -> 1 | S25: =IF(OFFSET(マスタ非採用削除!F$4,統合マスタ!$A25,0)="","",OFFSET(マスタ非採用削除!F$4,統合マスタ!$A25,0)) | T25: =IF(OFFSET(マスタ非採用削除!G$4,統合マスタ!$A25,0)="","",OFFSET(マスタ非採用削除!G$4,統合マスタ!$A25,0)) -> 18.3 | U25: =IF(OFFSET(マスタ非採用削除!H$4,統合マスタ!$A25,0)="","",OFFSET(マスタ非採用削除!H$4,統合マスタ!$A25,0)) -> ｸﾗｼｴｶﾐｼｮｳﾖｳｻﾝﾘｮｳｴｷｽｻｲﾘｭｳ | V25: =IF(OFFSET(マスタ非採用削除!I$4,統合マスタ!$A25,0)="","",OFFSET(マスタ非採用削除!I$4,統合マスタ!$A25,0)) -> 3 | W25: =IF(OFFSET(マスタ非採用削除!J$4,統合マスタ!$A25,0)="","",OFFSET(マスタ非採用削除!J$4,統合マスタ!$A25,0)) -> 散 | X25: =IF(OFFSET(マスタ非採用削除!K$4,統合マスタ!$A25,0)="","",OFFSET(マスタ非採用削除!K$4,統合マスタ!$A25,0)) -> 0 | Y25: =IF(OFFSET(マスタ非採用削除!L$4,統合マスタ!$A25,0)="","",OFFSET(マスタ非採用削除!L$4,統合マスタ!$A25,0)) | Z25: =IF(OFFSET(マスタ非採用削除!M$4,統合マスタ!$A25,0)="","",OFFSET(マスタ非採用削除!M$4,統合マスタ!$A25,0)) -> 4 | AB25: =IF(R25=2,"臨時", IF(COUNTIF(分類!$H$8:$H$15, 統合マスタ!V25)>0, 分類!$G$7, IF(COUNTIF(分類!$K$8:$K$15, 統合マスタ!V25)>0, 分類!$J$7, IF(COUNTIF(分類!$N$8:$N$15, 統合マスタ!V25)>0, 分類!$M$7, IF(COUNTIF(分類!$Q$8:$Q$15, 統合マスタ!V25)>0, 分類!$P$7, "無し"))))) -> 散剤 | AC25: {=OFFSET( INDIRECT("'" & AB25 & "'!A4"), MATCH(B25, INDIRECT("'" & AB25 & "'!C5:C1000"), 0), MATCH("合計", INDIRECT("'" & AB25 & "'!4:4"), 0) - 1 )} -> 14
A26: =元データ!P23 -> 142 | B26: =B25+1 -> 22 | C26: =DBCS(元データ!A23) -> ＥＫ４０ 猪苓湯エキス細粒 | D26: =元データ!B23 -> メディセオ | E26: =DBCS(元データ!C23) -> 粉 | F26: =DBCS(元データ!D23) -> ２ｇｘ４２包 | G26: =元データ!E23 -> クラシエ | H26: =元データ!F23 -> 14.8 | I26: =元データ!G23 -> 1243.2 | J26: =元データ!H23 -> 84 | K26: =元データ!I23 -> g | L26: =元データ!J23 -> 1130 | M26: =元データ!K23 -> 13.452381 | N26: =IF(OFFSET(マスタ非採用削除!A$4,統合マスタ!$A26,0)="","",OFFSET(マスタ非採用削除!A$4,統合マスタ!$A26,0)) -> ｸﾗｼ040 | O26: =IF(OFFSET(マスタ非採用削除!B$4,統合マスタ!$A26,0)="","",OFFSET(マスタ非採用削除!B$4,統合マスタ!$A26,0)) -> ｸﾗｼ040 | P26: =IF(OFFSET(マスタ非採用削除!C$4,統合マスタ!$A26,0)="","",OFFSET(マスタ非採用削除!C$4,統合マスタ!$A26,0)) -> クラシエ猪苓湯エキス細粒 | Q26: =IF(OFFSET(マスタ非採用削除!D$4,統合マスタ!$A26,0)="","",OFFSET(マスタ非採用削除!D$4,統合マスタ!$A26,0)) -> ﾁｮﾚ | R26: =IF(AA26="非採用",0,IF(OFFSET(マスタ非採用削除!E$4,統合マスタ!$A26,0)="","",OFFSET(マスタ非採用削除!E$4,統合マスタ!$A26,0))) -> 2 | S26: =IF(OFFSET(マスタ非採用削除!F$4,統合マスタ!$A26,0)="","",OFFSET(マスタ非採用削除!F$4,統合マスタ!$A26,0)) | T26: =IF(OFFSET(マスタ非採用削除!G$4,統合マスタ!$A26,0)="","",OFFSET(マスタ非採用削除!G$4,統合マスタ!$A26,0)) -> 14.8 | U26: =IF(OFFSET(マスタ非採用削除!H$4,統合マスタ!$A26,0)="","",OFFSET(マスタ非採用削除!H$4,統合マスタ!$A26,0)) -> ｸﾗｼｴﾁｮﾚｲﾄｳｴｷｽｻｲﾘｭｳ | V26: =IF(OFFSET(マスタ非採用削除!I$4,統合マスタ!$A26,0)="","",OFFSET(マスタ非採用削除!I$4,統合マスタ!$A26,0)) -> 3 | W26: =IF(OFFSET(マスタ非採用削除!J$4,統合マスタ!$A26,0)="","",OFFSET(マスタ非採用削除!J$4,統合マスタ!$A26,0)) -> 散 | X26: =IF(OFFSET(マスタ非採用削除!K$4,統合マスタ!$A26,0)="","",OFFSET(マスタ非採用削除!K$4,統合マスタ!$A26,0)) -> 0 | Y26: =IF(OFFSET(マスタ非採用削除!L$4,統合マスタ!$A26,0)="","",OFFSET(マスタ非採用削除!L$4,統合マスタ!$A26,0)) | Z26: =IF(OFFSET(マスタ非採用削除!M$4,統合マスタ!$A26,0)="","",OFFSET(マスタ非採用削除!M$4,統合マスタ!$A26,0)) -> 4 | AB26: =IF(R26=2,"臨時", IF(COUNTIF(分類!$H$8:$H$15, 統合マスタ!V26)>0, 分類!$G$7, IF(COUNTIF(分類!$K$8:$K$15, 統合マスタ!V26)>0, 分類!$J$7, IF(COUNTIF(分類!$N$8:$N$15, 統合マスタ!V26)>0, 分類!$M$7, IF(COUNTIF(分類!$Q$8:$Q$15, 統合マスタ!V26)>0, 分類!$P$7, "無し"))))) -> 臨時 | AC26: {=OFFSET( INDIRECT("'" & AB26 & "'!A4"), MATCH(B26, INDIRECT("'" & AB26 & "'!C5:C1000"), 0), MATCH("合計", INDIRECT("'" & AB26 & "'!4:4"), 0) - 1 )} -> 0
A27: =元データ!P24 -> 143 | B27: =B26+1 -> 23 | C27: =DBCS(元データ!A24) -> ＥＫ４１ 補中益気湯エキス細粒 | D27: =元データ!B24 -> メディセオ | E27: =DBCS(元データ!C24) -> 粉 | F27: =DBCS(元データ!D24) -> ２．５ｇｘ２９４ | G27: =元データ!E24 -> クラシエ | H27: =元データ!F24 -> 20.4 | I27: =元データ!G24 -> 14994 | J27: =元データ!H24 -> 735 | K27: =元データ!I24 -> g | L27: =元データ!J24 -> 13358 | M27: =元データ!K24 -> 18.17415 | N27: =IF(OFFSET(マスタ非採用削除!A$4,統合マスタ!$A27,0)="","",OFFSET(マスタ非採用削除!A$4,統合マスタ!$A27,0)) -> ｸﾗｼ041 | O27: =IF(OFFSET(マスタ非採用削除!B$4,統合マスタ!$A27,0)="","",OFFSET(マスタ非採用削除!B$4,統合マスタ!$A27,0)) -> ｸﾗｼ041 | P27: =IF(OFFSET(マスタ非採用削除!C$4,統合マスタ!$A27,0)="","",OFFSET(マスタ非採用削除!C$4,統合マスタ!$A27,0)) -> クラシエ補中益気湯エキス細粒 | Q27: =IF(OFFSET(マスタ非採用削除!D$4,統合マスタ!$A27,0)="","",OFFSET(マスタ非採用削除!D$4,統合マスタ!$A27,0)) -> ﾎﾁｭｳ | R27: =IF(AA27="非採用",0,IF(OFFSET(マスタ非採用削除!E$4,統合マスタ!$A27,0)="","",OFFSET(マスタ非採用削除!E$4,統合マスタ!$A27,0))) -> 1 | S27: =IF(OFFSET(マスタ非採用削除!F$4,統合マスタ!$A27,0)="","",OFFSET(マスタ非採用削除!F$4,統合マスタ!$A27,0)) | T27: =IF(OFFSET(マスタ非採用削除!G$4,統合マスタ!$A27,0)="","",OFFSET(マスタ非採用削除!G$4,統合マスタ!$A27,0)) -> 20.4 | U27: =IF(OFFSET(マスタ非採用削除!H$4,統合マスタ!$A27,0)="","",OFFSET(マスタ非採用削除!H$4,統合マスタ!$A27,0)) -> ｸﾗｼｴﾎﾁｭｳｴｯｷﾄｳｴｷｽｻｲﾘｭｳ | V27: =IF(OFFSET(マスタ非採用削除!I$4,統合マスタ!$A27,0)="","",OFFSET(マスタ非採用削除!I$4,統合マスタ!$A27,0)) -> 3 | W27: =IF(OFFSET(マスタ非採用削除!J$4,統合マスタ!$A27,0)="","",OFFSET(マスタ非採用削除!J$4,統合マスタ!$A27,0)) -> 散 | X27: =IF(OFFSET(マスタ非採用削除!K$4,統合マスタ!$A27,0)="","",OFFSET(マスタ非採用削除!K$4,統合マスタ!$A27,0)) -> 0 | Y27: =IF(OFFSET(マスタ非採用削除!L$4,統合マスタ!$A27,0)="","",OFFSET(マスタ非採用削除!L$4,統合マスタ!$A27,0)) | Z27: =IF(OFFSET(マスタ非採用削除!M$4,統合マスタ!$A27,0)="","",OFFSET(マスタ非採用削除!M$4,統合マスタ!$A27,0)) -> 4 | AB27: =IF(R27=2,"臨時", IF(COUNTIF(分類!$H$8:$H$15, 統合マスタ!V27)>0, 分類!$G$7, IF(COUNTIF(分類!$K$8:$K$15, 統合マスタ!V27)>0, 分類!$J$7, IF(COUNTIF(分類!$N$8:$N$15, 統合マスタ!V27)>0, 分類!$M$7, IF(COUNTIF(分類!$Q$8:$Q$15, 統合マスタ!V27)>0, 分類!$P$7, "無し"))))) -> 散剤 | AC27: {=OFFSET( INDIRECT("'" & AB27 & "'!A4"), MATCH(B27, INDIRECT("'" & AB27 & "'!C5:C1000"), 0), MATCH("合計", INDIRECT("'" & AB27 & "'!4:4"), 0) - 1 )} -> 20
A28: =元データ!P25 -> 59 | B28: =B27+1 -> 24 | C28: =DBCS(元データ!A25) -> ＥＰＬカプセル２５０ｍｇ 販売中止 | D28: =元データ!B25 -> アルフレッサ | E28: =DBCS(元データ!C25) -> ＰＴＰ | F28: =DBCS(元データ!D25) -> ４００Ｐ | G28: =元データ!E25 -> アルフレッサファーマ | H28: =元データ!F25 -> 6.1 | I28: =元データ!G25 -> 2440 | J28: =元データ!H25 -> 400 | K28: =元データ!I25 -> cap | L28: =元データ!J25 -> 2218 | M28: =元データ!K25 -> 5.545 | N28: =IF(OFFSET(マスタ非採用削除!A$4,統合マスタ!$A28,0)="","",OFFSET(マスタ非採用削除!A$4,統合マスタ!$A28,0)) -> ｲﾋｴ001 | O28: =IF(OFFSET(マスタ非採用削除!B$4,統合マスタ!$A28,0)="","",OFFSET(マスタ非採用削除!B$4,統合マスタ!$A28,0)) -> ｲﾋｴ001 | P28: =IF(OFFSET(マスタ非採用削除!C$4,統合マスタ!$A28,0)="","",OFFSET(マスタ非採用削除!C$4,統合マスタ!$A28,0)) -> ＥＰＬカプセル２５０ｍｇ | Q28: =IF(OFFSET(マスタ非採用削除!D$4,統合マスタ!$A28,0)="","",OFFSET(マスタ非採用削除!D$4,統合マスタ!$A28,0)) -> EPL** | R28: =IF(AA28="非採用",0,IF(OFFSET(マスタ非採用削除!E$4,統合マスタ!$A28,0)="","",OFFSET(マスタ非採用削除!E$4,統合マスタ!$A28,0))) -> 1 | S28: =IF(OFFSET(マスタ非採用削除!F$4,統合マスタ!$A28,0)="","",OFFSET(マスタ非採用削除!F$4,統合マスタ!$A28,0)) | T28: =IF(OFFSET(マスタ非採用削除!G$4,統合マスタ!$A28,0)="","",OFFSET(マスタ非採用削除!G$4,統合マスタ!$A28,0)) -> 6.1 | U28: =IF(OFFSET(マスタ非採用削除!H$4,統合マスタ!$A28,0)="","",OFFSET(マスタ非採用削除!H$4,統合マスタ!$A28,0)) -> EPLｶﾌﾟｾﾙ250mg | V28: =IF(OFFSET(マスタ非採用削除!I$4,統合マスタ!$A28,0)="","",OFFSET(マスタ非採用削除!I$4,統合マスタ!$A28,0)) -> 2 | W28: =IF(OFFSET(マスタ非採用削除!J$4,統合マスタ!$A28,0)="","",OFFSET(マスタ非採用削除!J$4,統合マスタ!$A28,0)) -> カプセル | X28: =IF(OFFSET(マスタ非採用削除!K$4,統合マスタ!$A28,0)="","",OFFSET(マスタ非採用削除!K$4,統合マスタ!$A28,0)) -> 0 | Y28: =IF(OFFSET(マスタ非採用削除!L$4,統合マスタ!$A28,0)="","",OFFSET(マスタ非採用削除!L$4,統合マスタ!$A28,0)) | Z28: =IF(OFFSET(マスタ非採用削除!M$4,統合マスタ!$A28,0)="","",OFFSET(マスタ非採用削除!M$4,統合マスタ!$A28,0)) -> 5 | AB28: =IF(R28=2,"臨時", IF(COUNTIF(分類!$H$8:$H$15, 統合マスタ!V28)>0, 分類!$G$7, IF(COUNTIF(分類!$K$8:$K$15, 統合マスタ!V28)>0, 分類!$J$7, IF(COUNTIF(分類!$N$8:$N$15, 統合マスタ!V28)>0, 分類!$M$7, IF(COUNTIF(分類!$Q$8:$Q$15, 統合マスタ!V28)>0, 分類!$P$7, "無し"))))) -> 無し | AC28: {=OFFSET( INDIRECT("'" & AB28 & "'!A4"), MATCH(B28, INDIRECT("'" & AB28 & "'!C5:C1000"), 0), MATCH("合計", INDIRECT("'" & AB28 & "'!4:4"), 0) - 1 )} -> #REF!
A29: =元データ!P26 -> 76 | B29: =B28+1 -> 25 | C29: =DBCS(元データ!A26) -> ＳＰトローチ０．２５ｍｇ「明治」 | D29: =元データ!B26 -> メディセオ | E29: =DBCS(元データ!C26) -> ＰＴＰ | F29: =DBCS(元データ!D26) -> １２００Ｔ | G29: =元データ!E26 -> meijiseika | H29: =元データ!F26 -> 5.9 | I29: =元データ!G26 -> 7080 | J29: =元データ!H26 -> 1200 | K29: =元データ!I26 -> 錠 | L29: =元データ!J26 -> 6435 | M29: =元データ!K26 -> 5.3625 | N29: =IF(OFFSET(マスタ非採用削除!A$4,統合マスタ!$A29,0)="","",OFFSET(マスタ非採用削除!A$4,統合マスタ!$A29,0)) -> ｴｽﾋ001 | O29: =IF(OFFSET(マスタ非採用削除!B$4,統合マスタ!$A29,0)="","",OFFSET(マスタ非採用削除!B$4,統合マスタ!$A29,0)) -> ｴｽﾋ001 | P29: =IF(OFFSET(マスタ非採用削除!C$4,統合マスタ!$A29,0)="","",OFFSET(マスタ非採用削除!C$4,統合マスタ!$A29,0)) -> ＳＰトローチ０．２５ｍｇ「明治」 | Q29: =IF(OFFSET(マスタ非採用削除!D$4,統合マスタ!$A29,0)="","",OFFSET(マスタ非採用削除!D$4,統合マスタ!$A29,0)) -> SPﾄ | R29: =IF(AA29="非採用",0,IF(OFFSET(マスタ非採用削除!E$4,統合マスタ!$A29,0)="","",OFFSET(マスタ非採用削除!E$4,統合マスタ!$A29,0))) -> 1 | S29: =IF(OFFSET(マスタ非採用削除!F$4,統合マスタ!$A29,0)="","",OFFSET(マスタ非採用削除!F$4,統合マスタ!$A29,0)) | T29: =IF(OFFSET(マスタ非採用削除!G$4,統合マスタ!$A29,0)="","",OFFSET(マスタ非採用削除!G$4,統合マスタ!$A29,0)) -> 5.9 | U29: =IF(OFFSET(マスタ非採用削除!H$4,統合マスタ!$A29,0)="","",OFFSET(マスタ非採用削除!H$4,統合マスタ!$A29,0)) -> SPﾄﾛｰﾁ0.25mg｢ﾒｲｼﾞ｣ | V29: =IF(OFFSET(マスタ非採用削除!I$4,統合マスタ!$A29,0)="","",OFFSET(マスタ非採用削除!I$4,統合マスタ!$A29,0)) -> 8 | W29: =IF(OFFSET(マスタ非採用削除!J$4,統合マスタ!$A29,0)="","",OFFSET(マスタ非採用削除!J$4,統合マスタ!$A29,0)) -> トローチ | X29: =IF(OFFSET(マスタ非採用削除!K$4,統合マスタ!$A29,0)="","",OFFSET(マスタ非採用削除!K$4,統合マスタ!$A29,0)) -> 0 | Y29: =IF(OFFSET(マスタ非採用削除!L$4,統合マスタ!$A29,0)="","",OFFSET(マスタ非採用削除!L$4,統合マスタ!$A29,0)) | Z29: =IF(OFFSET(マスタ非採用削除!M$4,統合マスタ!$A29,0)="","",OFFSET(マスタ非採用削除!M$4,統合マスタ!$A29,0)) -> 3 | AB29: =IF(R29=2,"臨時", IF(COUNTIF(分類!$H$8:$H$15, 統合マスタ!V29)>0, 分類!$G$7, IF(COUNTIF(分類!$K$8:$K$15, 統合マスタ!V29)>0, 分類!$J$7, IF(COUNTIF(分類!$N$8:$N$15, 統合マスタ!V29)>0, 分類!$M$7, IF(COUNTIF(分類!$Q$8:$Q$15, 統合マスタ!V29)>0, 分類!$P$7, "無し"))))) -> 外用剤 | AC29: {=OFFSET( INDIRECT("'" & AB29 & "'!A4"), MATCH(B29, INDIRECT("'" & AB29 & "'!C5:C1000"), 0), MATCH("合計", INDIRECT("'" & AB29 & "'!4:4"), 0) - 1 )} -> #REF!
A30: =元データ!P27 -> 581 | B30: =B29+1 -> 26 | C30: =DBCS(元データ!A27) -> Ｔ７２ ヨクイニンエキス錠「コタロー」 | D30: =元データ!B27 -> メディセオ | E30: =DBCS(元データ!C27) -> バラ | F30: =DBCS(元データ!D27) -> １２６Ｔｘ１０ | G30: =元データ!E27 -> 小太郎漢方 | H30: =元データ!F27 -> 6.5 | I30: =元データ!G27 -> 8190 | J30: =元データ!H27 -> 1260 | K30: =元データ!I27 -> 錠 | L30: =元データ!J27 -> 7445 | M30: =元データ!K27 -> 5.9087302 | N30: =IF(OFFSET(マスタ非採用削除!A$4,統合マスタ!$A30,0)="","",OFFSET(マスタ非採用削除!A$4,統合マスタ!$A30,0)) -> ﾖｸｲ001 | O30: =IF(OFFSET(マスタ非採用削除!B$4,統合マスタ!$A30,0)="","",OFFSET(マスタ非採用削除!B$4,統合マスタ!$A30,0)) -> ﾖｸｲ001 | P30: =IF(OFFSET(マスタ非採用削除!C$4,統合マスタ!$A30,0)="","",OFFSET(マスタ非採用削除!C$4,統合マスタ!$A30,0)) -> ヨクイニンエキス錠「コタロー」 | Q30: =IF(OFFSET(マスタ非採用削除!D$4,統合マスタ!$A30,0)="","",OFFSET(マスタ非採用削除!D$4,統合マスタ!$A30,0)) | R30: =IF(AA30="非採用",0,IF(OFFSET(マスタ非採用削除!E$4,統合マスタ!$A30,0)="","",OFFSET(マスタ非採用削除!E$4,統合マスタ!$A30,0))) -> 2 | S30: =IF(OFFSET(マスタ非採用削除!F$4,統合マスタ!$A30,0)="","",OFFSET(マスタ非採用削除!F$4,統合マスタ!$A30,0)) | T30: =IF(OFFSET(マスタ非採用削除!G$4,統合マスタ!$A30,0)="","",OFFSET(マスタ非採用削除!G$4,統合マスタ!$A30,0)) -> 6.5 | U30: =IF(OFFSET(マスタ非採用削除!H$4,統合マスタ!$A30,0)="","",OFFSET(マスタ非採用削除!H$4,統合マスタ!$A30,0)) -> ﾖｸｲﾆﾝｴｷｽｼﾞﾖｳｺﾀﾛ- | V30: =IF(OFFSET(マスタ非採用削除!I$4,統合マスタ!$A30,0)="","",OFFSET(マスタ非採用削除!I$4,統合マスタ!$A30,0)) -> 1 | W30: =IF(OFFSET(マスタ非採用削除!J$4,統合マスタ!$A30,0)="","",OFFSET(マスタ非採用削除!J$4,統合マスタ!$A30,0)) -> 錠剤 | X30: =IF(OFFSET(マスタ非採用削除!K$4,統合マスタ!$A30,0)="","",OFFSET(マスタ非採用削除!K$4,統合マスタ!$A30,0)) -> 0 | Y30: =IF(OFFSET(マスタ非採用削除!L$4,統合マスタ!$A30,0)="","",OFFSET(マスタ非採用削除!L$4,統合マスタ!$A30,0)) | Z30: =IF(OFFSET(マスタ非採用削除!M$4,統合マスタ!$A30,0)="","",OFFSET(マスタ非採用削除!M$4,統合マスタ!$A30,0)) -> 15 | AB30: =IF(R30=2,"臨時", IF(COUNTIF(分類!$H$8:$H$15, 統合マスタ!V30)>0, 分類!$G$7, IF(COUNTIF(分類!$K$8:$K$15, 統合マスタ!V30)>0, 分類!$J$7, IF(COUNTIF(分類!$N$8:$N$15, 統合マスタ!V30)>0, 分類!$M$7, IF(COUNTIF(分類!$Q$8:$Q$15, 統合マスタ!V30)>0, 分類!$P$7, "無し"))))) -> 臨時 | AC30: {=OFFSET( INDIRECT("'" & AB30 & "'!A4"), MATCH(B30, INDIRECT("'" & AB30 & "'!C5:C1000"), 0), MATCH("合計", INDIRECT("'" & AB30 & "'!4:4"), 0) - 1 )} -> 0
A31: =元データ!P28 -> 22 | B31: =B30+1 -> 27 | C31: =DBCS(元データ!A28) -> アーチスト錠１．２５ｍｇ | D31: =元データ!B28 -> メディセオ | E31: =DBCS(元データ!C28) -> ＰＴＰ | F31: =DBCS(元データ!D28) -> １００Ｔ | G31: =元データ!E28 -> 第一三共 | H31: =元データ!F28 -> 10.4 | I31: =元データ!G28 -> 1040 | J31: =元データ!H28 -> 100 | K31: =元データ!I28 -> 錠 | L31: =元データ!J28 -> 926 | M31: =元データ!K28 -> 9.26 | N31: =IF(OFFSET(マスタ非採用削除!A$4,統合マスタ!$A31,0)="","",OFFSET(マスタ非採用削除!A$4,統合マスタ!$A31,0)) -> ｱﾁｽ001 | O31: =IF(OFFSET(マスタ非採用削除!B$4,統合マスタ!$A31,0)="","",OFFSET(マスタ非採用削除!B$4,統合マスタ!$A31,0)) -> ｱﾁｽ001 | P31: =IF(OFFSET(マスタ非採用削除!C$4,統合マスタ!$A31,0)="","",OFFSET(マスタ非採用削除!C$4,統合マスタ!$A31,0)) -> アーチスト錠１．２５ｍｇ | Q31: =IF(OFFSET(マスタ非採用削除!D$4,統合マスタ!$A31,0)="","",OFFSET(マスタ非採用削除!D$4,統合マスタ!$A31,0)) -> ｱｰﾁ | R31: =IF(AA31="非採用",0,IF(OFFSET(マスタ非採用削除!E$4,統合マスタ!$A31,0)="","",OFFSET(マスタ非採用削除!E$4,統合マスタ!$A31,0))) -> 1 | S31: =IF(OFFSET(マスタ非採用削除!F$4,統合マスタ!$A31,0)="","",OFFSET(マスタ非採用削除!F$4,統合マスタ!$A31,0)) | T31: =IF(OFFSET(マスタ非採用削除!G$4,統合マスタ!$A31,0)="","",OFFSET(マスタ非採用削除!G$4,統合マスタ!$A31,0)) -> 10.4 | U31: =IF(OFFSET(マスタ非採用削除!H$4,統合マスタ!$A31,0)="","",OFFSET(マスタ非採用削除!H$4,統合マスタ!$A31,0)) -> ｱｰﾁｽﾄｼﾞｮｳ1.25mg | V31: =IF(OFFSET(マスタ非採用削除!I$4,統合マスタ!$A31,0)="","",OFFSET(マスタ非採用削除!I$4,統合マスタ!$A31,0)) -> 1 | W31: =IF(OFFSET(マスタ非採用削除!J$4,統合マスタ!$A31,0)="","",OFFSET(マスタ非採用削除!J$4,統合マスタ!$A31,0)) -> 錠剤 | X31: =IF(OFFSET(マスタ非採用削除!K$4,統合マスタ!$A31,0)="","",OFFSET(マスタ非採用削除!K$4,統合マスタ!$A31,0)) -> 0 | Y31: =IF(OFFSET(マスタ非採用削除!L$4,統合マスタ!$A31,0)="","",OFFSET(マスタ非採用削除!L$4,統合マスタ!$A31,0)) | Z31: =IF(OFFSET(マスタ非採用削除!M$4,統合マスタ!$A31,0)="","",OFFSET(マスタ非採用削除!M$4,統合マスタ!$A31,0)) -> 5 | AB31: =IF(R31=2,"臨時", IF(COUNTIF(分類!$H$8:$H$15, 統合マスタ!V31)>0, 分類!$G$7, IF(COUNTIF(分類!$K$8:$K$15, 統合マスタ!V31)>0, 分類!$J$7, IF(COUNTIF(分類!$N$8:$N$15, 統合マスタ!V31)>0, 分類!$M$7, IF(COUNTIF(分類!$Q$8:$Q$15, 統合マスタ!V31)>0, 分類!$P$7, "無し"))))) -> 錠剤 | AC31: {=OFFSET( INDIRECT("'" & AB31 & "'!A4"), MATCH(B31, INDIRECT("'" & AB31 & "'!C5:C1000"), 0), MATCH("合計", INDIRECT("'" & AB31 & "'!4:4"), 0) - 1 )} -> 2
A32: =元データ!P29 -> 非採用 | B32: =B31+1 -> 28 | C32: =DBCS(元データ!A29) -> アイファガン点眼液０．１％ | D32: =元データ!B29 | E32: =DBCS(元データ!C29) | F32: =DBCS(元データ!D29) -> ５ｍｌｘ５ | G32: =元データ!E29 -> 武田薬品工業 | H32: =元データ!F29 -> 268.9 | I32: =元データ!G29 -> 6722.5 | J32: =元データ!H29 -> 25 | K32: =元データ!I29 -> ｍｌ | L32: =元データ!J29 -> 5858 | M32: =元データ!K29 -> 234.32 | N32: =IF(OFFSET(マスタ非採用削除!A$4,統合マスタ!$A32,0)="","",OFFSET(マスタ非採用削除!A$4,統合マスタ!$A32,0)) -> #VALUE! | O32: =IF(OFFSET(マスタ非採用削除!B$4,統合マスタ!$A32,0)="","",OFFSET(マスタ非採用削除!B$4,統合マスタ!$A32,0)) -> #VALUE! | P32: =IF(OFFSET(マスタ非採用削除!C$4,統合マスタ!$A32,0)="","",OFFSET(マスタ非採用削除!C$4,統合マスタ!$A32,0)) -> #VALUE! | Q32: =IF(OFFSET(マスタ非採用削除!D$4,統合マスタ!$A32,0)="","",OFFSET(マスタ非採用削除!D$4,統合マスタ!$A32,0)) -> #VALUE! | R32: =IF(AA32="非採用",0,IF(OFFSET(マスタ非採用削除!E$4,統合マスタ!$A32,0)="","",OFFSET(マスタ非採用削除!E$4,統合マスタ!$A32,0))) -> 0 | S32: =IF(OFFSET(マスタ非採用削除!F$4,統合マスタ!$A32,0)="","",OFFSET(マスタ非採用削除!F$4,統合マスタ!$A32,0)) -> #VALUE! | T32: =IF(OFFSET(マスタ非採用削除!G$4,統合マスタ!$A32,0)="","",OFFSET(マスタ非採用削除!G$4,統合マスタ!$A32,0)) -> #VALUE! | U32: =IF(OFFSET(マスタ非採用削除!H$4,統合マスタ!$A32,0)="","",OFFSET(マスタ非採用削除!H$4,統合マスタ!$A32,0)) -> #VALUE! | V32: =IF(OFFSET(マスタ非採用削除!I$4,統合マスタ!$A32,0)="","",OFFSET(マスタ非採用削除!I$4,統合マスタ!$A32,0)) -> #VALUE! | W32: =IF(OFFSET(マスタ非採用削除!J$4,統合マスタ!$A32,0)="","",OFFSET(マスタ非採用削除!J$4,統合マスタ!$A32,0)) -> #VALUE! | X32: =IF(OFFSET(マスタ非採用削除!K$4,統合マスタ!$A32,0)="","",OFFSET(マスタ非採用削除!K$4,統合マスタ!$A32,0)) -> #VALUE! | Y32: =IF(OFFSET(マスタ非採用削除!L$4,統合マスタ!$A32,0)="","",OFFSET(マスタ非採用削除!L$4,統合マスタ!$A32,0)) -> #VALUE! | Z32: =IF(OFFSET(マスタ非採用削除!M$4,統合マスタ!$A32,0)="","",OFFSET(マスタ非採用削除!M$4,統合マスタ!$A32,0)) -> #VALUE! | AA32: 非採用 | AB32: =IF(R32=2,"臨時", IF(COUNTIF(分類!$H$8:$H$15, 統合マスタ!V32)>0, 分類!$G$7, IF(COUNTIF(分類!$K$8:$K$15, 統合マスタ!V32)>0, 分類!$J$7, IF(COUNTIF(分類!$N$8:$N$15, 統合マスタ!V32)>0, 分類!$M$7, IF(COUNTIF(分類!$Q$8:$Q$15, 統合マスタ!V32)>0, 分類!$P$7, "無し"))))) -> 無し | AC32: {=OFFSET( INDIRECT("'" & AB32 & "'!A4"), MATCH(B32, INDIRECT("'" & AB32 & "'!C5:C1000"), 0), MATCH("合計", INDIRECT("'" & AB32 & "'!4:4"), 0) - 1 )} -> #REF!
A33: =元データ!P30 -> 非採用 | B33: =B32+1 -> 29 | C33: =DBCS(元データ!A30) -> アウィクリ注 フレックスタッチ 総量３００単位 | D33: =元データ!B30 -> アルフレッサ | E33: =DBCS(元データ!C30) | F33: =DBCS(元データ!D30) -> ０．４３ｍｌｘ２ｋｉｔ | G33: =元データ!E30 -> ノボノルディスク | H33: =元データ!F30 -> 2081 | I33: =元データ!G30 -> 4162 | J33: =元データ!H30 -> 2 | K33: =元データ!I30 -> kit | L33: =元データ!J30 -> 3689 | M33: =元データ!K30 -> 1844.5 | N33: =IF(OFFSET(マスタ非採用削除!A$4,統合マスタ!$A33,0)="","",OFFSET(マスタ非採用削除!A$4,統合マスタ!$A33,0)) -> #VALUE! | O33: =IF(OFFSET(マスタ非採用削除!B$4,統合マスタ!$A33,0)="","",OFFSET(マスタ非採用削除!B$4,統合マスタ!$A33,0)) -> #VALUE! | P33: =IF(OFFSET(マスタ非採用削除!C$4,統合マスタ!$A33,0)="","",OFFSET(マスタ非採用削除!C$4,統合マスタ!$A33,0)) -> #VALUE! | Q33: =IF(OFFSET(マスタ非採用削除!D$4,統合マスタ!$A33,0)="","",OFFSET(マスタ非採用削除!D$4,統合マスタ!$A33,0)) -> #VALUE! | R33: =IF(AA33="非採用",0,IF(OFFSET(マスタ非採用削除!E$4,統合マスタ!$A33,0)="","",OFFSET(マスタ非採用削除!E$4,統合マスタ!$A33,0))) -> 0 | S33: =IF(OFFSET(マスタ非採用削除!F$4,統合マスタ!$A33,0)="","",OFFSET(マスタ非採用削除!F$4,統合マスタ!$A33,0)) -> #VALUE! | T33: =IF(OFFSET(マスタ非採用削除!G$4,統合マスタ!$A33,0)="","",OFFSET(マスタ非採用削除!G$4,統合マスタ!$A33,0)) -> #VALUE! | U33: =IF(OFFSET(マスタ非採用削除!H$4,統合マスタ!$A33,0)="","",OFFSET(マスタ非採用削除!H$4,統合マスタ!$A33,0)) -> #VALUE! | V33: =IF(OFFSET(マスタ非採用削除!I$4,統合マスタ!$A33,0)="","",OFFSET(マスタ非採用削除!I$4,統合マスタ!$A33,0)) -> #VALUE! | W33: =IF(OFFSET(マスタ非採用削除!J$4,統合マスタ!$A33,0)="","",OFFSET(マスタ非採用削除!J$4,統合マスタ!$A33,0)) -> #VALUE! | X33: =IF(OFFSET(マスタ非採用削除!K$4,統合マスタ!$A33,0)="","",OFFSET(マスタ非採用削除!K$4,統合マスタ!$A33,0)) -> #VALUE! | Y33: =IF(OFFSET(マスタ非採用削除!L$4,統合マスタ!$A33,0)="","",OFFSET(マスタ非採用削除!L$4,統合マスタ!$A33,0)) -> #VALUE! | Z33: =IF(OFFSET(マスタ非採用削除!M$4,統合マスタ!$A33,0)="","",OFFSET(マスタ非採用削除!M$4,統合マスタ!$A33,0)) -> #VALUE! | AA33: 非採用 | AB33: =IF(R33=2,"臨時", IF(COUNTIF(分類!$H$8:$H$15, 統合マスタ!V33)>0, 分類!$G$7, IF(COUNTIF(分類!$K$8:$K$15, 統合マスタ!V33)>0, 分類!$J$7, IF(COUNTIF(分類!$N$8:$N$15, 統合マスタ!V33)>0, 分類!$M$7, IF(COUNTIF(分類!$Q$8:$Q$15, 統合マスタ!V33)>0, 分類!$P$7, "無し"))))) -> 無し | AC33: {=OFFSET( INDIRECT("'" & AB33 & "'!A4"), MATCH(B33, INDIRECT("'" & AB33 & "'!C5:C1000"), 0), MATCH("合計", INDIRECT("'" & AB33 & "'!4:4"), 0) - 1 )} -> #REF!
A34: =元データ!P31 -> 非採用 | B34: =B33+1 -> 30 | C34: =DBCS(元データ!A31) -> アキネトン細粒１％ | D34: =元データ!B31 | E34: =DBCS(元データ!C31) -> 粉 | F34: =DBCS(元データ!D31) -> １００ｇ | G34: =元データ!E31 -> 住友ファーマ | H34: =元データ!F31 -> 21.4 | I34: =元データ!G31 -> 2140 | J34: =元データ!H31 -> 100 | K34: =元データ!I31 -> ｇ | L34: =元データ!J31 -> 1907 | M34: =元データ!K31 -> 19.07 | N34: =IF(OFFSET(マスタ非採用削除!A$4,統合マスタ!$A34,0)="","",OFFSET(マスタ非採用削除!A$4,統合マスタ!$A34,0)) -> #VALUE! | O34: =IF(OFFSET(マスタ非採用削除!B$4,統合マスタ!$A34,0)="","",OFFSET(マスタ非採用削除!B$4,統合マスタ!$A34,0)) -> #VALUE! | P34: =IF(OFFSET(マスタ非採用削除!C$4,統合マスタ!$A34,0)="","",OFFSET(マスタ非採用削除!C$4,統合マスタ!$A34,0)) -> #VALUE! | Q34: =IF(OFFSET(マスタ非採用削除!D$4,統合マスタ!$A34,0)="","",OFFSET(マスタ非採用削除!D$4,統合マスタ!$A34,0)) -> #VALUE! | R34: =IF(AA34="非採用",0,IF(OFFSET(マスタ非採用削除!E$4,統合マスタ!$A34,0)="","",OFFSET(マスタ非採用削除!E$4,統合マスタ!$A34,0))) -> 0 | S34: =IF(OFFSET(マスタ非採用削除!F$4,統合マスタ!$A34,0)="","",OFFSET(マスタ非採用削除!F$4,統合マスタ!$A34,0)) -> #VALUE! | T34: =IF(OFFSET(マスタ非採用削除!G$4,統合マスタ!$A34,0)="","",OFFSET(マスタ非採用削除!G$4,統合マスタ!$A34,0)) -> #VALUE! | U34: =IF(OFFSET(マスタ非採用削除!H$4,統合マスタ!$A34,0)="","",OFFSET(マスタ非採用削除!H$4,統合マスタ!$A34,0)) -> #VALUE! | V34: =IF(OFFSET(マスタ非採用削除!I$4,統合マスタ!$A34,0)="","",OFFSET(マスタ非採用削除!I$4,統合マスタ!$A34,0)) -> #VALUE! | W34: =IF(OFFSET(マスタ非採用削除!J$4,統合マスタ!$A34,0)="","",OFFSET(マスタ非採用削除!J$4,統合マスタ!$A34,0)) -> #VALUE! | X34: =IF(OFFSET(マスタ非採用削除!K$4,統合マスタ!$A34,0)="","",OFFSET(マスタ非採用削除!K$4,統合マスタ!$A34,0)) -> #VALUE! | Y34: =IF(OFFSET(マスタ非採用削除!L$4,統合マスタ!$A34,0)="","",OFFSET(マスタ非採用削除!L$4,統合マスタ!$A34,0)) -> #VALUE! | Z34: =IF(OFFSET(マスタ非採用削除!M$4,統合マスタ!$A34,0)="","",OFFSET(マスタ非採用削除!M$4,統合マスタ!$A34,0)) -> #VALUE! | AA34: 非採用 | AB34: =IF(R34=2,"臨時", IF(COUNTIF(分類!$H$8:$H$15, 統合マスタ!V34)>0, 分類!$G$7, IF(COUNTIF(分類!$K$8:$K$15, 統合マスタ!V34)>0, 分類!$J$7, IF(COUNTIF(分類!$N$8:$N$15, 統合マスタ!V34)>0, 分類!$M$7, IF(COUNTIF(分類!$Q$8:$Q$15, 統合マスタ!V34)>0, 分類!$P$7, "無し"))))) -> 無し | AC34: {=OFFSET( INDIRECT("'" & AB34 & "'!A4"), MATCH(B34, INDIRECT("'" & AB34 & "'!C5:C1000"), 0), MATCH("合計", INDIRECT("'" & AB34 & "'!4:4"), 0) - 1 )} -> #REF!
A35: =元データ!P32 -> 2 | B35: =B34+1 -> 31 | C35: =DBCS(元データ!A32) -> アキネトン注射液５ｍｇ | D35: =元データ!B32 | E35: =DBCS(元データ!C32) | F35: =DBCS(元データ!D32) -> １ｍＬ×５０Ａ | G35: =元データ!E32 -> 住友ファーマ | H35: =元データ!F32 -> 61 | I35: =元データ!G32 -> 3050 | J35: =元データ!H32 -> 50 | K35: =元データ!I32 -> A | L35: =元データ!J32 -> 2718 | M35: =元データ!K32 -> 54.36 | N35: =IF(OFFSET(マスタ非採用削除!A$4,統合マスタ!$A35,0)="","",OFFSET(マスタ非採用削除!A$4,統合マスタ!$A35,0)) -> ｱｷﾈ002 | O35: =IF(OFFSET(マスタ非採用削除!B$4,統合マスタ!$A35,0)="","",OFFSET(マスタ非採用削除!B$4,統合マスタ!$A35,0)) -> ｱｷﾈ002 | P35: =IF(OFFSET(マスタ非採用削除!C$4,統合マスタ!$A35,0)="","",OFFSET(マスタ非採用削除!C$4,統合マスタ!$A35,0)) -> アキネトン注射液５ｍｇ | Q35: =IF(OFFSET(マスタ非採用削除!D$4,統合マスタ!$A35,0)="","",OFFSET(マスタ非採用削除!D$4,統合マスタ!$A35,0)) -> ｱｷﾈﾄﾝﾁ | R35: =IF(AA35="非採用",0,IF(OFFSET(マスタ非採用削除!E$4,統合マスタ!$A35,0)="","",OFFSET(マスタ非採用削除!E$4,統合マスタ!$A35,0))) -> 1 | S35: =IF(OFFSET(マスタ非採用削除!F$4,統合マスタ!$A35,0)="","",OFFSET(マスタ非採用削除!F$4,統合マスタ!$A35,0)) | T35: =IF(OFFSET(マスタ非採用削除!G$4,統合マスタ!$A35,0)="","",OFFSET(マスタ非採用削除!G$4,統合マスタ!$A35,0)) -> 61 | U35: =IF(OFFSET(マスタ非採用削除!H$4,統合マスタ!$A35,0)="","",OFFSET(マスタ非採用削除!H$4,統合マスタ!$A35,0)) -> ｱｷﾈﾄﾝﾁｭｳｼｬｴｷ5mg | V35: =IF(OFFSET(マスタ非採用削除!I$4,統合マスタ!$A35,0)="","",OFFSET(マスタ非採用削除!I$4,統合マスタ!$A35,0)) -> 25 | W35: =IF(OFFSET(マスタ非採用削除!J$4,統合マスタ!$A35,0)="","",OFFSET(マスタ非採用削除!J$4,統合マスタ!$A35,0)) -> 注射剤 | X35: =IF(OFFSET(マスタ非採用削除!K$4,統合マスタ!$A35,0)="","",OFFSET(マスタ非採用削除!K$4,統合マスタ!$A35,0)) -> 2 | Y35: =IF(OFFSET(マスタ非採用削除!L$4,統合マスタ!$A35,0)="","",OFFSET(マスタ非採用削除!L$4,統合マスタ!$A35,0)) | Z35: =IF(OFFSET(マスタ非採用削除!M$4,統合マスタ!$A35,0)="","",OFFSET(マスタ非採用削除!M$4,統合マスタ!$A35,0)) -> 9 | AB35: =IF(R35=2,"臨時", IF(COUNTIF(分類!$H$8:$H$15, 統合マスタ!V35)>0, 分類!$G$7, IF(COUNTIF(分類!$K$8:$K$15, 統合マスタ!V35)>0, 分類!$J$7, IF(COUNTIF(分類!$N$8:$N$15, 統合マスタ!V35)>0, 分類!$M$7, IF(COUNTIF(分類!$Q$8:$Q$15, 統合マスタ!V35)>0, 分類!$P$7, "無し"))))) -> 注射 | AC35: {=OFFSET( INDIRECT("'" & AB35 & "'!A4"), MATCH(B35, INDIRECT("'" & AB35 & "'!C5:C1000"), 0), MATCH("合計", INDIRECT("'" & AB35 & "'!4:4"), 0) - 1 )} -> 0
A36: =元データ!P33 -> 3 | B36: =B35+1 -> 32 | C36: =DBCS(元データ!A33) -> アクアチムクリーム１％ | D36: =元データ!B33 -> スズケン | E36: =DBCS(元データ!C33) | F36: =DBCS(元データ!D33) -> １０ｇＸ１０ | G36: =元データ!E33 -> 大塚製薬 | H36: =元データ!F33 -> 20.7 | I36: =元データ!G33 -> 2070 | J36: =元データ!H33 -> 100 | K36: =元データ!I33 -> ｇ | L36: =元データ!J33 -> 1841 | M36: =元データ!K33 -> 18.41 | N36: =IF(OFFSET(マスタ非採用削除!A$4,統合マスタ!$A36,0)="","",OFFSET(マスタ非採用削除!A$4,統合マスタ!$A36,0)) -> ｱｸｱ001 | O36: =IF(OFFSET(マスタ非採用削除!B$4,統合マスタ!$A36,0)="","",OFFSET(マスタ非採用削除!B$4,統合マスタ!$A36,0)) -> ｱｸｱ001 | P36: =IF(OFFSET(マスタ非採用削除!C$4,統合マスタ!$A36,0)="","",OFFSET(マスタ非採用削除!C$4,統合マスタ!$A36,0)) -> アクアチムクリーム１％ | Q36: =IF(OFFSET(マスタ非採用削除!D$4,統合マスタ!$A36,0)="","",OFFSET(マスタ非採用削除!D$4,統合マスタ!$A36,0)) -> ｱｸｱﾁﾑ | R36: =IF(AA36="非採用",0,IF(OFFSET(マスタ非採用削除!E$4,統合マスタ!$A36,0)="","",OFFSET(マスタ非採用削除!E$4,統合マスタ!$A36,0))) -> 1 | S36: =IF(OFFSET(マスタ非採用削除!F$4,統合マスタ!$A36,0)="","",OFFSET(マスタ非採用削除!F$4,統合マスタ!$A36,0)) | T36: =IF(OFFSET(マスタ非採用削除!G$4,統合マスタ!$A36,0)="","",OFFSET(マスタ非採用削除!G$4,統合マスタ!$A36,0)) -> 20.7 | U36: =IF(OFFSET(マスタ非採用削除!H$4,統合マスタ!$A36,0)="","",OFFSET(マスタ非採用削除!H$4,統合マスタ!$A36,0)) -> ｱｸｱﾁﾑｸﾘｰﾑ1% | V36: =IF(OFFSET(マスタ非採用削除!I$4,統合マスタ!$A36,0)="","",OFFSET(マスタ非採用削除!I$4,統合マスタ!$A36,0)) -> 15 | W36: =IF(OFFSET(マスタ非採用削除!J$4,統合マスタ!$A36,0)="","",OFFSET(マスタ非採用削除!J$4,統合マスタ!$A36,0)) -> クリーム | X36: =IF(OFFSET(マスタ非採用削除!K$4,統合マスタ!$A36,0)="","",OFFSET(マスタ非採用削除!K$4,統合マスタ!$A36,0)) -> 0 | Y36: =IF(OFFSET(マスタ非採用削除!L$4,統合マスタ!$A36,0)="","",OFFSET(マスタ非採用削除!L$4,統合マスタ!$A36,0)) | Z36: =IF(OFFSET(マスタ非採用削除!M$4,統合マスタ!$A36,0)="","",OFFSET(マスタ非採用削除!M$4,統合マスタ!$A36,0)) -> 3 | AB36: =IF(R36=2,"臨時", IF(COUNTIF(分類!$H$8:$H$15, 統合マスタ!V36)>0, 分類!$G$7, IF(COUNTIF(分類!$K$8:$K$15, 統合マスタ!V36)>0, 分類!$J$7, IF(COUNTIF(分類!$N$8:$N$15, 統合マスタ!V36)>0, 分類!$M$7, IF(COUNTIF(分類!$Q$8:$Q$15, 統合マスタ!V36)>0, 分類!$P$7, "無し"))))) -> 外用剤 | AC36: {=OFFSET( INDIRECT("'" & AB36 & "'!A4"), MATCH(B36, INDIRECT("'" & AB36 & "'!C5:C1000"), 0), MATCH("合計", INDIRECT("'" & AB36 & "'!4:4"), 0) - 1 )} -> #REF!
A37: =元データ!P34 -> 4 | B37: =B36+1 -> 33 | C37: =DBCS(元データ!A34) -> アクチット輸液 | D37: =元データ!B34 -> メディセオ | E37: =DBCS(元データ!C34) | F37: =DBCS(元データ!D34) -> ５００ｍｌｘ２０袋 | G37: =元データ!E34 -> 扶桑薬品 | H37: =元データ!F34 -> 341 | I37: =元データ!G34 -> 6820 | J37: =元データ!H34 -> 20 | K37: =元データ!I34 -> 袋 | L37: =元データ!J34 -> 6075 | M37: =元データ!K34 -> 303.75 | N37: =IF(OFFSET(マスタ非採用削除!A$4,統合マスタ!$A37,0)="","",OFFSET(マスタ非採用削除!A$4,統合マスタ!$A37,0)) -> ｱｸﾁ002 | O37: =IF(OFFSET(マスタ非採用削除!B$4,統合マスタ!$A37,0)="","",OFFSET(マスタ非採用削除!B$4,統合マスタ!$A37,0)) -> ｱｸﾁ002 | P37: =IF(OFFSET(マスタ非採用削除!C$4,統合マスタ!$A37,0)="","",OFFSET(マスタ非採用削除!C$4,統合マスタ!$A37,0)) -> アクチット輸液 | Q37: =IF(OFFSET(マスタ非採用削除!D$4,統合マスタ!$A37,0)="","",OFFSET(マスタ非採用削除!D$4,統合マスタ!$A37,0)) | R37: =IF(AA37="非採用",0,IF(OFFSET(マスタ非採用削除!E$4,統合マスタ!$A37,0)="","",OFFSET(マスタ非採用削除!E$4,統合マスタ!$A37,0))) -> 1 | S37: =IF(OFFSET(マスタ非採用削除!F$4,統合マスタ!$A37,0)="","",OFFSET(マスタ非採用削除!F$4,統合マスタ!$A37,0)) | T37: =IF(OFFSET(マスタ非採用削除!G$4,統合マスタ!$A37,0)="","",OFFSET(マスタ非採用削除!G$4,統合マスタ!$A37,0)) -> 341 | U37: =IF(OFFSET(マスタ非採用削除!H$4,統合マスタ!$A37,0)="","",OFFSET(マスタ非採用削除!H$4,統合マスタ!$A37,0)) -> ｱｸﾁﾂﾄﾕｴｷ | V37: =IF(OFFSET(マスタ非採用削除!I$4,統合マスタ!$A37,0)="","",OFFSET(マスタ非採用削除!I$4,統合マスタ!$A37,0)) -> 25 | W37: =IF(OFFSET(マスタ非採用削除!J$4,統合マスタ!$A37,0)="","",OFFSET(マスタ非採用削除!J$4,統合マスタ!$A37,0)) -> 注射剤 | X37: =IF(OFFSET(マスタ非採用削除!K$4,統合マスタ!$A37,0)="","",OFFSET(マスタ非採用削除!K$4,統合マスタ!$A37,0)) -> 0 | Y37: =IF(OFFSET(マスタ非採用削除!L$4,統合マスタ!$A37,0)="","",OFFSET(マスタ非採用削除!L$4,統合マスタ!$A37,0)) | Z37: =IF(OFFSET(マスタ非採用削除!M$4,統合マスタ!$A37,0)="","",OFFSET(マスタ非採用削除!M$4,統合マスタ!$A37,0)) -> 10 | AB37: =IF(R37=2,"臨時", IF(COUNTIF(分類!$H$8:$H$15, 統合マスタ!V37)>0, 分類!$G$7, IF(COUNTIF(分類!$K$8:$K$15, 統合マスタ!V37)>0, 分類!$J$7, IF(COUNTIF(分類!$N$8:$N$15, 統合マスタ!V37)>0, 分類!$M$7, IF(COUNTIF(分類!$Q$8:$Q$15, 統合マスタ!V37)>0, 分類!$P$7, "無し"))))) -> 注射 | AC37: {=OFFSET( INDIRECT("'" & AB37 & "'!A4"), MATCH(B37, INDIRECT("'" & AB37 & "'!C5:C1000"), 0), MATCH("合計", INDIRECT("'" & AB37 & "'!4:4"), 0) - 1 )} -> 0
A38: =元データ!P35 -> 5 | B38: =B37+1 -> 34 | C38: =DBCS(元データ!A35) -> アクトシン軟膏３％ | D38: =元データ!B35 -> アルフレッサ | E38: =DBCS(元データ!C35) | F38: =DBCS(元データ!D35) -> ３０ｇ | G38: =元データ!E35 -> マルホ | H38: =元データ!F35 -> 50 | I38: =元データ!G35 -> 1500 | J38: =元データ!H35 -> 30 | K38: =元データ!I35 -> g | L38: =元データ!J35 -> 1251 | M38: =元データ!K35 -> 41.7 | N38: =IF(OFFSET(マスタ非採用削除!A$4,統合マスタ!$A38,0)="","",OFFSET(マスタ非採用削除!A$4,統合マスタ!$A38,0)) -> ｱｸﾄ001 | O38: =IF(OFFSET(マスタ非採用削除!B$4,統合マスタ!$A38,0)="","",OFFSET(マスタ非採用削除!B$4,統合マスタ!$A38,0)) -> ｱｸﾄ001 | P38: =IF(OFFSET(マスタ非採用削除!C$4,統合マスタ!$A38,0)="","",OFFSET(マスタ非採用削除!C$4,統合マスタ!$A38,0)) -> アクトシン軟膏３％ | Q38: =IF(OFFSET(マスタ非採用削除!D$4,統合マスタ!$A38,0)="","",OFFSET(マスタ非採用削除!D$4,統合マスタ!$A38,0)) -> ｱｸﾄｼﾝ | R38: =IF(AA38="非採用",0,IF(OFFSET(マスタ非採用削除!E$4,統合マスタ!$A38,0)="","",OFFSET(マスタ非採用削除!E$4,統合マスタ!$A38,0))) -> 1 | S38: =IF(OFFSET(マスタ非採用削除!F$4,統合マスタ!$A38,0)="","",OFFSET(マスタ非採用削除!F$4,統合マスタ!$A38,0)) | T38: =IF(OFFSET(マスタ非採用削除!G$4,統合マスタ!$A38,0)="","",OFFSET(マスタ非採用削除!G$4,統合マスタ!$A38,0)) -> 50 | U38: =IF(OFFSET(マスタ非採用削除!H$4,統合マスタ!$A38,0)="","",OFFSET(マスタ非採用削除!H$4,統合マスタ!$A38,0)) -> ｱｸﾄｼﾝﾅﾝｺｳ3% | V38: =IF(OFFSET(マスタ非採用削除!I$4,統合マスタ!$A38,0)="","",OFFSET(マスタ非採用削除!I$4,統合マスタ!$A38,0)) -> 14 | W38: =IF(OFFSET(マスタ非採用削除!J$4,統合マスタ!$A38,0)="","",OFFSET(マスタ非採用削除!J$4,統合マスタ!$A38,0)) -> 軟膏 | X38: =IF(OFFSET(マスタ非採用削除!K$4,統合マスタ!$A38,0)="","",OFFSET(マスタ非採用削除!K$4,統合マスタ!$A38,0)) -> 0 | Y38: =IF(OFFSET(マスタ非採用削除!L$4,統合マスタ!$A38,0)="","",OFFSET(マスタ非採用削除!L$4,統合マスタ!$A38,0)) | Z38: =IF(OFFSET(マスタ非採用削除!M$4,統合マスタ!$A38,0)="","",OFFSET(マスタ非採用削除!M$4,統合マスタ!$A38,0)) -> 15 | AB38: =IF(R38=2,"臨時", IF(COUNTIF(分類!$H$8:$H$15, 統合マスタ!V38)>0, 分類!$G$7, IF(COUNTIF(分類!$K$8:$K$15, 統合マスタ!V38)>0, 分類!$J$7, IF(COUNTIF(分類!$N$8:$N$15, 統合マスタ!V38)>0, 分類!$M$7, IF(COUNTIF(分類!$Q$8:$Q$15, 統合マスタ!V38)>0, 分類!$P$7, "無し"))))) -> 外用剤 | AC38: {=OFFSET( INDIRECT("'" & AB38 & "'!A4"), MATCH(B38, INDIRECT("'" & AB38 & "'!C5:C1000"), 0), MATCH("合計", INDIRECT("'" & AB38 & "'!4:4"), 0) - 1 )} -> #REF!
A39: =元データ!P36 -> 6 | B39: =B38+1 -> 35 | C39: =DBCS(元データ!A36) -> アザルフィジンＥＮ錠５００ｍｇ | D39: =元データ!B36 -> KSK | E39: =DBCS(元データ!C36) -> ＰＴＰ | F39: =DBCS(元データ!D36) -> １００Ｔ | G39: =元データ!E36 -> ファイザー | H39: =元データ!F36 -> 25.9 | I39: =元データ!G36 -> 2590 | J39: =元データ!H36 -> 100 | K39: =元データ!I36 -> 錠 | L39: =元データ!J36 -> 2308 | M39: =元データ!K36 -> 23.08 | N39: =IF(OFFSET(マスタ非採用削除!A$4,統合マスタ!$A39,0)="","",OFFSET(マスタ非採用削除!A$4,統合マスタ!$A39,0)) -> ｱｻﾙ001 | O39: =IF(OFFSET(マスタ非採用削除!B$4,統合マスタ!$A39,0)="","",OFFSET(マスタ非採用削除!B$4,統合マスタ!$A39,0)) -> ｱｻﾙ001 | P39: =IF(OFFSET(マスタ非採用削除!C$4,統合マスタ!$A39,0)="","",OFFSET(マスタ非採用削除!C$4,統合マスタ!$A39,0)) -> アザルフィジンＥＮ錠５００ｍｇ | Q39: =IF(OFFSET(マスタ非採用削除!D$4,統合マスタ!$A39,0)="","",OFFSET(マスタ非採用削除!D$4,統合マスタ!$A39,0)) -> ｱｻﾞﾙ1 | R39: =IF(AA39="非採用",0,IF(OFFSET(マスタ非採用削除!E$4,統合マスタ!$A39,0)="","",OFFSET(マスタ非採用削除!E$4,統合マスタ!$A39,0))) -> 2 | S39: =IF(OFFSET(マスタ非採用削除!F$4,統合マスタ!$A39,0)="","",OFFSET(マスタ非採用削除!F$4,統合マスタ!$A39,0)) | T39: =IF(OFFSET(マスタ非採用削除!G$4,統合マスタ!$A39,0)="","",OFFSET(マスタ非採用削除!G$4,統合マスタ!$A39,0)) -> 25.9 | U39: =IF(OFFSET(マスタ非採用削除!H$4,統合マスタ!$A39,0)="","",OFFSET(マスタ非採用削除!H$4,統合マスタ!$A39,0)) -> ｱｻﾞﾙﾌｨｼﾞﾝENｼﾞｮｳ500mg | V39: =IF(OFFSET(マスタ非採用削除!I$4,統合マスタ!$A39,0)="","",OFFSET(マスタ非採用削除!I$4,統合マスタ!$A39,0)) -> 1 | W39: =IF(OFFSET(マスタ非採用削除!J$4,統合マスタ!$A39,0)="","",OFFSET(マスタ非採用削除!J$4,統合マスタ!$A39,0)) -> 錠剤 | X39: =IF(OFFSET(マスタ非採用削除!K$4,統合マスタ!$A39,0)="","",OFFSET(マスタ非採用削除!K$4,統合マスタ!$A39,0)) -> 0 | Y39: =IF(OFFSET(マスタ非採用削除!L$4,統合マスタ!$A39,0)="","",OFFSET(マスタ非採用削除!L$4,統合マスタ!$A39,0)) | Z39: =IF(OFFSET(マスタ非採用削除!M$4,統合マスタ!$A39,0)="","",OFFSET(マスタ非採用削除!M$4,統合マスタ!$A39,0)) -> 3 | AB39: =IF(R39=2,"臨時", IF(COUNTIF(分類!$H$8:$H$15, 統合マスタ!V39)>0, 分類!$G$7, IF(COUNTIF(分類!$K$8:$K$15, 統合マスタ!V39)>0, 分類!$J$7, IF(COUNTIF(分類!$N$8:$N$15, 統合マスタ!V39)>0, 分類!$M$7, IF(COUNTIF(分類!$Q$8:$Q$15, 統合マスタ!V39)>0, 分類!$P$7, "無し"))))) -> 臨時 | AC39: {=OFFSET( INDIRECT("'" & AB39 & "'!A4"), MATCH(B39, INDIRECT("'" & AB39 & "'!C5:C1000"), 0), MATCH("合計", INDIRECT("'" & AB39 & "'!4:4"), 0) - 1 )} -> 0
A40: =元データ!P37 -> 7 | B40: =B39+1 -> 36 | C40: =DBCS(元データ!A37) -> アシクロビル点滴静注用２５０ｍｇ「サワイ」 | D40: =元データ!B37 | E40: =DBCS(元データ!C37) | F40: =DBCS(元データ!D37) -> １０Ｖ | G40: =元データ!E37 -> 沢井製薬 | H40: =元データ!F37 -> 368 | I40: =元データ!G37 -> 3680 | J40: =元データ!H37 -> 10 | K40: =元データ!I37 -> V | L40: =元データ!J37 -> 3238 | M40: =元データ!K37 -> 323.8 | N40: =IF(OFFSET(マスタ非採用削除!A$4,統合マスタ!$A40,0)="","",OFFSET(マスタ非採用削除!A$4,統合マスタ!$A40,0)) -> ｱｼｸ001 | O40: =IF(OFFSET(マスタ非採用削除!B$4,統合マスタ!$A40,0)="","",OFFSET(マスタ非採用削除!B$4,統合マスタ!$A40,0)) -> ｱｼｸ001 | P40: =IF(OFFSET(マスタ非採用削除!C$4,統合マスタ!$A40,0)="","",OFFSET(マスタ非採用削除!C$4,統合マスタ!$A40,0)) -> アシクロビル点滴静注用２５０ｍｇ「サワイ」 | Q40: =IF(OFFSET(マスタ非採用削除!D$4,統合マスタ!$A40,0)="","",OFFSET(マスタ非採用削除!D$4,統合マスタ!$A40,0)) -> ｱｼｸﾛ | R40: =IF(AA40="非採用",0,IF(OFFSET(マスタ非採用削除!E$4,統合マスタ!$A40,0)="","",OFFSET(マスタ非採用削除!E$4,統合マスタ!$A40,0))) -> 2 | S40: =IF(OFFSET(マスタ非採用削除!F$4,統合マスタ!$A40,0)="","",OFFSET(マスタ非採用削除!F$4,統合マスタ!$A40,0)) | T40: =IF(OFFSET(マスタ非採用削除!G$4,統合マスタ!$A40,0)="","",OFFSET(マスタ非採用削除!G$4,統合マスタ!$A40,0)) -> 368 | U40: =IF(OFFSET(マスタ非採用削除!H$4,統合マスタ!$A40,0)="","",OFFSET(マスタ非採用削除!H$4,統合マスタ!$A40,0)) -> ｱｼｸﾛﾋﾞﾙﾃﾝﾃｷｼﾞｮｳﾁｭｳﾖｳ250mg｢ｻﾜｲ｣ | V40: =IF(OFFSET(マスタ非採用削除!I$4,統合マスタ!$A40,0)="","",OFFSET(マスタ非採用削除!I$4,統合マスタ!$A40,0)) -> 25 | W40: =IF(OFFSET(マスタ非採用削除!J$4,統合マスタ!$A40,0)="","",OFFSET(マスタ非採用削除!J$4,統合マスタ!$A40,0)) -> 注射剤 | X40: =IF(OFFSET(マスタ非採用削除!K$4,統合マスタ!$A40,0)="","",OFFSET(マスタ非採用削除!K$4,統合マスタ!$A40,0)) -> 0 | Y40: =IF(OFFSET(マスタ非採用削除!L$4,統合マスタ!$A40,0)="","",OFFSET(マスタ非採用削除!L$4,統合マスタ!$A40,0)) | Z40: =IF(OFFSET(マスタ非採用削除!M$4,統合マスタ!$A40,0)="","",OFFSET(マスタ非採用削除!M$4,統合マスタ!$A40,0)) -> 9 | AB40: =IF(R40=2,"臨時", IF(COUNTIF(分類!$H$8:$H$15, 統合マスタ!V40)>0, 分類!$G$7, IF(COUNTIF(分類!$K$8:$K$15, 統合マスタ!V40)>0, 分類!$J$7, IF(COUNTIF(分類!$N$8:$N$15, 統合マスタ!V40)>0, 分類!$M$7, IF(COUNTIF(分類!$Q$8:$Q$15, 統合マスタ!V40)>0, 分類!$P$7, "無し"))))) -> 臨時 | AC40: {=OFFSET( INDIRECT("'" & AB40 & "'!A4"), MATCH(B40, INDIRECT("'" & AB40 & "'!C5:C1000"), 0), MATCH("合計", INDIRECT("'" & AB40 & "'!4:4"), 0) - 1 )} -> 0
A41: =元データ!P38 -> 8 | B41: =B40+1 -> 37 | C41: =DBCS(元データ!A38) -> アジスロマイシン錠２５０ｍｇ「トーワ」 | D41: =元データ!B38 | E41: =DBCS(元データ!C38) -> ＰＴＰ | F41: =DBCS(元データ!D38) -> ６０Ｔ | G41: =元データ!E38 -> 東和薬品 | H41: =元データ!F38 -> 60.7 | I41: =元データ!G38 -> 3642 | J41: =元データ!H38 -> 60 | K41: =元データ!I38 -> 錠 | L41: =元データ!J38 -> 2952 | M41: =元データ!K38 -> 49.2 | N41: =IF(OFFSET(マスタ非採用削除!A$4,統合マスタ!$A41,0)="","",OFFSET(マスタ非採用削除!A$4,統合マスタ!$A41,0)) -> ｱｼｽ001 | O41: =IF(OFFSET(マスタ非採用削除!B$4,統合マスタ!$A41,0)="","",OFFSET(マスタ非採用削除!B$4,統合マスタ!$A41,0)) -> ｱｼｽ001 | P41: =IF(OFFSET(マスタ非採用削除!C$4,統合マスタ!$A41,0)="","",OFFSET(マスタ非採用削除!C$4,統合マスタ!$A41,0)) -> アジスロマイシン錠２５０ｍｇ「トーワ」 | Q41: =IF(OFFSET(マスタ非採用削除!D$4,統合マスタ!$A41,0)="","",OFFSET(マスタ非採用削除!D$4,統合マスタ!$A41,0)) -> ｱｼﾞｽ | R41: =IF(AA41="非採用",0,IF(OFFSET(マスタ非採用削除!E$4,統合マスタ!$A41,0)="","",OFFSET(マスタ非採用削除!E$4,統合マスタ!$A41,0))) -> 1 | S41: =IF(OFFSET(マスタ非採用削除!F$4,統合マスタ!$A41,0)="","",OFFSET(マスタ非採用削除!F$4,統合マスタ!$A41,0)) | T41: =IF(OFFSET(マスタ非採用削除!G$4,統合マスタ!$A41,0)="","",OFFSET(マスタ非採用削除!G$4,統合マスタ!$A41,0)) -> 60.7 | U41: =IF(OFFSET(マスタ非採用削除!H$4,統合マスタ!$A41,0)="","",OFFSET(マスタ非採用削除!H$4,統合マスタ!$A41,0)) -> ｱｼﾞｽﾛﾏｲｼﾝｼﾞｮｳ250mg｢ﾄｰﾜ｣ | V41: =IF(OFFSET(マスタ非採用削除!I$4,統合マスタ!$A41,0)="","",OFFSET(マスタ非採用削除!I$4,統合マスタ!$A41,0)) -> 1 | W41: =IF(OFFSET(マスタ非採用削除!J$4,統合マスタ!$A41,0)="","",OFFSET(マスタ非採用削除!J$4,統合マスタ!$A41,0)) -> 錠剤 | X41: =IF(OFFSET(マスタ非採用削除!K$4,統合マスタ!$A41,0)="","",OFFSET(マスタ非採用削除!K$4,統合マスタ!$A41,0)) -> 0 | Y41: =IF(OFFSET(マスタ非採用削除!L$4,統合マスタ!$A41,0)="","",OFFSET(マスタ非採用削除!L$4,統合マスタ!$A41,0)) | Z41: =IF(OFFSET(マスタ非採用削除!M$4,統合マスタ!$A41,0)="","",OFFSET(マスタ非採用削除!M$4,統合マスタ!$A41,0)) -> 1 | AB41: =IF(R41=2,"臨時", IF(COUNTIF(分類!$H$8:$H$15, 統合マスタ!V41)>0, 分類!$G$7, IF(COUNTIF(分類!$K$8:$K$15, 統合マスタ!V41)>0, 分類!$J$7, IF(COUNTIF(分類!$N$8:$N$15, 統合マスタ!V41)>0, 分類!$M$7, IF(COUNTIF(分類!$Q$8:$Q$15, 統合マスタ!V41)>0, 分類!$P$7, "無し"))))) -> 錠剤 | AC41: {=OFFSET( INDIRECT("'" & AB41 & "'!A4"), MATCH(B41, INDIRECT("'" & AB41 & "'!C5:C1000"), 0), MATCH("合計", INDIRECT("'" & AB41 & "'!4:4"), 0) - 1 )} -> 3
A42: =元データ!P39 -> 9 | B42: =B41+1 -> 38 | C42: =DBCS(元データ!A39) -> アジルサルタンＯＤ錠２０ｍｇ「サワイ」 | D42: =元データ!B39 -> アルフレッサ | E42: =DBCS(元データ!C39) -> ＰＴＰ | F42: =DBCS(元データ!D39) -> １００Ｔ | G42: =元データ!E39 -> 沢井製薬 | H42: =元データ!F39 -> 27.4 | I42: =元データ!G39 -> 2740 | J42: =元データ!H39 -> 100 | K42: =元データ!I39 -> 錠 | L42: =元データ!J39 -> 2082 | M42: =元データ!K39 -> 20.82 | N42: =IF(OFFSET(マスタ非採用削除!A$4,統合マスタ!$A42,0)="","",OFFSET(マスタ非採用削除!A$4,統合マスタ!$A42,0)) -> ｱｼﾙ003 | O42: =IF(OFFSET(マスタ非採用削除!B$4,統合マスタ!$A42,0)="","",OFFSET(マスタ非採用削除!B$4,統合マスタ!$A42,0)) -> ｱｼﾙ003 | P42: =IF(OFFSET(マスタ非採用削除!C$4,統合マスタ!$A42,0)="","",OFFSET(マスタ非採用削除!C$4,統合マスタ!$A42,0)) -> アジルサルタンＯＤ錠２０ｍｇ「サワイ」 | Q42: =IF(OFFSET(マスタ非採用削除!D$4,統合マスタ!$A42,0)="","",OFFSET(マスタ非採用削除!D$4,統合マスタ!$A42,0)) | R42: =IF(AA42="非採用",0,IF(OFFSET(マスタ非採用削除!E$4,統合マスタ!$A42,0)="","",OFFSET(マスタ非採用削除!E$4,統合マスタ!$A42,0))) -> 1 | S42: =IF(OFFSET(マスタ非採用削除!F$4,統合マスタ!$A42,0)="","",OFFSET(マスタ非採用削除!F$4,統合マスタ!$A42,0)) | T42: =IF(OFFSET(マスタ非採用削除!G$4,統合マスタ!$A42,0)="","",OFFSET(マスタ非採用削除!G$4,統合マスタ!$A42,0)) -> 27.4 | U42: =IF(OFFSET(マスタ非採用削除!H$4,統合マスタ!$A42,0)="","",OFFSET(マスタ非採用削除!H$4,統合マスタ!$A42,0)) -> ｱｼﾞﾙｻﾙﾀﾝODｼﾞﾖｳ20MGｻﾜｲ | V42: =IF(OFFSET(マスタ非採用削除!I$4,統合マスタ!$A42,0)="","",OFFSET(マスタ非採用削除!I$4,統合マスタ!$A42,0)) -> 1 | W42: =IF(OFFSET(マスタ非採用削除!J$4,統合マスタ!$A42,0)="","",OFFSET(マスタ非採用削除!J$4,統合マスタ!$A42,0)) -> 錠剤 | X42: =IF(OFFSET(マスタ非採用削除!K$4,統合マスタ!$A42,0)="","",OFFSET(マスタ非採用削除!K$4,統合マスタ!$A42,0)) -> 0 | Y42: =IF(OFFSET(マスタ非採用削除!L$4,統合マスタ!$A42,0)="","",OFFSET(マスタ非採用削除!L$4,統合マスタ!$A42,0)) | Z42: =IF(OFFSET(マスタ非採用削除!M$4,統合マスタ!$A42,0)="","",OFFSET(マスタ非採用削除!M$4,統合マスタ!$A42,0)) -> 25 | AB42: =IF(R42=2,"臨時", IF(COUNTIF(分類!$H$8:$H$15, 統合マスタ!V42)>0, 分類!$G$7, IF(COUNTIF(分類!$K$8:$K$15, 統合マスタ!V42)>0, 分類!$J$7, IF(COUNTIF(分類!$N$8:$N$15, 統合マスタ!V42)>0, 分類!$M$7, IF(COUNTIF(分類!$Q$8:$Q$15, 統合マスタ!V42)>0, 分類!$P$7, "無し"))))) -> 錠剤 | AC42: {=OFFSET( INDIRECT("'" & AB42 & "'!A4"), MATCH(B42, INDIRECT("'" & AB42 & "'!C5:C1000"), 0), MATCH("合計", INDIRECT("'" & AB42 & "'!4:4"), 0) - 1 )} -> 4
A43: =元データ!P40 -> 9 | B43: =B42+1 -> 39 | C43: =DBCS(元データ!A40) -> アジルサルタンＯＤ錠２０ｍｇ「サワイ」 | D43: =元データ!B40 -> アルフレッサ | E43: =DBCS(元データ!C40) -> バラ | F43: =DBCS(元データ!D40) -> ２００Ｔ | G43: =元データ!E40 -> 沢井製薬 | H43: =元データ!F40 -> 27.4 | I43: =元データ!G40 -> 5480 | J43: =元データ!H40 -> 200 | K43: =元データ!I40 -> 錠 | L43: =元データ!J40 -> 4165 | M43: =元データ!K40 -> 20.825 | N43: =IF(OFFSET(マスタ非採用削除!A$4,統合マスタ!$A43,0)="","",OFFSET(マスタ非採用削除!A$4,統合マスタ!$A43,0)) -> ｱｼﾙ003 | O43: =IF(OFFSET(マスタ非採用削除!B$4,統合マスタ!$A43,0)="","",OFFSET(マスタ非採用削除!B$4,統合マスタ!$A43,0)) -> ｱｼﾙ003 | P43: =IF(OFFSET(マスタ非採用削除!C$4,統合マスタ!$A43,0)="","",OFFSET(マスタ非採用削除!C$4,統合マスタ!$A43,0)) -> アジルサルタンＯＤ錠２０ｍｇ「サワイ」 | Q43: =IF(OFFSET(マスタ非採用削除!D$4,統合マスタ!$A43,0)="","",OFFSET(マスタ非採用削除!D$4,統合マスタ!$A43,0)) | R43: =IF(AA43="非採用",0,IF(OFFSET(マスタ非採用削除!E$4,統合マスタ!$A43,0)="","",OFFSET(マスタ非採用削除!E$4,統合マスタ!$A43,0))) -> 1 | S43: =IF(OFFSET(マスタ非採用削除!F$4,統合マスタ!$A43,0)="","",OFFSET(マスタ非採用削除!F$4,統合マスタ!$A43,0)) | T43: =IF(OFFSET(マスタ非採用削除!G$4,統合マスタ!$A43,0)="","",OFFSET(マスタ非採用削除!G$4,統合マスタ!$A43,0)) -> 27.4 | U43: =IF(OFFSET(マスタ非採用削除!H$4,統合マスタ!$A43,0)="","",OFFSET(マスタ非採用削除!H$4,統合マスタ!$A43,0)) -> ｱｼﾞﾙｻﾙﾀﾝODｼﾞﾖｳ20MGｻﾜｲ | V43: =IF(OFFSET(マスタ非採用削除!I$4,統合マスタ!$A43,0)="","",OFFSET(マスタ非採用削除!I$4,統合マスタ!$A43,0)) -> 1 | W43: =IF(OFFSET(マスタ非採用削除!J$4,統合マスタ!$A43,0)="","",OFFSET(マスタ非採用削除!J$4,統合マスタ!$A43,0)) -> 錠剤 | X43: =IF(OFFSET(マスタ非採用削除!K$4,統合マスタ!$A43,0)="","",OFFSET(マスタ非採用削除!K$4,統合マスタ!$A43,0)) -> 0 | Y43: =IF(OFFSET(マスタ非採用削除!L$4,統合マスタ!$A43,0)="","",OFFSET(マスタ非採用削除!L$4,統合マスタ!$A43,0)) | Z43: =IF(OFFSET(マスタ非採用削除!M$4,統合マスタ!$A43,0)="","",OFFSET(マスタ非採用削除!M$4,統合マスタ!$A43,0)) -> 25 | AB43: =IF(R43=2,"臨時", IF(COUNTIF(分類!$H$8:$H$15, 統合マスタ!V43)>0, 分類!$G$7, IF(COUNTIF(分類!$K$8:$K$15, 統合マスタ!V43)>0, 分類!$J$7, IF(COUNTIF(分類!$N$8:$N$15, 統合マスタ!V43)>0, 分類!$M$7, IF(COUNTIF(分類!$Q$8:$Q$15, 統合マスタ!V43)>0, 分類!$P$7, "無し"))))) -> 錠剤 | AC43: {=OFFSET( INDIRECT("'" & AB43 & "'!A4"), MATCH(B43, INDIRECT("'" & AB43 & "'!C5:C1000"), 0), MATCH("合計", INDIRECT("'" & AB43 & "'!4:4"), 0) - 1 )} -> 5
A44: =元データ!P41 -> 10 | B44: =B43+1 -> 40 | C44: =DBCS(元データ!A41) -> アスコルビン酸注５００ｍｇ「イセイ」 | D44: =元データ!B41 -> アルフレッサ | E44: =DBCS(元データ!C41) | F44: =DBCS(元データ!D41) -> ２ｍｌｘ５０Ａ | G44: =元データ!E41 -> 愛知イセイ | H44: =元データ!F41 -> 100 | I44: =元データ!G41 -> 5000 | J44: =元データ!H41 -> 50 | K44: =元データ!I41 -> A | L44: =元データ!J41 -> 4545 | M44: =元データ!K41 -> 90.9 | N44: =IF(OFFSET(マスタ非採用削除!A$4,統合マスタ!$A44,0)="","",OFFSET(マスタ非採用削除!A$4,統合マスタ!$A44,0)) -> ｱｽｺ003 | O44: =IF(OFFSET(マスタ非採用削除!B$4,統合マスタ!$A44,0)="","",OFFSET(マスタ非採用削除!B$4,統合マスタ!$A44,0)) -> ｱｽｺ003 | P44: =IF(OFFSET(マスタ非採用削除!C$4,統合マスタ!$A44,0)="","",OFFSET(マスタ非採用削除!C$4,統合マスタ!$A44,0)) -> アスコルビン酸注５００ｍｇ「イセイ」 | Q44: =IF(OFFSET(マスタ非採用削除!D$4,統合マスタ!$A44,0)="","",OFFSET(マスタ非採用削除!D$4,統合マスタ!$A44,0)) | R44: =IF(AA44="非採用",0,IF(OFFSET(マスタ非採用削除!E$4,統合マスタ!$A44,0)="","",OFFSET(マスタ非採用削除!E$4,統合マスタ!$A44,0))) -> 1 | S44: =IF(OFFSET(マスタ非採用削除!F$4,統合マスタ!$A44,0)="","",OFFSET(マスタ非採用削除!F$4,統合マスタ!$A44,0)) | T44: =IF(OFFSET(マスタ非採用削除!G$4,統合マスタ!$A44,0)="","",OFFSET(マスタ非採用削除!G$4,統合マスタ!$A44,0)) -> 100 | U44: =IF(OFFSET(マスタ非採用削除!H$4,統合マスタ!$A44,0)="","",OFFSET(マスタ非採用削除!H$4,統合マスタ!$A44,0)) -> ｱｽｺﾙﾋﾞﾝｻﾝﾁﾕｳ500MGｲｾｲ | V44: =IF(OFFSET(マスタ非採用削除!I$4,統合マスタ!$A44,0)="","",OFFSET(マスタ非採用削除!I$4,統合マスタ!$A44,0)) -> 25 | W44: =IF(OFFSET(マスタ非採用削除!J$4,統合マスタ!$A44,0)="","",OFFSET(マスタ非採用削除!J$4,統合マスタ!$A44,0)) -> 注射剤 | X44: =IF(OFFSET(マスタ非採用削除!K$4,統合マスタ!$A44,0)="","",OFFSET(マスタ非採用削除!K$4,統合マスタ!$A44,0)) -> 0 | Y44: =IF(OFFSET(マスタ非採用削除!L$4,統合マスタ!$A44,0)="","",OFFSET(マスタ非採用削除!L$4,統合マスタ!$A44,0)) | Z44: =IF(OFFSET(マスタ非採用削除!M$4,統合マスタ!$A44,0)="","",OFFSET(マスタ非採用削除!M$4,統合マスタ!$A44,0)) -> 11 | AB44: =IF(R44=2,"臨時", IF(COUNTIF(分類!$H$8:$H$15, 統合マスタ!V44)>0, 分類!$G$7, IF(COUNTIF(分類!$K$8:$K$15, 統合マスタ!V44)>0, 分類!$J$7, IF(COUNTIF(分類!$N$8:$N$15, 統合マスタ!V44)>0, 分類!$M$7, IF(COUNTIF(分類!$Q$8:$Q$15, 統合マスタ!V44)>0, 分類!$P$7, "無し"))))) -> 注射 | AC44: {=OFFSET( INDIRECT("'" & AB44 & "'!A4"), MATCH(B44, INDIRECT("'" & AB44 & "'!C5:C1000"), 0), MATCH("合計", INDIRECT("'" & AB44 & "'!4:4"), 0) - 1 )} -> 0
A45: =元データ!P42 -> 非採用 | B45: =B44+1 -> 41 | C45: =DBCS(元データ!A42) -> アスコルビン酸注射液５００ｍｇ「トーワ」 | D45: =元データ!B42 -> 東和薬品 | E45: =DBCS(元データ!C42) | F45: =DBCS(元データ!D42) -> ２ｍｌｘ１００Ａ | G45: =元データ!E42 -> 東和薬品 | H45: =元データ!F42 -> 100 | I45: =元データ!G42 -> 10000 | J45: =元データ!H42 -> 100 | K45: =元データ!I42 -> A | L45: =元データ!J42 -> 7220 | M45: =元データ!K42 -> 72.2 | N45: =IF(OFFSET(マスタ非採用削除!A$4,統合マスタ!$A45,0)="","",OFFSET(マスタ非採用削除!A$4,統合マスタ!$A45,0)) -> #VALUE! | O45: =IF(OFFSET(マスタ非採用削除!B$4,統合マスタ!$A45,0)="","",OFFSET(マスタ非採用削除!B$4,統合マスタ!$A45,0)) -> #VALUE! | P45: =IF(OFFSET(マスタ非採用削除!C$4,統合マスタ!$A45,0)="","",OFFSET(マスタ非採用削除!C$4,統合マスタ!$A45,0)) -> #VALUE! | Q45: =IF(OFFSET(マスタ非採用削除!D$4,統合マスタ!$A45,0)="","",OFFSET(マスタ非採用削除!D$4,統合マスタ!$A45,0)) -> #VALUE! | R45: =IF(AA45="非採用",0,IF(OFFSET(マスタ非採用削除!E$4,統合マスタ!$A45,0)="","",OFFSET(マスタ非採用削除!E$4,統合マスタ!$A45,0))) -> 0 | S45: =IF(OFFSET(マスタ非採用削除!F$4,統合マスタ!$A45,0)="","",OFFSET(マスタ非採用削除!F$4,統合マスタ!$A45,0)) -> #VALUE! | T45: =IF(OFFSET(マスタ非採用削除!G$4,統合マスタ!$A45,0)="","",OFFSET(マスタ非採用削除!G$4,統合マスタ!$A45,0)) -> #VALUE! | U45: =IF(OFFSET(マスタ非採用削除!H$4,統合マスタ!$A45,0)="","",OFFSET(マスタ非採用削除!H$4,統合マスタ!$A45,0)) -> #VALUE! | V45: =IF(OFFSET(マスタ非採用削除!I$4,統合マスタ!$A45,0)="","",OFFSET(マスタ非採用削除!I$4,統合マスタ!$A45,0)) -> #VALUE! | W45: =IF(OFFSET(マスタ非採用削除!J$4,統合マスタ!$A45,0)="","",OFFSET(マスタ非採用削除!J$4,統合マスタ!$A45,0)) -> #VALUE! | X45: =IF(OFFSET(マスタ非採用削除!K$4,統合マスタ!$A45,0)="","",OFFSET(マスタ非採用削除!K$4,統合マスタ!$A45,0)) -> #VALUE! | Y45: =IF(OFFSET(マスタ非採用削除!L$4,統合マスタ!$A45,0)="","",OFFSET(マスタ非採用削除!L$4,統合マスタ!$A45,0)) -> #VALUE! | Z45: =IF(OFFSET(マスタ非採用削除!M$4,統合マスタ!$A45,0)="","",OFFSET(マスタ非採用削除!M$4,統合マスタ!$A45,0)) -> #VALUE! | AA45: 非採用 | AB45: =IF(R45=2,"臨時", IF(COUNTIF(分類!$H$8:$H$15, 統合マスタ!V45)>0, 分類!$G$7, IF(COUNTIF(分類!$K$8:$K$15, 統合マスタ!V45)>0, 分類!$J$7, IF(COUNTIF(分類!$N$8:$N$15, 統合マスタ!V45)>0, 分類!$M$7, IF(COUNTIF(分類!$Q$8:$Q$15, 統合マスタ!V45)>0, 分類!$P$7, "無し"))))) -> 無し | AC45: {=OFFSET( INDIRECT("'" & AB45 & "'!A4"), MATCH(B45, INDIRECT("'" & AB45 & "'!C5:C1000"), 0), MATCH("合計", INDIRECT("'" & AB45 & "'!4:4"), 0) - 1 )} -> #REF!
A46: =元データ!P43 -> 非採用 | B46: =B45+1 -> 42 | C46: =DBCS(元データ!A43) -> アズノール軟膏０．０３３％ | D46: =元データ!B43 -> メディセオ | E46: =DBCS(元データ!C43) | F46: =DBCS(元データ!D43) -> ２０ｇｘ１０ | G46: =元データ!E43 -> 日本新薬 | H46: =元データ!F43 -> 80.3 | I46: =元データ!G43 -> 1606 | J46: =元データ!H43 -> 20 | K46: =元データ!I43 -> 10ｇ | L46: =元データ!J43 -> 1431 | M46: =元データ!K43 -> 71.55 | N46: =IF(OFFSET(マスタ非採用削除!A$4,統合マスタ!$A46,0)="","",OFFSET(マスタ非採用削除!A$4,統合マスタ!$A46,0)) -> #VALUE! | O46: =IF(OFFSET(マスタ非採用削除!B$4,統合マスタ!$A46,0)="","",OFFSET(マスタ非採用削除!B$4,統合マスタ!$A46,0)) -> #VALUE! | P46: =IF(OFFSET(マスタ非採用削除!C$4,統合マスタ!$A46,0)="","",OFFSET(マスタ非採用削除!C$4,統合マスタ!$A46,0)) -> #VALUE! | Q46: =IF(OFFSET(マスタ非採用削除!D$4,統合マスタ!$A46,0)="","",OFFSET(マスタ非採用削除!D$4,統合マスタ!$A46,0)) -> #VALUE! | R46: =IF(AA46="非採用",0,IF(OFFSET(マスタ非採用削除!E$4,統合マスタ!$A46,0)="","",OFFSET(マスタ非採用削除!E$4,統合マスタ!$A46,0))) -> 0 | S46: =IF(OFFSET(マスタ非採用削除!F$4,統合マスタ!$A46,0)="","",OFFSET(マスタ非採用削除!F$4,統合マスタ!$A46,0)) -> #VALUE! | T46: =IF(OFFSET(マスタ非採用削除!G$4,統合マスタ!$A46,0)="","",OFFSET(マスタ非採用削除!G$4,統合マスタ!$A46,0)) -> #VALUE! | U46: =IF(OFFSET(マスタ非採用削除!H$4,統合マスタ!$A46,0)="","",OFFSET(マスタ非採用削除!H$4,統合マスタ!$A46,0)) -> #VALUE! | V46: =IF(OFFSET(マスタ非採用削除!I$4,統合マスタ!$A46,0)="","",OFFSET(マスタ非採用削除!I$4,統合マスタ!$A46,0)) -> #VALUE! | W46: =IF(OFFSET(マスタ非採用削除!J$4,統合マスタ!$A46,0)="","",OFFSET(マスタ非採用削除!J$4,統合マスタ!$A46,0)) -> #VALUE! | X46: =IF(OFFSET(マスタ非採用削除!K$4,統合マスタ!$A46,0)="","",OFFSET(マスタ非採用削除!K$4,統合マスタ!$A46,0)) -> #VALUE! | Y46: =IF(OFFSET(マスタ非採用削除!L$4,統合マスタ!$A46,0)="","",OFFSET(マスタ非採用削除!L$4,統合マスタ!$A46,0)) -> #VALUE! | Z46: =IF(OFFSET(マスタ非採用削除!M$4,統合マスタ!$A46,0)="","",OFFSET(マスタ非採用削除!M$4,統合マスタ!$A46,0)) -> #VALUE! | AA46: 非採用 | AB46: =IF(R46=2,"臨時", IF(COUNTIF(分類!$H$8:$H$15, 統合マスタ!V46)>0, 分類!$G$7, IF(COUNTIF(分類!$K$8:$K$15, 統合マスタ!V46)>0, 分類!$J$7, IF(COUNTIF(分類!$N$8:$N$15, 統合マスタ!V46)>0, 分類!$M$7, IF(COUNTIF(分類!$Q$8:$Q$15, 統合マスタ!V46)>0, 分類!$P$7, "無し"))))) -> 無し | AC46: {=OFFSET( INDIRECT("'" & AB46 & "'!A4"), MATCH(B46, INDIRECT("'" & AB46 & "'!C5:C1000"), 0), MATCH("合計", INDIRECT("'" & AB46 & "'!4:4"), 0) - 1 )} -> #REF!
A47: =元データ!P44 -> 12 | B47: =B46+1 -> 43 | C47: =DBCS(元データ!A44) -> アスパラ－ＣＡ錠２００ | D47: =元データ!B44 -> KSK | E47: =DBCS(元データ!C44) -> ＰＴＰ | F47: =DBCS(元データ!D44) -> １００Ｔ | G47: =元データ!E44 -> ニプロES | H47: =元データ!F44 -> 5.9 | I47: =元データ!G44 -> 590 | J47: =元データ!H44 -> 100 | K47: =元データ!I44 -> 錠 | L47: =元データ!J44 -> 525 | M47: =元データ!K44 -> 5.25 | N47: =IF(OFFSET(マスタ非採用削除!A$4,統合マスタ!$A47,0)="","",OFFSET(マスタ非採用削除!A$4,統合マスタ!$A47,0)) -> ｱｽﾊ001 | O47: =IF(OFFSET(マスタ非採用削除!B$4,統合マスタ!$A47,0)="","",OFFSET(マスタ非採用削除!B$4,統合マスタ!$A47,0)) -> ｱｽﾊ001 | P47: =IF(OFFSET(マスタ非採用削除!C$4,統合マスタ!$A47,0)="","",OFFSET(マスタ非採用削除!C$4,統合マスタ!$A47,0)) -> アスパラ－ＣＡ錠２００ | Q47: =IF(OFFSET(マスタ非採用削除!D$4,統合マスタ!$A47,0)="","",OFFSET(マスタ非採用削除!D$4,統合マスタ!$A47,0)) -> ｱｽﾊﾟ | R47: =IF(AA47="非採用",0,IF(OFFSET(マスタ非採用削除!E$4,統合マスタ!$A47,0)="","",OFFSET(マスタ非採用削除!E$4,統合マスタ!$A47,0))) -> 1 | S47: =IF(OFFSET(マスタ非採用削除!F$4,統合マスタ!$A47,0)="","",OFFSET(マスタ非採用削除!F$4,統合マスタ!$A47,0)) | T47: =IF(OFFSET(マスタ非採用削除!G$4,統合マスタ!$A47,0)="","",OFFSET(マスタ非採用削除!G$4,統合マスタ!$A47,0)) -> 5.9 | U47: =IF(OFFSET(マスタ非採用削除!H$4,統合マスタ!$A47,0)="","",OFFSET(マスタ非採用削除!H$4,統合マスタ!$A47,0)) -> ｱｽﾊﾟﾗ-CAｼﾞｮｳ200 | V47: =IF(OFFSET(マスタ非採用削除!I$4,統合マスタ!$A47,0)="","",OFFSET(マスタ非採用削除!I$4,統合マスタ!$A47,0)) -> 1 | W47: =IF(OFFSET(マスタ非採用削除!J$4,統合マスタ!$A47,0)="","",OFFSET(マスタ非採用削除!J$4,統合マスタ!$A47,0)) -> 錠剤 | X47: =IF(OFFSET(マスタ非採用削除!K$4,統合マスタ!$A47,0)="","",OFFSET(マスタ非採用削除!K$4,統合マスタ!$A47,0)) -> 0 | Y47: =IF(OFFSET(マスタ非採用削除!L$4,統合マスタ!$A47,0)="","",OFFSET(マスタ非採用削除!L$4,統合マスタ!$A47,0)) | Z47: =IF(OFFSET(マスタ非採用削除!M$4,統合マスタ!$A47,0)="","",OFFSET(マスタ非採用削除!M$4,統合マスタ!$A47,0)) -> 25 | AB47: =IF(R47=2,"臨時", IF(COUNTIF(分類!$H$8:$H$15, 統合マスタ!V47)>0, 分類!$G$7, IF(COUNTIF(分類!$K$8:$K$15, 統合マスタ!V47)>0, 分類!$J$7, IF(COUNTIF(分類!$N$8:$N$15, 統合マスタ!V47)>0, 分類!$M$7, IF(COUNTIF(分類!$Q$8:$Q$15, 統合マスタ!V47)>0, 分類!$P$7, "無し"))))) -> 錠剤 | AC47: {=OFFSET( INDIRECT("'" & AB47 & "'!A4"), MATCH(B47, INDIRECT("'" & AB47 & "'!C5:C1000"), 0), MATCH("合計", INDIRECT("'" & AB47 & "'!4:4"), 0) - 1 )} -> 6
A48: =元データ!P45 -> 12 | B48: =B47+1 -> 44 | C48: =DBCS(元データ!A45) -> アスパラ－ＣＡ錠２００ | D48: =元データ!B45 -> KSK | E48: =DBCS(元データ!C45) -> バラ | F48: =DBCS(元データ!D45) -> ５００Ｔ | G48: =元データ!E45 -> ニプロＥＳ | H48: =元データ!F45 -> 5.9 | I48: =元データ!G45 -> 2950 | J48: =元データ!H45 -> 500 | K48: =元データ!I45 -> 錠 | L48: =元データ!J45 -> 2629 | M48: =元データ!K45 -> 5.258 | N48: =IF(OFFSET(マスタ非採用削除!A$4,統合マスタ!$A48,0)="","",OFFSET(マスタ非採用削除!A$4,統合マスタ!$A48,0)) -> ｱｽﾊ001 | O48: =IF(OFFSET(マスタ非採用削除!B$4,統合マスタ!$A48,0)="","",OFFSET(マスタ非採用削除!B$4,統合マスタ!$A48,0)) -> ｱｽﾊ001 | P48: =IF(OFFSET(マスタ非採用削除!C$4,統合マスタ!$A48,0)="","",OFFSET(マスタ非採用削除!C$4,統合マスタ!$A48,0)) -> アスパラ－ＣＡ錠２００ | Q48: =IF(OFFSET(マスタ非採用削除!D$4,統合マスタ!$A48,0)="","",OFFSET(マスタ非採用削除!D$4,統合マスタ!$A48,0)) -> ｱｽﾊﾟ | R48: =IF(AA48="非採用",0,IF(OFFSET(マスタ非採用削除!E$4,統合マスタ!$A48,0)="","",OFFSET(マスタ非採用削除!E$4,統合マスタ!$A48,0))) -> 1 | S48: =IF(OFFSET(マスタ非採用削除!F$4,統合マスタ!$A48,0)="","",OFFSET(マスタ非採用削除!F$4,統合マスタ!$A48,0)) | T48: =IF(OFFSET(マスタ非採用削除!G$4,統合マスタ!$A48,0)="","",OFFSET(マスタ非採用削除!G$4,統合マスタ!$A48,0)) -> 5.9 | U48: =IF(OFFSET(マスタ非採用削除!H$4,統合マスタ!$A48,0)="","",OFFSET(マスタ非採用削除!H$4,統合マスタ!$A48,0)) -> ｱｽﾊﾟﾗ-CAｼﾞｮｳ200 | V48: =IF(OFFSET(マスタ非採用削除!I$4,統合マスタ!$A48,0)="","",OFFSET(マスタ非採用削除!I$4,統合マスタ!$A48,0)) -> 1 | W48: =IF(OFFSET(マスタ非採用削除!J$4,統合マスタ!$A48,0)="","",OFFSET(マスタ非採用削除!J$4,統合マスタ!$A48,0)) -> 錠剤 | X48: =IF(OFFSET(マスタ非採用削除!K$4,統合マスタ!$A48,0)="","",OFFSET(マスタ非採用削除!K$4,統合マスタ!$A48,0)) -> 0 | Y48: =IF(OFFSET(マスタ非採用削除!L$4,統合マスタ!$A48,0)="","",OFFSET(マスタ非採用削除!L$4,統合マスタ!$A48,0)) | Z48: =IF(OFFSET(マスタ非採用削除!M$4,統合マスタ!$A48,0)="","",OFFSET(マスタ非採用削除!M$4,統合マスタ!$A48,0)) -> 25 | AB48: =IF(R48=2,"臨時", IF(COUNTIF(分類!$H$8:$H$15, 統合マスタ!V48)>0, 分類!$G$7, IF(COUNTIF(分類!$K$8:$K$15, 統合マスタ!V48)>0, 分類!$J$7, IF(COUNTIF(分類!$N$8:$N$15, 統合マスタ!V48)>0, 分類!$M$7, IF(COUNTIF(分類!$Q$8:$Q$15, 統合マスタ!V48)>0, 分類!$P$7, "無し"))))) -> 錠剤 | AC48: {=OFFSET( INDIRECT("'" & AB48 & "'!A4"), MATCH(B48, INDIRECT("'" & AB48 & "'!C5:C1000"), 0), MATCH("合計", INDIRECT("'" & AB48 & "'!4:4"), 0) - 1 )} -> 7
A49: =元データ!P46 -> 14 | B49: =B48+1 -> 45 | C49: =DBCS(元データ!A46) -> アスパラカリウム散５０％ | D49: =元データ!B46 -> KSK | E49: =DBCS(元データ!C46) -> 粉 | F49: =DBCS(元データ!D46) -> ５００ｇ | G49: =元データ!E46 -> ニプロES | H49: =元データ!F46 -> 6.7 | I49: =元データ!G46 -> 3350 | J49: =元データ!H46 -> 500 | K49: =元データ!I46 -> ｇ | L49: =元データ!J46 -> 2985 | M49: =元データ!K46 -> 5.97 | N49: =IF(OFFSET(マスタ非採用削除!A$4,統合マスタ!$A49,0)="","",OFFSET(マスタ非採用削除!A$4,統合マスタ!$A49,0)) -> ｱｽﾊ003 | O49: =IF(OFFSET(マスタ非採用削除!B$4,統合マスタ!$A49,0)="","",OFFSET(マスタ非採用削除!B$4,統合マスタ!$A49,0)) -> ｱｽﾊ003 | P49: =IF(OFFSET(マスタ非採用削除!C$4,統合マスタ!$A49,0)="","",OFFSET(マスタ非採用削除!C$4,統合マスタ!$A49,0)) -> アスパラカリウム散５０％ | Q49: =IF(OFFSET(マスタ非採用削除!D$4,統合マスタ!$A49,0)="","",OFFSET(マスタ非採用削除!D$4,統合マスタ!$A49,0)) -> ｱｽﾊﾟ1 | R49: =IF(AA49="非採用",0,IF(OFFSET(マスタ非採用削除!E$4,統合マスタ!$A49,0)="","",OFFSET(マスタ非採用削除!E$4,統合マスタ!$A49,0))) -> 1 | S49: =IF(OFFSET(マスタ非採用削除!F$4,統合マスタ!$A49,0)="","",OFFSET(マスタ非採用削除!F$4,統合マスタ!$A49,0)) | T49: =IF(OFFSET(マスタ非採用削除!G$4,統合マスタ!$A49,0)="","",OFFSET(マスタ非採用削除!G$4,統合マスタ!$A49,0)) -> 6.7 | U49: =IF(OFFSET(マスタ非採用削除!H$4,統合マスタ!$A49,0)="","",OFFSET(マスタ非採用削除!H$4,統合マスタ!$A49,0)) -> ｱｽﾊﾟﾗｶﾘｳﾑｻﾝ50% | V49: =IF(OFFSET(マスタ非採用削除!I$4,統合マスタ!$A49,0)="","",OFFSET(マスタ非採用削除!I$4,統合マスタ!$A49,0)) -> 3 | W49: =IF(OFFSET(マスタ非採用削除!J$4,統合マスタ!$A49,0)="","",OFFSET(マスタ非採用削除!J$4,統合マスタ!$A49,0)) -> 散 | X49: =IF(OFFSET(マスタ非採用削除!K$4,統合マスタ!$A49,0)="","",OFFSET(マスタ非採用削除!K$4,統合マスタ!$A49,0)) -> 0 | Y49: =IF(OFFSET(マスタ非採用削除!L$4,統合マスタ!$A49,0)="","",OFFSET(マスタ非採用削除!L$4,統合マスタ!$A49,0)) | Z49: =IF(OFFSET(マスタ非採用削除!M$4,統合マスタ!$A49,0)="","",OFFSET(マスタ非採用削除!M$4,統合マスタ!$A49,0)) -> 2 | AB49: =IF(R49=2,"臨時", IF(COUNTIF(分類!$H$8:$H$15, 統合マスタ!V49)>0, 分類!$G$7, IF(COUNTIF(分類!$K$8:$K$15, 統合マスタ!V49)>0, 分類!$J$7, IF(COUNTIF(分類!$N$8:$N$15, 統合マスタ!V49)>0, 分類!$M$7, IF(COUNTIF(分類!$Q$8:$Q$15, 統合マスタ!V49)>0, 分類!$P$7, "無し"))))) -> 散剤 | AC49: {=OFFSET( INDIRECT("'" & AB49 & "'!A4"), MATCH(B49, INDIRECT("'" & AB49 & "'!C5:C1000"), 0), MATCH("合計", INDIRECT("'" & AB49 & "'!4:4"), 0) - 1 )} -> 4500
A50: =元データ!P47 -> 13 | B50: =B49+1 -> 46 | C50: =DBCS(元データ!A47) -> アスパラカリウム錠３００ｍｇ | D50: =元データ!B47 -> KSK | E50: =DBCS(元データ!C47) -> ＰＴＰ | F50: =DBCS(元データ!D47) -> １０００Ｔ | G50: =元データ!E47 -> ニプロES | H50: =元データ!F47 -> 6.1 | I50: =元データ!G47 -> 6100 | J50: =元データ!H47 -> 1000 | K50: =元データ!I47 -> 錠 | L50: =元データ!J47 -> 5435 | M50: =元データ!K47 -> 5.435 | N50: =IF(OFFSET(マスタ非採用削除!A$4,統合マスタ!$A50,0)="","",OFFSET(マスタ非採用削除!A$4,統合マスタ!$A50,0)) -> ｱｽﾊ002 | O50: =IF(OFFSET(マスタ非採用削除!B$4,統合マスタ!$A50,0)="","",OFFSET(マスタ非採用削除!B$4,統合マスタ!$A50,0)) -> ｱｽﾊ002 | P50: =IF(OFFSET(マスタ非採用削除!C$4,統合マスタ!$A50,0)="","",OFFSET(マスタ非採用削除!C$4,統合マスタ!$A50,0)) -> アスパラカリウム錠３００ｍｇ | Q50: =IF(OFFSET(マスタ非採用削除!D$4,統合マスタ!$A50,0)="","",OFFSET(マスタ非採用削除!D$4,統合マスタ!$A50,0)) -> ｱｽﾊﾟﾗ | R50: =IF(AA50="非採用",0,IF(OFFSET(マスタ非採用削除!E$4,統合マスタ!$A50,0)="","",OFFSET(マスタ非採用削除!E$4,統合マスタ!$A50,0))) -> 1 | S50: =IF(OFFSET(マスタ非採用削除!F$4,統合マスタ!$A50,0)="","",OFFSET(マスタ非採用削除!F$4,統合マスタ!$A50,0)) | T50: =IF(OFFSET(マスタ非採用削除!G$4,統合マスタ!$A50,0)="","",OFFSET(マスタ非採用削除!G$4,統合マスタ!$A50,0)) -> 6.1 | U50: =IF(OFFSET(マスタ非採用削除!H$4,統合マスタ!$A50,0)="","",OFFSET(マスタ非採用削除!H$4,統合マスタ!$A50,0)) -> ｱｽﾊﾟﾗｶﾘｳﾑｼﾞｮｳ300mg | V50: =IF(OFFSET(マスタ非採用削除!I$4,統合マスタ!$A50,0)="","",OFFSET(マスタ非採用削除!I$4,統合マスタ!$A50,0)) -> 1 | W50: =IF(OFFSET(マスタ非採用削除!J$4,統合マスタ!$A50,0)="","",OFFSET(マスタ非採用削除!J$4,統合マスタ!$A50,0)) -> 錠剤 | X50: =IF(OFFSET(マスタ非採用削除!K$4,統合マスタ!$A50,0)="","",OFFSET(マスタ非採用削除!K$4,統合マスタ!$A50,0)) -> 0 | Y50: =IF(OFFSET(マスタ非採用削除!L$4,統合マスタ!$A50,0)="","",OFFSET(マスタ非採用削除!L$4,統合マスタ!$A50,0)) | Z50: =IF(OFFSET(マスタ非採用削除!M$4,統合マスタ!$A50,0)="","",OFFSET(マスタ非採用削除!M$4,統合マスタ!$A50,0)) -> 1 | AB50: =IF(R50=2,"臨時", IF(COUNTIF(分類!$H$8:$H$15, 統合マスタ!V50)>0, 分類!$G$7, IF(COUNTIF(分類!$K$8:$K$15, 統合マスタ!V50)>0, 分類!$J$7, IF(COUNTIF(分類!$N$8:$N$15, 統合マスタ!V50)>0, 分類!$M$7, IF(COUNTIF(分類!$Q$8:$Q$15, 統合マスタ!V50)>0, 分類!$P$7, "無し"))))) -> 錠剤 | AC50: {=OFFSET( INDIRECT("'" & AB50 & "'!A4"), MATCH(B50, INDIRECT("'" & AB50 & "'!C5:C1000"), 0), MATCH("合計", INDIRECT("'" & AB50 & "'!4:4"), 0) - 1 )} -> 8
A51: =元データ!P48 -> 13 | B51: =B50+1 -> 47 | C51: =DBCS(元データ!A48) -> アスパラカリウム錠３００ｍｇ | D51: =元データ!B48 -> KSK | E51: =DBCS(元データ!C48) -> ＰＴＰ | F51: =DBCS(元データ!D48) -> １００Ｔ | G51: =元データ!E48 -> ニプロ | H51: =元データ!F48 -> 6.1 | I51: =元データ!G48 -> 610 | J51: =元データ!H48 -> 100 | K51: =元データ!I48 -> 錠 | L51: =元データ!J48 -> 544 | M51: =元データ!K48 -> 5.44 | N51: =IF(OFFSET(マスタ非採用削除!A$4,統合マスタ!$A51,0)="","",OFFSET(マスタ非採用削除!A$4,統合マスタ!$A51,0)) -> ｱｽﾊ002 | O51: =IF(OFFSET(マスタ非採用削除!B$4,統合マスタ!$A51,0)="","",OFFSET(マスタ非採用削除!B$4,統合マスタ!$A51,0)) -> ｱｽﾊ002 | P51: =IF(OFFSET(マスタ非採用削除!C$4,統合マスタ!$A51,0)="","",OFFSET(マスタ非採用削除!C$4,統合マスタ!$A51,0)) -> アスパラカリウム錠３００ｍｇ | Q51: =IF(OFFSET(マスタ非採用削除!D$4,統合マスタ!$A51,0)="","",OFFSET(マスタ非採用削除!D$4,統合マスタ!$A51,0)) -> ｱｽﾊﾟﾗ | R51: =IF(AA51="非採用",0,IF(OFFSET(マスタ非採用削除!E$4,統合マスタ!$A51,0)="","",OFFSET(マスタ非採用削除!E$4,統合マスタ!$A51,0))) -> 1 | S51: =IF(OFFSET(マスタ非採用削除!F$4,統合マスタ!$A51,0)="","",OFFSET(マスタ非採用削除!F$4,統合マスタ!$A51,0)) | T51: =IF(OFFSET(マスタ非採用削除!G$4,統合マスタ!$A51,0)="","",OFFSET(マスタ非採用削除!G$4,統合マスタ!$A51,0)) -> 6.1 | U51: =IF(OFFSET(マスタ非採用削除!H$4,統合マスタ!$A51,0)="","",OFFSET(マスタ非採用削除!H$4,統合マスタ!$A51,0)) -> ｱｽﾊﾟﾗｶﾘｳﾑｼﾞｮｳ300mg | V51: =IF(OFFSET(マスタ非採用削除!I$4,統合マスタ!$A51,0)="","",OFFSET(マスタ非採用削除!I$4,統合マスタ!$A51,0)) -> 1 | W51: =IF(OFFSET(マスタ非採用削除!J$4,統合マスタ!$A51,0)="","",OFFSET(マスタ非採用削除!J$4,統合マスタ!$A51,0)) -> 錠剤 | X51: =IF(OFFSET(マスタ非採用削除!K$4,統合マスタ!$A51,0)="","",OFFSET(マスタ非採用削除!K$4,統合マスタ!$A51,0)) -> 0 | Y51: =IF(OFFSET(マスタ非採用削除!L$4,統合マスタ!$A51,0)="","",OFFSET(マスタ非採用削除!L$4,統合マスタ!$A51,0)) | Z51: =IF(OFFSET(マスタ非採用削除!M$4,統合マスタ!$A51,0)="","",OFFSET(マスタ非採用削除!M$4,統合マスタ!$A51,0)) -> 1 | AB51: =IF(R51=2,"臨時", IF(COUNTIF(分類!$H$8:$H$15, 統合マスタ!V51)>0, 分類!$G$7, IF(COUNTIF(分類!$K$8:$K$15, 統合マスタ!V51)>0, 分類!$J$7, IF(COUNTIF(分類!$N$8:$N$15, 統合マスタ!V51)>0, 分類!$M$7, IF(COUNTIF(分類!$Q$8:$Q$15, 統合マスタ!V51)>0, 分類!$P$7, "無し"))))) -> 錠剤 | AC51: {=OFFSET( INDIRECT("'" & AB51 & "'!A4"), MATCH(B51, INDIRECT("'" & AB51 & "'!C5:C1000"), 0), MATCH("合計", INDIRECT("'" & AB51 & "'!4:4"), 0) - 1 )} -> 9
A52: =元データ!P49 -> 15 | B52: =B51+1 -> 48 | C52: =DBCS(元データ!A49) -> アスパラギン酸カリウム注 １０ＭＥＱキット「テルモ」 | D52: =元データ!B49 -> アルフレッサ | E52: =DBCS(元データ!C49) | F52: =DBCS(元データ!D49) -> １０ｍｌｘ１０ | G52: =元データ!E49 -> テルモ | H52: =元データ!F49 -> 181 | I52: =元データ!G49 -> 1810 | J52: =元データ!H49 -> 10 | K52: =元データ!I49 -> 10ｍｌ | L52: =元データ!J49 -> 1637 | M52: =元データ!K49 -> 163.7 | N52: =IF(OFFSET(マスタ非採用削除!A$4,統合マスタ!$A52,0)="","",OFFSET(マスタ非採用削除!A$4,統合マスタ!$A52,0)) -> ｱｽﾊ004 | O52: =IF(OFFSET(マスタ非採用削除!B$4,統合マスタ!$A52,0)="","",OFFSET(マスタ非採用削除!B$4,統合マスタ!$A52,0)) -> ｱｽﾊ004 | P52: =IF(OFFSET(マスタ非採用削除!C$4,統合マスタ!$A52,0)="","",OFFSET(マスタ非採用削除!C$4,統合マスタ!$A52,0)) -> アスパラギン酸カリウム注１０ｍＥｑキット「テルモ」 | Q52: =IF(OFFSET(マスタ非採用削除!D$4,統合マスタ!$A52,0)="","",OFFSET(マスタ非採用削除!D$4,統合マスタ!$A52,0)) -> ｱｽﾊﾟ2 | R52: =IF(AA52="非採用",0,IF(OFFSET(マスタ非採用削除!E$4,統合マスタ!$A52,0)="","",OFFSET(マスタ非採用削除!E$4,統合マスタ!$A52,0))) -> 1 | S52: =IF(OFFSET(マスタ非採用削除!F$4,統合マスタ!$A52,0)="","",OFFSET(マスタ非採用削除!F$4,統合マスタ!$A52,0)) | T52: =IF(OFFSET(マスタ非採用削除!G$4,統合マスタ!$A52,0)="","",OFFSET(マスタ非採用削除!G$4,統合マスタ!$A52,0)) -> 181 | U52: =IF(OFFSET(マスタ非採用削除!H$4,統合マスタ!$A52,0)="","",OFFSET(マスタ非採用削除!H$4,統合マスタ!$A52,0)) -> ｱｽﾊﾟﾗｷﾞﾝｻﾝｶﾘｳﾑﾁｭｳ10mEqｷｯﾄ｢ﾃﾙﾓ｣ | V52: =IF(OFFSET(マスタ非採用削除!I$4,統合マスタ!$A52,0)="","",OFFSET(マスタ非採用削除!I$4,統合マスタ!$A52,0)) -> 25 | W52: =IF(OFFSET(マスタ非採用削除!J$4,統合マスタ!$A52,0)="","",OFFSET(マスタ非採用削除!J$4,統合マスタ!$A52,0)) -> 注射剤 | X52: =IF(OFFSET(マスタ非採用削除!K$4,統合マスタ!$A52,0)="","",OFFSET(マスタ非採用削除!K$4,統合マスタ!$A52,0)) -> 0 | Y52: =IF(OFFSET(マスタ非採用削除!L$4,統合マスタ!$A52,0)="","",OFFSET(マスタ非採用削除!L$4,統合マスタ!$A52,0)) | Z52: =IF(OFFSET(マスタ非採用削除!M$4,統合マスタ!$A52,0)="","",OFFSET(マスタ非採用削除!M$4,統合マスタ!$A52,0)) -> 9 | AB52: =IF(R52=2,"臨時", IF(COUNTIF(分類!$H$8:$H$15, 統合マスタ!V52)>0, 分類!$G$7, IF(COUNTIF(分類!$K$8:$K$15, 統合マスタ!V52)>0, 分類!$J$7, IF(COUNTIF(分類!$N$8:$N$15, 統合マスタ!V52)>0, 分類!$M$7, IF(COUNTIF(分類!$Q$8:$Q$15, 統合マスタ!V52)>0, 分類!$P$7, "無し"))))) -> 注射 | AC52: {=OFFSET( INDIRECT("'" & AB52 & "'!A4"), MATCH(B52, INDIRECT("'" & AB52 & "'!C5:C1000"), 0), MATCH("合計", INDIRECT("'" & AB52 & "'!4:4"), 0) - 1 )} -> 0
A53: =元データ!P50 -> 16 | B53: =B52+1 -> 49 | C53: =DBCS(元データ!A50) -> アズレン点眼液０．０２％「ニットー」 | D53: =元データ!B50 | E53: =DBCS(元データ!C50) | F53: =DBCS(元データ!D50) -> ５ｍｌｘ１０ | G53: =元データ!E50 -> 日東メディック | H53: =元データ!F50 -> 91.6 | I53: =元データ!G50 -> 916 | J53: =元データ!H50 -> 10 | K53: =元データ!I50 -> 瓶 | L53: =元データ!J50 -> 832 | M53: =元データ!K50 -> 83.2 | N53: =IF(OFFSET(マスタ非採用削除!A$4,統合マスタ!$A53,0)="","",OFFSET(マスタ非採用削除!A$4,統合マスタ!$A53,0)) -> ｱｽﾚ001 | O53: =IF(OFFSET(マスタ非採用削除!B$4,統合マスタ!$A53,0)="","",OFFSET(マスタ非採用削除!B$4,統合マスタ!$A53,0)) -> ｱｽﾚ001 | P53: =IF(OFFSET(マスタ非採用削除!C$4,統合マスタ!$A53,0)="","",OFFSET(マスタ非採用削除!C$4,統合マスタ!$A53,0)) -> アズレン点眼液０．０２％「ニットー」 | Q53: =IF(OFFSET(マスタ非採用削除!D$4,統合マスタ!$A53,0)="","",OFFSET(マスタ非採用削除!D$4,統合マスタ!$A53,0)) -> ｱｽﾞﾚ | R53: =IF(AA53="非採用",0,IF(OFFSET(マスタ非採用削除!E$4,統合マスタ!$A53,0)="","",OFFSET(マスタ非採用削除!E$4,統合マスタ!$A53,0))) -> 1 | S53: =IF(OFFSET(マスタ非採用削除!F$4,統合マスタ!$A53,0)="","",OFFSET(マスタ非採用削除!F$4,統合マスタ!$A53,0)) | T53: =IF(OFFSET(マスタ非採用削除!G$4,統合マスタ!$A53,0)="","",OFFSET(マスタ非採用削除!G$4,統合マスタ!$A53,0)) -> 91.6 | U53: =IF(OFFSET(マスタ非採用削除!H$4,統合マスタ!$A53,0)="","",OFFSET(マスタ非採用削除!H$4,統合マスタ!$A53,0)) -> ｱｽﾞﾚﾝﾃﾝｶﾞﾝｴｷ0.02%｢ﾆｯﾄｰ｣ | V53: =IF(OFFSET(マスタ非採用削除!I$4,統合マスタ!$A53,0)="","",OFFSET(マスタ非採用削除!I$4,統合マスタ!$A53,0)) -> 21 | W53: =IF(OFFSET(マスタ非採用削除!J$4,統合マスタ!$A53,0)="","",OFFSET(マスタ非採用削除!J$4,統合マスタ!$A53,0)) -> 点眼剤 | X53: =IF(OFFSET(マスタ非採用削除!K$4,統合マスタ!$A53,0)="","",OFFSET(マスタ非採用削除!K$4,統合マスタ!$A53,0)) -> 0 | Y53: =IF(OFFSET(マスタ非採用削除!L$4,統合マスタ!$A53,0)="","",OFFSET(マスタ非採用削除!L$4,統合マスタ!$A53,0)) | Z53: =IF(OFFSET(マスタ非採用削除!M$4,統合マスタ!$A53,0)="","",OFFSET(マスタ非採用削除!M$4,統合マスタ!$A53,0)) -> 3 | AB53: =IF(R53=2,"臨時", IF(COUNTIF(分類!$H$8:$H$15, 統合マスタ!V53)>0, 分類!$G$7, IF(COUNTIF(分類!$K$8:$K$15, 統合マスタ!V53)>0, 分類!$J$7, IF(COUNTIF(分類!$N$8:$N$15, 統合マスタ!V53)>0, 分類!$M$7, IF(COUNTIF(分類!$Q$8:$Q$15, 統合マスタ!V53)>0, 分類!$P$7, "無し"))))) -> 外用剤 | AC53: {=OFFSET( INDIRECT("'" & AB53 & "'!A4"), MATCH(B53, INDIRECT("'" & AB53 & "'!C5:C1000"), 0), MATCH("合計", INDIRECT("'" & AB53 & "'!4:4"), 0) - 1 )} -> #REF!
A54: =元データ!P51 -> 0 | B54: =B53+1 -> 50 | C54: =DBCS(元データ!A51) -> アセサイド消毒液６％ ８００ｍｌｘ２ | D54: =元データ!B51 | E54: =DBCS(元データ!C51) | F54: =DBCS(元データ!D51) -> ６本セット | G54: =元データ!E51 -> オリンパス | H54: =元データ!F51 -> 0 | I54: =元データ!G51 -> 0 | J54: =元データ!H51 -> #DIV/0! | K54: =元データ!I51 | L54: =元データ!J51 -> 68824 | M54: =元データ!K51 -> #DIV/0! | N54: =IF(OFFSET(マスタ非採用削除!A$4,統合マスタ!$A54,0)="","",OFFSET(マスタ非採用削除!A$4,統合マスタ!$A54,0)) -> コード(区分値) | O54: =IF(OFFSET(マスタ非採用削除!B$4,統合マスタ!$A54,0)="","",OFFSET(マスタ非採用削除!B$4,統合マスタ!$A54,0)) -> コード | P54: =IF(OFFSET(マスタ非採用削除!C$4,統合マスタ!$A54,0)="","",OFFSET(マスタ非採用削除!C$4,統合マスタ!$A54,0)) -> 名称 | Q54: =IF(OFFSET(マスタ非採用削除!D$4,統合マスタ!$A54,0)="","",OFFSET(マスタ非採用削除!D$4,統合マスタ!$A54,0)) -> ホストコード | R54: =IF(AA54="非採用",0,IF(OFFSET(マスタ非採用削除!E$4,統合マスタ!$A54,0)="","",OFFSET(マスタ非採用削除!E$4,統合マスタ!$A54,0))) -> 採用区分（区分値）(区分値) | S54: =IF(OFFSET(マスタ非採用削除!F$4,統合マスタ!$A54,0)="","",OFFSET(マスタ非採用削除!F$4,統合マスタ!$A54,0)) -> 採用区分（区分値） | T54: =IF(OFFSET(マスタ非採用削除!G$4,統合マスタ!$A54,0)="","",OFFSET(マスタ非採用削除!G$4,統合マスタ!$A54,0)) -> 薬価 | U54: =IF(OFFSET(マスタ非採用削除!H$4,統合マスタ!$A54,0)="","",OFFSET(マスタ非採用削除!H$4,統合マスタ!$A54,0)) -> カナ名称 | V54: =IF(OFFSET(マスタ非採用削除!I$4,統合マスタ!$A54,0)="","",OFFSET(マスタ非採用削除!I$4,統合マスタ!$A54,0)) -> 剤形(区分値) | W54: =IF(OFFSET(マスタ非採用削除!J$4,統合マスタ!$A54,0)="","",OFFSET(マスタ非採用削除!J$4,統合マスタ!$A54,0)) -> 剤形 | X54: =IF(OFFSET(マスタ非採用削除!K$4,統合マスタ!$A54,0)="","",OFFSET(マスタ非採用削除!K$4,統合マスタ!$A54,0)) -> 毒劇薬（区分値）(区分値) | Y54: =IF(OFFSET(マスタ非採用削除!L$4,統合マスタ!$A54,0)="","",OFFSET(マスタ非採用削除!L$4,統合マスタ!$A54,0)) -> 毒劇薬（区分値） | Z54: =IF(OFFSET(マスタ非採用削除!M$4,統合マスタ!$A54,0)="","",OFFSET(マスタ非採用削除!M$4,統合マスタ!$A54,0)) -> 場所 | AB54: =IF(R54=2,"臨時", IF(COUNTIF(分類!$H$8:$H$15, 統合マスタ!V54)>0, 分類!$G$7, IF(COUNTIF(分類!$K$8:$K$15, 統合マスタ!V54)>0, 分類!$J$7, IF(COUNTIF(分類!$N$8:$N$15, 統合マスタ!V54)>0, 分類!$M$7, IF(COUNTIF(分類!$Q$8:$Q$15, 統合マスタ!V54)>0, 分類!$P$7, "無し"))))) -> 無し | AC54: {=OFFSET( INDIRECT("'" & AB54 & "'!A4"), MATCH(B54, INDIRECT("'" & AB54 & "'!C5:C1000"), 0), MATCH("合計", INDIRECT("'" & AB54 & "'!4:4"), 0) - 1 )} -> #REF!
A55: =元データ!P52 -> 17 | B55: =B54+1 -> 51 | C55: =DBCS(元データ!A52) -> アセリオ静注液１０００ｍｇバッグ | D55: =元データ!B52 -> アルフレッサ | E55: =DBCS(元データ!C52) | F55: =DBCS(元データ!D52) -> １００ｍｌｘ２０ | G55: =元データ!E52 -> テルモ | H55: =元データ!F52 -> 298 | I55: =元データ!G52 -> 5960 | J55: =元データ!H52 -> 20 | K55: =元データ!I52 -> 袋 | L55: =元データ!J52 -> 5360 | M55: =元データ!K52 -> 268 | N55: =IF(OFFSET(マスタ非採用削除!A$4,統合マスタ!$A55,0)="","",OFFSET(マスタ非採用削除!A$4,統合マスタ!$A55,0)) -> ｱｾﾘ001 | O55: =IF(OFFSET(マスタ非採用削除!B$4,統合マスタ!$A55,0)="","",OFFSET(マスタ非採用削除!B$4,統合マスタ!$A55,0)) -> ｱｾﾘ001 | P55: =IF(OFFSET(マスタ非採用削除!C$4,統合マスタ!$A55,0)="","",OFFSET(マスタ非採用削除!C$4,統合マスタ!$A55,0)) -> アセリオ静注液１０００ｍｇバッグ | Q55: =IF(OFFSET(マスタ非採用削除!D$4,統合マスタ!$A55,0)="","",OFFSET(マスタ非採用削除!D$4,統合マスタ!$A55,0)) -> ｱｾﾘ | R55: =IF(AA55="非採用",0,IF(OFFSET(マスタ非採用削除!E$4,統合マスタ!$A55,0)="","",OFFSET(マスタ非採用削除!E$4,統合マスタ!$A55,0))) -> 2 | S55: =IF(OFFSET(マスタ非採用削除!F$4,統合マスタ!$A55,0)="","",OFFSET(マスタ非採用削除!F$4,統合マスタ!$A55,0)) | T55: =IF(OFFSET(マスタ非採用削除!G$4,統合マスタ!$A55,0)="","",OFFSET(マスタ非採用削除!G$4,統合マスタ!$A55,0)) -> 298 | U55: =IF(OFFSET(マスタ非採用削除!H$4,統合マスタ!$A55,0)="","",OFFSET(マスタ非採用削除!H$4,統合マスタ!$A55,0)) -> ｱｾﾘｵｼﾞｮｳﾁｭｳｴｷ1000mgﾊﾞｯｸﾞ | V55: =IF(OFFSET(マスタ非採用削除!I$4,統合マスタ!$A55,0)="","",OFFSET(マスタ非採用削除!I$4,統合マスタ!$A55,0)) -> 25 | W55: =IF(OFFSET(マスタ非採用削除!J$4,統合マスタ!$A55,0)="","",OFFSET(マスタ非採用削除!J$4,統合マスタ!$A55,0)) -> 注射剤 | X55: =IF(OFFSET(マスタ非採用削除!K$4,統合マスタ!$A55,0)="","",OFFSET(マスタ非採用削除!K$4,統合マスタ!$A55,0)) -> 2 | Y55: =IF(OFFSET(マスタ非採用削除!L$4,統合マスタ!$A55,0)="","",OFFSET(マスタ非採用削除!L$4,統合マスタ!$A55,0)) | Z55: =IF(OFFSET(マスタ非採用削除!M$4,統合マスタ!$A55,0)="","",OFFSET(マスタ非採用削除!M$4,統合マスタ!$A55,0)) -> 8 | AB55: =IF(R55=2,"臨時", IF(COUNTIF(分類!$H$8:$H$15, 統合マスタ!V55)>0, 分類!$G$7, IF(COUNTIF(分類!$K$8:$K$15, 統合マスタ!V55)>0, 分類!$J$7, IF(COUNTIF(分類!$N$8:$N$15, 統合マスタ!V55)>0, 分類!$M$7, IF(COUNTIF(分類!$Q$8:$Q$15, 統合マスタ!V55)>0, 分類!$P$7, "無し"))))) -> 臨時 | AC55: {=OFFSET( INDIRECT("'" & AB55 & "'!A4"), MATCH(B55, INDIRECT("'" & AB55 & "'!C5:C1000"), 0), MATCH("合計", INDIRECT("'" & AB55 & "'!4:4"), 0) - 1 )} -> 0
A56: =元データ!P53 -> 18 | B56: =B55+1 -> 52 | C56: =DBCS(元データ!A53) -> アセレンド注１００μｇ | D56: =元データ!B53 | E56: =DBCS(元データ!C53) | F56: =DBCS(元データ!D53) -> ２ｍｌｘ１０Ａ | G56: =元データ!E53 -> 藤本製薬 | H56: =元データ!F53 -> 1646 | I56: =元データ!G53 -> 16460 | J56: =元データ!H53 -> 10 | K56: =元データ!I53 -> 瓶 | L56: =元データ!J53 -> 14830 | M56: =元データ!K53 -> 1483 | N56: =IF(OFFSET(マスタ非採用削除!A$4,統合マスタ!$A56,0)="","",OFFSET(マスタ非採用削除!A$4,統合マスタ!$A56,0)) -> ｱｾﾚ001 | O56: =IF(OFFSET(マスタ非採用削除!B$4,統合マスタ!$A56,0)="","",OFFSET(マスタ非採用削除!B$4,統合マスタ!$A56,0)) -> ｱｾﾚ001 | P56: =IF(OFFSET(マスタ非採用削除!C$4,統合マスタ!$A56,0)="","",OFFSET(マスタ非採用削除!C$4,統合マスタ!$A56,0)) -> アセレンド注１００μｇ | Q56: =IF(OFFSET(マスタ非採用削除!D$4,統合マスタ!$A56,0)="","",OFFSET(マスタ非採用削除!D$4,統合マスタ!$A56,0)) -> ｱｾﾚ | R56: =IF(AA56="非採用",0,IF(OFFSET(マスタ非採用削除!E$4,統合マスタ!$A56,0)="","",OFFSET(マスタ非採用削除!E$4,統合マスタ!$A56,0))) -> 2 | S56: =IF(OFFSET(マスタ非採用削除!F$4,統合マスタ!$A56,0)="","",OFFSET(マスタ非採用削除!F$4,統合マスタ!$A56,0)) | T56: =IF(OFFSET(マスタ非採用削除!G$4,統合マスタ!$A56,0)="","",OFFSET(マスタ非採用削除!G$4,統合マスタ!$A56,0)) -> 1646 | U56: =IF(OFFSET(マスタ非採用削除!H$4,統合マスタ!$A56,0)="","",OFFSET(マスタ非採用削除!H$4,統合マスタ!$A56,0)) -> ｱｾﾚﾝﾄﾞﾁｭｳ100μg | V56: =IF(OFFSET(マスタ非採用削除!I$4,統合マスタ!$A56,0)="","",OFFSET(マスタ非採用削除!I$4,統合マスタ!$A56,0)) -> 25 | W56: =IF(OFFSET(マスタ非採用削除!J$4,統合マスタ!$A56,0)="","",OFFSET(マスタ非採用削除!J$4,統合マスタ!$A56,0)) -> 注射剤 | X56: =IF(OFFSET(マスタ非採用削除!K$4,統合マスタ!$A56,0)="","",OFFSET(マスタ非採用削除!K$4,統合マスタ!$A56,0)) -> 2 | Y56: =IF(OFFSET(マスタ非採用削除!L$4,統合マスタ!$A56,0)="","",OFFSET(マスタ非採用削除!L$4,統合マスタ!$A56,0)) | Z56: =IF(OFFSET(マスタ非採用削除!M$4,統合マスタ!$A56,0)="","",OFFSET(マスタ非採用削除!M$4,統合マスタ!$A56,0)) -> 9 | AB56: =IF(R56=2,"臨時", IF(COUNTIF(分類!$H$8:$H$15, 統合マスタ!V56)>0, 分類!$G$7, IF(COUNTIF(分類!$K$8:$K$15, 統合マスタ!V56)>0, 分類!$J$7, IF(COUNTIF(分類!$N$8:$N$15, 統合マスタ!V56)>0, 分類!$M$7, IF(COUNTIF(分類!$Q$8:$Q$15, 統合マスタ!V56)>0, 分類!$P$7, "無し"))))) -> 臨時 | AC56: {=OFFSET( INDIRECT("'" & AB56 & "'!A4"), MATCH(B56, INDIRECT("'" & AB56 & "'!C5:C1000"), 0), MATCH("合計", INDIRECT("'" & AB56 & "'!4:4"), 0) - 1 )} -> 0
A57: =元データ!P54 -> 19 | B57: =B56+1 -> 53 | C57: =DBCS(元データ!A54) -> アゾセミド錠３０ｍｇ「ＤＳＥＰ」 | D57: =元データ!B54 -> メディセオ | E57: =DBCS(元データ!C54) -> ＰＴＰ | F57: =DBCS(元データ!D54) -> １００Ｔ | G57: =元データ!E54 -> 第一三共 | H57: =元データ!F54 -> 10.4 | I57: =元データ!G54 -> 1040 | J57: =元データ!H54 -> 100 | K57: =元データ!I54 -> 錠 | L57: =元データ!J54 -> 926 | M57: =元データ!K54 -> 9.26 | N57: =IF(OFFSET(マスタ非採用削除!A$4,統合マスタ!$A57,0)="","",OFFSET(マスタ非採用削除!A$4,統合マスタ!$A57,0)) -> ｱｿｾ002 | O57: =IF(OFFSET(マスタ非採用削除!B$4,統合マスタ!$A57,0)="","",OFFSET(マスタ非採用削除!B$4,統合マスタ!$A57,0)) -> ｱｿｾ002 | P57: =IF(OFFSET(マスタ非採用削除!C$4,統合マスタ!$A57,0)="","",OFFSET(マスタ非採用削除!C$4,統合マスタ!$A57,0)) -> アゾセミド錠３０ｍｇ「ＤＳＥＰ」 | Q57: =IF(OFFSET(マスタ非採用削除!D$4,統合マスタ!$A57,0)="","",OFFSET(マスタ非採用削除!D$4,統合マスタ!$A57,0)) -> ｱｿﾞｾ2 | R57: =IF(AA57="非採用",0,IF(OFFSET(マスタ非採用削除!E$4,統合マスタ!$A57,0)="","",OFFSET(マスタ非採用削除!E$4,統合マスタ!$A57,0))) -> 2 | S57: =IF(OFFSET(マスタ非採用削除!F$4,統合マスタ!$A57,0)="","",OFFSET(マスタ非採用削除!F$4,統合マスタ!$A57,0)) | T57: =IF(OFFSET(マスタ非採用削除!G$4,統合マスタ!$A57,0)="","",OFFSET(マスタ非採用削除!G$4,統合マスタ!$A57,0)) -> 10.4 | U57: =IF(OFFSET(マスタ非採用削除!H$4,統合マスタ!$A57,0)="","",OFFSET(マスタ非採用削除!H$4,統合マスタ!$A57,0)) -> ｱｿﾞｾﾐﾄﾞｼﾞｮｳ30mg｢DSEP｣ | V57: =IF(OFFSET(マスタ非採用削除!I$4,統合マスタ!$A57,0)="","",OFFSET(マスタ非採用削除!I$4,統合マスタ!$A57,0)) -> 1 | W57: =IF(OFFSET(マスタ非採用削除!J$4,統合マスタ!$A57,0)="","",OFFSET(マスタ非採用削除!J$4,統合マスタ!$A57,0)) -> 錠剤 | X57: =IF(OFFSET(マスタ非採用削除!K$4,統合マスタ!$A57,0)="","",OFFSET(マスタ非採用削除!K$4,統合マスタ!$A57,0)) -> 0 | Y57: =IF(OFFSET(マスタ非採用削除!L$4,統合マスタ!$A57,0)="","",OFFSET(マスタ非採用削除!L$4,統合マスタ!$A57,0)) | Z57: =IF(OFFSET(マスタ非採用削除!M$4,統合マスタ!$A57,0)="","",OFFSET(マスタ非採用削除!M$4,統合マスタ!$A57,0)) -> 3 | AB57: =IF(R57=2,"臨時", IF(COUNTIF(分類!$H$8:$H$15, 統合マスタ!V57)>0, 分類!$G$7, IF(COUNTIF(分類!$K$8:$K$15, 統合マスタ!V57)>0, 分類!$J$7, IF(COUNTIF(分類!$N$8:$N$15, 統合マスタ!V57)>0, 分類!$M$7, IF(COUNTIF(分類!$Q$8:$Q$15, 統合マスタ!V57)>0, 分類!$P$7, "無し"))))) -> 臨時 | AC57: {=OFFSET( INDIRECT("'" & AB57 & "'!A4"), MATCH(B57, INDIRECT("'" & AB57 & "'!C5:C1000"), 0), MATCH("合計", INDIRECT("'" & AB57 & "'!4:4"), 0) - 1 )} -> 0
A58: =元データ!P55 -> 非採用 | B58: =B57+1 -> 54 | C58: =DBCS(元データ!A55) -> アゾセミド錠６０ｍｇ「ＤＳＥＰ」 | D58: =元データ!B55 | E58: =DBCS(元データ!C55) -> ＰＴＰ | F58: =DBCS(元データ!D55) -> １００Ｔ | G58: =元データ!E55 -> 第一三共 | H58: =元データ!F55 -> 11.3 | I58: =元データ!G55 -> 1130 | J58: =元データ!H55 -> 100 | K58: =元データ!I55 -> 錠 | L58: =元データ!J55 -> 1006 | M58: =元データ!K55 -> 10.06 | N58: =IF(OFFSET(マスタ非採用削除!A$4,統合マスタ!$A58,0)="","",OFFSET(マスタ非採用削除!A$4,統合マスタ!$A58,0)) -> #VALUE! | O58: =IF(OFFSET(マスタ非採用削除!B$4,統合マスタ!$A58,0)="","",OFFSET(マスタ非採用削除!B$4,統合マスタ!$A58,0)) -> #VALUE! | P58: =IF(OFFSET(マスタ非採用削除!C$4,統合マスタ!$A58,0)="","",OFFSET(マスタ非採用削除!C$4,統合マスタ!$A58,0)) -> #VALUE! | Q58: =IF(OFFSET(マスタ非採用削除!D$4,統合マスタ!$A58,0)="","",OFFSET(マスタ非採用削除!D$4,統合マスタ!$A58,0)) -> #VALUE! | R58: =IF(AA58="非採用",0,IF(OFFSET(マスタ非採用削除!E$4,統合マスタ!$A58,0)="","",OFFSET(マスタ非採用削除!E$4,統合マスタ!$A58,0))) -> 0 | S58: =IF(OFFSET(マスタ非採用削除!F$4,統合マスタ!$A58,0)="","",OFFSET(マスタ非採用削除!F$4,統合マスタ!$A58,0)) -> #VALUE! | T58: =IF(OFFSET(マスタ非採用削除!G$4,統合マスタ!$A58,0)="","",OFFSET(マスタ非採用削除!G$4,統合マスタ!$A58,0)) -> #VALUE! | U58: =IF(OFFSET(マスタ非採用削除!H$4,統合マスタ!$A58,0)="","",OFFSET(マスタ非採用削除!H$4,統合マスタ!$A58,0)) -> #VALUE! | V58: =IF(OFFSET(マスタ非採用削除!I$4,統合マスタ!$A58,0)="","",OFFSET(マスタ非採用削除!I$4,統合マスタ!$A58,0)) -> #VALUE! | W58: =IF(OFFSET(マスタ非採用削除!J$4,統合マスタ!$A58,0)="","",OFFSET(マスタ非採用削除!J$4,統合マスタ!$A58,0)) -> #VALUE! | X58: =IF(OFFSET(マスタ非採用削除!K$4,統合マスタ!$A58,0)="","",OFFSET(マスタ非採用削除!K$4,統合マスタ!$A58,0)) -> #VALUE! | Y58: =IF(OFFSET(マスタ非採用削除!L$4,統合マスタ!$A58,0)="","",OFFSET(マスタ非採用削除!L$4,統合マスタ!$A58,0)) -> #VALUE! | Z58: =IF(OFFSET(マスタ非採用削除!M$4,統合マスタ!$A58,0)="","",OFFSET(マスタ非採用削除!M$4,統合マスタ!$A58,0)) -> #VALUE! | AA58: 非採用 | AB58: =IF(R58=2,"臨時", IF(COUNTIF(分類!$H$8:$H$15, 統合マスタ!V58)>0, 分類!$G$7, IF(COUNTIF(分類!$K$8:$K$15, 統合マスタ!V58)>0, 分類!$J$7, IF(COUNTIF(分類!$N$8:$N$15, 統合マスタ!V58)>0, 分類!$M$7, IF(COUNTIF(分類!$Q$8:$Q$15, 統合マスタ!V58)>0, 分類!$P$7, "無し"))))) -> 無し | AC58: {=OFFSET( INDIRECT("'" & AB58 & "'!A4"), MATCH(B58, INDIRECT("'" & AB58 & "'!C5:C1000"), 0), MATCH("合計", INDIRECT("'" & AB58 & "'!4:4"), 0) - 1 )} -> #REF!
A59: =元データ!P56 -> 21 | B59: =B58+1 -> 55 | C59: =DBCS(元データ!A56) -> アダラートＣＲ錠２０ｍｇ | D59: =元データ!B56 -> メディセオ | E59: =DBCS(元データ!C56) -> ＰＴＰ | F59: =DBCS(元データ!D56) -> １００Ｔ | G59: =元データ!E56 -> バイエル | H59: =元データ!F56 -> 13.2 | I59: =元データ!G56 -> 1320 | J59: =元データ!H56 -> 100 | K59: =元データ!I56 -> 錠 | L59: =元データ!J56 -> 1176 | M59: =元データ!K56 -> 11.76 | N59: =IF(OFFSET(マスタ非採用削除!A$4,統合マスタ!$A59,0)="","",OFFSET(マスタ非採用削除!A$4,統合マスタ!$A59,0)) -> ｱﾀﾗ002 | O59: =IF(OFFSET(マスタ非採用削除!B$4,統合マスタ!$A59,0)="","",OFFSET(マスタ非採用削除!B$4,統合マスタ!$A59,0)) -> ｱﾀﾗ002 | P59: =IF(OFFSET(マスタ非採用削除!C$4,統合マスタ!$A59,0)="","",OFFSET(マスタ非採用削除!C$4,統合マスタ!$A59,0)) -> アダラートＣＲ錠２０ｍｇ | Q59: =IF(OFFSET(マスタ非採用削除!D$4,統合マスタ!$A59,0)="","",OFFSET(マスタ非採用削除!D$4,統合マスタ!$A59,0)) -> ｱﾀﾞﾗ | R59: =IF(AA59="非採用",0,IF(OFFSET(マスタ非採用削除!E$4,統合マスタ!$A59,0)="","",OFFSET(マスタ非採用削除!E$4,統合マスタ!$A59,0))) -> 1 | S59: =IF(OFFSET(マスタ非採用削除!F$4,統合マスタ!$A59,0)="","",OFFSET(マスタ非採用削除!F$4,統合マスタ!$A59,0)) | T59: =IF(OFFSET(マスタ非採用削除!G$4,統合マスタ!$A59,0)="","",OFFSET(マスタ非採用削除!G$4,統合マスタ!$A59,0)) -> 13.2 | U59: =IF(OFFSET(マスタ非採用削除!H$4,統合マスタ!$A59,0)="","",OFFSET(マスタ非採用削除!H$4,統合マスタ!$A59,0)) -> ｱﾀﾞﾗｰﾄCRｼﾞｮｳ20mg | V59: =IF(OFFSET(マスタ非採用削除!I$4,統合マスタ!$A59,0)="","",OFFSET(マスタ非採用削除!I$4,統合マスタ!$A59,0)) -> 1 | W59: =IF(OFFSET(マスタ非採用削除!J$4,統合マスタ!$A59,0)="","",OFFSET(マスタ非採用削除!J$4,統合マスタ!$A59,0)) -> 錠剤 | X59: =IF(OFFSET(マスタ非採用削除!K$4,統合マスタ!$A59,0)="","",OFFSET(マスタ非採用削除!K$4,統合マスタ!$A59,0)) -> 2 | Y59: =IF(OFFSET(マスタ非採用削除!L$4,統合マスタ!$A59,0)="","",OFFSET(マスタ非採用削除!L$4,統合マスタ!$A59,0)) | Z59: =IF(OFFSET(マスタ非採用削除!M$4,統合マスタ!$A59,0)="","",OFFSET(マスタ非採用削除!M$4,統合マスタ!$A59,0)) -> 6 | AB59: =IF(R59=2,"臨時", IF(COUNTIF(分類!$H$8:$H$15, 統合マスタ!V59)>0, 分類!$G$7, IF(COUNTIF(分類!$K$8:$K$15, 統合マスタ!V59)>0, 分類!$J$7, IF(COUNTIF(分類!$N$8:$N$15, 統合マスタ!V59)>0, 分類!$M$7, IF(COUNTIF(分類!$Q$8:$Q$15, 統合マスタ!V59)>0, 分類!$P$7, "無し"))))) -> 錠剤 | AC59: {=OFFSET( INDIRECT("'" & AB59 & "'!A4"), MATCH(B59, INDIRECT("'" & AB59 & "'!C5:C1000"), 0), MATCH("合計", INDIRECT("'" & AB59 & "'!4:4"), 0) - 1 )} -> 10
A60: =元データ!P57 -> 20 | B60: =B59+1 -> 56 | C60: =DBCS(元データ!A57) -> アタラックス錠２５ｍｇ | D60: =元データ!B57 -> KSK | E60: =DBCS(元データ!C57) -> ＰＴＰ | F60: =DBCS(元データ!D57) -> １００Ｔ | G60: =元データ!E57 -> ファイザー | H60: =元データ!F57 -> 6.1 | I60: =元データ!G57 -> 610 | J60: =元データ!H57 -> 100 | K60: =元データ!I57 -> 錠 | L60: =元データ!J57 -> 536 | M60: =元データ!K57 -> 5.36 | N60: =IF(OFFSET(マスタ非採用削除!A$4,統合マスタ!$A60,0)="","",OFFSET(マスタ非採用削除!A$4,統合マスタ!$A60,0)) -> ｱﾀﾗ001 | O60: =IF(OFFSET(マスタ非採用削除!B$4,統合マスタ!$A60,0)="","",OFFSET(マスタ非採用削除!B$4,統合マスタ!$A60,0)) -> ｱﾀﾗ001 | P60: =IF(OFFSET(マスタ非採用削除!C$4,統合マスタ!$A60,0)="","",OFFSET(マスタ非採用削除!C$4,統合マスタ!$A60,0)) -> アタラックス錠２５ｍｇ | Q60: =IF(OFFSET(マスタ非採用削除!D$4,統合マスタ!$A60,0)="","",OFFSET(マスタ非採用削除!D$4,統合マスタ!$A60,0)) -> ｱﾀﾗｯ2 | R60: =IF(AA60="非採用",0,IF(OFFSET(マスタ非採用削除!E$4,統合マスタ!$A60,0)="","",OFFSET(マスタ非採用削除!E$4,統合マスタ!$A60,0))) -> 1 | S60: =IF(OFFSET(マスタ非採用削除!F$4,統合マスタ!$A60,0)="","",OFFSET(マスタ非採用削除!F$4,統合マスタ!$A60,0)) | T60: =IF(OFFSET(マスタ非採用削除!G$4,統合マスタ!$A60,0)="","",OFFSET(マスタ非採用削除!G$4,統合マスタ!$A60,0)) -> 6.1 | U60: =IF(OFFSET(マスタ非採用削除!H$4,統合マスタ!$A60,0)="","",OFFSET(マスタ非採用削除!H$4,統合マスタ!$A60,0)) -> ｱﾀﾗｯｸｽｼﾞｮｳ25mg | V60: =IF(OFFSET(マスタ非採用削除!I$4,統合マスタ!$A60,0)="","",OFFSET(マスタ非採用削除!I$4,統合マスタ!$A60,0)) -> 1 | W60: =IF(OFFSET(マスタ非採用削除!J$4,統合マスタ!$A60,0)="","",OFFSET(マスタ非採用削除!J$4,統合マスタ!$A60,0)) -> 錠剤 | X60: =IF(OFFSET(マスタ非採用削除!K$4,統合マスタ!$A60,0)="","",OFFSET(マスタ非採用削除!K$4,統合マスタ!$A60,0)) -> 0 | Y60: =IF(OFFSET(マスタ非採用削除!L$4,統合マスタ!$A60,0)="","",OFFSET(マスタ非採用削除!L$4,統合マスタ!$A60,0)) | Z60: =IF(OFFSET(マスタ非採用削除!M$4,統合マスタ!$A60,0)="","",OFFSET(マスタ非採用削除!M$4,統合マスタ!$A60,0)) -> 25 | AB60: =IF(R60=2,"臨時", IF(COUNTIF(分類!$H$8:$H$15, 統合マスタ!V60)>0, 分類!$G$7, IF(COUNTIF(分類!$K$8:$K$15, 統合マスタ!V60)>0, 分類!$J$7, IF(COUNTIF(分類!$N$8:$N$15, 統合マスタ!V60)>0, 分類!$M$7, IF(COUNTIF(分類!$Q$8:$Q$15, 統合マスタ!V60)>0, 分類!$P$7, "無し"))))) -> 錠剤 | AC60: {=OFFSET( INDIRECT("'" & AB60 & "'!A4"), MATCH(B60, INDIRECT("'" & AB60 & "'!C5:C1000"), 0), MATCH("合計", INDIRECT("'" & AB60 & "'!4:4"), 0) - 1 )} -> 11
A61: =元データ!P58 -> 23 | B61: =B60+1 -> 57 | C61: =DBCS(元データ!A58) -> アドエア５００ディスカス ６０吸入用 | D61: =元データ!B58 -> 東邦 | E61: =DBCS(元データ!C58) | F61: =DBCS(元データ!D58) -> ６０ブリスターｘ１ | G61: =元データ!E58 -> GSK | H61: =元データ!F58 -> 3952.1 | I61: =元データ!G58 -> 3952.1 | J61: =元データ!H58 -> 1 | K61: =元データ!I58 -> 個 | L61: =元データ!J58 -> 3430 | M61: =元データ!K58 -> 3430 | N61: =IF(OFFSET(マスタ非採用削除!A$4,統合マスタ!$A61,0)="","",OFFSET(マスタ非採用削除!A$4,統合マスタ!$A61,0)) -> ｱﾄｴ001 | O61: =IF(OFFSET(マスタ非採用削除!B$4,統合マスタ!$A61,0)="","",OFFSET(マスタ非採用削除!B$4,統合マスタ!$A61,0)) -> ｱﾄｴ001 | P61: =IF(OFFSET(マスタ非採用削除!C$4,統合マスタ!$A61,0)="","",OFFSET(マスタ非採用削除!C$4,統合マスタ!$A61,0)) -> アドエア５００ディスカス６０吸入用 | Q61: =IF(OFFSET(マスタ非採用削除!D$4,統合マスタ!$A61,0)="","",OFFSET(マスタ非採用削除!D$4,統合マスタ!$A61,0)) -> ｱﾄﾞｴ | R61: =IF(AA61="非採用",0,IF(OFFSET(マスタ非採用削除!E$4,統合マスタ!$A61,0)="","",OFFSET(マスタ非採用削除!E$4,統合マスタ!$A61,0))) -> 2 | S61: =IF(OFFSET(マスタ非採用削除!F$4,統合マスタ!$A61,0)="","",OFFSET(マスタ非採用削除!F$4,統合マスタ!$A61,0)) | T61: =IF(OFFSET(マスタ非採用削除!G$4,統合マスタ!$A61,0)="","",OFFSET(マスタ非採用削除!G$4,統合マスタ!$A61,0)) -> 3952.1 | U61: =IF(OFFSET(マスタ非採用削除!H$4,統合マスタ!$A61,0)="","",OFFSET(マスタ非採用削除!H$4,統合マスタ!$A61,0)) -> ｱﾄﾞｴｱ500ﾃﾞｨｽｶｽ60ｷｭｳﾆｭｳﾖｳ | V61: =IF(OFFSET(マスタ非採用削除!I$4,統合マスタ!$A61,0)="","",OFFSET(マスタ非採用削除!I$4,統合マスタ!$A61,0)) -> 10 | W61: =IF(OFFSET(マスタ非採用削除!J$4,統合マスタ!$A61,0)="","",OFFSET(マスタ非採用削除!J$4,統合マスタ!$A61,0)) -> 吸入剤 | X61: =IF(OFFSET(マスタ非採用削除!K$4,統合マスタ!$A61,0)="","",OFFSET(マスタ非採用削除!K$4,統合マスタ!$A61,0)) -> 0 | Y61: =IF(OFFSET(マスタ非採用削除!L$4,統合マスタ!$A61,0)="","",OFFSET(マスタ非採用削除!L$4,統合マスタ!$A61,0)) | Z61: =IF(OFFSET(マスタ非採用削除!M$4,統合マスタ!$A61,0)="","",OFFSET(マスタ非採用削除!M$4,統合マスタ!$A61,0)) -> 3 | AB61: =IF(R61=2,"臨時", IF(COUNTIF(分類!$H$8:$H$15, 統合マスタ!V61)>0, 分類!$G$7, IF(COUNTIF(分類!$K$8:$K$15, 統合マスタ!V61)>0, 分類!$J$7, IF(COUNTIF(分類!$N$8:$N$15, 統合マスタ!V61)>0, 分類!$M$7, IF(COUNTIF(分類!$Q$8:$Q$15, 統合マスタ!V61)>0, 分類!$P$7, "無し"))))) -> 臨時 | AC61: {=OFFSET( INDIRECT("'" & AB61 & "'!A4"), MATCH(B61, INDIRECT("'" & AB61 & "'!C5:C1000"), 0), MATCH("合計", INDIRECT("'" & AB61 & "'!4:4"), 0) - 1 )} -> 0
A62: =元データ!P59 -> 26 | B62: =B61+1 -> 58 | C62: =DBCS(元データ!A59) -> アドナ散１０％ | D62: =元データ!B59 -> アルフレッサ | E62: =DBCS(元データ!C59) -> 粉 | F62: =DBCS(元データ!D59) -> １００ｇ | G62: =元データ!E59 -> ニプロES | H62: =元データ!F59 -> 32.5 | I62: =元データ!G59 -> 3250 | J62: =元データ!H59 -> 100 | K62: =元データ!I59 -> ｇ | L62: =元データ!J59 -> 2860 | M62: =元データ!K59 -> 28.6 | N62: =IF(OFFSET(マスタ非採用削除!A$4,統合マスタ!$A62,0)="","",OFFSET(マスタ非採用削除!A$4,統合マスタ!$A62,0)) -> ｱﾄﾅ003 | O62: =IF(OFFSET(マスタ非採用削除!B$4,統合マスタ!$A62,0)="","",OFFSET(マスタ非採用削除!B$4,統合マスタ!$A62,0)) -> ｱﾄﾅ003 | P62: =IF(OFFSET(マスタ非採用削除!C$4,統合マスタ!$A62,0)="","",OFFSET(マスタ非採用削除!C$4,統合マスタ!$A62,0)) -> アドナ散１０％ | Q62: =IF(OFFSET(マスタ非採用削除!D$4,統合マスタ!$A62,0)="","",OFFSET(マスタ非採用削除!D$4,統合マスタ!$A62,0)) -> ｱﾄﾞﾅ2* | R62: =IF(AA62="非採用",0,IF(OFFSET(マスタ非採用削除!E$4,統合マスタ!$A62,0)="","",OFFSET(マスタ非採用削除!E$4,統合マスタ!$A62,0))) -> 1 | S62: =IF(OFFSET(マスタ非採用削除!F$4,統合マスタ!$A62,0)="","",OFFSET(マスタ非採用削除!F$4,統合マスタ!$A62,0)) | T62: =IF(OFFSET(マスタ非採用削除!G$4,統合マスタ!$A62,0)="","",OFFSET(マスタ非採用削除!G$4,統合マスタ!$A62,0)) -> 32.5 | U62: =IF(OFFSET(マスタ非採用削除!H$4,統合マスタ!$A62,0)="","",OFFSET(マスタ非採用削除!H$4,統合マスタ!$A62,0)) -> ｱﾄﾞﾅｻﾝ10% | V62: =IF(OFFSET(マスタ非採用削除!I$4,統合マスタ!$A62,0)="","",OFFSET(マスタ非採用削除!I$4,統合マスタ!$A62,0)) -> 3 | W62: =IF(OFFSET(マスタ非採用削除!J$4,統合マスタ!$A62,0)="","",OFFSET(マスタ非採用削除!J$4,統合マスタ!$A62,0)) -> 散 | X62: =IF(OFFSET(マスタ非採用削除!K$4,統合マスタ!$A62,0)="","",OFFSET(マスタ非採用削除!K$4,統合マスタ!$A62,0)) -> 0 | Y62: =IF(OFFSET(マスタ非採用削除!L$4,統合マスタ!$A62,0)="","",OFFSET(マスタ非採用削除!L$4,統合マスタ!$A62,0)) | Z62: =IF(OFFSET(マスタ非採用削除!M$4,統合マスタ!$A62,0)="","",OFFSET(マスタ非採用削除!M$4,統合マスタ!$A62,0)) -> 2 | AB62: =IF(R62=2,"臨時", IF(COUNTIF(分類!$H$8:$H$15, 統合マスタ!V62)>0, 分類!$G$7, IF(COUNTIF(分類!$K$8:$K$15, 統合マスタ!V62)>0, 分類!$J$7, IF(COUNTIF(分類!$N$8:$N$15, 統合マスタ!V62)>0, 分類!$M$7, IF(COUNTIF(分類!$Q$8:$Q$15, 統合マスタ!V62)>0, 分類!$P$7, "無し"))))) -> 散剤 | AC62: {=OFFSET( INDIRECT("'" & AB62 & "'!A4"), MATCH(B62, INDIRECT("'" & AB62 & "'!C5:C1000"), 0), MATCH("合計", INDIRECT("'" & AB62 & "'!4:4"), 0) - 1 )} -> 1000
A63: =元データ!P60 -> 24 | B63: =B62+1 -> 59 | C63: =DBCS(元データ!A60) -> アドナ錠３０ｍｇ | D63: =元データ!B60 -> アルフレッサ | E63: =DBCS(元データ!C60) -> バラ | F63: =DBCS(元データ!D60) -> ５００Ｔ | G63: =元データ!E60 -> ニプロES | H63: =元データ!F60 -> 7.7 | I63: =元データ!G60 -> 3850 | J63: =元データ!H60 -> 500 | K63: =元データ!I60 -> 錠 | L63: =元データ!J60 -> 3388 | M63: =元データ!K60 -> 6.776 | N63: =IF(OFFSET(マスタ非採用削除!A$4,統合マスタ!$A63,0)="","",OFFSET(マスタ非採用削除!A$4,統合マスタ!$A63,0)) -> ｱﾄﾅ001 | O63: =IF(OFFSET(マスタ非採用削除!B$4,統合マスタ!$A63,0)="","",OFFSET(マスタ非採用削除!B$4,統合マスタ!$A63,0)) -> ｱﾄﾅ001 | P63: =IF(OFFSET(マスタ非採用削除!C$4,統合マスタ!$A63,0)="","",OFFSET(マスタ非採用削除!C$4,統合マスタ!$A63,0)) -> アドナ錠３０ｍｇ | Q63: =IF(OFFSET(マスタ非採用削除!D$4,統合マスタ!$A63,0)="","",OFFSET(マスタ非採用削除!D$4,統合マスタ!$A63,0)) -> ｱﾄﾞﾅ | R63: =IF(AA63="非採用",0,IF(OFFSET(マスタ非採用削除!E$4,統合マスタ!$A63,0)="","",OFFSET(マスタ非採用削除!E$4,統合マスタ!$A63,0))) -> 1 | S63: =IF(OFFSET(マスタ非採用削除!F$4,統合マスタ!$A63,0)="","",OFFSET(マスタ非採用削除!F$4,統合マスタ!$A63,0)) | T63: =IF(OFFSET(マスタ非採用削除!G$4,統合マスタ!$A63,0)="","",OFFSET(マスタ非採用削除!G$4,統合マスタ!$A63,0)) -> 7.7 | U63: =IF(OFFSET(マスタ非採用削除!H$4,統合マスタ!$A63,0)="","",OFFSET(マスタ非採用削除!H$4,統合マスタ!$A63,0)) -> ｱﾄﾞﾅｼﾞｮｳ30mg | V63: =IF(OFFSET(マスタ非採用削除!I$4,統合マスタ!$A63,0)="","",OFFSET(マスタ非採用削除!I$4,統合マスタ!$A63,0)) -> 1 | W63: =IF(OFFSET(マスタ非採用削除!J$4,統合マスタ!$A63,0)="","",OFFSET(マスタ非採用削除!J$4,統合マスタ!$A63,0)) -> 錠剤 | X63: =IF(OFFSET(マスタ非採用削除!K$4,統合マスタ!$A63,0)="","",OFFSET(マスタ非採用削除!K$4,統合マスタ!$A63,0)) -> 0 | Y63: =IF(OFFSET(マスタ非採用削除!L$4,統合マスタ!$A63,0)="","",OFFSET(マスタ非採用削除!L$4,統合マスタ!$A63,0)) | Z63: =IF(OFFSET(マスタ非採用削除!M$4,統合マスタ!$A63,0)="","",OFFSET(マスタ非採用削除!M$4,統合マスタ!$A63,0)) -> 25 | AB63: =IF(R63=2,"臨時", IF(COUNTIF(分類!$H$8:$H$15, 統合マスタ!V63)>0, 分類!$G$7, IF(COUNTIF(分類!$K$8:$K$15, 統合マスタ!V63)>0, 分類!$J$7, IF(COUNTIF(分類!$N$8:$N$15, 統合マスタ!V63)>0, 分類!$M$7, IF(COUNTIF(分類!$Q$8:$Q$15, 統合マスタ!V63)>0, 分類!$P$7, "無し"))))) -> 錠剤 | AC63: {=OFFSET( INDIRECT("'" & AB63 & "'!A4"), MATCH(B63, INDIRECT("'" & AB63 & "'!C5:C1000"), 0), MATCH("合計", INDIRECT("'" & AB63 & "'!4:4"), 0) - 1 )} -> 12
A64: =元データ!P61 -> 25 | B64: =B63+1 -> 60 | C64: =DBCS(元データ!A61) -> アドナ注（静脈用）５０ｍｇ | D64: =元データ!B61 -> アルフレッサ | E64: =DBCS(元データ!C61) | F64: =DBCS(元データ!D61) -> １０ｍｌ×１０Ａ | G64: =元データ!E61 -> ニプロ | H64: =元データ!F61 -> 89 | I64: =元データ!G61 -> 890 | J64: =元データ!H61 -> 10 | K64: =元データ!I61 -> A | L64: =元データ!J61 -> 792 | M64: =元データ!K61 -> 79.2 | N64: =IF(OFFSET(マスタ非採用削除!A$4,統合マスタ!$A64,0)="","",OFFSET(マスタ非採用削除!A$4,統合マスタ!$A64,0)) -> ｱﾄﾅ002 | O64: =IF(OFFSET(マスタ非採用削除!B$4,統合マスタ!$A64,0)="","",OFFSET(マスタ非採用削除!B$4,統合マスタ!$A64,0)) -> ｱﾄﾅ002 | P64: =IF(OFFSET(マスタ非採用削除!C$4,統合マスタ!$A64,0)="","",OFFSET(マスタ非採用削除!C$4,統合マスタ!$A64,0)) -> アドナ注（静脈用）５０ｍｇ | Q64: =IF(OFFSET(マスタ非採用削除!D$4,統合マスタ!$A64,0)="","",OFFSET(マスタ非採用削除!D$4,統合マスタ!$A64,0)) -> ｱﾄﾞﾅ1 | R64: =IF(AA64="非採用",0,IF(OFFSET(マスタ非採用削除!E$4,統合マスタ!$A64,0)="","",OFFSET(マスタ非採用削除!E$4,統合マスタ!$A64,0))) -> 1 | S64: =IF(OFFSET(マスタ非採用削除!F$4,統合マスタ!$A64,0)="","",OFFSET(マスタ非採用削除!F$4,統合マスタ!$A64,0)) | T64: =IF(OFFSET(マスタ非採用削除!G$4,統合マスタ!$A64,0)="","",OFFSET(マスタ非採用削除!G$4,統合マスタ!$A64,0)) -> 89 | U64: =IF(OFFSET(マスタ非採用削除!H$4,統合マスタ!$A64,0)="","",OFFSET(マスタ非採用削除!H$4,統合マスタ!$A64,0)) -> ｱﾄﾞﾅﾁｭｳ(ｼﾞｮｳﾐｬｸﾖｳ)50mg | V64: =IF(OFFSET(マスタ非採用削除!I$4,統合マスタ!$A64,0)="","",OFFSET(マスタ非採用削除!I$4,統合マスタ!$A64,0)) -> 25 | W64: =IF(OFFSET(マスタ非採用削除!J$4,統合マスタ!$A64,0)="","",OFFSET(マスタ非採用削除!J$4,統合マスタ!$A64,0)) -> 注射剤 | X64: =IF(OFFSET(マスタ非採用削除!K$4,統合マスタ!$A64,0)="","",OFFSET(マスタ非採用削除!K$4,統合マスタ!$A64,0)) -> 0 | Y64: =IF(OFFSET(マスタ非採用削除!L$4,統合マスタ!$A64,0)="","",OFFSET(マスタ非採用削除!L$4,統合マスタ!$A64,0)) | Z64: =IF(OFFSET(マスタ非採用削除!M$4,統合マスタ!$A64,0)="","",OFFSET(マスタ非採用削除!M$4,統合マスタ!$A64,0)) -> 9 | AB64: =IF(R64=2,"臨時", IF(COUNTIF(分類!$H$8:$H$15, 統合マスタ!V64)>0, 分類!$G$7, IF(COUNTIF(分類!$K$8:$K$15, 統合マスタ!V64)>0, 分類!$J$7, IF(COUNTIF(分類!$N$8:$N$15, 統合マスタ!V64)>0, 分類!$M$7, IF(COUNTIF(分類!$Q$8:$Q$15, 統合マスタ!V64)>0, 分類!$P$7, "無し"))))) -> 注射 | AC64: {=OFFSET( INDIRECT("'" & AB64 & "'!A4"), MATCH(B64, INDIRECT("'" & AB64 & "'!C5:C1000"), 0), MATCH("合計", INDIRECT("'" & AB64 & "'!4:4"), 0) - 1 )} -> 0
A65: =元データ!P62 -> 25 | B65: =B64+1 -> 61 | C65: =DBCS(元データ!A62) -> アドナ注（静脈用）５０ｍｇ | D65: =元データ!B62 | E65: =DBCS(元データ!C62) | F65: =DBCS(元データ!D62) -> １０ｍｌ×５０Ａ | G65: =元データ!E62 -> ニプロ | H65: =元データ!F62 -> 89 | I65: =元データ!G62 -> 4450 | J65: =元データ!H62 -> 50 | K65: =元データ!I62 -> A | L65: =元データ!J62 -> 3961 | M65: =元データ!K62 -> 79.22 | N65: =IF(OFFSET(マスタ非採用削除!A$4,統合マスタ!$A65,0)="","",OFFSET(マスタ非採用削除!A$4,統合マスタ!$A65,0)) -> ｱﾄﾅ002 | O65: =IF(OFFSET(マスタ非採用削除!B$4,統合マスタ!$A65,0)="","",OFFSET(マスタ非採用削除!B$4,統合マスタ!$A65,0)) -> ｱﾄﾅ002 | P65: =IF(OFFSET(マスタ非採用削除!C$4,統合マスタ!$A65,0)="","",OFFSET(マスタ非採用削除!C$4,統合マスタ!$A65,0)) -> アドナ注（静脈用）５０ｍｇ | Q65: =IF(OFFSET(マスタ非採用削除!D$4,統合マスタ!$A65,0)="","",OFFSET(マスタ非採用削除!D$4,統合マスタ!$A65,0)) -> ｱﾄﾞﾅ1 | R65: =IF(AA65="非採用",0,IF(OFFSET(マスタ非採用削除!E$4,統合マスタ!$A65,0)="","",OFFSET(マスタ非採用削除!E$4,統合マスタ!$A65,0))) -> 1 | S65: =IF(OFFSET(マスタ非採用削除!F$4,統合マスタ!$A65,0)="","",OFFSET(マスタ非採用削除!F$4,統合マスタ!$A65,0)) | T65: =IF(OFFSET(マスタ非採用削除!G$4,統合マスタ!$A65,0)="","",OFFSET(マスタ非採用削除!G$4,統合マスタ!$A65,0)) -> 89 | U65: =IF(OFFSET(マスタ非採用削除!H$4,統合マスタ!$A65,0)="","",OFFSET(マスタ非採用削除!H$4,統合マスタ!$A65,0)) -> ｱﾄﾞﾅﾁｭｳ(ｼﾞｮｳﾐｬｸﾖｳ)50mg | V65: =IF(OFFSET(マスタ非採用削除!I$4,統合マスタ!$A65,0)="","",OFFSET(マスタ非採用削除!I$4,統合マスタ!$A65,0)) -> 25 | W65: =IF(OFFSET(マスタ非採用削除!J$4,統合マスタ!$A65,0)="","",OFFSET(マスタ非採用削除!J$4,統合マスタ!$A65,0)) -> 注射剤 | X65: =IF(OFFSET(マスタ非採用削除!K$4,統合マスタ!$A65,0)="","",OFFSET(マスタ非採用削除!K$4,統合マスタ!$A65,0)) -> 0 | Y65: =IF(OFFSET(マスタ非採用削除!L$4,統合マスタ!$A65,0)="","",OFFSET(マスタ非採用削除!L$4,統合マスタ!$A65,0)) | Z65: =IF(OFFSET(マスタ非採用削除!M$4,統合マスタ!$A65,0)="","",OFFSET(マスタ非採用削除!M$4,統合マスタ!$A65,0)) -> 9 | AB65: =IF(R65=2,"臨時", IF(COUNTIF(分類!$H$8:$H$15, 統合マスタ!V65)>0, 分類!$G$7, IF(COUNTIF(分類!$K$8:$K$15, 統合マスタ!V65)>0, 分類!$J$7, IF(COUNTIF(分類!$N$8:$N$15, 統合マスタ!V65)>0, 分類!$M$7, IF(COUNTIF(分類!$Q$8:$Q$15, 統合マスタ!V65)>0, 分類!$P$7, "無し"))))) -> 注射 | AC65: {=OFFSET( INDIRECT("'" & AB65 & "'!A4"), MATCH(B65, INDIRECT("'" & AB65 & "'!C5:C1000"), 0), MATCH("合計", INDIRECT("'" & AB65 & "'!4:4"), 0) - 1 )} -> 0
A66: =元データ!P63 -> 27 | B66: =B65+1 -> 62 | C66: =DBCS(元データ!A63) -> アドフィードパップ４０ｍｇ | D66: =元データ!B63 | E66: =DBCS(元データ!C63) | F66: =DBCS(元データ!D63) -> ７枚ｘ５０ | G66: =元データ!E63 -> 科研製薬 | H66: =元データ!F63 -> 17.6 | I66: =元データ!G63 -> 6160 | J66: =元データ!H63 -> 350 | K66: =元データ!I63 -> 枚 | L66: =元データ!J63 -> 5489 | M66: =元データ!K63 -> 15.682857 | N66: =IF(OFFSET(マスタ非採用削除!A$4,統合マスタ!$A66,0)="","",OFFSET(マスタ非採用削除!A$4,統合マスタ!$A66,0)) -> ｱﾄﾌ001 | O66: =IF(OFFSET(マスタ非採用削除!B$4,統合マスタ!$A66,0)="","",OFFSET(マスタ非採用削除!B$4,統合マスタ!$A66,0)) -> ｱﾄﾌ001 | P66: =IF(OFFSET(マスタ非採用削除!C$4,統合マスタ!$A66,0)="","",OFFSET(マスタ非採用削除!C$4,統合マスタ!$A66,0)) -> アドフィードパップ４０ｍｇ | Q66: =IF(OFFSET(マスタ非採用削除!D$4,統合マスタ!$A66,0)="","",OFFSET(マスタ非採用削除!D$4,統合マスタ!$A66,0)) | R66: =IF(AA66="非採用",0,IF(OFFSET(マスタ非採用削除!E$4,統合マスタ!$A66,0)="","",OFFSET(マスタ非採用削除!E$4,統合マスタ!$A66,0))) -> 1 | S66: =IF(OFFSET(マスタ非採用削除!F$4,統合マスタ!$A66,0)="","",OFFSET(マスタ非採用削除!F$4,統合マスタ!$A66,0)) | T66: =IF(OFFSET(マスタ非採用削除!G$4,統合マスタ!$A66,0)="","",OFFSET(マスタ非採用削除!G$4,統合マスタ!$A66,0)) -> 17.6 | U66: =IF(OFFSET(マスタ非採用削除!H$4,統合マスタ!$A66,0)="","",OFFSET(マスタ非採用削除!H$4,統合マスタ!$A66,0)) -> ｱﾄﾞﾌｲ-ﾄﾞﾊﾟﾂﾌﾟ40MG | V66: =IF(OFFSET(マスタ非採用削除!I$4,統合マスタ!$A66,0)="","",OFFSET(マスタ非採用削除!I$4,統合マスタ!$A66,0)) -> 19 | W66: =IF(OFFSET(マスタ非採用削除!J$4,統合マスタ!$A66,0)="","",OFFSET(マスタ非採用削除!J$4,統合マスタ!$A66,0)) -> 貼付剤 | X66: =IF(OFFSET(マスタ非採用削除!K$4,統合マスタ!$A66,0)="","",OFFSET(マスタ非採用削除!K$4,統合マスタ!$A66,0)) -> 0 | Y66: =IF(OFFSET(マスタ非採用削除!L$4,統合マスタ!$A66,0)="","",OFFSET(マスタ非採用削除!L$4,統合マスタ!$A66,0)) | Z66: =IF(OFFSET(マスタ非採用削除!M$4,統合マスタ!$A66,0)="","",OFFSET(マスタ非採用削除!M$4,統合マスタ!$A66,0)) -> 12 | AB66: =IF(R66=2,"臨時", IF(COUNTIF(分類!$H$8:$H$15, 統合マスタ!V66)>0, 分類!$G$7, IF(COUNTIF(分類!$K$8:$K$15, 統合マスタ!V66)>0, 分類!$J$7, IF(COUNTIF(分類!$N$8:$N$15, 統合マスタ!V66)>0, 分類!$M$7, IF(COUNTIF(分類!$Q$8:$Q$15, 統合マスタ!V66)>0, 分類!$P$7, "無し"))))) -> 外用剤 | AC66: {=OFFSET( INDIRECT("'" & AB66 & "'!A4"), MATCH(B66, INDIRECT("'" & AB66 & "'!C5:C1000"), 0), MATCH("合計", INDIRECT("'" & AB66 & "'!4:4"), 0) - 1 )} -> #REF!
A67: =元データ!P64 -> 0 | B67: =B66+1 -> 63 | C67: =DBCS(元データ!A64) -> アトモキセチンカプセル１０ｍｇ 「ＶＴＲＳ」 | D67: =元データ!B64 -> メディセオ | E67: =DBCS(元データ!C64) -> ＰＴＰ | F67: =DBCS(元データ!D64) -> １４０Ｐ | G67: =元データ!E64 -> ヴィアトリス製薬 | H67: =元データ!F64 -> 50.3 | I67: =元データ!G64 -> 7042 | J67: =元データ!H64 -> 140 | K67: =元データ!I64 -> cap | L67: =元データ!J64 -> 6273 | M67: =元データ!K64 -> 44.807143 | N67: =IF(OFFSET(マスタ非採用削除!A$4,統合マスタ!$A67,0)="","",OFFSET(マスタ非採用削除!A$4,統合マスタ!$A67,0)) -> コード(区分値) | O67: =IF(OFFSET(マスタ非採用削除!B$4,統合マスタ!$A67,0)="","",OFFSET(マスタ非採用削除!B$4,統合マスタ!$A67,0)) -> コード | P67: =IF(OFFSET(マスタ非採用削除!C$4,統合マスタ!$A67,0)="","",OFFSET(マスタ非採用削除!C$4,統合マスタ!$A67,0)) -> 名称 | Q67: =IF(OFFSET(マスタ非採用削除!D$4,統合マスタ!$A67,0)="","",OFFSET(マスタ非採用削除!D$4,統合マスタ!$A67,0)) -> ホストコード | R67: =IF(AA67="非採用",0,IF(OFFSET(マスタ非採用削除!E$4,統合マスタ!$A67,0)="","",OFFSET(マスタ非採用削除!E$4,統合マスタ!$A67,0))) -> 採用区分（区分値）(区分値) | S67: =IF(OFFSET(マスタ非採用削除!F$4,統合マスタ!$A67,0)="","",OFFSET(マスタ非採用削除!F$4,統合マスタ!$A67,0)) -> 採用区分（区分値） | T67: =IF(OFFSET(マスタ非採用削除!G$4,統合マスタ!$A67,0)="","",OFFSET(マスタ非採用削除!G$4,統合マスタ!$A67,0)) -> 薬価 | U67: =IF(OFFSET(マスタ非採用削除!H$4,統合マスタ!$A67,0)="","",OFFSET(マスタ非採用削除!H$4,統合マスタ!$A67,0)) -> カナ名称 | V67: =IF(OFFSET(マスタ非採用削除!I$4,統合マスタ!$A67,0)="","",OFFSET(マスタ非採用削除!I$4,統合マスタ!$A67,0)) -> 剤形(区分値) | W67: =IF(OFFSET(マスタ非採用削除!J$4,統合マスタ!$A67,0)="","",OFFSET(マスタ非採用削除!J$4,統合マスタ!$A67,0)) -> 剤形 | X67: =IF(OFFSET(マスタ非採用削除!K$4,統合マスタ!$A67,0)="","",OFFSET(マスタ非採用削除!K$4,統合マスタ!$A67,0)) -> 毒劇薬（区分値）(区分値) | Y67: =IF(OFFSET(マスタ非採用削除!L$4,統合マスタ!$A67,0)="","",OFFSET(マスタ非採用削除!L$4,統合マスタ!$A67,0)) -> 毒劇薬（区分値） | Z67: =IF(OFFSET(マスタ非採用削除!M$4,統合マスタ!$A67,0)="","",OFFSET(マスタ非採用削除!M$4,統合マスタ!$A67,0)) -> 場所 | AB67: =IF(R67=2,"臨時", IF(COUNTIF(分類!$H$8:$H$15, 統合マスタ!V67)>0, 分類!$G$7, IF(COUNTIF(分類!$K$8:$K$15, 統合マスタ!V67)>0, 分類!$J$7, IF(COUNTIF(分類!$N$8:$N$15, 統合マスタ!V67)>0, 分類!$M$7, IF(COUNTIF(分類!$Q$8:$Q$15, 統合マスタ!V67)>0, 分類!$P$7, "無し"))))) -> 無し | AC67: {=OFFSET( INDIRECT("'" & AB67 & "'!A4"), MATCH(B67, INDIRECT("'" & AB67 & "'!C5:C1000"), 0), MATCH("合計", INDIRECT("'" & AB67 & "'!4:4"), 0) - 1 )} -> #REF!
A68: =元データ!P65 -> 28 | B68: =B67+1 -> 64 | C68: =DBCS(元データ!A65) -> アトモキセチンカプセル１０ｍｇ 「サワイ」 | D68: =元データ!B65 -> アルフレッサ | E68: =DBCS(元データ!C65) -> ＰＴＰ | F68: =DBCS(元データ!D65) -> １４０Ｐ | G68: =元データ!E65 -> 沢井製薬 | H68: =元データ!F65 -> 50.3 | I68: =元データ!G65 -> 7042 | J68: =元データ!H65 -> 140 | K68: =元データ!I65 -> cap | L68: =元データ!J65 -> 5563 | M68: =元データ!K65 -> 39.735714 | N68: =IF(OFFSET(マスタ非採用削除!A$4,統合マスタ!$A68,0)="","",OFFSET(マスタ非採用削除!A$4,統合マスタ!$A68,0)) -> ｱﾄﾓ001 | O68: =IF(OFFSET(マスタ非採用削除!B$4,統合マスタ!$A68,0)="","",OFFSET(マスタ非採用削除!B$4,統合マスタ!$A68,0)) -> ｱﾄﾓ001 | P68: =IF(OFFSET(マスタ非採用削除!C$4,統合マスタ!$A68,0)="","",OFFSET(マスタ非採用削除!C$4,統合マスタ!$A68,0)) -> アトモキセチンカプセル１０ｍｇ「サワイ」 | Q68: =IF(OFFSET(マスタ非採用削除!D$4,統合マスタ!$A68,0)="","",OFFSET(マスタ非採用削除!D$4,統合マスタ!$A68,0)) -> ｱﾄ10 | R68: =IF(AA68="非採用",0,IF(OFFSET(マスタ非採用削除!E$4,統合マスタ!$A68,0)="","",OFFSET(マスタ非採用削除!E$4,統合マスタ!$A68,0))) -> 1 | S68: =IF(OFFSET(マスタ非採用削除!F$4,統合マスタ!$A68,0)="","",OFFSET(マスタ非採用削除!F$4,統合マスタ!$A68,0)) | T68: =IF(OFFSET(マスタ非採用削除!G$4,統合マスタ!$A68,0)="","",OFFSET(マスタ非採用削除!G$4,統合マスタ!$A68,0)) -> 50.3 | U68: =IF(OFFSET(マスタ非採用削除!H$4,統合マスタ!$A68,0)="","",OFFSET(マスタ非採用削除!H$4,統合マスタ!$A68,0)) -> ｱﾄﾓｷｾﾁﾝｶﾌﾟｾﾙ10mg｢ｻﾜｲ｣ | V68: =IF(OFFSET(マスタ非採用削除!I$4,統合マスタ!$A68,0)="","",OFFSET(マスタ非採用削除!I$4,統合マスタ!$A68,0)) -> 2 | W68: =IF(OFFSET(マスタ非採用削除!J$4,統合マスタ!$A68,0)="","",OFFSET(マスタ非採用削除!J$4,統合マスタ!$A68,0)) -> カプセル | X68: =IF(OFFSET(マスタ非採用削除!K$4,統合マスタ!$A68,0)="","",OFFSET(マスタ非採用削除!K$4,統合マスタ!$A68,0)) -> 2 | Y68: =IF(OFFSET(マスタ非採用削除!L$4,統合マスタ!$A68,0)="","",OFFSET(マスタ非採用削除!L$4,統合マスタ!$A68,0)) | Z68: =IF(OFFSET(マスタ非採用削除!M$4,統合マスタ!$A68,0)="","",OFFSET(マスタ非採用削除!M$4,統合マスタ!$A68,0)) -> 6 | AB68: =IF(R68=2,"臨時", IF(COUNTIF(分類!$H$8:$H$15, 統合マスタ!V68)>0, 分類!$G$7, IF(COUNTIF(分類!$K$8:$K$15, 統合マスタ!V68)>0, 分類!$J$7, IF(COUNTIF(分類!$N$8:$N$15, 統合マスタ!V68)>0, 分類!$M$7, IF(COUNTIF(分類!$Q$8:$Q$15, 統合マスタ!V68)>0, 分類!$P$7, "無し"))))) -> 無し | AC68: {=OFFSET( INDIRECT("'" & AB68 & "'!A4"), MATCH(B68, INDIRECT("'" & AB68 & "'!C5:C1000"), 0), MATCH("合計", INDIRECT("'" & AB68 & "'!4:4"), 0) - 1 )} -> #REF!
A69: =元データ!P66 -> 29 | B69: =B68+1 -> 65 | C69: =DBCS(元データ!A66) -> アトモキセチンカプセル４０ｍｇ 「ＶＴＲＳ」 | D69: =元データ!B66 -> メディセオ | E69: =DBCS(元データ!C66) -> ＰＴＰ | F69: =DBCS(元データ!D66) -> １４０Ｐ | G69: =元データ!E66 -> ヴィアトリス製薬 | H69: =元データ!F66 -> 64.7 | I69: =元データ!G66 -> 9058 | J69: =元データ!H66 -> 140 | K69: =元データ!I66 -> cap | L69: =元データ!J66 -> 8069 | M69: =元データ!K66 -> 57.635714 | N69: =IF(OFFSET(マスタ非採用削除!A$4,統合マスタ!$A69,0)="","",OFFSET(マスタ非採用削除!A$4,統合マスタ!$A69,0)) -> ｱﾄﾓ005 | O69: =IF(OFFSET(マスタ非採用削除!B$4,統合マスタ!$A69,0)="","",OFFSET(マスタ非採用削除!B$4,統合マスタ!$A69,0)) -> ｱﾄﾓ005 | P69: =IF(OFFSET(マスタ非採用削除!C$4,統合マスタ!$A69,0)="","",OFFSET(マスタ非採用削除!C$4,統合マスタ!$A69,0)) -> アトモキセチンカプセル４０ｍｇ「ＶＴＲＳ」 | Q69: =IF(OFFSET(マスタ非採用削除!D$4,統合マスタ!$A69,0)="","",OFFSET(マスタ非採用削除!D$4,統合マスタ!$A69,0)) | R69: =IF(AA69="非採用",0,IF(OFFSET(マスタ非採用削除!E$4,統合マスタ!$A69,0)="","",OFFSET(マスタ非採用削除!E$4,統合マスタ!$A69,0))) -> 1 | S69: =IF(OFFSET(マスタ非採用削除!F$4,統合マスタ!$A69,0)="","",OFFSET(マスタ非採用削除!F$4,統合マスタ!$A69,0)) | T69: =IF(OFFSET(マスタ非採用削除!G$4,統合マスタ!$A69,0)="","",OFFSET(マスタ非採用削除!G$4,統合マスタ!$A69,0)) -> 64.7 | U69: =IF(OFFSET(マスタ非採用削除!H$4,統合マスタ!$A69,0)="","",OFFSET(マスタ非採用削除!H$4,統合マスタ!$A69,0)) -> ｱﾄﾓｷｾﾁﾝｶﾌﾟｾﾙ40MGVTRS | V69: =IF(OFFSET(マスタ非採用削除!I$4,統合マスタ!$A69,0)="","",OFFSET(マスタ非採用削除!I$4,統合マスタ!$A69,0)) -> 2 | W69: =IF(OFFSET(マスタ非採用削除!J$4,統合マスタ!$A69,0)="","",OFFSET(マスタ非採用削除!J$4,統合マスタ!$A69,0)) -> カプセル | X69: =IF(OFFSET(マスタ非採用削除!K$4,統合マスタ!$A69,0)="","",OFFSET(マスタ非採用削除!K$4,統合マスタ!$A69,0)) -> 2 | Y69: =IF(OFFSET(マスタ非採用削除!L$4,統合マスタ!$A69,0)="","",OFFSET(マスタ非採用削除!L$4,統合マスタ!$A69,0)) | Z69: =IF(OFFSET(マスタ非採用削除!M$4,統合マスタ!$A69,0)="","",OFFSET(マスタ非採用削除!M$4,統合マスタ!$A69,0)) -> 6 | AB69: =IF(R69=2,"臨時", IF(COUNTIF(分類!$H$8:$H$15, 統合マスタ!V69)>0, 分類!$G$7, IF(COUNTIF(分類!$K$8:$K$15, 統合マスタ!V69)>0, 分類!$J$7, IF(COUNTIF(分類!$N$8:$N$15, 統合マスタ!V69)>0, 分類!$M$7, IF(COUNTIF(分類!$Q$8:$Q$15, 統合マスタ!V69)>0, 分類!$P$7, "無し"))))) -> 無し | AC69: {=OFFSET( INDIRECT("'" & AB69 & "'!A4"), MATCH(B69, INDIRECT("'" & AB69 & "'!C5:C1000"), 0), MATCH("合計", INDIRECT("'" & AB69 & "'!4:4"), 0) - 1 )} -> #REF!
A70: =元データ!P67 -> 非採用 | B70: =B69+1 -> 66 | C70: =DBCS(元データ!A67) -> アトモキセチンカプセル４０ｍｇ 「サワイ」 | D70: =元データ!B67 -> アルフレッサ | E70: =DBCS(元データ!C67) -> ＰＴＰ | F70: =DBCS(元データ!D67) -> １４０Ｐ | G70: =元データ!E67 -> 沢井製薬 | H70: =元データ!F67 -> 64.7 | I70: =元データ!G67 -> 9058 | J70: =元データ!H67 -> 140 | K70: =元データ!I67 -> cap | L70: =元データ!J67 -> 7156 | M70: =元データ!K67 -> 51.114286 | N70: =IF(OFFSET(マスタ非採用削除!A$4,統合マスタ!$A70,0)="","",OFFSET(マスタ非採用削除!A$4,統合マスタ!$A70,0)) -> #VALUE! | O70: =IF(OFFSET(マスタ非採用削除!B$4,統合マスタ!$A70,0)="","",OFFSET(マスタ非採用削除!B$4,統合マスタ!$A70,0)) -> #VALUE! | P70: =IF(OFFSET(マスタ非採用削除!C$4,統合マスタ!$A70,0)="","",OFFSET(マスタ非採用削除!C$4,統合マスタ!$A70,0)) -> #VALUE! | Q70: =IF(OFFSET(マスタ非採用削除!D$4,統合マスタ!$A70,0)="","",OFFSET(マスタ非採用削除!D$4,統合マスタ!$A70,0)) -> #VALUE! | R70: =IF(AA70="非採用",0,IF(OFFSET(マスタ非採用削除!E$4,統合マスタ!$A70,0)="","",OFFSET(マスタ非採用削除!E$4,統合マスタ!$A70,0))) -> 0 | S70: =IF(OFFSET(マスタ非採用削除!F$4,統合マスタ!$A70,0)="","",OFFSET(マスタ非採用削除!F$4,統合マスタ!$A70,0)) -> #VALUE! | T70: =IF(OFFSET(マスタ非採用削除!G$4,統合マスタ!$A70,0)="","",OFFSET(マスタ非採用削除!G$4,統合マスタ!$A70,0)) -> #VALUE! | U70: =IF(OFFSET(マスタ非採用削除!H$4,統合マスタ!$A70,0)="","",OFFSET(マスタ非採用削除!H$4,統合マスタ!$A70,0)) -> #VALUE! | V70: =IF(OFFSET(マスタ非採用削除!I$4,統合マスタ!$A70,0)="","",OFFSET(マスタ非採用削除!I$4,統合マスタ!$A70,0)) -> #VALUE! | W70: =IF(OFFSET(マスタ非採用削除!J$4,統合マスタ!$A70,0)="","",OFFSET(マスタ非採用削除!J$4,統合マスタ!$A70,0)) -> #VALUE! | X70: =IF(OFFSET(マスタ非採用削除!K$4,統合マスタ!$A70,0)="","",OFFSET(マスタ非採用削除!K$4,統合マスタ!$A70,0)) -> #VALUE! | Y70: =IF(OFFSET(マスタ非採用削除!L$4,統合マスタ!$A70,0)="","",OFFSET(マスタ非採用削除!L$4,統合マスタ!$A70,0)) -> #VALUE! | Z70: =IF(OFFSET(マスタ非採用削除!M$4,統合マスタ!$A70,0)="","",OFFSET(マスタ非採用削除!M$4,統合マスタ!$A70,0)) -> #VALUE! | AA70: 非採用 | AB70: =IF(R70=2,"臨時", IF(COUNTIF(分類!$H$8:$H$15, 統合マスタ!V70)>0, 分類!$G$7, IF(COUNTIF(分類!$K$8:$K$15, 統合マスタ!V70)>0, 分類!$J$7, IF(COUNTIF(分類!$N$8:$N$15, 統合マスタ!V70)>0, 分類!$M$7, IF(COUNTIF(分類!$Q$8:$Q$15, 統合マスタ!V70)>0, 分類!$P$7, "無し"))))) -> 無し | AC70: {=OFFSET( INDIRECT("'" & AB70 & "'!A4"), MATCH(B70, INDIRECT("'" & AB70 & "'!C5:C1000"), 0), MATCH("合計", INDIRECT("'" & AB70 & "'!4:4"), 0) - 1 )} -> #REF!
A71: =元データ!P68 -> 30 | B71: =B70+1 -> 67 | C71: =DBCS(元データ!A68) -> アトルバスタチンＯＤ錠１０ｍｇ「トーワ」 | D71: =元データ!B68 -> 東和薬品 | E71: =DBCS(元データ!C68) -> ＰＴＰ | F71: =DBCS(元データ!D68) -> １００Ｔ | G71: =元データ!E68 -> 東和薬品 | H71: =元データ!F68 -> 13.9 | I71: =元データ!G68 -> 1390 | J71: =元データ!H68 -> 100 | K71: =元データ!I68 -> 錠 | L71: =元データ!J68 -> 1210 | M71: =元データ!K68 -> 12.1 | N71: =IF(OFFSET(マスタ非採用削除!A$4,統合マスタ!$A71,0)="","",OFFSET(マスタ非採用削除!A$4,統合マスタ!$A71,0)) -> ｱﾄﾙ002 | O71: =IF(OFFSET(マスタ非採用削除!B$4,統合マスタ!$A71,0)="","",OFFSET(マスタ非採用削除!B$4,統合マスタ!$A71,0)) -> ｱﾄﾙ002 | P71: =IF(OFFSET(マスタ非採用削除!C$4,統合マスタ!$A71,0)="","",OFFSET(マスタ非採用削除!C$4,統合マスタ!$A71,0)) -> アトルバスタチンＯＤ錠１０ｍｇ「トーワ」 | Q71: =IF(OFFSET(マスタ非採用削除!D$4,統合マスタ!$A71,0)="","",OFFSET(マスタ非採用削除!D$4,統合マスタ!$A71,0)) | R71: =IF(AA71="非採用",0,IF(OFFSET(マスタ非採用削除!E$4,統合マスタ!$A71,0)="","",OFFSET(マスタ非採用削除!E$4,統合マスタ!$A71,0))) -> 1 | S71: =IF(OFFSET(マスタ非採用削除!F$4,統合マスタ!$A71,0)="","",OFFSET(マスタ非採用削除!F$4,統合マスタ!$A71,0)) | T71: =IF(OFFSET(マスタ非採用削除!G$4,統合マスタ!$A71,0)="","",OFFSET(マスタ非採用削除!G$4,統合マスタ!$A71,0)) -> 13.9 | U71: =IF(OFFSET(マスタ非採用削除!H$4,統合マスタ!$A71,0)="","",OFFSET(マスタ非採用削除!H$4,統合マスタ!$A71,0)) -> ｱﾄﾙﾊﾞｽﾀﾁﾝODｼﾞﾖｳ10MGﾄ-ﾜ | V71: =IF(OFFSET(マスタ非採用削除!I$4,統合マスタ!$A71,0)="","",OFFSET(マスタ非採用削除!I$4,統合マスタ!$A71,0)) -> 1 | W71: =IF(OFFSET(マスタ非採用削除!J$4,統合マスタ!$A71,0)="","",OFFSET(マスタ非採用削除!J$4,統合マスタ!$A71,0)) -> 錠剤 | X71: =IF(OFFSET(マスタ非採用削除!K$4,統合マスタ!$A71,0)="","",OFFSET(マスタ非採用削除!K$4,統合マスタ!$A71,0)) -> 0 | Y71: =IF(OFFSET(マスタ非採用削除!L$4,統合マスタ!$A71,0)="","",OFFSET(マスタ非採用削除!L$4,統合マスタ!$A71,0)) | Z71: =IF(OFFSET(マスタ非採用削除!M$4,統合マスタ!$A71,0)="","",OFFSET(マスタ非採用削除!M$4,統合マスタ!$A71,0)) -> 25 | AB71: =IF(R71=2,"臨時", IF(COUNTIF(分類!$H$8:$H$15, 統合マスタ!V71)>0, 分類!$G$7, IF(COUNTIF(分類!$K$8:$K$15, 統合マスタ!V71)>0, 分類!$J$7, IF(COUNTIF(分類!$N$8:$N$15, 統合マスタ!V71)>0, 分類!$M$7, IF(COUNTIF(分類!$Q$8:$Q$15, 統合マスタ!V71)>0, 分類!$P$7, "無し"))))) -> 錠剤 | AC71: {=OFFSET( INDIRECT("'" & AB71 & "'!A4"), MATCH(B71, INDIRECT("'" & AB71 & "'!C5:C1000"), 0), MATCH("合計", INDIRECT("'" & AB71 & "'!4:4"), 0) - 1 )} -> 13
A72: =元データ!P69 -> 30 | B72: =B71+1 -> 68 | C72: =DBCS(元データ!A69) -> アトルバスタチンＯＤ錠１０ｍｇ「トーワ」 | D72: =元データ!B69 -> 東和薬品 | E72: =DBCS(元データ!C69) -> バラ | F72: =DBCS(元データ!D69) -> ３００Ｔ | G72: =元データ!E69 -> 東和薬品 | H72: =元データ!F69 -> 13.9 | I72: =元データ!G69 -> 4170 | J72: =元データ!H69 -> 300 | K72: =元データ!I69 -> 錠 | L72: =元データ!J69 -> 3630 | M72: =元データ!K69 -> 12.1 | N72: =IF(OFFSET(マスタ非採用削除!A$4,統合マスタ!$A72,0)="","",OFFSET(マスタ非採用削除!A$4,統合マスタ!$A72,0)) -> ｱﾄﾙ002 | O72: =IF(OFFSET(マスタ非採用削除!B$4,統合マスタ!$A72,0)="","",OFFSET(マスタ非採用削除!B$4,統合マスタ!$A72,0)) -> ｱﾄﾙ002 | P72: =IF(OFFSET(マスタ非採用削除!C$4,統合マスタ!$A72,0)="","",OFFSET(マスタ非採用削除!C$4,統合マスタ!$A72,0)) -> アトルバスタチンＯＤ錠１０ｍｇ「トーワ」 | Q72: =IF(OFFSET(マスタ非採用削除!D$4,統合マスタ!$A72,0)="","",OFFSET(マスタ非採用削除!D$4,統合マスタ!$A72,0)) | R72: =IF(AA72="非採用",0,IF(OFFSET(マスタ非採用削除!E$4,統合マスタ!$A72,0)="","",OFFSET(マスタ非採用削除!E$4,統合マスタ!$A72,0))) -> 1 | S72: =IF(OFFSET(マスタ非採用削除!F$4,統合マスタ!$A72,0)="","",OFFSET(マスタ非採用削除!F$4,統合マスタ!$A72,0)) | T72: =IF(OFFSET(マスタ非採用削除!G$4,統合マスタ!$A72,0)="","",OFFSET(マスタ非採用削除!G$4,統合マスタ!$A72,0)) -> 13.9 | U72: =IF(OFFSET(マスタ非採用削除!H$4,統合マスタ!$A72,0)="","",OFFSET(マスタ非採用削除!H$4,統合マスタ!$A72,0)) -> ｱﾄﾙﾊﾞｽﾀﾁﾝODｼﾞﾖｳ10MGﾄ-ﾜ | V72: =IF(OFFSET(マスタ非採用削除!I$4,統合マスタ!$A72,0)="","",OFFSET(マスタ非採用削除!I$4,統合マスタ!$A72,0)) -> 1 | W72: =IF(OFFSET(マスタ非採用削除!J$4,統合マスタ!$A72,0)="","",OFFSET(マスタ非採用削除!J$4,統合マスタ!$A72,0)) -> 錠剤 | X72: =IF(OFFSET(マスタ非採用削除!K$4,統合マスタ!$A72,0)="","",OFFSET(マスタ非採用削除!K$4,統合マスタ!$A72,0)) -> 0 | Y72: =IF(OFFSET(マスタ非採用削除!L$4,統合マスタ!$A72,0)="","",OFFSET(マスタ非採用削除!L$4,統合マスタ!$A72,0)) | Z72: =IF(OFFSET(マスタ非採用削除!M$4,統合マスタ!$A72,0)="","",OFFSET(マスタ非採用削除!M$4,統合マスタ!$A72,0)) -> 25 | AB72: =IF(R72=2,"臨時", IF(COUNTIF(分類!$H$8:$H$15, 統合マスタ!V72)>0, 分類!$G$7, IF(COUNTIF(分類!$K$8:$K$15, 統合マスタ!V72)>0, 分類!$J$7, IF(COUNTIF(分類!$N$8:$N$15, 統合マスタ!V72)>0, 分類!$M$7, IF(COUNTIF(分類!$Q$8:$Q$15, 統合マスタ!V72)>0, 分類!$P$7, "無し"))))) -> 錠剤 | AC72: {=OFFSET( INDIRECT("'" & AB72 & "'!A4"), MATCH(B72, INDIRECT("'" & AB72 & "'!C5:C1000"), 0), MATCH("合計", INDIRECT("'" & AB72 & "'!4:4"), 0) - 1 )} -> 14
A73: =元データ!P70 -> 31 | B73: =B72+1 -> 69 | C73: =DBCS(元データ!A70) -> アトロピン硫酸塩注０．５ｍｇ「ニプロ」 | D73: =元データ!B70 | E73: =DBCS(元データ!C70) | F73: =DBCS(元データ!D70) -> １ｍｌｘ１０Ａ | G73: =元データ!E70 -> ニプロ | H73: =元データ!F70 -> 100 | I73: =元データ!G70 -> 1000 | J73: =元データ!H70 -> 10 | K73: =元データ!I70 -> A | L73: =元データ!J70 -> 891 | M73: =元データ!K70 -> 89.1 | N73: =IF(OFFSET(マスタ非採用削除!A$4,統合マスタ!$A73,0)="","",OFFSET(マスタ非採用削除!A$4,統合マスタ!$A73,0)) -> ｱﾄﾛ001 | O73: =IF(OFFSET(マスタ非採用削除!B$4,統合マスタ!$A73,0)="","",OFFSET(マスタ非採用削除!B$4,統合マスタ!$A73,0)) -> ｱﾄﾛ001 | P73: =IF(OFFSET(マスタ非採用削除!C$4,統合マスタ!$A73,0)="","",OFFSET(マスタ非採用削除!C$4,統合マスタ!$A73,0)) -> アトロピン硫酸塩注０．５ｍｇ「ニプロ」 | Q73: =IF(OFFSET(マスタ非採用削除!D$4,統合マスタ!$A73,0)="","",OFFSET(マスタ非採用削除!D$4,統合マスタ!$A73,0)) -> ｱﾄﾛ | R73: =IF(AA73="非採用",0,IF(OFFSET(マスタ非採用削除!E$4,統合マスタ!$A73,0)="","",OFFSET(マスタ非採用削除!E$4,統合マスタ!$A73,0))) -> 1 | S73: =IF(OFFSET(マスタ非採用削除!F$4,統合マスタ!$A73,0)="","",OFFSET(マスタ非採用削除!F$4,統合マスタ!$A73,0)) | T73: =IF(OFFSET(マスタ非採用削除!G$4,統合マスタ!$A73,0)="","",OFFSET(マスタ非採用削除!G$4,統合マスタ!$A73,0)) -> 100 | U73: =IF(OFFSET(マスタ非採用削除!H$4,統合マスタ!$A73,0)="","",OFFSET(マスタ非採用削除!H$4,統合マスタ!$A73,0)) -> ｱﾄﾛﾋﾟﾝﾘﾕｳｻﾝｴﾝﾁﾕｳ0.5MGﾆﾌﾟﾛ | V73: =IF(OFFSET(マスタ非採用削除!I$4,統合マスタ!$A73,0)="","",OFFSET(マスタ非採用削除!I$4,統合マスタ!$A73,0)) -> 25 | W73: =IF(OFFSET(マスタ非採用削除!J$4,統合マスタ!$A73,0)="","",OFFSET(マスタ非採用削除!J$4,統合マスタ!$A73,0)) -> 注射剤 | X73: =IF(OFFSET(マスタ非採用削除!K$4,統合マスタ!$A73,0)="","",OFFSET(マスタ非採用削除!K$4,統合マスタ!$A73,0)) -> 2 | Y73: =IF(OFFSET(マスタ非採用削除!L$4,統合マスタ!$A73,0)="","",OFFSET(マスタ非採用削除!L$4,統合マスタ!$A73,0)) | Z73: =IF(OFFSET(マスタ非採用削除!M$4,統合マスタ!$A73,0)="","",OFFSET(マスタ非採用削除!M$4,統合マスタ!$A73,0)) -> 9 | AB73: =IF(R73=2,"臨時", IF(COUNTIF(分類!$H$8:$H$15, 統合マスタ!V73)>0, 分類!$G$7, IF(COUNTIF(分類!$K$8:$K$15, 統合マスタ!V73)>0, 分類!$J$7, IF(COUNTIF(分類!$N$8:$N$15, 統合マスタ!V73)>0, 分類!$M$7, IF(COUNTIF(分類!$Q$8:$Q$15, 統合マスタ!V73)>0, 分類!$P$7, "無し"))))) -> 注射 | AC73: {=OFFSET( INDIRECT("'" & AB73 & "'!A4"), MATCH(B73, INDIRECT("'" & AB73 & "'!C5:C1000"), 0), MATCH("合計", INDIRECT("'" & AB73 & "'!4:4"), 0) - 1 )} -> 0
A74: =元データ!P71 -> 32 | B74: =B73+1 -> 70 | C74: =DBCS(元データ!A71) -> アナストロゾール錠１ｍｇ「サワイ」 | D74: =元データ!B71 -> メディセオ | E74: =DBCS(元データ!C71) -> ＰＴＰ | F74: =DBCS(元データ!D71) -> ３０Ｔ | G74: =元データ!E71 -> 沢井製薬 | H74: =元データ!F71 -> 58.5 | I74: =元データ!G71 -> 1755 | J74: =元データ!H71 -> 30 | K74: =元データ!I71 -> 錠 | L74: =元データ!J71 -> 1458 | M74: =元データ!K71 -> 48.6 | N74: =IF(OFFSET(マスタ非採用削除!A$4,統合マスタ!$A74,0)="","",OFFSET(マスタ非採用削除!A$4,統合マスタ!$A74,0)) -> ｱﾅｽ002 | O74: =IF(OFFSET(マスタ非採用削除!B$4,統合マスタ!$A74,0)="","",OFFSET(マスタ非採用削除!B$4,統合マスタ!$A74,0)) -> ｱﾅｽ002 | P74: =IF(OFFSET(マスタ非採用削除!C$4,統合マスタ!$A74,0)="","",OFFSET(マスタ非採用削除!C$4,統合マスタ!$A74,0)) -> アナストロゾール錠１ｍｇ「サワイ」 | Q74: =IF(OFFSET(マスタ非採用削除!D$4,統合マスタ!$A74,0)="","",OFFSET(マスタ非採用削除!D$4,統合マスタ!$A74,0)) | R74: =IF(AA74="非採用",0,IF(OFFSET(マスタ非採用削除!E$4,統合マスタ!$A74,0)="","",OFFSET(マスタ非採用削除!E$4,統合マスタ!$A74,0))) -> 2 | S74: =IF(OFFSET(マスタ非採用削除!F$4,統合マスタ!$A74,0)="","",OFFSET(マスタ非採用削除!F$4,統合マスタ!$A74,0)) | T74: =IF(OFFSET(マスタ非採用削除!G$4,統合マスタ!$A74,0)="","",OFFSET(マスタ非採用削除!G$4,統合マスタ!$A74,0)) -> 58.5 | U74: =IF(OFFSET(マスタ非採用削除!H$4,統合マスタ!$A74,0)="","",OFFSET(マスタ非採用削除!H$4,統合マスタ!$A74,0)) -> ｱﾅｽﾄﾛｿﾞ-ﾙｼﾞﾖｳ1MGｻﾜｲ | V74: =IF(OFFSET(マスタ非採用削除!I$4,統合マスタ!$A74,0)="","",OFFSET(マスタ非採用削除!I$4,統合マスタ!$A74,0)) -> 1 | W74: =IF(OFFSET(マスタ非採用削除!J$4,統合マスタ!$A74,0)="","",OFFSET(マスタ非採用削除!J$4,統合マスタ!$A74,0)) -> 錠剤 | X74: =IF(OFFSET(マスタ非採用削除!K$4,統合マスタ!$A74,0)="","",OFFSET(マスタ非採用削除!K$4,統合マスタ!$A74,0)) -> 2 | Y74: =IF(OFFSET(マスタ非採用削除!L$4,統合マスタ!$A74,0)="","",OFFSET(マスタ非採用削除!L$4,統合マスタ!$A74,0)) | Z74: =IF(OFFSET(マスタ非採用削除!M$4,統合マスタ!$A74,0)="","",OFFSET(マスタ非採用削除!M$4,統合マスタ!$A74,0)) -> 3 | AB74: =IF(R74=2,"臨時", IF(COUNTIF(分類!$H$8:$H$15, 統合マスタ!V74)>0, 分類!$G$7, IF(COUNTIF(分類!$K$8:$K$15, 統合マスタ!V74)>0, 分類!$J$7, IF(COUNTIF(分類!$N$8:$N$15, 統合マスタ!V74)>0, 分類!$M$7, IF(COUNTIF(分類!$Q$8:$Q$15, 統合マスタ!V74)>0, 分類!$P$7, "無し"))))) -> 臨時 | AC74: {=OFFSET( INDIRECT("'" & AB74 & "'!A4"), MATCH(B74, INDIRECT("'" & AB74 & "'!C5:C1000"), 0), MATCH("合計", INDIRECT("'" & AB74 & "'!4:4"), 0) - 1 )} -> 0
A75: =元データ!P72 -> 0 | B75: =B74+1 -> 71 | C75: =DBCS(元データ!A72) -> アナフラニール錠１０ｍｇ | D75: =元データ!B72 | E75: =DBCS(元データ!C72) -> ＰＴＰ | F75: =DBCS(元データ!D72) -> ３００錠 | G75: =元データ!E72 -> アルフレッサファーマ | H75: =元データ!F72 -> 9.9 | I75: =元データ!G72 -> 2970 | J75: =元データ!H72 -> 300 | K75: =元データ!I72 -> 錠 | L75: =元データ!J72 -> 2700 | M75: =元データ!K72 -> 9 | N75: =IF(OFFSET(マスタ非採用削除!A$4,統合マスタ!$A75,0)="","",OFFSET(マスタ非採用削除!A$4,統合マスタ!$A75,0)) -> コード(区分値) | O75: =IF(OFFSET(マスタ非採用削除!B$4,統合マスタ!$A75,0)="","",OFFSET(マスタ非採用削除!B$4,統合マスタ!$A75,0)) -> コード | P75: =IF(OFFSET(マスタ非採用削除!C$4,統合マスタ!$A75,0)="","",OFFSET(マスタ非採用削除!C$4,統合マスタ!$A75,0)) -> 名称 | Q75: =IF(OFFSET(マスタ非採用削除!D$4,統合マスタ!$A75,0)="","",OFFSET(マスタ非採用削除!D$4,統合マスタ!$A75,0)) -> ホストコード | R75: =IF(AA75="非採用",0,IF(OFFSET(マスタ非採用削除!E$4,統合マスタ!$A75,0)="","",OFFSET(マスタ非採用削除!E$4,統合マスタ!$A75,0))) -> 採用区分（区分値）(区分値) | S75: =IF(OFFSET(マスタ非採用削除!F$4,統合マスタ!$A75,0)="","",OFFSET(マスタ非採用削除!F$4,統合マスタ!$A75,0)) -> 採用区分（区分値） | T75: =IF(OFFSET(マスタ非採用削除!G$4,統合マスタ!$A75,0)="","",OFFSET(マスタ非採用削除!G$4,統合マスタ!$A75,0)) -> 薬価 | U75: =IF(OFFSET(マスタ非採用削除!H$4,統合マスタ!$A75,0)="","",OFFSET(マスタ非採用削除!H$4,統合マスタ!$A75,0)) -> カナ名称 | V75: =IF(OFFSET(マスタ非採用削除!I$4,統合マスタ!$A75,0)="","",OFFSET(マスタ非採用削除!I$4,統合マスタ!$A75,0)) -> 剤形(区分値) | W75: =IF(OFFSET(マスタ非採用削除!J$4,統合マスタ!$A75,0)="","",OFFSET(マスタ非採用削除!J$4,統合マスタ!$A75,0)) -> 剤形 | X75: =IF(OFFSET(マスタ非採用削除!K$4,統合マスタ!$A75,0)="","",OFFSET(マスタ非採用削除!K$4,統合マスタ!$A75,0)) -> 毒劇薬（区分値）(区分値) | Y75: =IF(OFFSET(マスタ非採用削除!L$4,統合マスタ!$A75,0)="","",OFFSET(マスタ非採用削除!L$4,統合マスタ!$A75,0)) -> 毒劇薬（区分値） | Z75: =IF(OFFSET(マスタ非採用削除!M$4,統合マスタ!$A75,0)="","",OFFSET(マスタ非採用削除!M$4,統合マスタ!$A75,0)) -> 場所 | AB75: =IF(R75=2,"臨時", IF(COUNTIF(分類!$H$8:$H$15, 統合マスタ!V75)>0, 分類!$G$7, IF(COUNTIF(分類!$K$8:$K$15, 統合マスタ!V75)>0, 分類!$J$7, IF(COUNTIF(分類!$N$8:$N$15, 統合マスタ!V75)>0, 分類!$M$7, IF(COUNTIF(分類!$Q$8:$Q$15, 統合マスタ!V75)>0, 分類!$P$7, "無し"))))) -> 無し | AC75: {=OFFSET( INDIRECT("'" & AB75 & "'!A4"), MATCH(B75, INDIRECT("'" & AB75 & "'!C5:C1000"), 0), MATCH("合計", INDIRECT("'" & AB75 & "'!4:4"), 0) - 1 )} -> #REF!
A76: =元データ!P73 -> 34 | B76: =B75+1 -> 72 | C76: =DBCS(元データ!A73) -> アネキセート注射液０．５ＭＧ | D76: =元データ!B73 -> KSK | E76: =DBCS(元データ!C73) | F76: =DBCS(元データ!D73) -> ５ＭＬＸ５Ａ | G76: =元データ!E73 -> アステラス製薬 | H76: =元データ!F73 -> 2001 | I76: =元データ!G73 -> 10005 | J76: =元データ!H73 -> 5 | K76: =元データ!I73 -> A | L76: =元データ!J73 -> 9005 | M76: =元データ!K73 -> 1801 | N76: =IF(OFFSET(マスタ非採用削除!A$4,統合マスタ!$A76,0)="","",OFFSET(マスタ非採用削除!A$4,統合マスタ!$A76,0)) -> ｱﾈｷ001 | O76: =IF(OFFSET(マスタ非採用削除!B$4,統合マスタ!$A76,0)="","",OFFSET(マスタ非採用削除!B$4,統合マスタ!$A76,0)) -> ｱﾈｷ001 | P76: =IF(OFFSET(マスタ非採用削除!C$4,統合マスタ!$A76,0)="","",OFFSET(マスタ非採用削除!C$4,統合マスタ!$A76,0)) -> アネキセート注射液０．５ｍｇ | Q76: =IF(OFFSET(マスタ非採用削除!D$4,統合マスタ!$A76,0)="","",OFFSET(マスタ非採用削除!D$4,統合マスタ!$A76,0)) -> ｱﾈｷｾ | R76: =IF(AA76="非採用",0,IF(OFFSET(マスタ非採用削除!E$4,統合マスタ!$A76,0)="","",OFFSET(マスタ非採用削除!E$4,統合マスタ!$A76,0))) -> 1 | S76: =IF(OFFSET(マスタ非採用削除!F$4,統合マスタ!$A76,0)="","",OFFSET(マスタ非採用削除!F$4,統合マスタ!$A76,0)) | T76: =IF(OFFSET(マスタ非採用削除!G$4,統合マスタ!$A76,0)="","",OFFSET(マスタ非採用削除!G$4,統合マスタ!$A76,0)) -> 2001 | U76: =IF(OFFSET(マスタ非採用削除!H$4,統合マスタ!$A76,0)="","",OFFSET(マスタ非採用削除!H$4,統合マスタ!$A76,0)) -> ｱﾈｷｾｰﾄﾁｭｳｼｬｴｷ0.5mg | V76: =IF(OFFSET(マスタ非採用削除!I$4,統合マスタ!$A76,0)="","",OFFSET(マスタ非採用削除!I$4,統合マスタ!$A76,0)) -> 25 | W76: =IF(OFFSET(マスタ非採用削除!J$4,統合マスタ!$A76,0)="","",OFFSET(マスタ非採用削除!J$4,統合マスタ!$A76,0)) -> 注射剤 | X76: =IF(OFFSET(マスタ非採用削除!K$4,統合マスタ!$A76,0)="","",OFFSET(マスタ非採用削除!K$4,統合マスタ!$A76,0)) -> 2 | Y76: =IF(OFFSET(マスタ非採用削除!L$4,統合マスタ!$A76,0)="","",OFFSET(マスタ非採用削除!L$4,統合マスタ!$A76,0)) | Z76: =IF(OFFSET(マスタ非採用削除!M$4,統合マスタ!$A76,0)="","",OFFSET(マスタ非採用削除!M$4,統合マスタ!$A76,0)) -> 9 | AB76: =IF(R76=2,"臨時", IF(COUNTIF(分類!$H$8:$H$15, 統合マスタ!V76)>0, 分類!$G$7, IF(COUNTIF(分類!$K$8:$K$15, 統合マスタ!V76)>0, 分類!$J$7, IF(COUNTIF(分類!$N$8:$N$15, 統合マスタ!V76)>0, 分類!$M$7, IF(COUNTIF(分類!$Q$8:$Q$15, 統合マスタ!V76)>0, 分類!$P$7, "無し"))))) -> 注射 | AC76: {=OFFSET( INDIRECT("'" & AB76 & "'!A4"), MATCH(B76, INDIRECT("'" & AB76 & "'!C5:C1000"), 0), MATCH("合計", INDIRECT("'" & AB76 & "'!4:4"), 0) - 1 )} -> 0
A77: =元データ!P74 -> 非採用 | B77: =B76+1 -> 73 | C77: =DBCS(元データ!A74) -> アノーロエリプタ３０吸入用 | D77: =元データ!B74 | E77: =DBCS(元データ!C74) | F77: =DBCS(元データ!D74) -> １個 | G77: =元データ!E74 -> GSK | H77: =元データ!F74 -> 5445.1 | I77: =元データ!G74 -> 5445.1 | J77: =元データ!H74 -> 1 | K77: =元データ!I74 -> キット | L77: =元データ!J74 -> 4726 | M77: =元データ!K74 -> 4726 | N77: =IF(OFFSET(マスタ非採用削除!A$4,統合マスタ!$A77,0)="","",OFFSET(マスタ非採用削除!A$4,統合マスタ!$A77,0)) -> #VALUE! | O77: =IF(OFFSET(マスタ非採用削除!B$4,統合マスタ!$A77,0)="","",OFFSET(マスタ非採用削除!B$4,統合マスタ!$A77,0)) -> #VALUE! | P77: =IF(OFFSET(マスタ非採用削除!C$4,統合マスタ!$A77,0)="","",OFFSET(マスタ非採用削除!C$4,統合マスタ!$A77,0)) -> #VALUE! | Q77: =IF(OFFSET(マスタ非採用削除!D$4,統合マスタ!$A77,0)="","",OFFSET(マスタ非採用削除!D$4,統合マスタ!$A77,0)) -> #VALUE! | R77: =IF(AA77="非採用",0,IF(OFFSET(マスタ非採用削除!E$4,統合マスタ!$A77,0)="","",OFFSET(マスタ非採用削除!E$4,統合マスタ!$A77,0))) -> 0 | S77: =IF(OFFSET(マスタ非採用削除!F$4,統合マスタ!$A77,0)="","",OFFSET(マスタ非採用削除!F$4,統合マスタ!$A77,0)) -> #VALUE! | T77: =IF(OFFSET(マスタ非採用削除!G$4,統合マスタ!$A77,0)="","",OFFSET(マスタ非採用削除!G$4,統合マスタ!$A77,0)) -> #VALUE! | U77: =IF(OFFSET(マスタ非採用削除!H$4,統合マスタ!$A77,0)="","",OFFSET(マスタ非採用削除!H$4,統合マスタ!$A77,0)) -> #VALUE! | V77: =IF(OFFSET(マスタ非採用削除!I$4,統合マスタ!$A77,0)="","",OFFSET(マスタ非採用削除!I$4,統合マスタ!$A77,0)) -> #VALUE! | W77: =IF(OFFSET(マスタ非採用削除!J$4,統合マスタ!$A77,0)="","",OFFSET(マスタ非採用削除!J$4,統合マスタ!$A77,0)) -> #VALUE! | X77: =IF(OFFSET(マスタ非採用削除!K$4,統合マスタ!$A77,0)="","",OFFSET(マスタ非採用削除!K$4,統合マスタ!$A77,0)) -> #VALUE! | Y77: =IF(OFFSET(マスタ非採用削除!L$4,統合マスタ!$A77,0)="","",OFFSET(マスタ非採用削除!L$4,統合マスタ!$A77,0)) -> #VALUE! | Z77: =IF(OFFSET(マスタ非採用削除!M$4,統合マスタ!$A77,0)="","",OFFSET(マスタ非採用削除!M$4,統合マスタ!$A77,0)) -> #VALUE! | AA77: 非採用 | AB77: =IF(R77=2,"臨時", IF(COUNTIF(分類!$H$8:$H$15, 統合マスタ!V77)>0, 分類!$G$7, IF(COUNTIF(分類!$K$8:$K$15, 統合マスタ!V77)>0, 分類!$J$7, IF(COUNTIF(分類!$N$8:$N$15, 統合マスタ!V77)>0, 分類!$M$7, IF(COUNTIF(分類!$Q$8:$Q$15, 統合マスタ!V77)>0, 分類!$P$7, "無し"))))) -> 無し | AC77: {=OFFSET( INDIRECT("'" & AB77 & "'!A4"), MATCH(B77, INDIRECT("'" & AB77 & "'!C5:C1000"), 0), MATCH("合計", INDIRECT("'" & AB77 & "'!4:4"), 0) - 1 )} -> #REF!
A78: =元データ!P75 -> 35 | B78: =B77+1 -> 74 | C78: =DBCS(元データ!A75) -> アマンタジン塩酸塩錠５０ｍｇ「杏林」 | D78: =元データ!B75 -> メディセオ | E78: =DBCS(元データ!C75) -> ＰＴＰ | F78: =DBCS(元データ!D75) -> １００Ｔ | G78: =元データ!E75 -> キョーリンリメディオ | H78: =元データ!F75 -> 6.1 | I78: =元データ!G75 -> 610 | J78: =元データ!H75 -> 100 | K78: =元データ!I75 -> 錠 | L78: =元データ!J75 -> 510 | M78: =元データ!K75 -> 5.1 | N78: =IF(OFFSET(マスタ非採用削除!A$4,統合マスタ!$A78,0)="","",OFFSET(マスタ非採用削除!A$4,統合マスタ!$A78,0)) -> ｱﾏﾝ001 | O78: =IF(OFFSET(マスタ非採用削除!B$4,統合マスタ!$A78,0)="","",OFFSET(マスタ非採用削除!B$4,統合マスタ!$A78,0)) -> ｱﾏﾝ001 | P78: =IF(OFFSET(マスタ非採用削除!C$4,統合マスタ!$A78,0)="","",OFFSET(マスタ非採用削除!C$4,統合マスタ!$A78,0)) -> アマンタジン塩酸塩錠５０ｍｇ「杏林」 | Q78: =IF(OFFSET(マスタ非採用削除!D$4,統合マスタ!$A78,0)="","",OFFSET(マスタ非採用削除!D$4,統合マスタ!$A78,0)) -> ｱﾏﾝﾀ | R78: =IF(AA78="非採用",0,IF(OFFSET(マスタ非採用削除!E$4,統合マスタ!$A78,0)="","",OFFSET(マスタ非採用削除!E$4,統合マスタ!$A78,0))) -> 1 | S78: =IF(OFFSET(マスタ非採用削除!F$4,統合マスタ!$A78,0)="","",OFFSET(マスタ非採用削除!F$4,統合マスタ!$A78,0)) | T78: =IF(OFFSET(マスタ非採用削除!G$4,統合マスタ!$A78,0)="","",OFFSET(マスタ非採用削除!G$4,統合マスタ!$A78,0)) -> 6.1 | U78: =IF(OFFSET(マスタ非採用削除!H$4,統合マスタ!$A78,0)="","",OFFSET(マスタ非採用削除!H$4,統合マスタ!$A78,0)) -> ｱﾏﾝﾀｼﾞﾝｴﾝｻﾝｴﾝｼﾞｮｳ50mg｢ｷｮｳﾘﾝ｣ | V78: =IF(OFFSET(マスタ非採用削除!I$4,統合マスタ!$A78,0)="","",OFFSET(マスタ非採用削除!I$4,統合マスタ!$A78,0)) -> 1 | W78: =IF(OFFSET(マスタ非採用削除!J$4,統合マスタ!$A78,0)="","",OFFSET(マスタ非採用削除!J$4,統合マスタ!$A78,0)) -> 錠剤 | X78: =IF(OFFSET(マスタ非採用削除!K$4,統合マスタ!$A78,0)="","",OFFSET(マスタ非採用削除!K$4,統合マスタ!$A78,0)) -> 0 | Y78: =IF(OFFSET(マスタ非採用削除!L$4,統合マスタ!$A78,0)="","",OFFSET(マスタ非採用削除!L$4,統合マスタ!$A78,0)) | Z78: =IF(OFFSET(マスタ非採用削除!M$4,統合マスタ!$A78,0)="","",OFFSET(マスタ非採用削除!M$4,統合マスタ!$A78,0)) -> 25 | AB78: =IF(R78=2,"臨時", IF(COUNTIF(分類!$H$8:$H$15, 統合マスタ!V78)>0, 分類!$G$7, IF(COUNTIF(分類!$K$8:$K$15, 統合マスタ!V78)>0, 分類!$J$7, IF(COUNTIF(分類!$N$8:$N$15, 統合マスタ!V78)>0, 分類!$M$7, IF(COUNTIF(分類!$Q$8:$Q$15, 統合マスタ!V78)>0, 分類!$P$7, "無し"))))) -> 錠剤 | AC78: {=OFFSET( INDIRECT("'" & AB78 & "'!A4"), MATCH(B78, INDIRECT("'" & AB78 & "'!C5:C1000"), 0), MATCH("合計", INDIRECT("'" & AB78 & "'!4:4"), 0) - 1 )} -> 15
A79: =元データ!P76 -> 37 | B79: =B78+1 -> 75 | C79: =DBCS(元データ!A76) -> アミティーザカプセル２４μｇ | D79: =元データ!B76 -> アルフレッサ | E79: =DBCS(元データ!C76) -> ＰＴＰ | F79: =DBCS(元データ!D76) -> ５００Ｐ | G79: =元データ!E76 -> ヴィアトリス | H79: =元データ!F76 -> 96.9 | I79: =元データ!G76 -> 48450 | J79: =元データ!H76 -> 500 | K79: =元データ!I76 -> cap | L79: =元データ!J76 -> 41183 | M79: =元データ!K76 -> 82.366 | N79: =IF(OFFSET(マスタ非採用削除!A$4,統合マスタ!$A79,0)="","",OFFSET(マスタ非採用削除!A$4,統合マスタ!$A79,0)) -> ｱﾐﾃ001 | O79: =IF(OFFSET(マスタ非採用削除!B$4,統合マスタ!$A79,0)="","",OFFSET(マスタ非採用削除!B$4,統合マスタ!$A79,0)) -> ｱﾐﾃ001 | P79: =IF(OFFSET(マスタ非採用削除!C$4,統合マスタ!$A79,0)="","",OFFSET(マスタ非採用削除!C$4,統合マスタ!$A79,0)) -> アミティーザカプセル２４μｇ | Q79: =IF(OFFSET(マスタ非採用削除!D$4,統合マスタ!$A79,0)="","",OFFSET(マスタ非採用削除!D$4,統合マスタ!$A79,0)) -> ｱﾐﾃ | R79: =IF(AA79="非採用",0,IF(OFFSET(マスタ非採用削除!E$4,統合マスタ!$A79,0)="","",OFFSET(マスタ非採用削除!E$4,統合マスタ!$A79,0))) -> 1 | S79: =IF(OFFSET(マスタ非採用削除!F$4,統合マスタ!$A79,0)="","",OFFSET(マスタ非採用削除!F$4,統合マスタ!$A79,0)) | T79: =IF(OFFSET(マスタ非採用削除!G$4,統合マスタ!$A79,0)="","",OFFSET(マスタ非採用削除!G$4,統合マスタ!$A79,0)) -> 96.9 | U79: =IF(OFFSET(マスタ非採用削除!H$4,統合マスタ!$A79,0)="","",OFFSET(マスタ非採用削除!H$4,統合マスタ!$A79,0)) -> ｱﾐﾃｨｰｻﾞｶﾌﾟｾﾙ24μg | V79: =IF(OFFSET(マスタ非採用削除!I$4,統合マスタ!$A79,0)="","",OFFSET(マスタ非採用削除!I$4,統合マスタ!$A79,0)) -> 2 | W79: =IF(OFFSET(マスタ非採用削除!J$4,統合マスタ!$A79,0)="","",OFFSET(マスタ非採用削除!J$4,統合マスタ!$A79,0)) -> カプセル | X79: =IF(OFFSET(マスタ非採用削除!K$4,統合マスタ!$A79,0)="","",OFFSET(マスタ非採用削除!K$4,統合マスタ!$A79,0)) -> 0 | Y79: =IF(OFFSET(マスタ非採用削除!L$4,統合マスタ!$A79,0)="","",OFFSET(マスタ非採用削除!L$4,統合マスタ!$A79,0)) | Z79: =IF(OFFSET(マスタ非採用削除!M$4,統合マスタ!$A79,0)="","",OFFSET(マスタ非採用削除!M$4,統合マスタ!$A79,0)) -> 5 | AB79: =IF(R79=2,"臨時", IF(COUNTIF(分類!$H$8:$H$15, 統合マスタ!V79)>0, 分類!$G$7, IF(COUNTIF(分類!$K$8:$K$15, 統合マスタ!V79)>0, 分類!$J$7, IF(COUNTIF(分類!$N$8:$N$15, 統合マスタ!V79)>0, 分類!$M$7, IF(COUNTIF(分類!$Q$8:$Q$15, 統合マスタ!V79)>0, 分類!$P$7, "無し"))))) -> 無し | AC79: {=OFFSET( INDIRECT("'" & AB79 & "'!A4"), MATCH(B79, INDIRECT("'" & AB79 & "'!C5:C1000"), 0), MATCH("合計", INDIRECT("'" & AB79 & "'!4:4"), 0) - 1 )} -> #REF!
A80: =元データ!P77 -> 38 | B80: =B79+1 -> 76 | C80: =DBCS(元データ!A77) -> アミノレバンＥＮ配合散 コーヒー味 | D80: =元データ!B77 | E80: =DBCS(元データ!C77) -> 粉 | F80: =DBCS(元データ!D77) -> ５０ｇＸ２１包 | G80: =元データ!E77 -> 大塚製薬 | H80: =元データ!F77 -> 88.8 | I80: =元データ!G77 -> 9324 | J80: =元データ!H77 -> 105 | K80: =元データ!I77 -> 10ｇ | L80: =元データ!J77 -> 8295 | M80: =元データ!K77 -> 79 | N80: =IF(OFFSET(マスタ非採用削除!A$4,統合マスタ!$A80,0)="","",OFFSET(マスタ非採用削除!A$4,統合マスタ!$A80,0)) -> ｱﾐﾉ001 | O80: =IF(OFFSET(マスタ非採用削除!B$4,統合マスタ!$A80,0)="","",OFFSET(マスタ非採用削除!B$4,統合マスタ!$A80,0)) -> ｱﾐﾉ001 | P80: =IF(OFFSET(マスタ非採用削除!C$4,統合マスタ!$A80,0)="","",OFFSET(マスタ非採用削除!C$4,統合マスタ!$A80,0)) -> アミノレバンＥＮ配合散 | Q80: =IF(OFFSET(マスタ非採用削除!D$4,統合マスタ!$A80,0)="","",OFFSET(マスタ非採用削除!D$4,統合マスタ!$A80,0)) -> ｱﾐﾉﾚ1* | R80: =IF(AA80="非採用",0,IF(OFFSET(マスタ非採用削除!E$4,統合マスタ!$A80,0)="","",OFFSET(マスタ非採用削除!E$4,統合マスタ!$A80,0))) -> 1 | S80: =IF(OFFSET(マスタ非採用削除!F$4,統合マスタ!$A80,0)="","",OFFSET(マスタ非採用削除!F$4,統合マスタ!$A80,0)) | T80: =IF(OFFSET(マスタ非採用削除!G$4,統合マスタ!$A80,0)="","",OFFSET(マスタ非採用削除!G$4,統合マスタ!$A80,0)) -> 8.88 | U80: =IF(OFFSET(マスタ非採用削除!H$4,統合マスタ!$A80,0)="","",OFFSET(マスタ非採用削除!H$4,統合マスタ!$A80,0)) -> ｱﾐﾉﾚﾊﾞﾝENﾊｲｺﾞｳｻﾝ | V80: =IF(OFFSET(マスタ非採用削除!I$4,統合マスタ!$A80,0)="","",OFFSET(マスタ非採用削除!I$4,統合マスタ!$A80,0)) -> 3 | W80: =IF(OFFSET(マスタ非採用削除!J$4,統合マスタ!$A80,0)="","",OFFSET(マスタ非採用削除!J$4,統合マスタ!$A80,0)) -> 散 | X80: =IF(OFFSET(マスタ非採用削除!K$4,統合マスタ!$A80,0)="","",OFFSET(マスタ非採用削除!K$4,統合マスタ!$A80,0)) -> 0 | Y80: =IF(OFFSET(マスタ非採用削除!L$4,統合マスタ!$A80,0)="","",OFFSET(マスタ非採用削除!L$4,統合マスタ!$A80,0)) | Z80: =IF(OFFSET(マスタ非採用削除!M$4,統合マスタ!$A80,0)="","",OFFSET(マスタ非採用削除!M$4,統合マスタ!$A80,0)) -> 15 | AB80: =IF(R80=2,"臨時", IF(COUNTIF(分類!$H$8:$H$15, 統合マスタ!V80)>0, 分類!$G$7, IF(COUNTIF(分類!$K$8:$K$15, 統合マスタ!V80)>0, 分類!$J$7, IF(COUNTIF(分類!$N$8:$N$15, 統合マスタ!V80)>0, 分類!$M$7, IF(COUNTIF(分類!$Q$8:$Q$15, 統合マスタ!V80)>0, 分類!$P$7, "無し"))))) -> 散剤 | AC80: {=OFFSET( INDIRECT("'" & AB80 & "'!A4"), MATCH(B80, INDIRECT("'" & AB80 & "'!C5:C1000"), 0), MATCH("合計", INDIRECT("'" & AB80 & "'!4:4"), 0) - 1 )} -> 550
A81: =元データ!P78 -> 39 | B81: =B80+1 -> 77 | C81: =DBCS(元データ!A78) -> アミノレバン点滴静注 | D81: =元データ!B78 | E81: =DBCS(元データ!C78) | F81: =DBCS(元データ!D78) -> ５００ｍｌｘ２０ | G81: =元データ!E78 -> 大塚製薬 | H81: =元データ!F78 -> 715 | I81: =元データ!G78 -> 14300 | J81: =元データ!H78 -> 20 | K81: =元データ!I78 -> 袋 | L81: =元データ!J78 -> 12720 | M81: =元データ!K78 -> 636 | N81: =IF(OFFSET(マスタ非採用削除!A$4,統合マスタ!$A81,0)="","",OFFSET(マスタ非採用削除!A$4,統合マスタ!$A81,0)) -> ｱﾐﾉ002 | O81: =IF(OFFSET(マスタ非採用削除!B$4,統合マスタ!$A81,0)="","",OFFSET(マスタ非採用削除!B$4,統合マスタ!$A81,0)) -> ｱﾐﾉ002 | P81: =IF(OFFSET(マスタ非採用削除!C$4,統合マスタ!$A81,0)="","",OFFSET(マスタ非採用削除!C$4,統合マスタ!$A81,0)) -> アミノレバン点滴静注（用時購入） | Q81: =IF(OFFSET(マスタ非採用削除!D$4,統合マスタ!$A81,0)="","",OFFSET(マスタ非採用削除!D$4,統合マスタ!$A81,0)) | R81: =IF(AA81="非採用",0,IF(OFFSET(マスタ非採用削除!E$4,統合マスタ!$A81,0)="","",OFFSET(マスタ非採用削除!E$4,統合マスタ!$A81,0))) -> 2 | S81: =IF(OFFSET(マスタ非採用削除!F$4,統合マスタ!$A81,0)="","",OFFSET(マスタ非採用削除!F$4,統合マスタ!$A81,0)) | T81: =IF(OFFSET(マスタ非採用削除!G$4,統合マスタ!$A81,0)="","",OFFSET(マスタ非採用削除!G$4,統合マスタ!$A81,0)) -> 715 | U81: =IF(OFFSET(マスタ非採用削除!H$4,統合マスタ!$A81,0)="","",OFFSET(マスタ非採用削除!H$4,統合マスタ!$A81,0)) -> ｱﾐﾉﾚﾊﾞﾝﾃﾝﾃｷｼﾞﾖｳﾁﾕｳ | V81: =IF(OFFSET(マスタ非採用削除!I$4,統合マスタ!$A81,0)="","",OFFSET(マスタ非採用削除!I$4,統合マスタ!$A81,0)) -> 25 | W81: =IF(OFFSET(マスタ非採用削除!J$4,統合マスタ!$A81,0)="","",OFFSET(マスタ非採用削除!J$4,統合マスタ!$A81,0)) -> 注射剤 | X81: =IF(OFFSET(マスタ非採用削除!K$4,統合マスタ!$A81,0)="","",OFFSET(マスタ非採用削除!K$4,統合マスタ!$A81,0)) -> 0 | Y81: =IF(OFFSET(マスタ非採用削除!L$4,統合マスタ!$A81,0)="","",OFFSET(マスタ非採用削除!L$4,統合マスタ!$A81,0)) | Z81: =IF(OFFSET(マスタ非採用削除!M$4,統合マスタ!$A81,0)="","",OFFSET(マスタ非採用削除!M$4,統合マスタ!$A81,0)) -> 15 | AB81: =IF(R81=2,"臨時", IF(COUNTIF(分類!$H$8:$H$15, 統合マスタ!V81)>0, 分類!$G$7, IF(COUNTIF(分類!$K$8:$K$15, 統合マスタ!V81)>0, 分類!$J$7, IF(COUNTIF(分類!$N$8:$N$15, 統合マスタ!V81)>0, 分類!$M$7, IF(COUNTIF(分類!$Q$8:$Q$15, 統合マスタ!V81)>0, 分類!$P$7, "無し"))))) -> 臨時 | AC81: {=OFFSET( INDIRECT("'" & AB81 & "'!A4"), MATCH(B81, INDIRECT("'" & AB81 & "'!C5:C1000"), 0), MATCH("合計", INDIRECT("'" & AB81 & "'!4:4"), 0) - 1 )} -> 0
A82: =元データ!P79 -> 40 | B82: =B81+1 -> 78 | C82: =DBCS(元データ!A79) -> アムロジピンＯＤ錠２．５ｍｇ「明治」 | D82: =元データ!B79 -> メディセオ | E82: =DBCS(元データ!C79) -> ＰＴＰ | F82: =DBCS(元データ!D79) -> ５００Ｔ | G82: =元データ!E79 -> Ｍｅファルマ | H82: =元データ!F79 -> 10.4 | I82: =元データ!G79 -> 5200 | J82: =元データ!H79 -> 500 | K82: =元データ!I79 -> 錠 | L82: =元データ!J79 -> 4180 | M82: =元データ!K79 -> 8.36 | N82: =IF(OFFSET(マスタ非採用削除!A$4,統合マスタ!$A82,0)="","",OFFSET(マスタ非採用削除!A$4,統合マスタ!$A82,0)) -> ｱﾑﾛ002 | O82: =IF(OFFSET(マスタ非採用削除!B$4,統合マスタ!$A82,0)="","",OFFSET(マスタ非採用削除!B$4,統合マスタ!$A82,0)) -> ｱﾑﾛ002 | P82: =IF(OFFSET(マスタ非採用削除!C$4,統合マスタ!$A82,0)="","",OFFSET(マスタ非採用削除!C$4,統合マスタ!$A82,0)) -> アムロジピンＯＤ錠２．５ｍｇ「明治」 | Q82: =IF(OFFSET(マスタ非採用削除!D$4,統合マスタ!$A82,0)="","",OFFSET(マスタ非採用削除!D$4,統合マスタ!$A82,0)) | R82: =IF(AA82="非採用",0,IF(OFFSET(マスタ非採用削除!E$4,統合マスタ!$A82,0)="","",OFFSET(マスタ非採用削除!E$4,統合マスタ!$A82,0))) -> 1 | S82: =IF(OFFSET(マスタ非採用削除!F$4,統合マスタ!$A82,0)="","",OFFSET(マスタ非採用削除!F$4,統合マスタ!$A82,0)) | T82: =IF(OFFSET(マスタ非採用削除!G$4,統合マスタ!$A82,0)="","",OFFSET(マスタ非採用削除!G$4,統合マスタ!$A82,0)) -> 10.4 | U82: =IF(OFFSET(マスタ非採用削除!H$4,統合マスタ!$A82,0)="","",OFFSET(マスタ非採用削除!H$4,統合マスタ!$A82,0)) -> ｱﾑﾛｼﾞﾋﾟﾝODｼﾞﾖｳ2.5MGﾒｲｼﾞ | V82: =IF(OFFSET(マスタ非採用削除!I$4,統合マスタ!$A82,0)="","",OFFSET(マスタ非採用削除!I$4,統合マスタ!$A82,0)) -> 1 | W82: =IF(OFFSET(マスタ非採用削除!J$4,統合マスタ!$A82,0)="","",OFFSET(マスタ非採用削除!J$4,統合マスタ!$A82,0)) -> 錠剤 | X82: =IF(OFFSET(マスタ非採用削除!K$4,統合マスタ!$A82,0)="","",OFFSET(マスタ非採用削除!K$4,統合マスタ!$A82,0)) -> 2 | Y82: =IF(OFFSET(マスタ非採用削除!L$4,統合マスタ!$A82,0)="","",OFFSET(マスタ非採用削除!L$4,統合マスタ!$A82,0)) | Z82: =IF(OFFSET(マスタ非採用削除!M$4,統合マスタ!$A82,0)="","",OFFSET(マスタ非採用削除!M$4,統合マスタ!$A82,0)) -> 25 | AB82: =IF(R82=2,"臨時", IF(COUNTIF(分類!$H$8:$H$15, 統合マスタ!V82)>0, 分類!$G$7, IF(COUNTIF(分類!$K$8:$K$15, 統合マスタ!V82)>0, 分類!$J$7, IF(COUNTIF(分類!$N$8:$N$15, 統合マスタ!V82)>0, 分類!$M$7, IF(COUNTIF(分類!$Q$8:$Q$15, 統合マスタ!V82)>0, 分類!$P$7, "無し"))))) -> 錠剤 | AC82: {=OFFSET( INDIRECT("'" & AB82 & "'!A4"), MATCH(B82, INDIRECT("'" & AB82 & "'!C5:C1000"), 0), MATCH("合計", INDIRECT("'" & AB82 & "'!4:4"), 0) - 1 )} -> 16
A83: =元データ!P80 -> 40 | B83: =B82+1 -> 79 | C83: =DBCS(元データ!A80) -> アムロジピンＯＤ錠２．５ｍｇ「明治」 | D83: =元データ!B80 -> メディセオ | E83: =DBCS(元データ!C80) -> バラ | F83: =DBCS(元データ!D80) -> ５００Ｔ | G83: =元データ!E80 -> Ｍｅファルマ | H83: =元データ!F80 -> 10.4 | I83: =元データ!G80 -> 5200 | J83: =元データ!H80 -> 500 | K83: =元データ!I80 -> 錠 | L83: =元データ!J80 -> 4180 | M83: =元データ!K80 -> 8.36 | N83: =IF(OFFSET(マスタ非採用削除!A$4,統合マスタ!$A83,0)="","",OFFSET(マスタ非採用削除!A$4,統合マスタ!$A83,0)) -> ｱﾑﾛ002 | O83: =IF(OFFSET(マスタ非採用削除!B$4,統合マスタ!$A83,0)="","",OFFSET(マスタ非採用削除!B$4,統合マスタ!$A83,0)) -> ｱﾑﾛ002 | P83: =IF(OFFSET(マスタ非採用削除!C$4,統合マスタ!$A83,0)="","",OFFSET(マスタ非採用削除!C$4,統合マスタ!$A83,0)) -> アムロジピンＯＤ錠２．５ｍｇ「明治」 | Q83: =IF(OFFSET(マスタ非採用削除!D$4,統合マスタ!$A83,0)="","",OFFSET(マスタ非採用削除!D$4,統合マスタ!$A83,0)) | R83: =IF(AA83="非採用",0,IF(OFFSET(マスタ非採用削除!E$4,統合マスタ!$A83,0)="","",OFFSET(マスタ非採用削除!E$4,統合マスタ!$A83,0))) -> 1 | S83: =IF(OFFSET(マスタ非採用削除!F$4,統合マスタ!$A83,0)="","",OFFSET(マスタ非採用削除!F$4,統合マスタ!$A83,0)) | T83: =IF(OFFSET(マスタ非採用削除!G$4,統合マスタ!$A83,0)="","",OFFSET(マスタ非採用削除!G$4,統合マスタ!$A83,0)) -> 10.4 | U83: =IF(OFFSET(マスタ非採用削除!H$4,統合マスタ!$A83,0)="","",OFFSET(マスタ非採用削除!H$4,統合マスタ!$A83,0)) -> ｱﾑﾛｼﾞﾋﾟﾝODｼﾞﾖｳ2.5MGﾒｲｼﾞ | V83: =IF(OFFSET(マスタ非採用削除!I$4,統合マスタ!$A83,0)="","",OFFSET(マスタ非採用削除!I$4,統合マスタ!$A83,0)) -> 1 | W83: =IF(OFFSET(マスタ非採用削除!J$4,統合マスタ!$A83,0)="","",OFFSET(マスタ非採用削除!J$4,統合マスタ!$A83,0)) -> 錠剤 | X83: =IF(OFFSET(マスタ非採用削除!K$4,統合マスタ!$A83,0)="","",OFFSET(マスタ非採用削除!K$4,統合マスタ!$A83,0)) -> 2 | Y83: =IF(OFFSET(マスタ非採用削除!L$4,統合マスタ!$A83,0)="","",OFFSET(マスタ非採用削除!L$4,統合マスタ!$A83,0)) | Z83: =IF(OFFSET(マスタ非採用削除!M$4,統合マスタ!$A83,0)="","",OFFSET(マスタ非採用削除!M$4,統合マスタ!$A83,0)) -> 25 | AB83: =IF(R83=2,"臨時", IF(COUNTIF(分類!$H$8:$H$15, 統合マスタ!V83)>0, 分類!$G$7, IF(COUNTIF(分類!$K$8:$K$15, 統合マスタ!V83)>0, 分類!$J$7, IF(COUNTIF(分類!$N$8:$N$15, 統合マスタ!V83)>0, 分類!$M$7, IF(COUNTIF(分類!$Q$8:$Q$15, 統合マスタ!V83)>0, 分類!$P$7, "無し"))))) -> 錠剤 | AC83: {=OFFSET( INDIRECT("'" & AB83 & "'!A4"), MATCH(B83, INDIRECT("'" & AB83 & "'!C5:C1000"), 0), MATCH("合計", INDIRECT("'" & AB83 & "'!4:4"), 0) - 1 )} -> 17
A84: =元データ!P81 -> 41 | B84: =B83+1 -> 80 | C84: =DBCS(元データ!A81) -> アリドネパッチ２７．５ｍｇ | D84: =元データ!B81 -> スズケン | E84: =DBCS(元データ!C81) | F84: =DBCS(元データ!D81) -> ２８枚 | G84: =元データ!E81 -> 興和 | H84: =元データ!F81 -> 286.4 | I84: =元データ!G81 -> 8019.2 | J84: =元データ!H81 -> 28 | K84: =元データ!I81 -> 枚 | L84: =元データ!J81 -> 6943 | M84: =元データ!K81 -> 247.96429 | N84: =IF(OFFSET(マスタ非採用削除!A$4,統合マスタ!$A84,0)="","",OFFSET(マスタ非採用削除!A$4,統合マスタ!$A84,0)) -> ｱﾘﾄ001 | O84: =IF(OFFSET(マスタ非採用削除!B$4,統合マスタ!$A84,0)="","",OFFSET(マスタ非採用削除!B$4,統合マスタ!$A84,0)) -> ｱﾘﾄ001 | P84: =IF(OFFSET(マスタ非採用削除!C$4,統合マスタ!$A84,0)="","",OFFSET(マスタ非採用削除!C$4,統合マスタ!$A84,0)) -> アリドネパッチ２７．５ｍｇ | Q84: =IF(OFFSET(マスタ非採用削除!D$4,統合マスタ!$A84,0)="","",OFFSET(マスタ非採用削除!D$4,統合マスタ!$A84,0)) | R84: =IF(AA84="非採用",0,IF(OFFSET(マスタ非採用削除!E$4,統合マスタ!$A84,0)="","",OFFSET(マスタ非採用削除!E$4,統合マスタ!$A84,0))) -> 1 | S84: =IF(OFFSET(マスタ非採用削除!F$4,統合マスタ!$A84,0)="","",OFFSET(マスタ非採用削除!F$4,統合マスタ!$A84,0)) | T84: =IF(OFFSET(マスタ非採用削除!G$4,統合マスタ!$A84,0)="","",OFFSET(マスタ非採用削除!G$4,統合マスタ!$A84,0)) -> 286.4 | U84: =IF(OFFSET(マスタ非採用削除!H$4,統合マスタ!$A84,0)="","",OFFSET(マスタ非採用削除!H$4,統合マスタ!$A84,0)) -> ｱﾘﾄﾞﾈﾊﾟﾂﾁ27.5MG | V84: =IF(OFFSET(マスタ非採用削除!I$4,統合マスタ!$A84,0)="","",OFFSET(マスタ非採用削除!I$4,統合マスタ!$A84,0)) -> 19 | W84: =IF(OFFSET(マスタ非採用削除!J$4,統合マスタ!$A84,0)="","",OFFSET(マスタ非採用削除!J$4,統合マスタ!$A84,0)) -> 貼付剤 | X84: =IF(OFFSET(マスタ非採用削除!K$4,統合マスタ!$A84,0)="","",OFFSET(マスタ非採用削除!K$4,統合マスタ!$A84,0)) -> 2 | Y84: =IF(OFFSET(マスタ非採用削除!L$4,統合マスタ!$A84,0)="","",OFFSET(マスタ非採用削除!L$4,統合マスタ!$A84,0)) | Z84: =IF(OFFSET(マスタ非採用削除!M$4,統合マスタ!$A84,0)="","",OFFSET(マスタ非採用削除!M$4,統合マスタ!$A84,0)) -> 3 | AB84: =IF(R84=2,"臨時", IF(COUNTIF(分類!$H$8:$H$15, 統合マスタ!V84)>0, 分類!$G$7, IF(COUNTIF(分類!$K$8:$K$15, 統合マスタ!V84)>0, 分類!$J$7, IF(COUNTIF(分類!$N$8:$N$15, 統合マスタ!V84)>0, 分類!$M$7, IF(COUNTIF(分類!$Q$8:$Q$15, 統合マスタ!V84)>0, 分類!$P$7, "無し"))))) -> 外用剤 | AC84: {=OFFSET( INDIRECT("'" & AB84 & "'!A4"), MATCH(B84, INDIRECT("'" & AB84 & "'!C5:C1000"), 0), MATCH("合計", INDIRECT("'" & AB84 & "'!4:4"), 0) - 1 )} -> #REF!
A85: =元データ!P82 -> 42 | B85: =B84+1 -> 81 | C85: =DBCS(元データ!A82) -> アリドネパッチ５５ｍｇ | D85: =元データ!B82 -> スズケン | E85: =DBCS(元データ!C82) | F85: =DBCS(元データ!D82) -> ２８枚 | G85: =元データ!E82 -> 興和 | H85: =元データ!F82 -> 437.6 | I85: =元データ!G82 -> 12252.8 | J85: =元データ!H82 -> 28 | K85: =元データ!I82 -> 枚 | L85: =元データ!J82 -> 10608 | M85: =元データ!K82 -> 378.85714 | N85: =IF(OFFSET(マスタ非採用削除!A$4,統合マスタ!$A85,0)="","",OFFSET(マスタ非採用削除!A$4,統合マスタ!$A85,0)) -> ｱﾘﾄ002 | O85: =IF(OFFSET(マスタ非採用削除!B$4,統合マスタ!$A85,0)="","",OFFSET(マスタ非採用削除!B$4,統合マスタ!$A85,0)) -> ｱﾘﾄ002 | P85: =IF(OFFSET(マスタ非採用削除!C$4,統合マスタ!$A85,0)="","",OFFSET(マスタ非採用削除!C$4,統合マスタ!$A85,0)) -> アリドネパッチ５５ｍｇ | Q85: =IF(OFFSET(マスタ非採用削除!D$4,統合マスタ!$A85,0)="","",OFFSET(マスタ非採用削除!D$4,統合マスタ!$A85,0)) | R85: =IF(AA85="非採用",0,IF(OFFSET(マスタ非採用削除!E$4,統合マスタ!$A85,0)="","",OFFSET(マスタ非採用削除!E$4,統合マスタ!$A85,0))) -> 1 | S85: =IF(OFFSET(マスタ非採用削除!F$4,統合マスタ!$A85,0)="","",OFFSET(マスタ非採用削除!F$4,統合マスタ!$A85,0)) | T85: =IF(OFFSET(マスタ非採用削除!G$4,統合マスタ!$A85,0)="","",OFFSET(マスタ非採用削除!G$4,統合マスタ!$A85,0)) -> 437.6 | U85: =IF(OFFSET(マスタ非採用削除!H$4,統合マスタ!$A85,0)="","",OFFSET(マスタ非採用削除!H$4,統合マスタ!$A85,0)) -> ｱﾘﾄﾞﾈﾊﾟﾂﾁ55MG | V85: =IF(OFFSET(マスタ非採用削除!I$4,統合マスタ!$A85,0)="","",OFFSET(マスタ非採用削除!I$4,統合マスタ!$A85,0)) -> 19 | W85: =IF(OFFSET(マスタ非採用削除!J$4,統合マスタ!$A85,0)="","",OFFSET(マスタ非採用削除!J$4,統合マスタ!$A85,0)) -> 貼付剤 | X85: =IF(OFFSET(マスタ非採用削除!K$4,統合マスタ!$A85,0)="","",OFFSET(マスタ非採用削除!K$4,統合マスタ!$A85,0)) -> 2 | Y85: =IF(OFFSET(マスタ非採用削除!L$4,統合マスタ!$A85,0)="","",OFFSET(マスタ非採用削除!L$4,統合マスタ!$A85,0)) | Z85: =IF(OFFSET(マスタ非採用削除!M$4,統合マスタ!$A85,0)="","",OFFSET(マスタ非採用削除!M$4,統合マスタ!$A85,0)) -> 3 | AB85: =IF(R85=2,"臨時", IF(COUNTIF(分類!$H$8:$H$15, 統合マスタ!V85)>0, 分類!$G$7, IF(COUNTIF(分類!$K$8:$K$15, 統合マスタ!V85)>0, 分類!$J$7, IF(COUNTIF(分類!$N$8:$N$15, 統合マスタ!V85)>0, 分類!$M$7, IF(COUNTIF(分類!$Q$8:$Q$15, 統合マスタ!V85)>0, 分類!$P$7, "無し"))))) -> 外用剤 | AC85: {=OFFSET( INDIRECT("'" & AB85 & "'!A4"), MATCH(B85, INDIRECT("'" & AB85 & "'!C5:C1000"), 0), MATCH("合計", INDIRECT("'" & AB85 & "'!4:4"), 0) - 1 )} -> #REF!
A86: =元データ!P83 -> 45 | B86: =B85+1 -> 82 | C86: =DBCS(元データ!A83) -> アリピプラゾールＯＤ錠１２ｍｇ「ニプロ」 | D86: =元データ!B83 -> アルフレッサ | E86: =DBCS(元データ!C83) -> ＰＴＰ | F86: =DBCS(元データ!D83) -> １００Ｔ | G86: =元データ!E83 -> ニプロES | H86: =元データ!F83 -> 22.7 | I86: =元データ!G83 -> 2270 | J86: =元データ!H83 -> 100 | K86: =元データ!I83 -> 錠 | L86: =元データ!J83 -> 1975 | M86: =元データ!K83 -> 19.75 | N86: =IF(OFFSET(マスタ非採用削除!A$4,統合マスタ!$A86,0)="","",OFFSET(マスタ非採用削除!A$4,統合マスタ!$A86,0)) -> ｱﾘﾋ008 | O86: =IF(OFFSET(マスタ非採用削除!B$4,統合マスタ!$A86,0)="","",OFFSET(マスタ非採用削除!B$4,統合マスタ!$A86,0)) -> ｱﾘﾋ008 | P86: =IF(OFFSET(マスタ非採用削除!C$4,統合マスタ!$A86,0)="","",OFFSET(マスタ非採用削除!C$4,統合マスタ!$A86,0)) -> アリピプラゾールＯＤ錠１２ｍｇ「ニプロ」 | Q86: =IF(OFFSET(マスタ非採用削除!D$4,統合マスタ!$A86,0)="","",OFFSET(マスタ非採用削除!D$4,統合マスタ!$A86,0)) | R86: =IF(AA86="非採用",0,IF(OFFSET(マスタ非採用削除!E$4,統合マスタ!$A86,0)="","",OFFSET(マスタ非採用削除!E$4,統合マスタ!$A86,0))) -> 1 | S86: =IF(OFFSET(マスタ非採用削除!F$4,統合マスタ!$A86,0)="","",OFFSET(マスタ非採用削除!F$4,統合マスタ!$A86,0)) | T86: =IF(OFFSET(マスタ非採用削除!G$4,統合マスタ!$A86,0)="","",OFFSET(マスタ非採用削除!G$4,統合マスタ!$A86,0)) -> 22.7 | U86: =IF(OFFSET(マスタ非採用削除!H$4,統合マスタ!$A86,0)="","",OFFSET(マスタ非採用削除!H$4,統合マスタ!$A86,0)) -> ｱﾘﾋﾟﾌﾟﾗｿﾞ-ﾙODｼﾞﾖｳ12MGﾆﾌﾟﾛ | V86: =IF(OFFSET(マスタ非採用削除!I$4,統合マスタ!$A86,0)="","",OFFSET(マスタ非採用削除!I$4,統合マスタ!$A86,0)) -> 1 | W86: =IF(OFFSET(マスタ非採用削除!J$4,統合マスタ!$A86,0)="","",OFFSET(マスタ非採用削除!J$4,統合マスタ!$A86,0)) -> 錠剤 | X86: =IF(OFFSET(マスタ非採用削除!K$4,統合マスタ!$A86,0)="","",OFFSET(マスタ非採用削除!K$4,統合マスタ!$A86,0)) -> 2 | Y86: =IF(OFFSET(マスタ非採用削除!L$4,統合マスタ!$A86,0)="","",OFFSET(マスタ非採用削除!L$4,統合マスタ!$A86,0)) | Z86: =IF(OFFSET(マスタ非採用削除!M$4,統合マスタ!$A86,0)="","",OFFSET(マスタ非採用削除!M$4,統合マスタ!$A86,0)) -> 26 | AB86: =IF(R86=2,"臨時", IF(COUNTIF(分類!$H$8:$H$15, 統合マスタ!V86)>0, 分類!$G$7, IF(COUNTIF(分類!$K$8:$K$15, 統合マスタ!V86)>0, 分類!$J$7, IF(COUNTIF(分類!$N$8:$N$15, 統合マスタ!V86)>0, 分類!$M$7, IF(COUNTIF(分類!$Q$8:$Q$15, 統合マスタ!V86)>0, 分類!$P$7, "無し"))))) -> 錠剤 | AC86: {=OFFSET( INDIRECT("'" & AB86 & "'!A4"), MATCH(B86, INDIRECT("'" & AB86 & "'!C5:C1000"), 0), MATCH("合計", INDIRECT("'" & AB86 & "'!4:4"), 0) - 1 )} -> 18
A87: =元データ!P84 -> 45 | B87: =B86+1 -> 83 | C87: =DBCS(元データ!A84) -> アリピプラゾールＯＤ錠１２ｍｇ「ニプロ」 | D87: =元データ!B84 -> アルフレッサ | E87: =DBCS(元データ!C84) -> バラ | F87: =DBCS(元データ!D84) -> ５００Ｔ | G87: =元データ!E84 -> ニプロＥＳ | H87: =元データ!F84 -> 22.7 | I87: =元データ!G84 -> 11350 | J87: =元データ!H84 -> 500 | K87: =元データ!I84 -> 錠 | L87: =元データ!J84 -> 9875 | M87: =元データ!K84 -> 19.75 | N87: =IF(OFFSET(マスタ非採用削除!A$4,統合マスタ!$A87,0)="","",OFFSET(マスタ非採用削除!A$4,統合マスタ!$A87,0)) -> ｱﾘﾋ008 | O87: =IF(OFFSET(マスタ非採用削除!B$4,統合マスタ!$A87,0)="","",OFFSET(マスタ非採用削除!B$4,統合マスタ!$A87,0)) -> ｱﾘﾋ008 | P87: =IF(OFFSET(マスタ非採用削除!C$4,統合マスタ!$A87,0)="","",OFFSET(マスタ非採用削除!C$4,統合マスタ!$A87,0)) -> アリピプラゾールＯＤ錠１２ｍｇ「ニプロ」 | Q87: =IF(OFFSET(マスタ非採用削除!D$4,統合マスタ!$A87,0)="","",OFFSET(マスタ非採用削除!D$4,統合マスタ!$A87,0)) | R87: =IF(AA87="非採用",0,IF(OFFSET(マスタ非採用削除!E$4,統合マスタ!$A87,0)="","",OFFSET(マスタ非採用削除!E$4,統合マスタ!$A87,0))) -> 1 | S87: =IF(OFFSET(マスタ非採用削除!F$4,統合マスタ!$A87,0)="","",OFFSET(マスタ非採用削除!F$4,統合マスタ!$A87,0)) | T87: =IF(OFFSET(マスタ非採用削除!G$4,統合マスタ!$A87,0)="","",OFFSET(マスタ非採用削除!G$4,統合マスタ!$A87,0)) -> 22.7 | U87: =IF(OFFSET(マスタ非採用削除!H$4,統合マスタ!$A87,0)="","",OFFSET(マスタ非採用削除!H$4,統合マスタ!$A87,0)) -> ｱﾘﾋﾟﾌﾟﾗｿﾞ-ﾙODｼﾞﾖｳ12MGﾆﾌﾟﾛ | V87: =IF(OFFSET(マスタ非採用削除!I$4,統合マスタ!$A87,0)="","",OFFSET(マスタ非採用削除!I$4,統合マスタ!$A87,0)) -> 1 | W87: =IF(OFFSET(マスタ非採用削除!J$4,統合マスタ!$A87,0)="","",OFFSET(マスタ非採用削除!J$4,統合マスタ!$A87,0)) -> 錠剤 | X87: =IF(OFFSET(マスタ非採用削除!K$4,統合マスタ!$A87,0)="","",OFFSET(マスタ非採用削除!K$4,統合マスタ!$A87,0)) -> 2 | Y87: =IF(OFFSET(マスタ非採用削除!L$4,統合マスタ!$A87,0)="","",OFFSET(マスタ非採用削除!L$4,統合マスタ!$A87,0)) | Z87: =IF(OFFSET(マスタ非採用削除!M$4,統合マスタ!$A87,0)="","",OFFSET(マスタ非採用削除!M$4,統合マスタ!$A87,0)) -> 26 | AB87: =IF(R87=2,"臨時", IF(COUNTIF(分類!$H$8:$H$15, 統合マスタ!V87)>0, 分類!$G$7, IF(COUNTIF(分類!$K$8:$K$15, 統合マスタ!V87)>0, 分類!$J$7, IF(COUNTIF(分類!$N$8:$N$15, 統合マスタ!V87)>0, 分類!$M$7, IF(COUNTIF(分類!$Q$8:$Q$15, 統合マスタ!V87)>0, 分類!$P$7, "無し"))))) -> 錠剤 | AC87: {=OFFSET( INDIRECT("'" & AB87 & "'!A4"), MATCH(B87, INDIRECT("'" & AB87 & "'!C5:C1000"), 0), MATCH("合計", INDIRECT("'" & AB87 & "'!4:4"), 0) - 1 )} -> 19
A88: =元データ!P85 -> 44 | B88: =B87+1 -> 84 | C88: =DBCS(元データ!A85) -> アリピプラゾールＯＤ錠３ｍｇ「ニプロ」 | D88: =元データ!B85 -> アルフレッサ | E88: =DBCS(元データ!C85) -> ＰＴＰ | F88: =DBCS(元データ!D85) -> １００Ｔ | G88: =元データ!E85 -> ニプロＥＳ | H88: =元データ!F85 -> 6.4 | I88: =元データ!G85 -> 640 | J88: =元データ!H85 -> 100 | K88: =元データ!I85 -> 錠 | L88: =元データ!J85 -> 557 | M88: =元データ!K85 -> 5.57 | N88: =IF(OFFSET(マスタ非採用削除!A$4,統合マスタ!$A88,0)="","",OFFSET(マスタ非採用削除!A$4,統合マスタ!$A88,0)) -> ｱﾘﾋ007 | O88: =IF(OFFSET(マスタ非採用削除!B$4,統合マスタ!$A88,0)="","",OFFSET(マスタ非採用削除!B$4,統合マスタ!$A88,0)) -> ｱﾘﾋ007 | P88: =IF(OFFSET(マスタ非採用削除!C$4,統合マスタ!$A88,0)="","",OFFSET(マスタ非採用削除!C$4,統合マスタ!$A88,0)) -> アリピプラゾールＯＤ錠３ｍｇ「ニプロ」 | Q88: =IF(OFFSET(マスタ非採用削除!D$4,統合マスタ!$A88,0)="","",OFFSET(マスタ非採用削除!D$4,統合マスタ!$A88,0)) | R88: =IF(AA88="非採用",0,IF(OFFSET(マスタ非採用削除!E$4,統合マスタ!$A88,0)="","",OFFSET(マスタ非採用削除!E$4,統合マスタ!$A88,0))) -> 1 | S88: =IF(OFFSET(マスタ非採用削除!F$4,統合マスタ!$A88,0)="","",OFFSET(マスタ非採用削除!F$4,統合マスタ!$A88,0)) | T88: =IF(OFFSET(マスタ非採用削除!G$4,統合マスタ!$A88,0)="","",OFFSET(マスタ非採用削除!G$4,統合マスタ!$A88,0)) -> 6.4 | U88: =IF(OFFSET(マスタ非採用削除!H$4,統合マスタ!$A88,0)="","",OFFSET(マスタ非採用削除!H$4,統合マスタ!$A88,0)) -> ｱﾘﾋﾟﾌﾟﾗｿﾞ-ﾙODｼﾞﾖｳ3MGﾆﾌﾟﾛ | V88: =IF(OFFSET(マスタ非採用削除!I$4,統合マスタ!$A88,0)="","",OFFSET(マスタ非採用削除!I$4,統合マスタ!$A88,0)) -> 1 | W88: =IF(OFFSET(マスタ非採用削除!J$4,統合マスタ!$A88,0)="","",OFFSET(マスタ非採用削除!J$4,統合マスタ!$A88,0)) -> 錠剤 | X88: =IF(OFFSET(マスタ非採用削除!K$4,統合マスタ!$A88,0)="","",OFFSET(マスタ非採用削除!K$4,統合マスタ!$A88,0)) -> 2 | Y88: =IF(OFFSET(マスタ非採用削除!L$4,統合マスタ!$A88,0)="","",OFFSET(マスタ非採用削除!L$4,統合マスタ!$A88,0)) | Z88: =IF(OFFSET(マスタ非採用削除!M$4,統合マスタ!$A88,0)="","",OFFSET(マスタ非採用削除!M$4,統合マスタ!$A88,0)) -> 26 | AB88: =IF(R88=2,"臨時", IF(COUNTIF(分類!$H$8:$H$15, 統合マスタ!V88)>0, 分類!$G$7, IF(COUNTIF(分類!$K$8:$K$15, 統合マスタ!V88)>0, 分類!$J$7, IF(COUNTIF(分類!$N$8:$N$15, 統合マスタ!V88)>0, 分類!$M$7, IF(COUNTIF(分類!$Q$8:$Q$15, 統合マスタ!V88)>0, 分類!$P$7, "無し"))))) -> 錠剤 | AC88: {=OFFSET( INDIRECT("'" & AB88 & "'!A4"), MATCH(B88, INDIRECT("'" & AB88 & "'!C5:C1000"), 0), MATCH("合計", INDIRECT("'" & AB88 & "'!4:4"), 0) - 1 )} -> 20
A89: =元データ!P86 -> 44 | B89: =B88+1 -> 85 | C89: =DBCS(元データ!A86) -> アリピプラゾールＯＤ錠３ｍｇ「ニプロ」 | D89: =元データ!B86 -> アルフレッサ | E89: =DBCS(元データ!C86) -> バラ | F89: =DBCS(元データ!D86) -> １００Ｔ | G89: =元データ!E86 -> ニプロES | H89: =元データ!F86 -> 6.4 | I89: =元データ!G86 -> 640 | J89: =元データ!H86 -> 100 | K89: =元データ!I86 -> 錠 | L89: =元データ!J86 -> 557 | M89: =元データ!K86 -> 5.57 | N89: =IF(OFFSET(マスタ非採用削除!A$4,統合マスタ!$A89,0)="","",OFFSET(マスタ非採用削除!A$4,統合マスタ!$A89,0)) -> ｱﾘﾋ007 | O89: =IF(OFFSET(マスタ非採用削除!B$4,統合マスタ!$A89,0)="","",OFFSET(マスタ非採用削除!B$4,統合マスタ!$A89,0)) -> ｱﾘﾋ007 | P89: =IF(OFFSET(マスタ非採用削除!C$4,統合マスタ!$A89,0)="","",OFFSET(マスタ非採用削除!C$4,統合マスタ!$A89,0)) -> アリピプラゾールＯＤ錠３ｍｇ「ニプロ」 | Q89: =IF(OFFSET(マスタ非採用削除!D$4,統合マスタ!$A89,0)="","",OFFSET(マスタ非採用削除!D$4,統合マスタ!$A89,0)) | R89: =IF(AA89="非採用",0,IF(OFFSET(マスタ非採用削除!E$4,統合マスタ!$A89,0)="","",OFFSET(マスタ非採用削除!E$4,統合マスタ!$A89,0))) -> 1 | S89: =IF(OFFSET(マスタ非採用削除!F$4,統合マスタ!$A89,0)="","",OFFSET(マスタ非採用削除!F$4,統合マスタ!$A89,0)) | T89: =IF(OFFSET(マスタ非採用削除!G$4,統合マスタ!$A89,0)="","",OFFSET(マスタ非採用削除!G$4,統合マスタ!$A89,0)) -> 6.4 | U89: =IF(OFFSET(マスタ非採用削除!H$4,統合マスタ!$A89,0)="","",OFFSET(マスタ非採用削除!H$4,統合マスタ!$A89,0)) -> ｱﾘﾋﾟﾌﾟﾗｿﾞ-ﾙODｼﾞﾖｳ3MGﾆﾌﾟﾛ | V89: =IF(OFFSET(マスタ非採用削除!I$4,統合マスタ!$A89,0)="","",OFFSET(マスタ非採用削除!I$4,統合マスタ!$A89,0)) -> 1 | W89: =IF(OFFSET(マスタ非採用削除!J$4,統合マスタ!$A89,0)="","",OFFSET(マスタ非採用削除!J$4,統合マスタ!$A89,0)) -> 錠剤 | X89: =IF(OFFSET(マスタ非採用削除!K$4,統合マスタ!$A89,0)="","",OFFSET(マスタ非採用削除!K$4,統合マスタ!$A89,0)) -> 2 | Y89: =IF(OFFSET(マスタ非採用削除!L$4,統合マスタ!$A89,0)="","",OFFSET(マスタ非採用削除!L$4,統合マスタ!$A89,0)) | Z89: =IF(OFFSET(マスタ非採用削除!M$4,統合マスタ!$A89,0)="","",OFFSET(マスタ非採用削除!M$4,統合マスタ!$A89,0)) -> 26 | AB89: =IF(R89=2,"臨時", IF(COUNTIF(分類!$H$8:$H$15, 統合マスタ!V89)>0, 分類!$G$7, IF(COUNTIF(分類!$K$8:$K$15, 統合マスタ!V89)>0, 分類!$J$7, IF(COUNTIF(分類!$N$8:$N$15, 統合マスタ!V89)>0, 分類!$M$7, IF(COUNTIF(分類!$Q$8:$Q$15, 統合マスタ!V89)>0, 分類!$P$7, "無し"))))) -> 錠剤 | AC89: {=OFFSET( INDIRECT("'" & AB89 & "'!A4"), MATCH(B89, INDIRECT("'" & AB89 & "'!C5:C1000"), 0), MATCH("合計", INDIRECT("'" & AB89 & "'!4:4"), 0) - 1 )} -> 21
... A96: =元データ!P93 -> 50 | B96: =B95+1 -> 92 | C96: =DBCS(元データ!A93) -> アルブミナー２５％静注１２．５ｇ／５０ｍｌ | D96: =元データ!B93 -> アルフレッサ | E96: =DBCS(元データ!C93) | F96: =DBCS(元データ!D93) -> ５０ｍｌｘ１Ｖ | G96: =元データ!E93 -> CSLベーリング | H96: =元データ!F93 -> 4436 | I96: =元データ!G93 -> 4436 | J96: =元データ!H93 -> 1 | K96: =元データ!I93 -> V | L96: =元データ!J93 -> 3960 | M96: =元データ!K93 -> 3960 | N96: =IF(OFFSET(マスタ非採用削除!A$4,統合マスタ!$A96,0)="","",OFFSET(マスタ非採用削除!A$4,統合マスタ!$A96,0)) -> ｱﾙﾌ002 | O96: =IF(OFFSET(マスタ非採用削除!B$4,統合マスタ!$A96,0)="","",OFFSET(マスタ非採用削除!B$4,統合マスタ!$A96,0)) -> ｱﾙﾌ002 | P96: =IF(OFFSET(マスタ非採用削除!C$4,統合マスタ!$A96,0)="","",OFFSET(マスタ非採用削除!C$4,統合マスタ!$A96,0)) -> アルブミナー２５％静注１２．５ｇ／５０ｍＬ | Q96: =IF(OFFSET(マスタ非採用削除!D$4,統合マスタ!$A96,0)="","",OFFSET(マスタ非採用削除!D$4,統合マスタ!$A96,0)) -> ｱﾙﾌﾞ | R96: =IF(AA96="非採用",0,IF(OFFSET(マスタ非採用削除!E$4,統合マスタ!$A96,0)="","",OFFSET(マスタ非採用削除!E$4,統合マスタ!$A96,0))) -> 1 | S96: =IF(OFFSET(マスタ非採用削除!F$4,統合マスタ!$A96,0)="","",OFFSET(マスタ非採用削除!F$4,統合マスタ!$A96,0)) | T96: =IF(OFFSET(マスタ非採用削除!G$4,統合マスタ!$A96,0)="","",OFFSET(マスタ非採用削除!G$4,統合マスタ!$A96,0)) -> 4436 | U96: =IF(OFFSET(マスタ非採用削除!H$4,統合マスタ!$A96,0)="","",OFFSET(マスタ非採用削除!H$4,統合マスタ!$A96,0)) -> ｱﾙﾌﾞﾐﾅｰ25%ｼﾞｮｳﾁｭｳ12.5g/50mL | V96: =IF(OFFSET(マスタ非採用削除!I$4,統合マスタ!$A96,0)="","",OFFSET(マスタ非採用削除!I$4,統合マスタ!$A96,0)) -> 25 | W96: =IF(OFFSET(マスタ非採用削除!J$4,統合マスタ!$A96,0)="","",OFFSET(マスタ非採用削除!J$4,統合マスタ!$A96,0)) -> 注射剤 | X96: =IF(OFFSET(マスタ非採用削除!K$4,統合マスタ!$A96,0)="","",OFFSET(マスタ非採用削除!K$4,統合マスタ!$A96,0)) -> 0 | Y96: =IF(OFFSET(マスタ非採用削除!L$4,統合マスタ!$A96,0)="","",OFFSET(マスタ非採用削除!L$4,統合マスタ!$A96,0)) | Z96: =IF(OFFSET(マスタ非採用削除!M$4,統合マスタ!$A96,0)="","",OFFSET(マスタ非採用削除!M$4,統合マスタ!$A96,0)) -> 6 | AB96: =IF(R96=2,"臨時", IF(COUNTIF(分類!$H$8:$H$15, 統合マスタ!V96)>0, 分類!$G$7, IF(COUNTIF(分類!$K$8:$K$15, 統合マスタ!V96)>0, 分類!$J$7, IF(COUNTIF(分類!$N$8:$N$15, 統合マスタ!V96)>0, 分類!$M$7, IF(COUNTIF(分類!$Q$8:$Q$15, 統合マスタ!V96)>0, 分類!$P$7, "無し"))))) -> 注射 | AC96: {=OFFSET( INDIRECT("'" & AB96 & "'!A4"), MATCH(B96, INDIRECT("'" & AB96 & "'!C5:C1000"), 0), MATCH("合計", INDIRECT("'" & AB96 & "'!4:4"), 0) - 1 )} -> 0
A97: =元データ!P94 -> 非採用 | B97: =B96+1 -> 93 | C97: =DBCS(元データ!A94) -> アルメタ軟膏 | D97: =元データ!B94 | E97: =DBCS(元データ!C94) | F97: =DBCS(元データ!D94) -> ５ｇｘ１０ | G97: =元データ!E94 -> 塩野義製薬 | H97: =元データ!F94 -> 20.6 | I97: =元データ!G94 -> 1030 | J97: =元データ!H94 -> 50 | K97: =元データ!I94 -> ｇ | L97: =元データ!J94 -> 917 | M97: =元データ!K94 -> 18.34 | N97: =IF(OFFSET(マスタ非採用削除!A$4,統合マスタ!$A97,0)="","",OFFSET(マスタ非採用削除!A$4,統合マスタ!$A97,0)) -> #VALUE! | O97: =IF(OFFSET(マスタ非採用削除!B$4,統合マスタ!$A97,0)="","",OFFSET(マスタ非採用削除!B$4,統合マスタ!$A97,0)) -> #VALUE! | P97: =IF(OFFSET(マスタ非採用削除!C$4,統合マスタ!$A97,0)="","",OFFSET(マスタ非採用削除!C$4,統合マスタ!$A97,0)) -> #VALUE! | Q97: =IF(OFFSET(マスタ非採用削除!D$4,統合マスタ!$A97,0)="","",OFFSET(マスタ非採用削除!D$4,統合マスタ!$A97,0)) -> #VALUE! | R97: =IF(AA97="非採用",0,IF(OFFSET(マスタ非採用削除!E$4,統合マスタ!$A97,0)="","",OFFSET(マスタ非採用削除!E$4,統合マスタ!$A97,0))) -> 0 | S97: =IF(OFFSET(マスタ非採用削除!F$4,統合マスタ!$A97,0)="","",OFFSET(マスタ非採用削除!F$4,統合マスタ!$A97,0)) -> #VALUE! | T97: =IF(OFFSET(マスタ非採用削除!G$4,統合マスタ!$A97,0)="","",OFFSET(マスタ非採用削除!G$4,統合マスタ!$A97,0)) -> #VALUE! | U97: =IF(OFFSET(マスタ非採用削除!H$4,統合マスタ!$A97,0)="","",OFFSET(マスタ非採用削除!H$4,統合マスタ!$A97,0)) -> #VALUE! | V97: =IF(OFFSET(マスタ非採用削除!I$4,統合マスタ!$A97,0)="","",OFFSET(マスタ非採用削除!I$4,統合マスタ!$A97,0)) -> #VALUE! | W97: =IF(OFFSET(マスタ非採用削除!J$4,統合マスタ!$A97,0)="","",OFFSET(マスタ非採用削除!J$4,統合マスタ!$A97,0)) -> #VALUE! | X97: =IF(OFFSET(マスタ非採用削除!K$4,統合マスタ!$A97,0)="","",OFFSET(マスタ非採用削除!K$4,統合マスタ!$A97,0)) -> #VALUE! | Y97: =IF(OFFSET(マスタ非採用削除!L$4,統合マスタ!$A97,0)="","",OFFSET(マスタ非採用削除!L$4,統合マスタ!$A97,0)) -> #VALUE! | Z97: =IF(OFFSET(マスタ非採用削除!M$4,統合マスタ!$A97,0)="","",OFFSET(マスタ非採用削除!M$4,統合マスタ!$A97,0)) -> #VALUE! | AA97: 非採用 | AB97: =IF(R97=2,"臨時", IF(COUNTIF(分類!$H$8:$H$15, 統合マスタ!V97)>0, 分類!$G$7, IF(COUNTIF(分類!$K$8:$K$15, 統合マスタ!V97)>0, 分類!$J$7, IF(COUNTIF(分類!$N$8:$N$15, 統合マスタ!V97)>0, 分類!$M$7, IF(COUNTIF(分類!$Q$8:$Q$15, 統合マスタ!V97)>0, 分類!$P$7, "無し"))))) -> 無し | AC97: {=OFFSET( INDIRECT("'" & AB97 & "'!A4"), MATCH(B97, INDIRECT("'" & AB97 & "'!C5:C1000"), 0), MATCH("合計", INDIRECT("'" & AB97 & "'!4:4"), 0) - 1 )} -> #REF!
A98: =元データ!P95 -> 非採用 | B98: =B97+1 -> 94 | C98: =DBCS(元データ!A95) -> アレギサール点眼液０．１％ 販売中止 | D98: =元データ!B95 | E98: =DBCS(元データ!C95) | F98: =DBCS(元データ!D95) -> ５ｍｌｘ１０ | G98: =元データ!E95 -> 参天製薬 | H98: =元データ!F95 -> 421.8 | I98: =元データ!G95 -> 4218 | J98: =元データ!H95 -> 10 | K98: =元データ!I95 -> 本 | L98: =元データ!J95 -> 3750 | M98: =元データ!K95 -> 375 | N98: =IF(OFFSET(マスタ非採用削除!A$4,統合マスタ!$A98,0)="","",OFFSET(マスタ非採用削除!A$4,統合マスタ!$A98,0)) -> #VALUE! | O98: =IF(OFFSET(マスタ非採用削除!B$4,統合マスタ!$A98,0)="","",OFFSET(マスタ非採用削除!B$4,統合マスタ!$A98,0)) -> #VALUE! | P98: =IF(OFFSET(マスタ非採用削除!C$4,統合マスタ!$A98,0)="","",OFFSET(マスタ非採用削除!C$4,統合マスタ!$A98,0)) -> #VALUE! | Q98: =IF(OFFSET(マスタ非採用削除!D$4,統合マスタ!$A98,0)="","",OFFSET(マスタ非採用削除!D$4,統合マスタ!$A98,0)) -> #VALUE! | R98: =IF(AA98="非採用",0,IF(OFFSET(マスタ非採用削除!E$4,統合マスタ!$A98,0)="","",OFFSET(マスタ非採用削除!E$4,統合マスタ!$A98,0))) -> 0 | S98: =IF(OFFSET(マスタ非採用削除!F$4,統合マスタ!$A98,0)="","",OFFSET(マスタ非採用削除!F$4,統合マスタ!$A98,0)) -> #VALUE! | T98: =IF(OFFSET(マスタ非採用削除!G$4,統合マスタ!$A98,0)="","",OFFSET(マスタ非採用削除!G$4,統合マスタ!$A98,0)) -> #VALUE! | U98: =IF(OFFSET(マスタ非採用削除!H$4,統合マスタ!$A98,0)="","",OFFSET(マスタ非採用削除!H$4,統合マスタ!$A98,0)) -> #VALUE! | V98: =IF(OFFSET(マスタ非採用削除!I$4,統合マスタ!$A98,0)="","",OFFSET(マスタ非採用削除!I$4,統合マスタ!$A98,0)) -> #VALUE! | W98: =IF(OFFSET(マスタ非採用削除!J$4,統合マスタ!$A98,0)="","",OFFSET(マスタ非採用削除!J$4,統合マスタ!$A98,0)) -> #VALUE! | X98: =IF(OFFSET(マスタ非採用削除!K$4,統合マスタ!$A98,0)="","",OFFSET(マスタ非採用削除!K$4,統合マスタ!$A98,0)) -> #VALUE! | Y98: =IF(OFFSET(マスタ非採用削除!L$4,統合マスタ!$A98,0)="","",OFFSET(マスタ非採用削除!L$4,統合マスタ!$A98,0)) -> #VALUE! | Z98: =IF(OFFSET(マスタ非採用削除!M$4,統合マスタ!$A98,0)="","",OFFSET(マスタ非採用削除!M$4,統合マスタ!$A98,0)) -> #VALUE! | AA98: 非採用 | AB98: =IF(R98=2,"臨時", IF(COUNTIF(分類!$H$8:$H$15, 統合マスタ!V98)>0, 分類!$G$7, IF(COUNTIF(分類!$K$8:$K$15, 統合マスタ!V98)>0, 分類!$J$7, IF(COUNTIF(分類!$N$8:$N$15, 統合マスタ!V98)>0, 分類!$M$7, IF(COUNTIF(分類!$Q$8:$Q$15, 統合マスタ!V98)>0, 分類!$P$7, "無し"))))) -> 無し | AC98: {=OFFSET( INDIRECT("'" & AB98 & "'!A4"), MATCH(B98, INDIRECT("'" & AB98 & "'!C5:C1000"), 0), MATCH("合計", INDIRECT("'" & AB98 & "'!4:4"), 0) - 1 )} -> #REF!
A99: =元データ!P96 -> 52 | B99: =B98+1 -> 95 | C99: =DBCS(元データ!A96) -> アレビアチン散１０％ | D99: =元データ!B96 | E99: =DBCS(元データ!C96) -> 粉 | F99: =DBCS(元データ!D96) -> ５００ｇ | G99: =元データ!E96 -> 住友ファーマ | H99: =元データ!F96 -> 12.1 | I99: =元データ!G96 -> 6050 | J99: =元データ!H96 -> 500 | K99: =元データ!I96 -> ｇ | L99: =元データ!J96 -> 5389 | M99: =元データ!K96 -> 10.778 | N99: =IF(OFFSET(マスタ非採用削除!A$4,統合マスタ!$A99,0)="","",OFFSET(マスタ非採用削除!A$4,統合マスタ!$A99,0)) -> ｱﾚﾋ001 | O99: =IF(OFFSET(マスタ非採用削除!B$4,統合マスタ!$A99,0)="","",OFFSET(マスタ非採用削除!B$4,統合マスタ!$A99,0)) -> ｱﾚﾋ001 | P99: =IF(OFFSET(マスタ非採用削除!C$4,統合マスタ!$A99,0)="","",OFFSET(マスタ非採用削除!C$4,統合マスタ!$A99,0)) -> アレビアチン散１０％ | Q99: =IF(OFFSET(マスタ非採用削除!D$4,統合マスタ!$A99,0)="","",OFFSET(マスタ非採用削除!D$4,統合マスタ!$A99,0)) -> ｱﾚﾋﾞｱﾁ | R99: =IF(AA99="非採用",0,IF(OFFSET(マスタ非採用削除!E$4,統合マスタ!$A99,0)="","",OFFSET(マスタ非採用削除!E$4,統合マスタ!$A99,0))) -> 1 | S99: =IF(OFFSET(マスタ非採用削除!F$4,統合マスタ!$A99,0)="","",OFFSET(マスタ非採用削除!F$4,統合マスタ!$A99,0)) | T99: =IF(OFFSET(マスタ非採用削除!G$4,統合マスタ!$A99,0)="","",OFFSET(マスタ非採用削除!G$4,統合マスタ!$A99,0)) -> 12.1 | U99: =IF(OFFSET(マスタ非採用削除!H$4,統合マスタ!$A99,0)="","",OFFSET(マスタ非採用削除!H$4,統合マスタ!$A99,0)) -> ｱﾚﾋﾞｱﾁﾝｻﾝ10% | V99: =IF(OFFSET(マスタ非採用削除!I$4,統合マスタ!$A99,0)="","",OFFSET(マスタ非採用削除!I$4,統合マスタ!$A99,0)) -> 3 | W99: =IF(OFFSET(マスタ非採用削除!J$4,統合マスタ!$A99,0)="","",OFFSET(マスタ非採用削除!J$4,統合マスタ!$A99,0)) -> 散 | X99: =IF(OFFSET(マスタ非採用削除!K$4,統合マスタ!$A99,0)="","",OFFSET(マスタ非採用削除!K$4,統合マスタ!$A99,0)) -> 2 | Y99: =IF(OFFSET(マスタ非採用削除!L$4,統合マスタ!$A99,0)="","",OFFSET(マスタ非採用削除!L$4,統合マスタ!$A99,0)) | Z99: =IF(OFFSET(マスタ非採用削除!M$4,統合マスタ!$A99,0)="","",OFFSET(マスタ非採用削除!M$4,統合マスタ!$A99,0)) -> 2 | AB99: =IF(R99=2,"臨時", IF(COUNTIF(分類!$H$8:$H$15, 統合マスタ!V99)>0, 分類!$G$7, IF(COUNTIF(分類!$K$8:$K$15, 統合マスタ!V99)>0, 分類!$J$7, IF(COUNTIF(分類!$N$8:$N$15, 統合マスタ!V99)>0, 分類!$M$7, IF(COUNTIF(分類!$Q$8:$Q$15, 統合マスタ!V99)>0, 分類!$P$7, "無し"))))) -> 散剤 | AC99: {=OFFSET( INDIRECT("'" & AB99 & "'!A4"), MATCH(B99, INDIRECT("'" & AB99 & "'!C5:C1000"), 0), MATCH("合計", INDIRECT("'" & AB99 & "'!4:4"), 0) - 1 )} -> 6500
A100: =元データ!P97 -> 0 | B100: =B99+1 -> 96 | C100: =DBCS(元データ!A97) -> アレビアチン錠１００ｍｇ | D100: =元データ!B97 | E100: =DBCS(元データ!C97) -> バラ | F100: =DBCS(元データ!D97) -> １００Ｔ | G100: =元データ!E97 -> 住友ファーマ | H100: =元データ!F97 -> 12.9 | I100: =元データ!G97 -> 1290 | J100: =元データ!H97 -> 100 | K100: =元データ!I97 -> 錠 | L100: =元データ!J97 -> 1149 | M100: =元データ!K97 -> 11.49 | N100: =IF(OFFSET(マスタ非採用削除!A$4,統合マスタ!$A100,0)="","",OFFSET(マスタ非採用削除!A$4,統合マスタ!$A100,0)) -> コード(区分値) | O100: =IF(OFFSET(マスタ非採用削除!B$4,統合マスタ!$A100,0)="","",OFFSET(マスタ非採用削除!B$4,統合マスタ!$A100,0)) -> コード | P100: =IF(OFFSET(マスタ非採用削除!C$4,統合マスタ!$A100,0)="","",OFFSET(マスタ非採用削除!C$4,統合マスタ!$A100,0)) -> 名称 | Q100: =IF(OFFSET(マスタ非採用削除!D$4,統合マスタ!$A100,0)="","",OFFSET(マスタ非採用削除!D$4,統合マスタ!$A100,0)) -> ホストコード | R100: =IF(AA100="非採用",0,IF(OFFSET(マスタ非採用削除!E$4,統合マスタ!$A100,0)="","",OFFSET(マスタ非採用削除!E$4,統合マスタ!$A100,0))) -> 採用区分（区分値）(区分値) | S100: =IF(OFFSET(マスタ非採用削除!F$4,統合マスタ!$A100,0)="","",OFFSET(マスタ非採用削除!F$4,統合マスタ!$A100,0)) -> 採用区分（区分値） | T100: =IF(OFFSET(マスタ非採用削除!G$4,統合マスタ!$A100,0)="","",OFFSET(マスタ非採用削除!G$4,統合マスタ!$A100,0)) -> 薬価 | U100: =IF(OFFSET(マスタ非採用削除!H$4,統合マスタ!$A100,0)="","",OFFSET(マスタ非採用削除!H$4,統合マスタ!$A100,0)) -> カナ名称 | V100: =IF(OFFSET(マスタ非採用削除!I$4,統合マスタ!$A100,0)="","",OFFSET(マスタ非採用削除!I$4,統合マスタ!$A100,0)) -> 剤形(区分値) | W100: =IF(OFFSET(マスタ非採用削除!J$4,統合マスタ!$A100,0)="","",OFFSET(マスタ非採用削除!J$4,統合マスタ!$A100,0)) -> 剤形 | X100: =IF(OFFSET(マスタ非採用削除!K$4,統合マスタ!$A100,0)="","",OFFSET(マスタ非採用削除!K$4,統合マスタ!$A100,0)) -> 毒劇薬（区分値）(区分値) | Y100: =IF(OFFSET(マスタ非採用削除!L$4,統合マスタ!$A100,0)="","",OFFSET(マスタ非採用削除!L$4,統合マスタ!$A100,0)) -> 毒劇薬（区分値） | Z100: =IF(OFFSET(マスタ非採用削除!M$4,統合マスタ!$A100,0)="","",OFFSET(マスタ非採用削除!M$4,統合マスタ!$A100,0)) -> 場所 | AB100: =IF(R100=2,"臨時", IF(COUNTIF(分類!$H$8:$H$15, 統合マスタ!V100)>0, 分類!$G$7, IF(COUNTIF(分類!$K$8:$K$15, 統合マスタ!V100)>0, 分類!$J$7, IF(COUNTIF(分類!$N$8:$N$15, 統合マスタ!V100)>0, 分類!$M$7, IF(COUNTIF(分類!$Q$8:$Q$15, 統合マスタ!V100)>0, 分類!$P$7, "無し"))))) -> 無し | AC100: {=OFFSET( INDIRECT("'" & AB100 & "'!A4"), MATCH(B100, INDIRECT("'" & AB100 & "'!C5:C1000"), 0), MATCH("合計", INDIRECT("'" & AB100 & "'!4:4"), 0) - 1 )} -> #REF!
A101: =元データ!P98 -> 53 | B101: =B100+1 -> 97 | C101: =DBCS(元データ!A98) -> アレビアチン注２５０ｍｇ | D101: =元データ!B98 | E101: =DBCS(元データ!C98) | F101: =DBCS(元データ!D98) -> ５ｍＬＸ１０管 | G101: =元データ!E98 -> 住友ファーマ | H101: =元データ!F98 -> 123 | I101: =元データ!G98 -> 1230 | J101: =元データ!H98 -> 10 | K101: =元データ!I98 -> A | L101: =元データ!J98 -> 1095 | M101: =元データ!K98 -> 109.5 | N101: =IF(OFFSET(マスタ非採用削除!A$4,統合マスタ!$A101,0)="","",OFFSET(マスタ非採用削除!A$4,統合マスタ!$A101,0)) -> ｱﾚﾋ002 | O101: =IF(OFFSET(マスタ非採用削除!B$4,統合マスタ!$A101,0)="","",OFFSET(マスタ非採用削除!B$4,統合マスタ!$A101,0)) -> ｱﾚﾋ002 | P101: =IF(OFFSET(マスタ非採用削除!C$4,統合マスタ!$A101,0)="","",OFFSET(マスタ非採用削除!C$4,統合マスタ!$A101,0)) -> アレビアチン注２５０ｍｇ | Q101: =IF(OFFSET(マスタ非採用削除!D$4,統合マスタ!$A101,0)="","",OFFSET(マスタ非採用削除!D$4,統合マスタ!$A101,0)) -> ｱﾚﾋﾞｱ | R101: =IF(AA101="非採用",0,IF(OFFSET(マスタ非採用削除!E$4,統合マスタ!$A101,0)="","",OFFSET(マスタ非採用削除!E$4,統合マスタ!$A101,0))) -> 1 | S101: =IF(OFFSET(マスタ非採用削除!F$4,統合マスタ!$A101,0)="","",OFFSET(マスタ非採用削除!F$4,統合マスタ!$A101,0)) | T101: =IF(OFFSET(マスタ非採用削除!G$4,統合マスタ!$A101,0)="","",OFFSET(マスタ非採用削除!G$4,統合マスタ!$A101,0)) -> 123 | U101: =IF(OFFSET(マスタ非採用削除!H$4,統合マスタ!$A101,0)="","",OFFSET(マスタ非採用削除!H$4,統合マスタ!$A101,0)) -> ｱﾚﾋﾞｱﾁﾝﾁﾕｳ250MG | V101: =IF(OFFSET(マスタ非採用削除!I$4,統合マスタ!$A101,0)="","",OFFSET(マスタ非採用削除!I$4,統合マスタ!$A101,0)) -> 25 | W101: =IF(OFFSET(マスタ非採用削除!J$4,統合マスタ!$A101,0)="","",OFFSET(マスタ非採用削除!J$4,統合マスタ!$A101,0)) -> 注射剤 | X101: =IF(OFFSET(マスタ非採用削除!K$4,統合マスタ!$A101,0)="","",OFFSET(マスタ非採用削除!K$4,統合マスタ!$A101,0)) -> 2 | Y101: =IF(OFFSET(マスタ非採用削除!L$4,統合マスタ!$A101,0)="","",OFFSET(マスタ非採用削除!L$4,統合マスタ!$A101,0)) | Z101: =IF(OFFSET(マスタ非採用削除!M$4,統合マスタ!$A101,0)="","",OFFSET(マスタ非採用削除!M$4,統合マスタ!$A101,0)) -> 9 | AB101: =IF(R101=2,"臨時", IF(COUNTIF(分類!$H$8:$H$15, 統合マスタ!V101)>0, 分類!$G$7, IF(COUNTIF(分類!$K$8:$K$15, 統合マスタ!V101)>0, 分類!$J$7, IF(COUNTIF(分類!$N$8:$N$15, 統合マスタ!V101)>0, 分類!$M$7, IF(COUNTIF(分類!$Q$8:$Q$15, 統合マスタ!V101)>0, 分類!$P$7, "無し"))))) -> 注射 | AC101: {=OFFSET( INDIRECT("'" & AB101 & "'!A4"), MATCH(B101, INDIRECT("'" & AB101 & "'!C5:C1000"), 0), MATCH("合計", INDIRECT("'" & AB101 & "'!4:4"), 0) - 1 )} -> 0
A102: =元データ!P99 -> 54 | B102: =B101+1 -> 98 | C102: =DBCS(元データ!A99) -> アロプリノール錠１００ｍｇ「サワイ」 | D102: =元データ!B99 | E102: =DBCS(元データ!C99) -> ＰＴＰ | F102: =DBCS(元データ!D99) -> １００Ｔ | G102: =元データ!E99 -> 沢井製薬 | H102: =元データ!F99 -> 8 | I102: =元データ!G99 -> 800 | J102: =元データ!H99 -> 100 | K102: =元データ!I99 -> 錠 | L102: =元データ!J99 -> 712 | M102: =元データ!K99 -> 7.12 | N102: =IF(OFFSET(マスタ非採用削除!A$4,統合マスタ!$A102,0)="","",OFFSET(マスタ非採用削除!A$4,統合マスタ!$A102,0)) -> ｱﾛﾌ001 | O102: =IF(OFFSET(マスタ非採用削除!B$4,統合マスタ!$A102,0)="","",OFFSET(マスタ非採用削除!B$4,統合マスタ!$A102,0)) -> ｱﾛﾌ001 | P102: =IF(OFFSET(マスタ非採用削除!C$4,統合マスタ!$A102,0)="","",OFFSET(マスタ非採用削除!C$4,統合マスタ!$A102,0)) -> アロプリノール錠１００ｍｇ「サワイ」 | Q102: =IF(OFFSET(マスタ非採用削除!D$4,統合マスタ!$A102,0)="","",OFFSET(マスタ非採用削除!D$4,統合マスタ!$A102,0)) -> ｱﾛﾌﾟ | R102: =IF(AA102="非採用",0,IF(OFFSET(マスタ非採用削除!E$4,統合マスタ!$A102,0)="","",OFFSET(マスタ非採用削除!E$4,統合マスタ!$A102,0))) -> 1 | S102: =IF(OFFSET(マスタ非採用削除!F$4,統合マスタ!$A102,0)="","",OFFSET(マスタ非採用削除!F$4,統合マスタ!$A102,0)) | T102: =IF(OFFSET(マスタ非採用削除!G$4,統合マスタ!$A102,0)="","",OFFSET(マスタ非採用削除!G$4,統合マスタ!$A102,0)) -> 8 | U102: =IF(OFFSET(マスタ非採用削除!H$4,統合マスタ!$A102,0)="","",OFFSET(マスタ非採用削除!H$4,統合マスタ!$A102,0)) -> ｱﾛﾌﾟﾘﾉｰﾙｼﾞｮｳ100mg｢ｻﾜｲ｣ | V102: =IF(OFFSET(マスタ非採用削除!I$4,統合マスタ!$A102,0)="","",OFFSET(マスタ非採用削除!I$4,統合マスタ!$A102,0)) -> 1 | W102: =IF(OFFSET(マスタ非採用削除!J$4,統合マスタ!$A102,0)="","",OFFSET(マスタ非採用削除!J$4,統合マスタ!$A102,0)) -> 錠剤 | X102: =IF(OFFSET(マスタ非採用削除!K$4,統合マスタ!$A102,0)="","",OFFSET(マスタ非採用削除!K$4,統合マスタ!$A102,0)) -> 0 | Y102: =IF(OFFSET(マスタ非採用削除!L$4,統合マスタ!$A102,0)="","",OFFSET(マスタ非採用削除!L$4,統合マスタ!$A102,0)) | Z102: =IF(OFFSET(マスタ非採用削除!M$4,統合マスタ!$A102,0)="","",OFFSET(マスタ非採用削除!M$4,統合マスタ!$A102,0)) -> 25 | AB102: =IF(R102=2,"臨時", IF(COUNTIF(分類!$H$8:$H$15, 統合マスタ!V102)>0, 分類!$G$7, IF(COUNTIF(分類!$K$8:$K$15, 統合マスタ!V102)>0, 分類!$J$7, IF(COUNTIF(分類!$N$8:$N$15, 統合マスタ!V102)>0, 分類!$M$7, IF(COUNTIF(分類!$Q$8:$Q$15, 統合マスタ!V102)>0, 分類!$P$7, "無し"))))) -> 錠剤 | AC102: {=OFFSET( INDIRECT("'" & AB102 & "'!A4"), MATCH(B102, INDIRECT("'" & AB102 & "'!C5:C1000"), 0), MATCH("合計", INDIRECT("'" & AB102 & "'!4:4"), 0) - 1 )} -> 26
A103: =元データ!P100 -> 54 | B103: =B102+1 -> 99 | C103: =DBCS(元データ!A100) -> アロプリノール錠１００ｍｇ「サワイ」 | D103: =元データ!B100 -> アルフレッサ | E103: =DBCS(元データ!C100) -> バラ | F103: =DBCS(元データ!D100) -> １０００Ｔ | G103: =元データ!E100 -> 沢井製薬 | H103: =元データ!F100 -> 8 | I103: =元データ!G100 -> 8000 | J103: =元データ!H100 -> 1000 | K103: =元データ!I100 -> 錠 | L103: =元データ!J100 -> 7120 | M103: =元データ!K100 -> 7.12 | N103: =IF(OFFSET(マスタ非採用削除!A$4,統合マスタ!$A103,0)="","",OFFSET(マスタ非採用削除!A$4,統合マスタ!$A103,0)) -> ｱﾛﾌ001 | O103: =IF(OFFSET(マスタ非採用削除!B$4,統合マスタ!$A103,0)="","",OFFSET(マスタ非採用削除!B$4,統合マスタ!$A103,0)) -> ｱﾛﾌ001 | P103: =IF(OFFSET(マスタ非採用削除!C$4,統合マスタ!$A103,0)="","",OFFSET(マスタ非採用削除!C$4,統合マスタ!$A103,0)) -> アロプリノール錠１００ｍｇ「サワイ」 | Q103: =IF(OFFSET(マスタ非採用削除!D$4,統合マスタ!$A103,0)="","",OFFSET(マスタ非採用削除!D$4,統合マスタ!$A103,0)) -> ｱﾛﾌﾟ | R103: =IF(AA103="非採用",0,IF(OFFSET(マスタ非採用削除!E$4,統合マスタ!$A103,0)="","",OFFSET(マスタ非採用削除!E$4,統合マスタ!$A103,0))) -> 1 | S103: =IF(OFFSET(マスタ非採用削除!F$4,統合マスタ!$A103,0)="","",OFFSET(マスタ非採用削除!F$4,統合マスタ!$A103,0)) | T103: =IF(OFFSET(マスタ非採用削除!G$4,統合マスタ!$A103,0)="","",OFFSET(マスタ非採用削除!G$4,統合マスタ!$A103,0)) -> 8 | U103: =IF(OFFSET(マスタ非採用削除!H$4,統合マスタ!$A103,0)="","",OFFSET(マスタ非採用削除!H$4,統合マスタ!$A103,0)) -> ｱﾛﾌﾟﾘﾉｰﾙｼﾞｮｳ100mg｢ｻﾜｲ｣ | V103: =IF(OFFSET(マスタ非採用削除!I$4,統合マスタ!$A103,0)="","",OFFSET(マスタ非採用削除!I$4,統合マスタ!$A103,0)) -> 1 | W103: =IF(OFFSET(マスタ非採用削除!J$4,統合マスタ!$A103,0)="","",OFFSET(マスタ非採用削除!J$4,統合マスタ!$A103,0)) -> 錠剤 | X103: =IF(OFFSET(マスタ非採用削除!K$4,統合マスタ!$A103,0)="","",OFFSET(マスタ非採用削除!K$4,統合マスタ!$A103,0)) -> 0 | Y103: =IF(OFFSET(マスタ非採用削除!L$4,統合マスタ!$A103,0)="","",OFFSET(マスタ非採用削除!L$4,統合マスタ!$A103,0)) | Z103: =IF(OFFSET(マスタ非採用削除!M$4,統合マスタ!$A103,0)="","",OFFSET(マスタ非採用削除!M$4,統合マスタ!$A103,0)) -> 25 | AB103: =IF(R103=2,"臨時", IF(COUNTIF(分類!$H$8:$H$15, 統合マスタ!V103)>0, 分類!$G$7, IF(COUNTIF(分類!$K$8:$K$15, 統合マスタ!V103)>0, 分類!$J$7, IF(COUNTIF(分類!$N$8:$N$15, 統合マスタ!V103)>0, 分類!$M$7, IF(COUNTIF(分類!$Q$8:$Q$15, 統合マスタ!V103)>0, 分類!$P$7, "無し"))))) -> 錠剤 | AC103: {=OFFSET( INDIRECT("'" & AB103 & "'!A4"), MATCH(B103, INDIRECT("'" & AB103 & "'!C5:C1000"), 0), MATCH("合計", INDIRECT("'" & AB103 & "'!4:4"), 0) - 1 )} -> 27
A104: =元データ!P101 -> 非採用 | B104: =B103+1 -> 100 | C104: =DBCS(元データ!A101) -> アンテベート軟膏０．０５％ | D104: =元データ!B101 | E104: =DBCS(元データ!C101) | F104: =DBCS(元データ!D101) -> １０ｇｘ１０ | G104: =元データ!E101 -> 鳥居薬品 | H104: =元データ!F101 -> 18.9 | I104: =元データ!G101 -> 1890 | J104: =元データ!H101 -> 100 | K104: =元データ!I101 -> ｇ | L104: =元データ!J101 -> 1682 | M104: =元データ!K101 -> 16.82 | N104: =IF(OFFSET(マスタ非採用削除!A$4,統合マスタ!$A104,0)="","",OFFSET(マスタ非採用削除!A$4,統合マスタ!$A104,0)) -> #VALUE! | O104: =IF(OFFSET(マスタ非採用削除!B$4,統合マスタ!$A104,0)="","",OFFSET(マスタ非採用削除!B$4,統合マスタ!$A104,0)) -> #VALUE! | P104: =IF(OFFSET(マスタ非採用削除!C$4,統合マスタ!$A104,0)="","",OFFSET(マスタ非採用削除!C$4,統合マスタ!$A104,0)) -> #VALUE! | Q104: =IF(OFFSET(マスタ非採用削除!D$4,統合マスタ!$A104,0)="","",OFFSET(マスタ非採用削除!D$4,統合マスタ!$A104,0)) -> #VALUE! | R104: =IF(AA104="非採用",0,IF(OFFSET(マスタ非採用削除!E$4,統合マスタ!$A104,0)="","",OFFSET(マスタ非採用削除!E$4,統合マスタ!$A104,0))) -> 0 | S104: =IF(OFFSET(マスタ非採用削除!F$4,統合マスタ!$A104,0)="","",OFFSET(マスタ非採用削除!F$4,統合マスタ!$A104,0)) -> #VALUE! | T104: =IF(OFFSET(マスタ非採用削除!G$4,統合マスタ!$A104,0)="","",OFFSET(マスタ非採用削除!G$4,統合マスタ!$A104,0)) -> #VALUE! | U104: =IF(OFFSET(マスタ非採用削除!H$4,統合マスタ!$A104,0)="","",OFFSET(マスタ非採用削除!H$4,統合マスタ!$A104,0)) -> #VALUE! | V104: =IF(OFFSET(マスタ非採用削除!I$4,統合マスタ!$A104,0)="","",OFFSET(マスタ非採用削除!I$4,統合マスタ!$A104,0)) -> #VALUE! | W104: =IF(OFFSET(マスタ非採用削除!J$4,統合マスタ!$A104,0)="","",OFFSET(マスタ非採用削除!J$4,統合マスタ!$A104,0)) -> #VALUE! | X104: =IF(OFFSET(マスタ非採用削除!K$4,統合マスタ!$A104,0)="","",OFFSET(マスタ非採用削除!K$4,統合マスタ!$A104,0)) -> #VALUE! | Y104: =IF(OFFSET(マスタ非採用削除!L$4,統合マスタ!$A104,0)="","",OFFSET(マスタ非採用削除!L$4,統合マスタ!$A104,0)) -> #VALUE! | Z104: =IF(OFFSET(マスタ非採用削除!M$4,統合マスタ!$A104,0)="","",OFFSET(マスタ非採用削除!M$4,統合マスタ!$A104,0)) -> #VALUE! | AA104: 非採用 | AB104: =IF(R104=2,"臨時", IF(COUNTIF(分類!$H$8:$H$15, 統合マスタ!V104)>0, 分類!$G$7, IF(COUNTIF(分類!$K$8:$K$15, 統合マスタ!V104)>0, 分類!$J$7, IF(COUNTIF(分類!$N$8:$N$15, 統合マスタ!V104)>0, 分類!$M$7, IF(COUNTIF(分類!$Q$8:$Q$15, 統合マスタ!V104)>0, 分類!$P$7, "無し"))))) -> 無し | AC104: {=OFFSET( INDIRECT("'" & AB104 & "'!A4"), MATCH(B104, INDIRECT("'" & AB104 & "'!C5:C1000"), 0), MATCH("合計", INDIRECT("'" & AB104 & "'!4:4"), 0) - 1 )} -> #REF!
A105: =元データ!P102 -> 55 | B105: =B104+1 -> 101 | C105: =DBCS(元データ!A102) -> イコサペント酸エチルカプセル ３００ｍｇ「日医工」 | D105: =元データ!B102 -> メディセオ | E105: =DBCS(元データ!C102) -> ＰＴＰ | F105: =DBCS(元データ!D102) -> １０００Ｐ | G105: =元データ!E102 -> 日医工 | H105: =元データ!F102 -> 12.5 | I105: =元データ!G102 -> 12500 | J105: =元データ!H102 -> 1000 | K105: =元データ!I102 -> cap | L105: =元データ!J102 -> 11200 | M105: =元データ!K102 -> 11.2 | N105: =IF(OFFSET(マスタ非採用削除!A$4,統合マスタ!$A105,0)="","",OFFSET(マスタ非採用削除!A$4,統合マスタ!$A105,0)) -> ｲｺｻ001 | O105: =IF(OFFSET(マスタ非採用削除!B$4,統合マスタ!$A105,0)="","",OFFSET(マスタ非採用削除!B$4,統合マスタ!$A105,0)) -> ｲｺｻ001 | P105: =IF(OFFSET(マスタ非採用削除!C$4,統合マスタ!$A105,0)="","",OFFSET(マスタ非採用削除!C$4,統合マスタ!$A105,0)) -> イコサペント酸エチルカプセル３００ｍｇ「日医工」 | Q105: =IF(OFFSET(マスタ非採用削除!D$4,統合マスタ!$A105,0)="","",OFFSET(マスタ非採用削除!D$4,統合マスタ!$A105,0)) -> ｲｺｻ | R105: =IF(AA105="非採用",0,IF(OFFSET(マスタ非採用削除!E$4,統合マスタ!$A105,0)="","",OFFSET(マスタ非採用削除!E$4,統合マスタ!$A105,0))) -> 1 | S105: =IF(OFFSET(マスタ非採用削除!F$4,統合マスタ!$A105,0)="","",OFFSET(マスタ非採用削除!F$4,統合マスタ!$A105,0)) | T105: =IF(OFFSET(マスタ非採用削除!G$4,統合マスタ!$A105,0)="","",OFFSET(マスタ非採用削除!G$4,統合マスタ!$A105,0)) -> 12.5 | U105: =IF(OFFSET(マスタ非採用削除!H$4,統合マスタ!$A105,0)="","",OFFSET(マスタ非採用削除!H$4,統合マスタ!$A105,0)) -> ｲｺｻﾍﾟﾝﾄｻﾝｴﾁﾙｶﾌﾟｾﾙ300mg｢ﾆﾁｲｺｳ｣ | V105: =IF(OFFSET(マスタ非採用削除!I$4,統合マスタ!$A105,0)="","",OFFSET(マスタ非採用削除!I$4,統合マスタ!$A105,0)) -> 2 | W105: =IF(OFFSET(マスタ非採用削除!J$4,統合マスタ!$A105,0)="","",OFFSET(マスタ非採用削除!J$4,統合マスタ!$A105,0)) -> カプセル | X105: =IF(OFFSET(マスタ非採用削除!K$4,統合マスタ!$A105,0)="","",OFFSET(マスタ非採用削除!K$4,統合マスタ!$A105,0)) -> 0 | Y105: =IF(OFFSET(マスタ非採用削除!L$4,統合マスタ!$A105,0)="","",OFFSET(マスタ非採用削除!L$4,統合マスタ!$A105,0)) | Z105: =IF(OFFSET(マスタ非採用削除!M$4,統合マスタ!$A105,0)="","",OFFSET(マスタ非採用削除!M$4,統合マスタ!$A105,0)) -> 5 | AB105: =IF(R105=2,"臨時", IF(COUNTIF(分類!$H$8:$H$15, 統合マスタ!V105)>0, 分類!$G$7, IF(COUNTIF(分類!$K$8:$K$15, 統合マスタ!V105)>0, 分類!$J$7, IF(COUNTIF(分類!$N$8:$N$15, 統合マスタ!V105)>0, 分類!$M$7, IF(COUNTIF(分類!$Q$8:$Q$15, 統合マスタ!V105)>0, 分類!$P$7, "無し"))))) -> 無し | AC105: {=OFFSET( INDIRECT("'" & AB105 & "'!A4"), MATCH(B105, INDIRECT("'" & AB105 & "'!C5:C1000"), 0), MATCH("合計", INDIRECT("'" & AB105 & "'!4:4"), 0) - 1 )} -> #REF!
A106: =元データ!P103 -> 0 | B106: =B105+1 -> 102 | C106: =DBCS(元データ!A103) -> イソプロパノール消毒液７０％ 「ヨシダ」 | D106: =元データ!B103 -> アルフレッサ | E106: =DBCS(元データ!C103) | F106: =DBCS(元データ!D103) -> ５００ｍｌ | G106: =元データ!E103 -> 吉田製薬 | H106: =元データ!F103 -> 6.8 | I106: =元データ!G103 -> 340 | J106: =元データ!H103 -> 50 | K106: =元データ!I103 -> 10ｍｌ | L106: =元データ!J103 -> 302 | M106: =元データ!K103 -> 6.04 | N106: =IF(OFFSET(マスタ非採用削除!A$4,統合マスタ!$A106,0)="","",OFFSET(マスタ非採用削除!A$4,統合マスタ!$A106,0)) -> コード(区分値) | O106: =IF(OFFSET(マスタ非採用削除!B$4,統合マスタ!$A106,0)="","",OFFSET(マスタ非採用削除!B$4,統合マスタ!$A106,0)) -> コード | P106: =IF(OFFSET(マスタ非採用削除!C$4,統合マスタ!$A106,0)="","",OFFSET(マスタ非採用削除!C$4,統合マスタ!$A106,0)) -> 名称 | Q106: =IF(OFFSET(マスタ非採用削除!D$4,統合マスタ!$A106,0)="","",OFFSET(マスタ非採用削除!D$4,統合マスタ!$A106,0)) -> ホストコード | R106: =IF(AA106="非採用",0,IF(OFFSET(マスタ非採用削除!E$4,統合マスタ!$A106,0)="","",OFFSET(マスタ非採用削除!E$4,統合マスタ!$A106,0))) -> 採用区分（区分値）(区分値) | S106: =IF(OFFSET(マスタ非採用削除!F$4,統合マスタ!$A106,0)="","",OFFSET(マスタ非採用削除!F$4,統合マスタ!$A106,0)) -> 採用区分（区分値） | T106: =IF(OFFSET(マスタ非採用削除!G$4,統合マスタ!$A106,0)="","",OFFSET(マスタ非採用削除!G$4,統合マスタ!$A106,0)) -> 薬価 | U106: =IF(OFFSET(マスタ非採用削除!H$4,統合マスタ!$A106,0)="","",OFFSET(マスタ非採用削除!H$4,統合マスタ!$A106,0)) -> カナ名称 | V106: =IF(OFFSET(マスタ非採用削除!I$4,統合マスタ!$A106,0)="","",OFFSET(マスタ非採用削除!I$4,統合マスタ!$A106,0)) -> 剤形(区分値) | W106: =IF(OFFSET(マスタ非採用削除!J$4,統合マスタ!$A106,0)="","",OFFSET(マスタ非採用削除!J$4,統合マスタ!$A106,0)) -> 剤形 | X106: =IF(OFFSET(マスタ非採用削除!K$4,統合マスタ!$A106,0)="","",OFFSET(マスタ非採用削除!K$4,統合マスタ!$A106,0)) -> 毒劇薬（区分値）(区分値) | Y106: =IF(OFFSET(マスタ非採用削除!L$4,統合マスタ!$A106,0)="","",OFFSET(マスタ非採用削除!L$4,統合マスタ!$A106,0)) -> 毒劇薬（区分値） | Z106: =IF(OFFSET(マスタ非採用削除!M$4,統合マスタ!$A106,0)="","",OFFSET(マスタ非採用削除!M$4,統合マスタ!$A106,0)) -> 場所 | AB106: =IF(R106=2,"臨時", IF(COUNTIF(分類!$H$8:$H$15, 統合マスタ!V106)>0, 分類!$G$7, IF(COUNTIF(分類!$K$8:$K$15, 統合マスタ!V106)>0, 分類!$J$7, IF(COUNTIF(分類!$N$8:$N$15, 統合マスタ!V106)>0, 分類!$M$7, IF(COUNTIF(分類!$Q$8:$Q$15, 統合マスタ!V106)>0, 分類!$P$7, "無し"))))) -> 無し | AC106: {=OFFSET( INDIRECT("'" & AB106 & "'!A4"), MATCH(B106, INDIRECT("'" & AB106 & "'!C5:C1000"), 0), MATCH("合計", INDIRECT("'" & AB106 & "'!4:4"), 0) - 1 )} -> #REF!
A107: =元データ!P104 -> 57 | B107: =B106+1 -> 103 | C107: =DBCS(元データ!A104) -> イノソリッド配合経腸用半固形剤 | D107: =元データ!B104 -> スズケン | E107: =DBCS(元データ!C104) | F107: =DBCS(元データ!D104) -> ３００ｇｘ１８バッグ | G107: =元データ!E104 -> 大塚製薬 | H107: =元データ!F104 -> 14.4 | I107: =元データ!G104 -> 7776 | J107: =元データ!H104 -> 540 | K107: =元データ!I104 -> 10ｇ | L107: =元データ!J104 -> 6894 | M107: =元データ!K104 -> 12.766667 | N107: =IF(OFFSET(マスタ非採用削除!A$4,統合マスタ!$A107,0)="","",OFFSET(マスタ非採用削除!A$4,統合マスタ!$A107,0)) -> ｲﾉｿ001 | O107: =IF(OFFSET(マスタ非採用削除!B$4,統合マスタ!$A107,0)="","",OFFSET(マスタ非採用削除!B$4,統合マスタ!$A107,0)) -> ｲﾉｿ001 | P107: =IF(OFFSET(マスタ非採用削除!C$4,統合マスタ!$A107,0)="","",OFFSET(マスタ非採用削除!C$4,統合マスタ!$A107,0)) -> イノソリッド配合経腸用半固形剤 | Q107: =IF(OFFSET(マスタ非採用削除!D$4,統合マスタ!$A107,0)="","",OFFSET(マスタ非採用削除!D$4,統合マスタ!$A107,0)) | R107: =IF(AA107="非採用",0,IF(OFFSET(マスタ非採用削除!E$4,統合マスタ!$A107,0)="","",OFFSET(マスタ非採用削除!E$4,統合マスタ!$A107,0))) -> 2 | S107: =IF(OFFSET(マスタ非採用削除!F$4,統合マスタ!$A107,0)="","",OFFSET(マスタ非採用削除!F$4,統合マスタ!$A107,0)) | T107: =IF(OFFSET(マスタ非採用削除!G$4,統合マスタ!$A107,0)="","",OFFSET(マスタ非採用削除!G$4,統合マスタ!$A107,0)) -> 1.44 | U107: =IF(OFFSET(マスタ非採用削除!H$4,統合マスタ!$A107,0)="","",OFFSET(マスタ非採用削除!H$4,統合マスタ!$A107,0)) -> ｲﾉｿﾘﾂﾄﾞﾊｲｺﾞｳｹｲﾁﾖｳﾖｳﾊﾝｺｹｲｻﾞｲ | V107: =IF(OFFSET(マスタ非採用削除!I$4,統合マスタ!$A107,0)="","",OFFSET(マスタ非採用削除!I$4,統合マスタ!$A107,0)) -> 24 | W107: =IF(OFFSET(マスタ非採用削除!J$4,統合マスタ!$A107,0)="","",OFFSET(マスタ非採用削除!J$4,統合マスタ!$A107,0)) -> その他 | X107: =IF(OFFSET(マスタ非採用削除!K$4,統合マスタ!$A107,0)="","",OFFSET(マスタ非採用削除!K$4,統合マスタ!$A107,0)) -> 0 | Y107: =IF(OFFSET(マスタ非採用削除!L$4,統合マスタ!$A107,0)="","",OFFSET(マスタ非採用削除!L$4,統合マスタ!$A107,0)) | Z107: =IF(OFFSET(マスタ非採用削除!M$4,統合マスタ!$A107,0)="","",OFFSET(マスタ非採用削除!M$4,統合マスタ!$A107,0)) -> 7 | AB107: =IF(R107=2,"臨時", IF(COUNTIF(分類!$H$8:$H$15, 統合マスタ!V107)>0, 分類!$G$7, IF(COUNTIF(分類!$K$8:$K$15, 統合マスタ!V107)>0, 分類!$J$7, IF(COUNTIF(分類!$N$8:$N$15, 統合マスタ!V107)>0, 分類!$M$7, IF(COUNTIF(分類!$Q$8:$Q$15, 統合マスタ!V107)>0, 分類!$P$7, "無し"))))) -> 臨時 | AC107: {=OFFSET( INDIRECT("'" & AB107 & "'!A4"), MATCH(B107, INDIRECT("'" & AB107 & "'!C5:C1000"), 0), MATCH("合計", INDIRECT("'" & AB107 & "'!4:4"), 0) - 1 )} -> 0
A108: =元データ!P105 -> 非採用 | B108: =B107+1 -> 104 | C108: =DBCS(元データ!A105) -> イノラス配合経腸用液（コーヒー） | D108: =元データ!B105 | E108: =DBCS(元データ!C105) | F108: =DBCS(元データ!D105) -> １８７．５ｍｌｘ２８ | G108: =元データ!E105 -> 大塚製薬 | H108: =元データ!F105 -> 14.1 | I108: =元データ!G105 -> 7402.5 | J108: =元データ!H105 -> 525 | K108: =元データ!I105 -> 10ｍｌ | L108: =元データ!J105 -> 6580 | M108: =元データ!K105 -> 12.533333 | N108: =IF(OFFSET(マスタ非採用削除!A$4,統合マスタ!$A108,0)="","",OFFSET(マスタ非採用削除!A$4,統合マスタ!$A108,0)) -> #VALUE! | O108: =IF(OFFSET(マスタ非採用削除!B$4,統合マスタ!$A108,0)="","",OFFSET(マスタ非採用削除!B$4,統合マスタ!$A108,0)) -> #VALUE! | P108: =IF(OFFSET(マスタ非採用削除!C$4,統合マスタ!$A108,0)="","",OFFSET(マスタ非採用削除!C$4,統合マスタ!$A108,0)) -> #VALUE! | Q108: =IF(OFFSET(マスタ非採用削除!D$4,統合マスタ!$A108,0)="","",OFFSET(マスタ非採用削除!D$4,統合マスタ!$A108,0)) -> #VALUE! | R108: =IF(AA108="非採用",0,IF(OFFSET(マスタ非採用削除!E$4,統合マスタ!$A108,0)="","",OFFSET(マスタ非採用削除!E$4,統合マスタ!$A108,0))) -> 0 | S108: =IF(OFFSET(マスタ非採用削除!F$4,統合マスタ!$A108,0)="","",OFFSET(マスタ非採用削除!F$4,統合マスタ!$A108,0)) -> #VALUE! | T108: =IF(OFFSET(マスタ非採用削除!G$4,統合マスタ!$A108,0)="","",OFFSET(マスタ非採用削除!G$4,統合マスタ!$A108,0)) -> #VALUE! | U108: =IF(OFFSET(マスタ非採用削除!H$4,統合マスタ!$A108,0)="","",OFFSET(マスタ非採用削除!H$4,統合マスタ!$A108,0)) -> #VALUE! | V108: =IF(OFFSET(マスタ非採用削除!I$4,統合マスタ!$A108,0)="","",OFFSET(マスタ非採用削除!I$4,統合マスタ!$A108,0)) -> #VALUE! | W108: =IF(OFFSET(マスタ非採用削除!J$4,統合マスタ!$A108,0)="","",OFFSET(マスタ非採用削除!J$4,統合マスタ!$A108,0)) -> #VALUE! | X108: =IF(OFFSET(マスタ非採用削除!K$4,統合マスタ!$A108,0)="","",OFFSET(マスタ非採用削除!K$4,統合マスタ!$A108,0)) -> #VALUE! | Y108: =IF(OFFSET(マスタ非採用削除!L$4,統合マスタ!$A108,0)="","",OFFSET(マスタ非採用削除!L$4,統合マスタ!$A108,0)) -> #VALUE! | Z108: =IF(OFFSET(マスタ非採用削除!M$4,統合マスタ!$A108,0)="","",OFFSET(マスタ非採用削除!M$4,統合マスタ!$A108,0)) -> #VALUE! | AA108: 非採用 | AB108: =IF(R108=2,"臨時", IF(COUNTIF(分類!$H$8:$H$15, 統合マスタ!V108)>0, 分類!$G$7, IF(COUNTIF(分類!$K$8:$K$15, 統合マスタ!V108)>0, 分類!$J$7, IF(COUNTIF(分類!$N$8:$N$15, 統合マスタ!V108)>0, 分類!$M$7, IF(COUNTIF(分類!$Q$8:$Q$15, 統合マスタ!V108)>0, 分類!$P$7, "無し"))))) -> 無し | AC108: {=OFFSET( INDIRECT("'" & AB108 & "'!A4"), MATCH(B108, INDIRECT("'" & AB108 & "'!C5:C1000"), 0), MATCH("合計", INDIRECT("'" & AB108 & "'!4:4"), 0) - 1 )} -> #REF!
...

Sheet 臨時
B2: {=RIGHT(CELL("filename",A1),LEN(CELL("filename",A1))-FIND("]",CELL("filename",A1)))} -> 臨時
B4: No | C4: マスタNo | D4: 薬品名 | E4: 毒劇区分 | F4: 棚番 | G4: 包装形態 | H4: 容量 | I4: 薬価単位 | J4: 場所 | K4: 袋当り 重量 | L4: 在庫数 | M4: 合計
B5: 1 | C5: {=_xlfn._xlws.SORT(_xlfn.CHOOSECOLS(_xlfn._xlws.FILTER(IFERROR(統合マスタ!B5:Z1500,""),IFERROR(統合マスタ!R5:R1500=2,FALSE)),1,2,23,25,4,5,10),2,1)} -> 1 | D5: ００７ ツムラ ハチミジオウガン | E5: 0 | F5: 4 | G5: 粉 | H5: ２．５ｇｘ１８９ | I5: ｇ | J5: =IF(F5="","",OFFSET(分類!$B$29,MATCH(F5,分類!$A$30:$A$46,0),0)) -> 漢方薬 | K5: =IF(G5="粉",VALUE(SUBSTITUTE(SUBSTITUTE(LEFT(H5, FIND("ｇ", H5) - 1), "．", "."), " ", "")),"") -> 2.5
B6: =B5+1 -> 2 | C6: 2 | D6: ００７ ツムラ ハチミジオウガン | E6: 0 | F6: 4 | G6: 粉 | H6: ２．５ｇｘ４２ | I6: ｇ | J6: =IF(F6="","",OFFSET(分類!$B$29,MATCH(F6,分類!$A$30:$A$46,0),0)) -> 漢方薬 | K6: =IF(G6="粉",VALUE(SUBSTITUTE(SUBSTITUTE(LEFT(H6, FIND("ｇ", H6) - 1), "．", "."), " ", "")),"") -> 2.5
B7: =B6+1 -> 3 | C7: 3 | D7: ０１２ ツムラ サイコカリュウコツボレイトウ | E7: 0 | F7: 4 | G7: 粉 | H7: ２．５ｇｘ１８９ | I7: g | J7: =IF(F7="","",OFFSET(分類!$B$29,MATCH(F7,分類!$A$30:$A$46,0),0)) -> 漢方薬 | K7: =IF(G7="粉",VALUE(SUBSTITUTE(SUBSTITUTE(LEFT(H7, FIND("ｇ", H7) - 1), "．", "."), " ", "")),"") -> 2.5
B8: =B7+1 -> 4 | C8: 4 | D8: ０１６ ツムラ ハンゲコウボクトウ | E8: 0 | F8: 4 | G8: 粉 | H8: ２．５ｇｘ１８９ | I8: ｇ | J8: =IF(F8="","",OFFSET(分類!$B$29,MATCH(F8,分類!$A$30:$A$46,0),0)) -> 漢方薬 | K8: =IF(G8="粉",VALUE(SUBSTITUTE(SUBSTITUTE(LEFT(H8, FIND("ｇ", H8) - 1), "．", "."), " ", "")),"") -> 2.5
B9: =B8+1 -> 5 | C9: 6 | D9: ０１９ ツムラ ショウセイリュウトウ | E9: 0 | F9: 4 | G9: 粉 | H9: ３ｇＸ４２ | I9: g | J9: =IF(F9="","",OFFSET(分類!$B$29,MATCH(F9,分類!$A$30:$A$46,0),0)) -> 漢方薬 | K9: =IF(G9="粉",VALUE(SUBSTITUTE(SUBSTITUTE(LEFT(H9, FIND("ｇ", H9) - 1), "．", "."), " ", "")),"") -> 3
B10: =B9+1 -> 6 | C10: 7 | D10: ０４３ ツムラ リツクンシトウ | E10: 0 | F10: 4 | G10: 粉 | H10: ２．５ｇｘ１８９ | I10: g | J10: =IF(F10="","",OFFSET(分類!$B$29,MATCH(F10,分類!$A$30:$A$46,0),0)) -> 漢方薬 | K10: =IF(G10="粉",VALUE(SUBSTITUTE(SUBSTITUTE(LEFT(H10, FIND("ｇ", H10) - 1), "．", "."), " ", "")),"") -> 2.5
B11: =B10+1 -> 7 | C11: 14 | D11: １０８ ツムラ ニンジンヨウエイトウ | E11: 0 | F11: 4 | G11: 粉 | H11: ３ｇｘ４２包 | I11: ｇ | J11: =IF(F11="","",OFFSET(分類!$B$29,MATCH(F11,分類!$A$30:$A$46,0),0)) -> 漢方薬 | K11: =IF(G11="粉",VALUE(SUBSTITUTE(SUBSTITUTE(LEFT(H11, FIND("ｇ", H11) - 1), "．", "."), " ", "")),"") -> 3
B12: =B11+1 -> 8 | C12: 15 | D12: １１２ ツムラ チョレイトウゴウシモットウ | E12: 0 | F12: 4 | G12: 粉 | H12: ２．５ｇｘ４２ | I12: g | J12: =IF(F12="","",OFFSET(分類!$B$29,MATCH(F12,分類!$A$30:$A$46,0),0)) -> 漢方薬 | K12: =IF(G12="粉",VALUE(SUBSTITUTE(SUBSTITUTE(LEFT(H12, FIND("ｇ", H12) - 1), "．", "."), " ", "")),"") -> 2.5
B13: =B12+1 -> 9 | C13: 18 | D13: ＥＫ１１４ 柴苓湯 | E13: 0 | F13: 4 | G13: 粉 | H13: ２．７ｇ×２９４ | I13: g | J13: =IF(F13="","",OFFSET(分類!$B$29,MATCH(F13,分類!$A$30:$A$46,0),0)) -> 漢方薬 | K13: =IF(G13="粉",VALUE(SUBSTITUTE(SUBSTITUTE(LEFT(H13, FIND("ｇ", H13) - 1), "．", "."), " ", "")),"") -> 2.7
B14: =B13+1 -> 10 | C14: 19 | D14: ＥＫ１５ 黄連解毒湯エキス細粒 | E14: 0 | F14: 4 | G14: 粉 | H14: ２ｇｘ４２包 | I14: g | J14: =IF(F14="","",OFFSET(分類!$B$29,MATCH(F14,分類!$A$30:$A$46,0),0)) -> 漢方薬 | K14: =IF(G14="粉",VALUE(SUBSTITUTE(SUBSTITUTE(LEFT(H14, FIND("ｇ", H14) - 1), "．", "."), " ", "")),"") -> 2
B15: =B14+1 -> 11 | C15: 22 | D15: ＥＫ４０ 猪苓湯エキス細粒 | E15: 0 | F15: 4 | G15: 粉 | H15: ２ｇｘ４２包 | I15: g | J15: =IF(F15="","",OFFSET(分類!$B$29,MATCH(F15,分類!$A$30:$A$46,0),0)) -> 漢方薬 | K15: =IF(G15="粉",VALUE(SUBSTITUTE(SUBSTITUTE(LEFT(H15, FIND("ｇ", H15) - 1), "．", "."), " ", "")),"") -> 2
B16: =B15+1 -> 12 | C16: 26 | D16: Ｔ７２ ヨクイニンエキス錠「コタロー」 | E16: 0 | F16: 15 | G16: バラ | H16: １２６Ｔｘ１０ | I16: 錠 | J16: =IF(F16="","",OFFSET(分類!$B$29,MATCH(F16,分類!$A$30:$A$46,0),0)) -> 不良在庫 | K16: =IF(G16="粉",VALUE(SUBSTITUTE(SUBSTITUTE(LEFT(H16, FIND("ｇ", H16) - 1), "．", "."), " ", "")),"")
B17: =B16+1 -> 13 | C17: 35 | D17: アザルフィジンＥＮ錠５００ｍｇ | E17: 0 | F17: 3 | G17: ＰＴＰ | H17: １００Ｔ | I17: 錠 | J17: =IF(F17="","",OFFSET(分類!$B$29,MATCH(F17,分類!$A$30:$A$46,0),0)) -> 外用.臨時.散薬ヒート | K17: =IF(G17="粉",VALUE(SUBSTITUTE(SUBSTITUTE(LEFT(H17, FIND("ｇ", H17) - 1), "．", "."), " ", "")),"")
B18: =B17+1 -> 14 | C18: 36 | D18: アシクロビル点滴静注用２５０ｍｇ「サワイ」 | E18: 0 | F18: 9 | H18: １０Ｖ | I18: V | J18: =IF(F18="","",OFFSET(分類!$B$29,MATCH(F18,分類!$A$30:$A$46,0),0)) -> 注射 | K18: =IF(G18="粉",VALUE(SUBSTITUTE(SUBSTITUTE(LEFT(H18, FIND("ｇ", H18) - 1), "．", "."), " ", "")),"")
B19: =B18+1 -> 15 | C19: 51 | D19: アセリオ静注液１０００ｍｇバッグ | E19: 2 | F19: 8 | H19: １００ｍｌｘ２０ | I19: 袋 | J19: =IF(F19="","",OFFSET(分類!$B$29,MATCH(F19,分類!$A$30:$A$46,0),0)) -> 抗生剤.小輸液 | K19: =IF(G19="粉",VALUE(SUBSTITUTE(SUBSTITUTE(LEFT(H19, FIND("ｇ", H19) - 1), "．", "."), " ", "")),"")
