Workbook

Sheet 合体
B4: No | C4: 名称 | D4: カナ名称 | E4: 剤形(区分値) | F4: 剤形 | G4: 名称照合 | H4: 行番号 | I4: 一致率 | J4: 目視一致チェック | K4: 納入単価 | L4: 在庫総量 | M4: 在庫金額
B5: 1 | C5: =薬品マスタリスト_20260130100542!A3 -> アイファガン点眼液０．１％ | D5: =薬品マスタリスト_20260130100542!B3 -> ｱｲﾌｧｶﾞﾝﾃﾝｶﾞﾝｴｷ0.1% | E5: =薬品マスタリスト_20260130100542!C3 -> 21 | F5: =薬品マスタリスト_20260130100542!D3 -> 点眼剤 | G5: =match_results!C2 -> アイファガン点眼０．１％ | H5: =match_results!D2 -> 93 | I5: =match_results!E2 -> 96 | K5: =IF($J5="〇",OFFSET(集計!B$3,合体!$H5,0),"") | L5: =IF($J5="〇",OFFSET(集計!C$3,合体!$H5,0),"") | M5: =IF($J5="〇",OFFSET(集計!D$3,合体!$H5,0),"")
B6: =B5+1 -> 2 | C6: =薬品マスタリスト_20260130100542!A4 -> アウィクリ注 フレックスタッチ 総量３００単位 | D6: =薬品マスタリスト_20260130100542!B4 -> ｱｳｲｸﾘﾁﾕｳﾌﾚﾂｸｽﾀﾂﾁｿｳﾘﾖｳ300ﾀﾝｲ | E6: =薬品マスタリスト_20260130100542!C4 -> 25 | F6: =薬品マスタリスト_20260130100542!D4 -> 注射剤 | G6: =match_results!C3 -> トレシーバ注フレックスタッチ | H6: =match_results!D3 -> 127 | I6: =match_results!E3 -> 48.648649 | K6: =IF($J6="〇",OFFSET(集計!B$3,合体!$H6,0),"") | L6: =IF($J6="〇",OFFSET(集計!C$3,合体!$H6,0),"") | M6: =IF($J6="〇",OFFSET(集計!D$3,合体!$H6,0),"")
B7: =B6+1 -> 3 | C7: =薬品マスタリスト_20260130100542!A5 -> 亜鉛華軟膏「ニッコー」 | D7: =薬品マスタリスト_20260130100542!B5 -> ｱｴﾝｶﾅﾝｺｳ｢ﾆｯｺｰ｣ | E7: =薬品マスタリスト_20260130100542!C5 -> 14 | F7: =薬品マスタリスト_20260130100542!D5 -> 軟膏 | G7: =match_results!C4 -> 亜鉛華軟膏 ５００ｇ | H7: =match_results!D4 -> 99 | I7: =match_results!E4 -> 47.619048 | K7: =IF($J7="〇",OFFSET(集計!B$3,合体!$H7,0),"") | L7: =IF($J7="〇",OFFSET(集計!C$3,合体!$H7,0),"") | M7: =IF($J7="〇",OFFSET(集計!D$3,合体!$H7,0),"")
B8: =B7+1 -> 4 | C8: =薬品マスタリスト_20260130100542!A6 -> アキネトン細粒１％ | D8: =薬品マスタリスト_20260130100542!B6 -> ｱｷﾈﾄﾝｻｲﾘｭｳ1% | E8: =薬品マスタリスト_20260130100542!C6 -> 3 | F8: =薬品マスタリスト_20260130100542!D6 -> 散 | G8: =match_results!C5 -> アキネトン細粒１％ | H8: =match_results!D5 -> 1 | I8: =match_results!E5 -> 100 | J8: 〇 | K8: =IF($J8="〇",OFFSET(集計!B$3,合体!$H8,0),"") -> 20.23 | L8: =IF($J8="〇",OFFSET(集計!C$3,合体!$H8,0),"") -> 0 | M8: =IF($J8="〇",OFFSET(集計!D$3,合体!$H8,0),"") -> 0
B9: =B8+1 -> 5 | C9: =薬品マスタリスト_20260130100542!A7 -> アキネトン注射液５ｍｇ | D9: =薬品マスタリスト_20260130100542!B7 -> ｱｷﾈﾄﾝﾁｭｳｼｬｴｷ5mg | E9: =薬品マスタリスト_20260130100542!C7 -> 25 | F9: =薬品マスタリスト_20260130100542!D7 -> 注射剤 | G9: =match_results!C6 -> アキネトン注射液５ｍｇ | H9: =match_results!D6 -> 208 | I9: =match_results!E6 -> 100 | J9: 〇 | K9: =IF($J9="〇",OFFSET(集計!B$3,合体!$H9,0),"") -> 52.6 | L9: =IF($J9="〇",OFFSET(集計!C$3,合体!$H9,0),"") -> 57 | M9: =IF($J9="〇",OFFSET(集計!D$3,合体!$H9,0),"") -> 2998.2
B10: =B9+1 -> 6 | C10: =薬品マスタリスト_20260130100542!A8 -> アクアチムクリーム１％ | D10: =薬品マスタリスト_20260130100542!B8 -> ｱｸｱﾁﾑｸﾘｰﾑ1% | E10: =薬品マスタリスト_20260130100542!C8 -> 15 | F10: =薬品マスタリスト_20260130100542!D8 -> クリーム | G10: =match_results!C7 -> アクアチム クリ－ム１％ １０ｇ／本 | H10: =match_results!D7 -> 204 | I10: =match_results!E7 -> 68.965517 | K10: =IF($J10="〇",OFFSET(集計!B$3,合体!$H10,0),"") | L10: =IF($J10="〇",OFFSET(集計!C$3,合体!$H10,0),"") | M10: =IF($J10="〇",OFFSET(集計!D$3,合体!$H10,0),"")
B11: =B10+1 -> 7 | C11: =薬品マスタリスト_20260130100542!A9 -> アクチット輸液 | D11: =薬品マスタリスト_20260130100542!B9 -> ｱｸﾁﾂﾄﾕｴｷ | E11: =薬品マスタリスト_20260130100542!C9 -> 25 | F11: =薬品マスタリスト_20260130100542!D9 -> 注射剤 | G11: =match_results!C8 -> アクチット輸液 | H11: =match_results!D8 -> 235 | I11: =match_results!E8 -> 100 | J11: 〇 | K11: =IF($J11="〇",OFFSET(集計!B$3,合体!$H11,0),"") -> 303.75 | L11: =IF($J11="〇",OFFSET(集計!C$3,合体!$H11,0),"") -> 11 | M11: =IF($J11="〇",OFFSET(集計!D$3,合体!$H11,0),"") -> 3341.25
B12: =B11+1 -> 8 | C12: =薬品マスタリスト_20260130100542!A10 -> アクトシン軟膏３％ | D12: =薬品マスタリスト_20260130100542!B10 -> ｱｸﾄｼﾝﾅﾝｺｳ3% | E12: =薬品マスタリスト_20260130100542!C10 -> 14 | F12: =薬品マスタリスト_20260130100542!D10 -> 軟膏 | G12: =match_results!C9 -> アクトシン軟膏（３０ｇ） | H12: =match_results!D9 -> 2 | I12: =match_results!E9 -> 76.190476 | K12: =IF($J12="〇",OFFSET(集計!B$3,合体!$H12,0),"") | L12: =IF($J12="〇",OFFSET(集計!C$3,合体!$H12,0),"") | M12: =IF($J12="〇",OFFSET(集計!D$3,合体!$H12,0),"")
B13: =B12+1 -> 9 | C13: =薬品マスタリスト_20260130100542!A11 -> アザルフィジンＥＮ錠５００ｍｇ | D13: =薬品マスタリスト_20260130100542!B11 -> ｱｻﾞﾙﾌｨｼﾞﾝENｼﾞｮｳ500mg | E13: =薬品マスタリスト_20260130100542!C11 -> 1 | F13: =薬品マスタリスト_20260130100542!D11 -> 錠剤 | G13: =match_results!C10 -> アザルフィジンＥＮ（５００） | H13: =match_results!D10 -> 230 | I13: =match_results!E10 -> 82.758621 | K13: =IF($J13="〇",OFFSET(集計!B$3,合体!$H13,0),"") | L13: =IF($J13="〇",OFFSET(集計!C$3,合体!$H13,0),"") | M13: =IF($J13="〇",OFFSET(集計!D$3,合体!$H13,0),"")
B14: =B13+1 -> 10 | C14: =薬品マスタリスト_20260130100542!A12 -> アシクロビル点滴静注用２５０ｍｇ「サワイ」 | D14: =薬品マスタリスト_20260130100542!B12 -> ｱｼｸﾛﾋﾞﾙﾃﾝﾃｷｼﾞｮｳﾁｭｳﾖｳ250mg｢ｻﾜｲ｣ | E14: =薬品マスタリスト_20260130100542!C12 -> 25 | F14: =薬品マスタリスト_20260130100542!D12 -> 注射剤 | G14: =match_results!C11 -> アシクロビル点滴２５０ｍｇ | H14: =match_results!D11 -> 579 | I14: =match_results!E11 -> 76.470588 | K14: =IF($J14="〇",OFFSET(集計!B$3,合体!$H14,0),"") | L14: =IF($J14="〇",OFFSET(集計!C$3,合体!$H14,0),"") | M14: =IF($J14="〇",OFFSET(集計!D$3,合体!$H14,0),"")
B15: =B14+1 -> 11 | C15: =薬品マスタリスト_20260130100542!A13 -> アジスロマイシン錠２５０ｍｇ「トーワ」 | D15: =薬品マスタリスト_20260130100542!B13 -> ｱｼﾞｽﾛﾏｲｼﾝｼﾞｮｳ250mg｢ﾄｰﾜ｣ | E15: =薬品マスタリスト_20260130100542!C13 -> 1 | F15: =薬品マスタリスト_20260130100542!D13 -> 錠剤 | G15: =match_results!C12 -> アジスロマイシン錠２５０ｍｇ | H15: =match_results!D12 -> 331 | I15: =match_results!E12 -> 84.848485 | K15: =IF($J15="〇",OFFSET(集計!B$3,合体!$H15,0),"") | L15: =IF($J15="〇",OFFSET(集計!C$3,合体!$H15,0),"") | M15: =IF($J15="〇",OFFSET(集計!D$3,合体!$H15,0),"")
B16: =B15+1 -> 12 | C16: =薬品マスタリスト_20260130100542!A14 -> アジルバ錠１０ｍｇ | D16: =薬品マスタリスト_20260130100542!B14 -> ｱｼﾞﾙﾊﾞｼﾞｮｳ10mg | E16: =薬品マスタリスト_20260130100542!C14 -> 1 | F16: =薬品マスタリスト_20260130100542!D14 -> 錠剤 | G16: =match_results!C13 -> アジルバ（１０） | H16: =match_results!D13 -> 231 | I16: =match_results!E13 -> 70.588235 | K16: =IF($J16="〇",OFFSET(集計!B$3,合体!$H16,0),"") | L16: =IF($J16="〇",OFFSET(集計!C$3,合体!$H16,0),"") | M16: =IF($J16="〇",OFFSET(集計!D$3,合体!$H16,0),"")
B17: =B16+1 -> 13 | C17: =薬品マスタリスト_20260130100542!A15 -> アジルバ錠２０ｍｇ | D17: =薬品マスタリスト_20260130100542!B15 -> ｱｼﾞﾙﾊﾞｼﾞｮｳ20mg | E17: =薬品マスタリスト_20260130100542!C15 -> 1 | F17: =薬品マスタリスト_20260130100542!D15 -> 錠剤 | G17: =match_results!C14 -> フラジール錠２５０ｍｇ | H17: =match_results!D14 -> 85 | I17: =match_results!E14 -> 70 | K17: =IF($J17="〇",OFFSET(集計!B$3,合体!$H17,0),"") | L17: =IF($J17="〇",OFFSET(集計!C$3,合体!$H17,0),"") | M17: =IF($J17="〇",OFFSET(集計!D$3,合体!$H17,0),"")
B18: =B17+1 -> 14 | C18: =薬品マスタリスト_20260130100542!A16 -> アジルサルタンＯＤ錠２０ｍｇ「サワイ」 | D18: =薬品マスタリスト_20260130100542!B16 -> ｱｼﾞﾙｻﾙﾀﾝODｼﾞﾖｳ20MGｻﾜｲ | E18: =薬品マスタリスト_20260130100542!C16 -> 1 | F18: =薬品マスタリスト_20260130100542!D16 -> 錠剤 | G18: =match_results!C15 -> アジルサルタンＯＤ２０ｍｇ | H18: =match_results!D15 -> 601 | I18: =match_results!E15 -> 81.25 | K18: =IF($J18="〇",OFFSET(集計!B$3,合体!$H18,0),"") | L18: =IF($J18="〇",OFFSET(集計!C$3,合体!$H18,0),"") | M18: =IF($J18="〇",OFFSET(集計!D$3,合体!$H18,0),"")
B19: =B18+1 -> 15 | C19: =薬品マスタリスト_20260130100542!A17 -> アスコルビン酸注射液５００ｍｇ「日医工」 | D19: =薬品マスタリスト_20260130100542!B17 -> ｱｽｺﾙﾋﾞﾝｻﾝﾁｭｳｼｬｴｷ500mg｢ﾆﾁｲｺｳ｣ | E19: =薬品マスタリスト_20260130100542!C17 -> 25 | F19: =薬品マスタリスト_20260130100542!D17 -> 注射剤 | G19: =match_results!C16 -> アスコルビン酸注射液５００ｍｇ「トーワ」 | H19: =match_results!D16 -> 365 | I19: =match_results!E16 -> 85 | K19: =IF($J19="〇",OFFSET(集計!B$3,合体!$H19,0),"") | L19: =IF($J19="〇",OFFSET(集計!C$3,合体!$H19,0),"") | M19: =IF($J19="〇",OFFSET(集計!D$3,合体!$H19,0),"")
B20: =B19+1 -> 16 | C20: =薬品マスタリスト_20260130100542!A18 -> アスコルビン酸注射液５００ｍｇ「トーワ」 | D20: =薬品マスタリスト_20260130100542!B18 -> ｱｽｺﾙﾋﾞﾝｻﾝﾁﾕｳｼﾔｴｷ500MGﾄ-ﾜ | E20: =薬品マスタリスト_20260130100542!C18 -> 25 | F20: =薬品マスタリスト_20260130100542!D18 -> 注射剤 | G20: =match_results!C17 -> アスコルビン酸注射液５００ｍｇ「トーワ」 | H20: =match_results!D17 -> 365 | I20: =match_results!E17 -> 100 | J20: 〇 | K20: =IF($J20="〇",OFFSET(集計!B$3,合体!$H20,0),"") -> 72.2 | L20: =IF($J20="〇",OFFSET(集計!C$3,合体!$H20,0),"") -> 93 | M20: =IF($J20="〇",OFFSET(集計!D$3,合体!$H20,0),"") -> 6714.6
B21: =B20+1 -> 17 | C21: =薬品マスタリスト_20260130100542!A19 -> アスコルビン酸注５００ｍｇ「イセイ」 | D21: =薬品マスタリスト_20260130100542!B19 -> ｱｽｺﾙﾋﾞﾝｻﾝﾁﾕｳ500MGｲｾｲ | E21: =薬品マスタリスト_20260130100542!C19 -> 25 | F21: =薬品マスタリスト_20260130100542!D19 -> 注射剤 | G21: =match_results!C18 -> アスコルビン酸注射液５００ｍｇ「トーワ」 | H21: =match_results!D18 -> 365 | I21: =match_results!E18 -> 78.947368 | K21: =IF($J21="〇",OFFSET(集計!B$3,合体!$H21,0),"") | L21: =IF($J21="〇",OFFSET(集計!C$3,合体!$H21,0),"") | M21: =IF($J21="〇",OFFSET(集計!D$3,合体!$H21,0),"")
B22: =B21+1 -> 18 | C22: =薬品マスタリスト_20260130100542!A20 -> アズノールＳＴ錠口腔用５ｍｇ | D22: =薬品マスタリスト_20260130100542!B20 -> ｱｽﾞﾉｰﾙSTｼﾞｮｳｺｳｸｳﾖｳ5mg | E22: =薬品マスタリスト_20260130100542!C20 -> 8 | F22: =薬品マスタリスト_20260130100542!D20 -> トローチ | G22: =match_results!C19 -> プロタノールＳ錠１５ｍｇ | H22: =match_results!D19 -> 301 | I22: =match_results!E19 -> 61.538462 | K22: =IF($J22="〇",OFFSET(集計!B$3,合体!$H22,0),"") | L22: =IF($J22="〇",OFFSET(集計!C$3,合体!$H22,0),"") | M22: =IF($J22="〇",OFFSET(集計!D$3,合体!$H22,0),"")
B23: =B22+1 -> 19 | C23: =薬品マスタリスト_20260130100542!A21 -> アズノール軟膏０．０３３％ | D23: =薬品マスタリスト_20260130100542!B21 -> ｱｽﾞﾉｰﾙﾅﾝｺｳ0.033% | E23: =薬品マスタリスト_20260130100542!C21 -> 14 | F23: =薬品マスタリスト_20260130100542!D21 -> 軟膏 | G23: =match_results!C20 -> アズノール軟膏 ２０ｇ／本 | H23: =match_results!D20 -> 330 | I23: =match_results!E20 -> 61.538462 | K23: =IF($J23="〇",OFFSET(集計!B$3,合体!$H23,0),"") | L23: =IF($J23="〇",OFFSET(集計!C$3,合体!$H23,0),"") | M23: =IF($J23="〇",OFFSET(集計!D$3,合体!$H23,0),"")
B24: =B23+1 -> 20 | C24: =薬品マスタリスト_20260130100542!A22 -> アズノール錠２ｍｇ | D24: =薬品マスタリスト_20260130100542!B22 -> ｱｽﾞﾉ-ﾙｼﾞﾖｳ2MG | E24: =薬品マスタリスト_20260130100542!C22 -> 1 | F24: =薬品マスタリスト_20260130100542!D22 -> 錠剤 | G24: =match_results!C21 -> アナフラニール錠２５ｍｇ | H24: =match_results!D21 -> 157 | I24: =match_results!E21 -> 66.666667 | K24: =IF($J24="〇",OFFSET(集計!B$3,合体!$H24,0),"") | L24: =IF($J24="〇",OFFSET(集計!C$3,合体!$H24,0),"") | M24: =IF($J24="〇",OFFSET(集計!D$3,合体!$H24,0),"")
B25: =B24+1 -> 21 | C25: =薬品マスタリスト_20260130100542!A23 -> アスパラ－ＣＡ錠２００ | D25: =薬品マスタリスト_20260130100542!B23 -> ｱｽﾊﾟﾗ-CAｼﾞｮｳ200 | E25: =薬品マスタリスト_20260130100542!C23 -> 1 | F25: =薬品マスタリスト_20260130100542!D23 -> 錠剤 | G25: =match_results!C22 -> アスパラＣＡ錠２００ｍｇ | H25: =match_results!D22 -> 355 | I25: =match_results!E22 -> 86.956522 | K25: =IF($J25="〇",OFFSET(集計!B$3,合体!$H25,0),"") | L25: =IF($J25="〇",OFFSET(集計!C$3,合体!$H25,0),"") | M25: =IF($J25="〇",OFFSET(集計!D$3,合体!$H25,0),"")
B26: =B25+1 -> 22 | C26: =薬品マスタリスト_20260130100542!A24 -> アスパラカリウム錠３００ｍｇ | D26: =薬品マスタリスト_20260130100542!B24 -> ｱｽﾊﾟﾗｶﾘｳﾑｼﾞｮｳ300mg | E26: =薬品マスタリスト_20260130100542!C24 -> 1 | F26: =薬品マスタリスト_20260130100542!D24 -> 錠剤 | G26: =match_results!C23 -> アスパラカリウム錠３００ｍｇ | H26: =match_results!D23 -> 309 | I26: =match_results!E23 -> 100 | J26: 〇 | K26: =IF($J26="〇",OFFSET(集計!B$3,合体!$H26,0),"") -> 5.26 | L26: =IF($J26="〇",OFFSET(集計!C$3,合体!$H26,0),"") -> 920 | M26: =IF($J26="〇",OFFSET(集計!D$3,合体!$H26,0),"") -> 4839.2
B27: =B26+1 -> 23 | C27: =薬品マスタリスト_20260130100542!A25 -> アスパラカリウム散５０％ | D27: =薬品マスタリスト_20260130100542!B25 -> ｱｽﾊﾟﾗｶﾘｳﾑｻﾝ50% | E27: =薬品マスタリスト_20260130100542!C25 -> 3 | F27: =薬品マスタリスト_20260130100542!D25 -> 散 | G27: =match_results!C24 -> アスパラカリウム散５０％ | H27: =match_results!D24 -> 227 | I27: =match_results!E24 -> 100 | J27: 〇 | K27: =IF($J27="〇",OFFSET(集計!B$3,合体!$H27,0),"") -> 5.79 | L27: =IF($J27="〇",OFFSET(集計!C$3,合体!$H27,0),"") -> 557 | M27: =IF($J27="〇",OFFSET(集計!D$3,合体!$H27,0),"") -> 3225.03
B28: =B27+1 -> 24 | C28: =薬品マスタリスト_20260130100542!A26 -> アスパラギン酸カリウム注１０ｍＥｑキット「テルモ」 | D28: =薬品マスタリスト_20260130100542!B26 -> ｱｽﾊﾟﾗｷﾞﾝｻﾝｶﾘｳﾑﾁｭｳ10mEqｷｯﾄ｢ﾃﾙﾓ｣ | E28: =薬品マスタリスト_20260130100542!C26 -> 25 | F28: =薬品マスタリスト_20260130100542!D26 -> 注射剤 | G28: =match_results!C25 -> アスパラギンサンカリウム注１０ＭＥＱキット「テル | H28: =match_results!D25 -> 219 | I28: =match_results!E25 -> 81.632653 | K28: =IF($J28="〇",OFFSET(集計!B$3,合体!$H28,0),"") | L28: =IF($J28="〇",OFFSET(集計!C$3,合体!$H28,0),"") | M28: =IF($J28="〇",OFFSET(集計!D$3,合体!$H28,0),"")
B29: =B28+1 -> 25 | C29: =薬品マスタリスト_20260130100542!A27 -> アズレン点眼液０．０２％「ニットー」 | D29: =薬品マスタリスト_20260130100542!B27 -> ｱｽﾞﾚﾝﾃﾝｶﾞﾝｴｷ0.02%｢ﾆｯﾄｰ｣ | E29: =薬品マスタリスト_20260130100542!C27 -> 21 | F29: =薬品マスタリスト_20260130100542!D27 -> 点眼剤 | G29: =match_results!C26 -> アズレン点眼液 | H29: =match_results!D26 -> 106 | I29: =match_results!E26 -> 56 | K29: =IF($J29="〇",OFFSET(集計!B$3,合体!$H29,0),"") | L29: =IF($J29="〇",OFFSET(集計!C$3,合体!$H29,0),"") | M29: =IF($J29="〇",OFFSET(集計!D$3,合体!$H29,0),"")
B30: =B29+1 -> 26 | C30: =薬品マスタリスト_20260130100542!A28 -> アズレン点眼液わかもと | D30: =薬品マスタリスト_20260130100542!B28 -> ｱｽﾞﾚﾝﾃﾝｶﾞﾝｴｷﾜｶﾓﾄ | E30: =薬品マスタリスト_20260130100542!C28 -> 21 | F30: =薬品マスタリスト_20260130100542!D28 -> 点眼剤 | G30: =match_results!C27 -> アズレン点眼液 | H30: =match_results!D27 -> 106 | I30: =match_results!E27 -> 77.777778 | K30: =IF($J30="〇",OFFSET(集計!B$3,合体!$H30,0),"") | L30: =IF($J30="〇",OFFSET(集計!C$3,合体!$H30,0),"") | M30: =IF($J30="〇",OFFSET(集計!D$3,合体!$H30,0),"")
B31: =B30+1 -> 27 | C31: =薬品マスタリスト_20260130100542!A29 -> アセリオ静注液１０００ｍｇバッグ | D31: =薬品マスタリスト_20260130100542!B29 -> ｱｾﾘｵｼﾞｮｳﾁｭｳｴｷ1000mgﾊﾞｯｸﾞ | E31: =薬品マスタリスト_20260130100542!C29 -> 25 | F31: =薬品マスタリスト_20260130100542!D29 -> 注射剤 | G31: =match_results!C28 -> アセリオ靜注液１０００ｍｇバッグ | H31: =match_results!D28 -> 322 | I31: =match_results!E28 -> 93.75 | K31: =IF($J31="〇",OFFSET(集計!B$3,合体!$H31,0),"") | L31: =IF($J31="〇",OFFSET(集計!C$3,合体!$H31,0),"") | M31: =IF($J31="〇",OFFSET(集計!D$3,合体!$H31,0),"")
B32: =B31+1 -> 28 | C32: =薬品マスタリスト_20260130100542!A30 -> アセレンド注１００μｇ | D32: =薬品マスタリスト_20260130100542!B30 -> ｱｾﾚﾝﾄﾞﾁｭｳ100μg | E32: =薬品マスタリスト_20260130100542!C30 -> 25 | F32: =薬品マスタリスト_20260130100542!D30 -> 注射剤 | G32: =match_results!C29 -> アセレンド注 | H32: =match_results!D29 -> 292 | I32: =match_results!E29 -> 70.588235 | K32: =IF($J32="〇",OFFSET(集計!B$3,合体!$H32,0),"") | L32: =IF($J32="〇",OFFSET(集計!C$3,合体!$H32,0),"") | M32: =IF($J32="〇",OFFSET(集計!D$3,合体!$H32,0),"")
B33: =B32+1 -> 29 | C33: =薬品マスタリスト_20260130100542!A31 -> アゾセミド錠３０ｍｇ「ＪＧ」 | D33: =薬品マスタリスト_20260130100542!B31 -> ｱｿﾞｾﾐﾄﾞｼﾞｮｳ30mg｢JG｣ | E33: =薬品マスタリスト_20260130100542!C31 -> 1 | F33: =薬品マスタリスト_20260130100542!D31 -> 錠剤 | G33: =match_results!C30 -> アゾセミド錠６０ｍｇ | H33: =match_results!D30 -> 81 | I33: =match_results!E30 -> 75 | K33: =IF($J33="〇",OFFSET(集計!B$3,合体!$H33,0),"") | L33: =IF($J33="〇",OFFSET(集計!C$3,合体!$H33,0),"") | M33: =IF($J33="〇",OFFSET(集計!D$3,合体!$H33,0),"")
B34: =B33+1 -> 30 | C34: =薬品マスタリスト_20260130100542!A32 -> アゾセミド錠３０ｍｇ「ＤＳＥＰ」 | D34: =薬品マスタリスト_20260130100542!B32 -> ｱｿﾞｾﾐﾄﾞｼﾞｮｳ30mg｢DSEP｣ | E34: =薬品マスタリスト_20260130100542!C32 -> 1 | F34: =薬品マスタリスト_20260130100542!D32 -> 錠剤 | G34: =match_results!C31 -> アゾセミド錠６０ｍｇ | H34: =match_results!D31 -> 81 | I34: =match_results!E31 -> 69.230769 | K34: =IF($J34="〇",OFFSET(集計!B$3,合体!$H34,0),"") | L34: =IF($J34="〇",OFFSET(集計!C$3,合体!$H34,0),"") | M34: =IF($J34="〇",OFFSET(集計!D$3,合体!$H34,0),"")
B35: =B34+1 -> 31 | C35: =薬品マスタリスト_20260130100542!A33 -> アゾセミド錠６０ｍｇ「ＤＳＥＰ」 | D35: =薬品マスタリスト_20260130100542!B33 -> ｱｿﾞｾﾐﾄﾞｼﾞｮｳ60mg｢DSEP｣ | E35: =薬品マスタリスト_20260130100542!C33 -> 1 | F35: =薬品マスタリスト_20260130100542!D33 -> 錠剤 | G35: =match_results!C32 -> アゾセミド錠６０ｍｇ | H35: =match_results!D32 -> 81 | I35: =match_results!E32 -> 76.923077 | K35: =IF($J35="〇",OFFSET(集計!B$3,合体!$H35,0),"") | L35: =IF($J35="〇",OFFSET(集計!C$3,合体!$H35,0),"") | M35: =IF($J35="〇",OFFSET(集計!D$3,合体!$H35,0),"")
B36: =B35+1 -> 32 | C36: =薬品マスタリスト_20260130100542!A34 -> アタラックス錠２５ｍｇ | D36: =薬品マスタリスト_20260130100542!B34 -> ｱﾀﾗｯｸｽｼﾞｮｳ25mg | E36: =薬品マスタリスト_20260130100542!C34 -> 1 | F36: =薬品マスタリスト_20260130100542!D34 -> 錠剤 | G36: =match_results!C33 -> アタラックス錠２５ＭＧ | H36: =match_results!D33 -> 274 | I36: =match_results!E33 -> 81.818182 | K36: =IF($J36="〇",OFFSET(集計!B$3,合体!$H36,0),"") | L36: =IF($J36="〇",OFFSET(集計!C$3,合体!$H36,0),"") | M36: =IF($J36="〇",OFFSET(集計!D$3,合体!$H36,0),"")
B37: =B36+1 -> 33 | C37: =薬品マスタリスト_20260130100542!A35 -> アダラートＣＲ錠２０ｍｇ | D37: =薬品マスタリスト_20260130100542!B35 -> ｱﾀﾞﾗｰﾄCRｼﾞｮｳ20mg | E37: =薬品マスタリスト_20260130100542!C35 -> 1 | F37: =薬品マスタリスト_20260130100542!D35 -> 錠剤 | G37: =match_results!C34 -> アダラートＣＲ錠２０ｍｇ | H37: =match_results!D34 -> 114 | I37: =match_results!E34 -> 100 | J37: 〇 | K37: =IF($J37="〇",OFFSET(集計!B$3,合体!$H37,0),"") -> 13.28 | L37: =IF($J37="〇",OFFSET(集計!C$3,合体!$H37,0),"") -> 120 | M37: =IF($J37="〇",OFFSET(集計!D$3,合体!$H37,0),"") -> 1593.6
B38: =B37+1 -> 34 | C38: =薬品マスタリスト_20260130100542!A36 -> アーチスト錠１．２５ｍｇ | D38: =薬品マスタリスト_20260130100542!B36 -> ｱｰﾁｽﾄｼﾞｮｳ1.25mg | E38: =薬品マスタリスト_20260130100542!C36 -> 1 | F38: =薬品マスタリスト_20260130100542!D36 -> 錠剤 | G38: =match_results!C35 -> ア－チスト錠１．２５ｍｇ | H38: =match_results!D35 -> 169 | I38: =match_results!E35 -> 91.666667 | K38: =IF($J38="〇",OFFSET(集計!B$3,合体!$H38,0),"") | L38: =IF($J38="〇",OFFSET(集計!C$3,合体!$H38,0),"") | M38: =IF($J38="〇",OFFSET(集計!D$3,合体!$H38,0),"")
B39: =B38+1 -> 35 | C39: =薬品マスタリスト_20260130100542!A37 -> アドエア５００ディスカス６０吸入用 | D39: =薬品マスタリスト_20260130100542!B37 -> ｱﾄﾞｴｱ500ﾃﾞｨｽｶｽ60ｷｭｳﾆｭｳﾖｳ | E39: =薬品マスタリスト_20260130100542!C37 -> 10 | F39: =薬品マスタリスト_20260130100542!D37 -> 吸入剤 | G39: =match_results!C36 -> アドエア５００ディスカス６０吸入用 ６０ブリスターＸ１ | H39: =match_results!D36 -> 390 | I39: =match_results!E36 -> 77.272727 | K39: =IF($J39="〇",OFFSET(集計!B$3,合体!$H39,0),"") | L39: =IF($J39="〇",OFFSET(集計!C$3,合体!$H39,0),"") | M39: =IF($J39="〇",OFFSET(集計!D$3,合体!$H39,0),"")
B40: =B39+1 -> 36 | C40: =薬品マスタリスト_20260130100542!A38 -> アドナ錠３０ｍｇ | D40: =薬品マスタリスト_20260130100542!B38 -> ｱﾄﾞﾅｼﾞｮｳ30mg | E40: =薬品マスタリスト_20260130100542!C38 -> 1 | F40: =薬品マスタリスト_20260130100542!D38 -> 錠剤 | G40: =match_results!C37 -> アドナ錠３０ｍｇ | H40: =match_results!D37 -> 380 | I40: =match_results!E37 -> 100 | J40: 〇 | K40: =IF($J40="〇",OFFSET(集計!B$3,合体!$H40,0),"") -> 7.28 | L40: =IF($J40="〇",OFFSET(集計!C$3,合体!$H40,0),"") -> 970 | M40: =IF($J40="〇",OFFSET(集計!D$3,合体!$H40,0),"") -> 7061.6
B41: =B40+1 -> 37 | C41: =薬品マスタリスト_20260130100542!A39 -> アドナ注（静脈用）５０ｍｇ | D41: =薬品マスタリスト_20260130100542!B39 -> ｱﾄﾞﾅﾁｭｳ(ｼﾞｮｳﾐｬｸﾖｳ)50mg | E41: =薬品マスタリスト_20260130100542!C39 -> 25 | F41: =薬品マスタリスト_20260130100542!D39 -> 注射剤 | G41: =match_results!C38 -> アドナ注（静脈用）５０ｍｇ | H41: =match_results!D38 -> 236 | I41: =match_results!E38 -> 100 | J41: 〇 | K41: =IF($J41="〇",OFFSET(集計!B$3,合体!$H41,0),"") -> 80 | L41: =IF($J41="〇",OFFSET(集計!C$3,合体!$H41,0),"") -> 42 | M41: =IF($J41="〇",OFFSET(集計!D$3,合体!$H41,0),"") -> 3360
B42: =B41+1 -> 38 | C42: =薬品マスタリスト_20260130100542!A40 -> アドナ散１０％ | D42: =薬品マスタリスト_20260130100542!B40 -> ｱﾄﾞﾅｻﾝ10% | E42: =薬品マスタリスト_20260130100542!C40 -> 3 | F42: =薬品マスタリスト_20260130100542!D40 -> 散 | G42: =match_results!C39 -> アドナ散 | H42: =match_results!D39 -> 213 | I42: =match_results!E39 -> 72.727273 | K42: =IF($J42="〇",OFFSET(集計!B$3,合体!$H42,0),"") | L42: =IF($J42="〇",OFFSET(集計!C$3,合体!$H42,0),"") | M42: =IF($J42="〇",OFFSET(集計!D$3,合体!$H42,0),"")
B43: =B42+1 -> 39 | C43: =薬品マスタリスト_20260130100542!A41 -> アドフィードパップ４０ｍｇ | D43: =薬品マスタリスト_20260130100542!B41 -> ｱﾄﾞﾌｲ-ﾄﾞﾊﾟﾂﾌﾟ40MG | E43: =薬品マスタリスト_20260130100542!C41 -> 19 | F43: =薬品マスタリスト_20260130100542!D41 -> 貼付剤 | G43: =match_results!C40 -> アドフィードパップ（７枚／袋） | H43: =match_results!D40 -> 327 | I43: =match_results!E40 -> 64.285714 | K43: =IF($J43="〇",OFFSET(集計!B$3,合体!$H43,0),"") | L43: =IF($J43="〇",OFFSET(集計!C$3,合体!$H43,0),"") | M43: =IF($J43="〇",OFFSET(集計!D$3,合体!$H43,0),"")
B44: =B43+1 -> 40 | C44: =薬品マスタリスト_20260130100542!A42 -> アトモキセチンカプセル１０ｍｇ「サワイ」 | D44: =薬品マスタリスト_20260130100542!B42 -> ｱﾄﾓｷｾﾁﾝｶﾌﾟｾﾙ10mg｢ｻﾜｲ｣ | E44: =薬品マスタリスト_20260130100542!C42 -> 2 | F44: =薬品マスタリスト_20260130100542!D42 -> カプセル | G44: =match_results!C41 -> アトモキセチンカプセル１０ｍｇ「サワイ」 | H44: =match_results!D41 -> 630 | I44: =match_results!E41 -> 100 | J44: 〇 | K44: =IF($J44="〇",OFFSET(集計!B$3,合体!$H44,0),"") -> 44.45 | L44: =IF($J44="〇",OFFSET(集計!C$3,合体!$H44,0),"") -> 1218 | M44: =IF($J44="〇",OFFSET(集計!D$3,合体!$H44,0),"") -> 54140.1
B45: =B44+1 -> 41 | C45: =薬品マスタリスト_20260130100542!A43 -> アトモキセチンカプセル１０ｍｇ「アメル」 | D45: =薬品マスタリスト_20260130100542!B43 -> ｱﾄﾓｷｾﾁﾝｶﾌﾟｾﾙ10mg｢ｱﾒﾙ｣ | E45: =薬品マスタリスト_20260130100542!C43 -> 2 | F45: =薬品マスタリスト_20260130100542!D43 -> カプセル | G45: =match_results!C42 -> アトモキセチンカプセル１０ｍｇ「サワイ」 | H45: =match_results!D42 -> 630 | I45: =match_results!E42 -> 85 | K45: =IF($J45="〇",OFFSET(集計!B$3,合体!$H45,0),"") | L45: =IF($J45="〇",OFFSET(集計!C$3,合体!$H45,0),"") | M45: =IF($J45="〇",OFFSET(集計!D$3,合体!$H45,0),"")
B46: =B45+1 -> 42 | C46: =薬品マスタリスト_20260130100542!A44 -> アトモキセチンカプセル４０ｍｇ「サワイ」 | D46: =薬品マスタリスト_20260130100542!B44 -> ｱﾄﾓｷｾﾁﾝｶﾌﾟｾﾙ40mg｢ｻﾜｲ｣ | E46: =薬品マスタリスト_20260130100542!C44 -> 2 | F46: =薬品マスタリスト_20260130100542!D44 -> カプセル | G46: =match_results!C43 -> アトモキセチンカプセル４０ｍｇ「サワイ」 | H46: =match_results!D43 -> 647 | I46: =match_results!E43 -> 100 | J46: 〇 | K46: =IF($J46="〇",OFFSET(集計!B$3,合体!$H46,0),"") -> 58.42 | L46: =IF($J46="〇",OFFSET(集計!C$3,合体!$H46,0),"") -> 1220 | M46: =IF($J46="〇",OFFSET(集計!D$3,合体!$H46,0),"") -> 71272.4
B47: =B46+1 -> 43 | C47: =薬品マスタリスト_20260130100542!A45 -> アトモキセチンカプセル４０ｍｇ「アメル」 | D47: =薬品マスタリスト_20260130100542!B45 -> ｱﾄﾓｷｾﾁﾝｶﾌﾟｾﾙ40mg｢ｱﾒﾙ｣ | E47: =薬品マスタリスト_20260130100542!C45 -> 2 | F47: =薬品マスタリスト_20260130100542!D45 -> カプセル | G47: =match_results!C44 -> アトモキセチンカプセル４０ｍｇ「サワイ」 | H47: =match_results!D44 -> 647 | I47: =match_results!E44 -> 85 | K47: =IF($J47="〇",OFFSET(集計!B$3,合体!$H47,0),"") | L47: =IF($J47="〇",OFFSET(集計!C$3,合体!$H47,0),"") | M47: =IF($J47="〇",OFFSET(集計!D$3,合体!$H47,0),"")
B48: =B47+1 -> 44 | C48: =薬品マスタリスト_20260130100542!A46 -> アトモキセチンカプセル４０ｍｇ「ＶＴＲＳ」 | D48: =薬品マスタリスト_20260130100542!B46 -> ｱﾄﾓｷｾﾁﾝｶﾌﾟｾﾙ40MGVTRS | E48: =薬品マスタリスト_20260130100542!C46 -> 2 | F48: =薬品マスタリスト_20260130100542!D46 -> カプセル | G48: =match_results!C45 -> アトモキセチンカプセル４０ｍｇ「サワイ」 | H48: =match_results!D45 -> 647 | I48: =match_results!E45 -> 82.926829 | K48: =IF($J48="〇",OFFSET(集計!B$3,合体!$H48,0),"") | L48: =IF($J48="〇",OFFSET(集計!C$3,合体!$H48,0),"") | M48: =IF($J48="〇",OFFSET(集計!D$3,合体!$H48,0),"")
B49: =B48+1 -> 45 | C49: =薬品マスタリスト_20260130100542!A47 -> アトルバスタチン錠１０ｍｇ「Ｍｅ」 | D49: =薬品マスタリスト_20260130100542!B47 -> ｱﾄﾙﾊﾞｽﾀﾁﾝｼﾞｮｳ10mg｢Me｣ | E49: =薬品マスタリスト_20260130100542!C47 -> 1 | F49: =薬品マスタリスト_20260130100542!D47 -> 錠剤 | G49: =match_results!C46 -> アトルバスタチンＯＤ錠１０ｍｇ | H49: =match_results!D46 -> 617 | I49: =match_results!E46 -> 81.25 | K49: =IF($J49="〇",OFFSET(集計!B$3,合体!$H49,0),"") | L49: =IF($J49="〇",OFFSET(集計!C$3,合体!$H49,0),"") | M49: =IF($J49="〇",OFFSET(集計!D$3,合体!$H49,0),"")
B50: =B49+1 -> 46 | C50: =薬品マスタリスト_20260130100542!A48 -> アトルバスタチンＯＤ錠１０ｍｇ「トーワ」 | D50: =薬品マスタリスト_20260130100542!B48 -> ｱﾄﾙﾊﾞｽﾀﾁﾝODｼﾞﾖｳ10MGﾄ-ﾜ | E50: =薬品マスタリスト_20260130100542!C48 -> 1 | F50: =薬品マスタリスト_20260130100542!D48 -> 錠剤 | G50: =match_results!C47 -> アトルバスタチンＯＤ錠１０ｍｇ | H50: =match_results!D47 -> 617 | I50: =match_results!E47 -> 85.714286 | K50: =IF($J50="〇",OFFSET(集計!B$3,合体!$H50,0),"") | L50: =IF($J50="〇",OFFSET(集計!C$3,合体!$H50,0),"") | M50: =IF($J50="〇",OFFSET(集計!D$3,合体!$H50,0),"")
B51: =B50+1 -> 47 | C51: =薬品マスタリスト_20260130100542!A49 -> アトロピン硫酸塩注０．５ｍｇ「タナベ」 | D51: =薬品マスタリスト_20260130100542!B49 -> ｱﾄﾛﾋﾟﾝﾘｭｳｻﾝｴﾝﾁｭｳ0.5mg｢ﾀﾅﾍﾞ｣ | E51: =薬品マスタリスト_20260130100542!C49 -> 25 | F51: =薬品マスタリスト_20260130100542!D49 -> 注射剤 | G51: =match_results!C48 -> アトロピン硫酸塩注０．５ｍｇ | H51: =match_results!D48 -> 49 | I51: =match_results!E48 -> 84.848485 | K51: =IF($J51="〇",OFFSET(集計!B$3,合体!$H51,0),"") | L51: =IF($J51="〇",OFFSET(集計!C$3,合体!$H51,0),"") | M51: =IF($J51="〇",OFFSET(集計!D$3,合体!$H51,0),"")
B52: =B51+1 -> 48 | C52: =薬品マスタリスト_20260130100542!A50 -> アナストロゾール錠１ｍｇ「ＮＫ」 | D52: =薬品マスタリスト_20260130100542!B50 -> ｱﾅｽﾄﾛｿﾞｰﾙｼﾞｮｳ1mg｢NK｣ | E52: =薬品マスタリスト_20260130100542!C50 -> 1 | F52: =薬品マスタリスト_20260130100542!D50 -> 錠剤 | G52: =match_results!C49 -> アナストロゾール（１） | H52: =match_results!D49 -> 299 | I52: =match_results!E49 -> 66.666667 | K52: =IF($J52="〇",OFFSET(集計!B$3,合体!$H52,0),"") | L52: =IF($J52="〇",OFFSET(集計!C$3,合体!$H52,0),"") | M52: =IF($J52="〇",OFFSET(集計!D$3,合体!$H52,0),"")
B53: =B52+1 -> 49 | C53: =薬品マスタリスト_20260130100542!A51 -> アナストロゾール錠１ｍｇ「サワイ」 | D53: =薬品マスタリスト_20260130100542!B51 -> ｱﾅｽﾄﾛｿﾞ-ﾙｼﾞﾖｳ1MGｻﾜｲ | E53: =薬品マスタリスト_20260130100542!C51 -> 1 | F53: =薬品マスタリスト_20260130100542!D51 -> 錠剤 | G53: =match_results!C50 -> アリピプラゾール錠１ｍｇ「サワイ」 | H53: =match_results!D50 -> 313 | I53: =match_results!E50 -> 76.470588 | K53: =IF($J53="〇",OFFSET(集計!B$3,合体!$H53,0),"") | L53: =IF($J53="〇",OFFSET(集計!C$3,合体!$H53,0),"") | M53: =IF($J53="〇",OFFSET(集計!D$3,合体!$H53,0),"")
B54: =B53+1 -> 50 | C54: =薬品マスタリスト_20260130100542!A52 -> アナフラニール錠２５ｍｇ | D54: =薬品マスタリスト_20260130100542!B52 -> ｱﾅﾌﾗﾆｰﾙｼﾞｮｳ25mg | E54: =薬品マスタリスト_20260130100542!C52 -> 1 | F54: =薬品マスタリスト_20260130100542!D52 -> 錠剤 | G54: =match_results!C51 -> アナフラニール錠２５ｍｇ | H54: =match_results!D51 -> 157 | I54: =match_results!E51 -> 100 | J54: 〇 | K54: =IF($J54="〇",OFFSET(集計!B$3,合体!$H54,0),"") -> 11.51 | L54: =IF($J54="〇",OFFSET(集計!C$3,合体!$H54,0),"") -> 200 | M54: =IF($J54="〇",OFFSET(集計!D$3,合体!$H54,0),"") -> 2302
B55: =B54+1 -> 51 | C55: =薬品マスタリスト_20260130100542!A53 -> アナフラニール点滴静注液２５ｍｇ | D55: =薬品マスタリスト_20260130100542!B53 -> ｱﾅﾌﾗﾆｰﾙﾃﾝﾃｷｼﾞｮｳﾁｭｳｴｷ25mg | E55: =薬品マスタリスト_20260130100542!C53 -> 25 | F55: =薬品マスタリスト_20260130100542!D53 -> 注射剤 | G55: =match_results!C52 -> アナフラニール錠２５ｍｇ | H55: =match_results!D52 -> 157 | I55: =match_results!E52 -> 78.571429 | K55: =IF($J55="〇",OFFSET(集計!B$3,合体!$H55,0),"") | L55: =IF($J55="〇",OFFSET(集計!C$3,合体!$H55,0),"") | M55: =IF($J55="〇",OFFSET(集計!D$3,合体!$H55,0),"")
B56: =B55+1 -> 52 | C56: =薬品マスタリスト_20260130100542!A54 -> アネキセート注射液０．５ｍｇ | D56: =薬品マスタリスト_20260130100542!B54 -> ｱﾈｷｾｰﾄﾁｭｳｼｬｴｷ0.5mg | E56: =薬品マスタリスト_20260130100542!C54 -> 25 | F56: =薬品マスタリスト_20260130100542!D54 -> 注射剤 | G56: =match_results!C53 -> アネキセート注射液０．５ＭＧ | H56: =match_results!D53 -> 251 | I56: =match_results!E53 -> 85.714286 | K56: =IF($J56="〇",OFFSET(集計!B$3,合体!$H56,0),"") | L56: =IF($J56="〇",OFFSET(集計!C$3,合体!$H56,0),"") | M56: =IF($J56="〇",OFFSET(集計!D$3,合体!$H56,0),"")
B57: =B56+1 -> 53 | C57: =薬品マスタリスト_20260130100542!A55 -> アノーロエリプタ３０吸入用 | D57: =薬品マスタリスト_20260130100542!B55 -> ｱﾉ-ﾛｴﾘﾌﾟﾀ30ｷﾕｳﾆﾕｳﾖｳ | E57: =薬品マスタリスト_20260130100542!C55 -> 10 | F57: =薬品マスタリスト_20260130100542!D55 -> 吸入剤 | G57: =match_results!C54 -> レルベア１００エリプタ | H57: =match_results!D54 -> 278 | I57: =match_results!E54 -> 41.666667 | K57: =IF($J57="〇",OFFSET(集計!B$3,合体!$H57,0),"") | L57: =IF($J57="〇",OFFSET(集計!C$3,合体!$H57,0),"") | M57: =IF($J57="〇",OFFSET(集計!D$3,合体!$H57,0),"")
B58: =B57+1 -> 54 | C58: =薬品マスタリスト_20260130100542!A56 -> アフタッチ口腔用貼付剤２５μｇ | D58: =薬品マスタリスト_20260130100542!B56 -> ｱﾌﾀｯﾁｺｳｸｳﾖｳﾁｮｳﾌｻﾞｲ25μg | E58: =薬品マスタリスト_20260130100542!C56 -> 19 | F58: =薬品マスタリスト_20260130100542!D56 -> 貼付剤 | G58: =match_results!C55 -> アフタッチ口腔用貼付剤２５μｇ ＰＴＰ １００錠 | H58: =match_results!D55 -> 137 | I58: =match_results!E55 -> 76.923077 | K58: =IF($J58="〇",OFFSET(集計!B$3,合体!$H58,0),"") | L58: =IF($J58="〇",OFFSET(集計!C$3,合体!$H58,0),"") | M58: =IF($J58="〇",OFFSET(集計!D$3,合体!$H58,0),"")
B59: =B58+1 -> 55 | C59: =薬品マスタリスト_20260130100542!A57 -> アマンタジン塩酸塩錠５０ｍｇ「杏林」 | D59: =薬品マスタリスト_20260130100542!B57 -> ｱﾏﾝﾀｼﾞﾝｴﾝｻﾝｴﾝｼﾞｮｳ50mg｢ｷｮｳﾘﾝ｣ | E59: =薬品マスタリスト_20260130100542!C57 -> 1 | F59: =薬品マスタリスト_20260130100542!D57 -> 錠剤 | G59: =match_results!C56 -> アマンタジン塩酸塩錠 ５０ | H59: =match_results!D56 -> 290 | I59: =match_results!E56 -> 77.419355 | K59: =IF($J59="〇",OFFSET(集計!B$3,合体!$H59,0),"") | L59: =IF($J59="〇",OFFSET(集計!C$3,合体!$H59,0),"") | M59: =IF($J59="〇",OFFSET(集計!D$3,合体!$H59,0),"")
B60: =B59+1 -> 56 | C60: =薬品マスタリスト_20260130100542!A58 -> アミオダロン塩酸塩速崩錠５０ｍｇ「ＴＥ」 | D60: =薬品マスタリスト_20260130100542!B58 -> ｱﾐｵﾀﾞﾛﾝｴﾝｻﾝｴﾝｿｸﾎｳｼﾞｮｳ50mg｢TE｣ | E60: =薬品マスタリスト_20260130100542!C58 -> 1 | F60: =薬品マスタリスト_20260130100542!D58 -> 錠剤 | G60: =match_results!C57 -> アミオダロン塩酸塩速崩錠５０ｍｇ | H60: =match_results!D57 -> 129 | I60: =match_results!E57 -> 88.888889 | K60: =IF($J60="〇",OFFSET(集計!B$3,合体!$H60,0),"") | L60: =IF($J60="〇",OFFSET(集計!C$3,合体!$H60,0),"") | M60: =IF($J60="〇",OFFSET(集計!D$3,合体!$H60,0),"")
B61: =B60+1 -> 57 | C61: =薬品マスタリスト_20260130100542!A59 -> アミティーザカプセル２４μｇ | D61: =薬品マスタリスト_20260130100542!B59 -> ｱﾐﾃｨｰｻﾞｶﾌﾟｾﾙ24μg | E61: =薬品マスタリスト_20260130100542!C59 -> 2 | F61: =薬品マスタリスト_20260130100542!D59 -> カプセル | G61: =match_results!C58 -> アミティーザカプセル | H61: =match_results!D58 -> 653 | I61: =match_results!E58 -> 83.333333 | K61: =IF($J61="〇",OFFSET(集計!B$3,合体!$H61,0),"") | L61: =IF($J61="〇",OFFSET(集計!C$3,合体!$H61,0),"") | M61: =IF($J61="〇",OFFSET(集計!D$3,合体!$H61,0),"")
B62: =B61+1 -> 58 | C62: =薬品マスタリスト_20260130100542!A60 -> アミノレバンＥＮ配合散 | D62: =薬品マスタリスト_20260130100542!B60 -> ｱﾐﾉﾚﾊﾞﾝENﾊｲｺﾞｳｻﾝ | E62: =薬品マスタリスト_20260130100542!C60 -> 3 | F62: =薬品マスタリスト_20260130100542!D60 -> 散 | G62: =match_results!C59 -> アミノレバンＥＮ配合散 ５０ｇ／包 | H62: =match_results!D59 -> 472 | I62: =match_results!E59 -> 78.571429 | K62: =IF($J62="〇",OFFSET(集計!B$3,合体!$H62,0),"") | L62: =IF($J62="〇",OFFSET(集計!C$3,合体!$H62,0),"") | M62: =IF($J62="〇",OFFSET(集計!D$3,合体!$H62,0),"")
B63: =B62+1 -> 59 | C63: =薬品マスタリスト_20260130100542!A61 -> アミノレバン点滴静注（用時購入） | D63: =薬品マスタリスト_20260130100542!B61 -> ｱﾐﾉﾚﾊﾞﾝﾃﾝﾃｷｼﾞﾖｳﾁﾕｳ | E63: =薬品マスタリスト_20260130100542!C61 -> 25 | F63: =薬品マスタリスト_20260130100542!D61 -> 注射剤 | G63: =match_results!C60 -> アミノレバン点滴静注 | H63: =match_results!D60 -> 379 | I63: =match_results!E60 -> 76.923077 | K63: =IF($J63="〇",OFFSET(集計!B$3,合体!$H63,0),"") | L63: =IF($J63="〇",OFFSET(集計!C$3,合体!$H63,0),"") | M63: =IF($J63="〇",OFFSET(集計!D$3,合体!$H63,0),"")
B64: =B63+1 -> 60 | C64: =薬品マスタリスト_20260130100542!A62 -> アムロジピンＯＤ錠２．５ｍｇ「あすか」 | D64: =薬品マスタリスト_20260130100542!B62 -> ｱﾑﾛｼﾞﾋﾟﾝODｼﾞｮｳ2.5mg｢ｱｽｶ｣ | E64: =薬品マスタリスト_20260130100542!C62 -> 1 | F64: =薬品マスタリスト_20260130100542!D62 -> 錠剤 | G64: =match_results!C61 -> アムロジピンＯＤ錠２．５ＭＧ 「あすか」 | H64: =match_results!D61 -> 577 | I64: =match_results!E61 -> 61.538462 | K64: =IF($J64="〇",OFFSET(集計!B$3,合体!$H64,0),"") | L64: =IF($J64="〇",OFFSET(集計!C$3,合体!$H64,0),"") | M64: =IF($J64="〇",OFFSET(集計!D$3,合体!$H64,0),"")
B65: =B64+1 -> 61 | C65: =薬品マスタリスト_20260130100542!A63 -> アムロジピンＯＤ錠２．５ｍｇ「明治」 | D65: =薬品マスタリスト_20260130100542!B63 -> ｱﾑﾛｼﾞﾋﾟﾝODｼﾞﾖｳ2.5MGﾒｲｼﾞ | E65: =薬品マスタリスト_20260130100542!C63 -> 1 | F65: =薬品マスタリスト_20260130100542!D63 -> 錠剤 | G65: =match_results!C62 -> アムロジピンＯＤ錠２．５ＭＧ 「あすか」 | H65: =match_results!D62 -> 577 | I65: =match_results!E62 -> 63.157895 | K65: =IF($J65="〇",OFFSET(集計!B$3,合体!$H65,0),"") | L65: =IF($J65="〇",OFFSET(集計!C$3,合体!$H65,0),"") | M65: =IF($J65="〇",OFFSET(集計!D$3,合体!$H65,0),"")
B66: =B65+1 -> 62 | C66: =薬品マスタリスト_20260130100542!A64 -> アラミスト点鼻液２７．５μｇ５６噴霧用 | D66: =薬品マスタリスト_20260130100542!B64 -> ｱﾗﾐｽﾄﾃﾝﾋﾞｴｷ27.5μg56ﾌﾝﾑﾖｳ | E66: =薬品マスタリスト_20260130100542!C64 -> 23 | F66: =薬品マスタリスト_20260130100542!D64 -> 点鼻薬 | G66: =match_results!C63 -> ベラプロスト錠２０μｇ | H66: =match_results!D63 -> 205 | I66: =match_results!E63 -> 40 | K66: =IF($J66="〇",OFFSET(集計!B$3,合体!$H66,0),"") | L66: =IF($J66="〇",OFFSET(集計!C$3,合体!$H66,0),"") | M66: =IF($J66="〇",OFFSET(集計!D$3,合体!$H66,0),"")
... B76: =B75+1 -> 72 | C76: =薬品マスタリスト_20260130100542!A74 -> アリピプラゾールＯＤ錠１２ｍｇ「ヨシトミ」 | D76: =薬品マスタリスト_20260130100542!B74 -> ｱﾘﾋﾟﾌﾟﾗｿﾞｰﾙODｼﾞｮｳ12mg｢ﾖｼﾄﾐ｣ | E76: =薬品マスタリスト_20260130100542!C74 -> 1 | F76: =薬品マスタリスト_20260130100542!D74 -> 錠剤 | G76: =match_results!C73 -> アリピプラゾールＯＤ錠１２ｍｇ「ニプロ」 | H76: =match_results!D73 -> 612 | I76: =match_results!E73 -> 82.926829 | K76: =IF($J76="〇",OFFSET(集計!B$3,合体!$H76,0),"") | L76: =IF($J76="〇",OFFSET(集計!C$3,合体!$H76,0),"") | M76: =IF($J76="〇",OFFSET(集計!D$3,合体!$H76,0),"")
B77: =B76+1 -> 73 | C77: =薬品マスタリスト_20260130100542!A75 -> アリピプラゾールＯＤ錠３ｍｇ「ニプロ」 | D77: =薬品マスタリスト_20260130100542!B75 -> ｱﾘﾋﾟﾌﾟﾗｿﾞ-ﾙODｼﾞﾖｳ3MGﾆﾌﾟﾛ | E77: =薬品マスタリスト_20260130100542!C75 -> 1 | F77: =薬品マスタリスト_20260130100542!D75 -> 錠剤 | G77: =match_results!C74 -> アリピプラゾールＯＤ錠３ｍｇ「ニプロ」 | H77: =match_results!D74 -> 492 | I77: =match_results!E74 -> 100 | J77: 〇 | K77: =IF($J77="〇",OFFSET(集計!B$3,合体!$H77,0),"") -> 5.88 | L77: =IF($J77="〇",OFFSET(集計!C$3,合体!$H77,0),"") -> 2215.7778 | M77: =IF($J77="〇",OFFSET(集計!D$3,合体!$H77,0),"") -> 13028.773
B78: =B77+1 -> 74 | C78: =薬品マスタリスト_20260130100542!A76 -> アリピプラゾールＯＤ錠１２ｍｇ「ニプロ」 | D78: =薬品マスタリスト_20260130100542!B76 -> ｱﾘﾋﾟﾌﾟﾗｿﾞ-ﾙODｼﾞﾖｳ12MGﾆﾌﾟﾛ | E78: =薬品マスタリスト_20260130100542!C76 -> 1 | F78: =薬品マスタリスト_20260130100542!D76 -> 錠剤 | G78: =match_results!C75 -> アリピプラゾールＯＤ錠１２ｍｇ「ニプロ」 | H78: =match_results!D75 -> 612 | I78: =match_results!E75 -> 100 | J78: 〇 | K78: =IF($J78="〇",OFFSET(集計!B$3,合体!$H78,0),"") -> 21.12 | L78: =IF($J78="〇",OFFSET(集計!C$3,合体!$H78,0),"") -> 1904 | M78: =IF($J78="〇",OFFSET(集計!D$3,合体!$H78,0),"") -> 40212.48
B79: =B78+1 -> 75 | C79: =薬品マスタリスト_20260130100542!A77 -> アリピプラゾールＯＤ錠６ｍｇ「ニプロ」 | D79: =薬品マスタリスト_20260130100542!B77 -> ｱﾘﾋﾟﾌﾟﾗｿﾞ-ﾙODｼﾞﾖｳ6MGﾆﾌﾟﾛ | E79: =薬品マスタリスト_20260130100542!C77 -> 1 | F79: =薬品マスタリスト_20260130100542!D77 -> 錠剤 | G79: =match_results!C76 -> アリピプラゾールＯＤ錠６ｍｇ「ニプロ」 | H79: =match_results!D76 -> 504 | I79: =match_results!E76 -> 100 | J79: 〇 | K79: =IF($J79="〇",OFFSET(集計!B$3,合体!$H79,0),"") -> 10.96 | L79: =IF($J79="〇",OFFSET(集計!C$3,合体!$H79,0),"") -> 1290 | M79: =IF($J79="〇",OFFSET(集計!D$3,合体!$H79,0),"") -> 14138.4
B80: =B79+1 -> 76 | C80: =薬品マスタリスト_20260130100542!A78 -> アリピプラゾール散１％「ニプロ」 | D80: =薬品マスタリスト_20260130100542!B78 -> ｱﾘﾋﾟﾌﾟﾗｿﾞ-ﾙｻﾝ1%ﾆﾌﾟﾛ | E80: =薬品マスタリスト_20260130100542!C78 -> 3 | F80: =薬品マスタリスト_20260130100542!D78 -> 散 | G80: =match_results!C77 -> アリピプラゾール散１％「ニプロ」 | H80: =match_results!D77 -> 125 | I80: =match_results!E77 -> 100 | J80: 〇 | K80: =IF($J80="〇",OFFSET(集計!B$3,合体!$H80,0),"") -> 17.2 | L80: =IF($J80="〇",OFFSET(集計!C$3,合体!$H80,0),"") -> 102 | M80: =IF($J80="〇",OFFSET(集計!D$3,合体!$H80,0),"") -> 1754.4
B81: =B80+1 -> 77 | C81: =薬品マスタリスト_20260130100542!A79 -> アリピプラゾール錠１ｍｇ「サワイ」 | D81: =薬品マスタリスト_20260130100542!B79 -> ｱﾘﾋﾟﾌﾟﾗｿﾞ-ﾙｼﾞﾖｳ1MGｻﾜｲ | E81: =薬品マスタリスト_20260130100542!C79 -> 1 | F81: =薬品マスタリスト_20260130100542!D79 -> 錠剤 | G81: =match_results!C78 -> アリピプラゾール錠１ｍｇ「サワイ」 | H81: =match_results!D78 -> 313 | I81: =match_results!E78 -> 100 | J81: 〇 | K81: =IF($J81="〇",OFFSET(集計!B$3,合体!$H81,0),"") -> 5.3 | L81: =IF($J81="〇",OFFSET(集計!C$3,合体!$H81,0),"") -> 944 | M81: =IF($J81="〇",OFFSET(集計!D$3,合体!$H81,0),"") -> 5003.2
B82: =B81+1 -> 78 | C82: =薬品マスタリスト_20260130100542!A80 -> アルサルミン液 | D82: =薬品マスタリスト_20260130100542!B80 -> ｱﾙｻﾙﾐﾝｴｷ | E82: =薬品マスタリスト_20260130100542!C80 -> 7 | F82: =薬品マスタリスト_20260130100542!D80 -> 液（内用） | G82: =match_results!C79 -> アジルサルタンＯＤ２０ｍｇ | H82: =match_results!D79 -> 601 | I82: =match_results!E79 -> 50 | K82: =IF($J82="〇",OFFSET(集計!B$3,合体!$H82,0),"") | L82: =IF($J82="〇",OFFSET(集計!C$3,合体!$H82,0),"") | M82: =IF($J82="〇",OFFSET(集計!D$3,合体!$H82,0),"")
B83: =B82+1 -> 79 | C83: =薬品マスタリスト_20260130100542!A81 -> アルダクトンＡ錠２５ｍｇ | D83: =薬品マスタリスト_20260130100542!B81 -> ｱﾙﾀﾞｸﾄﾝAｼﾞｮｳ25mg | E83: =薬品マスタリスト_20260130100542!C81 -> 1 | F83: =薬品マスタリスト_20260130100542!D81 -> 錠剤 | G83: =match_results!C80 -> アルダクトンＡ錠２５ｍｇ | H83: =match_results!D80 -> 240 | I83: =match_results!E80 -> 100 | J83: 〇 | K83: =IF($J83="〇",OFFSET(集計!B$3,合体!$H83,0),"") -> 12.59 | L83: =IF($J83="〇",OFFSET(集計!C$3,合体!$H83,0),"") -> 270 | M83: =IF($J83="〇",OFFSET(集計!D$3,合体!$H83,0),"") -> 3399.3
B84: =B83+1 -> 80 | C84: =薬品マスタリスト_20260130100542!A82 -> アルファカルシドールカプセル０．５μｇ「サワイ」 | D84: =薬品マスタリスト_20260130100542!B82 -> ｱﾙﾌｧｶﾙｼﾄﾞｰﾙｶﾌﾟｾﾙ0.5μg｢ｻﾜｲ｣ | E84: =薬品マスタリスト_20260130100542!C82 -> 2 | F84: =薬品マスタリスト_20260130100542!D82 -> カプセル | G84: =match_results!C81 -> アルファカルシドール０．５「フソー」 | H84: =match_results!D81 -> 470 | I84: =match_results!E81 -> 71.428571 | K84: =IF($J84="〇",OFFSET(集計!B$3,合体!$H84,0),"") | L84: =IF($J84="〇",OFFSET(集計!C$3,合体!$H84,0),"") | M84: =IF($J84="〇",OFFSET(集計!D$3,合体!$H84,0),"")
B85: =B84+1 -> 81 | C85: =薬品マスタリスト_20260130100542!A83 -> アルブミナー２５％静注１２．５ｇ／５０ｍＬ | D85: =薬品マスタリスト_20260130100542!B83 -> ｱﾙﾌﾞﾐﾅｰ25%ｼﾞｮｳﾁｭｳ12.5g/50mL | E85: =薬品マスタリスト_20260130100542!C83 -> 25 | F85: =薬品マスタリスト_20260130100542!D83 -> 注射剤 | G85: =match_results!C82 -> アルブミナ－ ２５％静注１２．５Ｇ／５０ＭＬ | H85: =match_results!D82 -> 270 | I85: =match_results!E82 -> 83.72093 | K85: =IF($J85="〇",OFFSET(集計!B$3,合体!$H85,0),"") | L85: =IF($J85="〇",OFFSET(集計!C$3,合体!$H85,0),"") | M85: =IF($J85="〇",OFFSET(集計!D$3,合体!$H85,0),"")
B86: =B85+1 -> 82 | C86: =薬品マスタリスト_20260130100542!A84 -> アルファカルシドールカプセル０．５μｇ「フソー」 | D86: =薬品マスタリスト_20260130100542!B84 -> ｱﾙﾌｱｶﾙｼﾄﾞ-ﾙｶﾌﾟｾﾙ0.5ﾏｲｸﾛGﾌｿ- | E86: =薬品マスタリスト_20260130100542!C84 -> 2 | F86: =薬品マスタリスト_20260130100542!D84 -> カプセル | G86: =match_results!C83 -> アルファカルシドール０．５「フソー」 | H86: =match_results!D83 -> 470 | I86: =match_results!E83 -> 85.714286 | K86: =IF($J86="〇",OFFSET(集計!B$3,合体!$H86,0),"") | L86: =IF($J86="〇",OFFSET(集計!C$3,合体!$H86,0),"") | M86: =IF($J86="〇",OFFSET(集計!D$3,合体!$H86,0),"")
B87: =B86+1 -> 83 | C87: =薬品マスタリスト_20260130100542!A85 -> アルメタ軟膏 | D87: =薬品マスタリスト_20260130100542!B85 -> ｱﾙﾒﾀﾅﾝｺｳ | E87: =薬品マスタリスト_20260130100542!C85 -> 14 | F87: =薬品マスタリスト_20260130100542!D85 -> 軟膏 | G87: =match_results!C84 -> ボアラ軟膏 | H87: =match_results!D84 -> 265 | I87: =match_results!E84 -> 54.545455 | K87: =IF($J87="〇",OFFSET(集計!B$3,合体!$H87,0),"") | L87: =IF($J87="〇",OFFSET(集計!C$3,合体!$H87,0),"") | M87: =IF($J87="〇",OFFSET(集計!D$3,合体!$H87,0),"")
B88: =B87+1 -> 84 | C88: =薬品マスタリスト_20260130100542!A86 -> アレギサール点眼液０．１％ | D88: =薬品マスタリスト_20260130100542!B86 -> ｱﾚｷﾞｻｰﾙﾃﾝｶﾞﾝｴｷ0.1% | E88: =薬品マスタリスト_20260130100542!C86 -> 21 | F88: =薬品マスタリスト_20260130100542!D86 -> 点眼剤 | G88: =match_results!C85 -> アレギサール点眼液０．１％ ５ｍｌ／本 | H88: =match_results!D85 -> 468 | I88: =match_results!E85 -> 81.25 | K88: =IF($J88="〇",OFFSET(集計!B$3,合体!$H88,0),"") | L88: =IF($J88="〇",OFFSET(集計!C$3,合体!$H88,0),"") | M88: =IF($J88="〇",OFFSET(集計!D$3,合体!$H88,0),"")
B89: =B88+1 -> 85 | C89: =薬品マスタリスト_20260130100542!A87 -> アレビアチン散１０％ | D89: =薬品マスタリスト_20260130100542!B87 -> ｱﾚﾋﾞｱﾁﾝｻﾝ10% | E89: =薬品マスタリスト_20260130100542!C87 -> 3 | F89: =薬品マスタリスト_20260130100542!D87 -> 散 | G89: =match_results!C86 -> アレビアチン散１０％ | H89: =match_results!D86 -> 256 | I89: =match_results!E86 -> 100 | J89: 〇 | K89: =IF($J89="〇",OFFSET(集計!B$3,合体!$H89,0),"") -> 10.79 | L89: =IF($J89="〇",OFFSET(集計!C$3,合体!$H89,0),"") -> 339 | M89: =IF($J89="〇",OFFSET(集計!D$3,合体!$H89,0),"") -> 3657.81
B90: =B89+1 -> 86 | C90: =薬品マスタリスト_20260130100542!A88 -> アレビアチン注射液 | D90: =薬品マスタリスト_20260130100542!B88 -> ｱﾚﾋﾞｱﾁﾝﾁｭｳｼｬｴｷ | E90: =薬品マスタリスト_20260130100542!C88 -> 25 | F90: =薬品マスタリスト_20260130100542!D88 -> 注射剤 | G90: =match_results!C87 -> アレビアチン散１０％ | H90: =match_results!D87 -> 256 | I90: =match_results!E87 -> 63.157895 | K90: =IF($J90="〇",OFFSET(集計!B$3,合体!$H90,0),"") | L90: =IF($J90="〇",OFFSET(集計!C$3,合体!$H90,0),"") | M90: =IF($J90="〇",OFFSET(集計!D$3,合体!$H90,0),"")
B91: =B90+1 -> 87 | C91: =薬品マスタリスト_20260130100542!A89 -> アレンドロン酸点滴静注バッグ９００μｇ「ＨＫ」 | D91: =薬品マスタリスト_20260130100542!B89 -> ｱﾚﾝﾄﾞﾛﾝｻﾝﾃﾝﾃｷｼﾞｮｳﾁｭｳﾊﾞｯｸﾞ900μg｢HK｣ | E91: =薬品マスタリスト_20260130100542!C89 -> 25 | F91: =薬品マスタリスト_20260130100542!D89 -> 注射剤 | G91: =match_results!C88 -> レボフロキサシン点滴静注バッグ | H91: =match_results!D88 -> 481 | I91: =match_results!E88 -> 52.631579 | K91: =IF($J91="〇",OFFSET(集計!B$3,合体!$H91,0),"") | L91: =IF($J91="〇",OFFSET(集計!C$3,合体!$H91,0),"") | M91: =IF($J91="〇",OFFSET(集計!D$3,合体!$H91,0),"")
B92: =B91+1 -> 88 | C92: =薬品マスタリスト_20260130100542!A90 -> アロプリノール錠１００ｍｇ「サワイ」 | D92: =薬品マスタリスト_20260130100542!B90 -> ｱﾛﾌﾟﾘﾉｰﾙｼﾞｮｳ100mg｢ｻﾜｲ｣ | E92: =薬品マスタリスト_20260130100542!C90 -> 1 | F92: =薬品マスタリスト_20260130100542!D90 -> 錠剤 | G92: =match_results!C89 -> アロプリノール錠１００ｍｇ | H92: =match_results!D89 -> 520 | I92: =match_results!E89 -> 83.870968 | K92: =IF($J92="〇",OFFSET(集計!B$3,合体!$H92,0),"") | L92: =IF($J92="〇",OFFSET(集計!C$3,合体!$H92,0),"") | M92: =IF($J92="〇",OFFSET(集計!D$3,合体!$H92,0),"")
B93: =B92+1 -> 89 | C93: =薬品マスタリスト_20260130100542!A91 -> アンテベート軟膏０．０５％ | D93: =薬品マスタリスト_20260130100542!B91 -> ｱﾝﾃﾍﾞｰﾄﾅﾝｺｳ0.05% | E93: =薬品マスタリスト_20260130100542!C91 -> 14 | F93: =薬品マスタリスト_20260130100542!D91 -> 軟膏 | G93: =match_results!C90 -> デルモベ－ト軟膏０．０５％ ５ｇ／本 | H93: =match_results!D90 -> 168 | I93: =match_results!E90 -> 58.064516 | K93: =IF($J93="〇",OFFSET(集計!B$3,合体!$H93,0),"") | L93: =IF($J93="〇",OFFSET(集計!C$3,合体!$H93,0),"") | M93: =IF($J93="〇",OFFSET(集計!D$3,合体!$H93,0),"")
B94: =B93+1 -> 90 | C94: =薬品マスタリスト_20260130100542!A92 -> アンヒバ坐剤小児用２００ｍｇ | D94: =薬品マスタリスト_20260130100542!B92 -> ｱﾝﾋﾊﾞｻﾞｻﾞｲｼｮｳﾆﾖｳ200mg | E94: =薬品マスタリスト_20260130100542!C92 -> 12 | F94: =薬品マスタリスト_20260130100542!D92 -> 坐剤 | G94: =match_results!C91 -> クエチアピン錠２００ｍｇ | H94: =match_results!D91 -> 596 | I94: =match_results!E91 -> 53.846154 | K94: =IF($J94="〇",OFFSET(集計!B$3,合体!$H94,0),"") | L94: =IF($J94="〇",OFFSET(集計!C$3,合体!$H94,0),"") | M94: =IF($J94="〇",OFFSET(集計!D$3,合体!$H94,0),"")
B95: =B94+1 -> 91 | C95: =薬品マスタリスト_20260130100542!A93 -> イグザレルト錠１０ｍｇ | D95: =薬品マスタリスト_20260130100542!B93 -> ｲｸﾞｻﾞﾚﾙﾄｼﾞｮｳ10mg | E95: =薬品マスタリスト_20260130100542!C93 -> 1 | F95: =薬品マスタリスト_20260130100542!D93 -> 錠剤 | G95: =match_results!C92 -> インデラル錠１０ｍｇ | H95: =match_results!D92 -> 370 | I95: =match_results!E92 -> 66.666667 | K95: =IF($J95="〇",OFFSET(集計!B$3,合体!$H95,0),"") | L95: =IF($J95="〇",OFFSET(集計!C$3,合体!$H95,0),"") | M95: =IF($J95="〇",OFFSET(集計!D$3,合体!$H95,0),"")
B96: =B95+1 -> 92 | C96: =薬品マスタリスト_20260130100542!A94 -> イグザレルトＯＤ錠１０ｍｇ | D96: =薬品マスタリスト_20260130100542!B94 -> ｲｸﾞｻﾞﾚﾙﾄODｼﾞﾖｳ10MG | E96: =薬品マスタリスト_20260130100542!C94 -> 1 | F96: =薬品マスタリスト_20260130100542!D94 -> 錠剤 | G96: =match_results!C93 -> レキサルティＯＤ錠１ｍｇ | H96: =match_results!D93 -> 662 | I96: =match_results!E93 -> 64 | K96: =IF($J96="〇",OFFSET(集計!B$3,合体!$H96,0),"") | L96: =IF($J96="〇",OFFSET(集計!C$3,合体!$H96,0),"") | M96: =IF($J96="〇",OFFSET(集計!D$3,合体!$H96,0),"")
B97: =B96+1 -> 93 | C97: =薬品マスタリスト_20260130100542!A95 -> イーケプラ錠２５０ｍｇ | D97: =薬品マスタリスト_20260130100542!B95 -> ｲｰｹﾌﾟﾗｼﾞｮｳ250mg | E97: =薬品マスタリスト_20260130100542!C95 -> 1 | F97: =薬品マスタリスト_20260130100542!D95 -> 錠剤 | G97: =match_results!C94 -> フラジール錠２５０ｍｇ | H97: =match_results!D94 -> 85 | I97: =match_results!E94 -> 63.636364 | K97: =IF($J97="〇",OFFSET(集計!B$3,合体!$H97,0),"") | L97: =IF($J97="〇",OFFSET(集計!C$3,合体!$H97,0),"") | M97: =IF($J97="〇",OFFSET(集計!D$3,合体!$H97,0),"")
B98: =B97+1 -> 94 | C98: =薬品マスタリスト_20260130100542!A96 -> イーケプラドライシロップ５０％ | D98: =薬品マスタリスト_20260130100542!B96 -> ｲｰｹﾌﾟﾗﾄﾞﾗｲｼﾛｯﾌﾟ50% | E98: =薬品マスタリスト_20260130100542!C96 -> 3 | F98: =薬品マスタリスト_20260130100542!D96 -> 散 | G98: =match_results!C95 -> レベチラセタムドライシロップ５０％「明治」 | H98: =match_results!D95 -> 194 | I98: =match_results!E95 -> 61.111111 | K98: =IF($J98="〇",OFFSET(集計!B$3,合体!$H98,0),"") | L98: =IF($J98="〇",OFFSET(集計!C$3,合体!$H98,0),"") | M98: =IF($J98="〇",OFFSET(集計!D$3,合体!$H98,0),"")
B99: =B98+1 -> 95 | C99: =薬品マスタリスト_20260130100542!A97 -> イーケプラ点滴静注５００ｍｇ | D99: =薬品マスタリスト_20260130100542!B97 -> ｲｰｹﾌﾟﾗﾃﾝﾃｷｼﾞｮｳﾁｭｳ500mg | E99: =薬品マスタリスト_20260130100542!C97 -> 25 | F99: =薬品マスタリスト_20260130100542!D97 -> 注射剤 | G99: =match_results!C96 -> ベクルリー点滴静注用１００ｍｇ | H99: =match_results!D96 -> 664 | I99: =match_results!E96 -> 62.068966 | K99: =IF($J99="〇",OFFSET(集計!B$3,合体!$H99,0),"") | L99: =IF($J99="〇",OFFSET(集計!C$3,合体!$H99,0),"") | M99: =IF($J99="〇",OFFSET(集計!D$3,合体!$H99,0),"")
B100: =B99+1 -> 96 | C100: =薬品マスタリスト_20260130100542!A98 -> イコサペント酸エチルカプセル３００ｍｇ「日医工」 | D100: =薬品マスタリスト_20260130100542!B98 -> ｲｺｻﾍﾟﾝﾄｻﾝｴﾁﾙｶﾌﾟｾﾙ300mg｢ﾆﾁｲｺｳ｣ | E100: =薬品マスタリスト_20260130100542!C98 -> 2 | F100: =薬品マスタリスト_20260130100542!D98 -> カプセル | G100: =match_results!C97 -> イコサペント酸エチルカプセル ３００ | H100: =match_results!D97 -> 326 | I100: =match_results!E97 -> 80.952381 | K100: =IF($J100="〇",OFFSET(集計!B$3,合体!$H100,0),"") | L100: =IF($J100="〇",OFFSET(集計!C$3,合体!$H100,0),"") | M100: =IF($J100="〇",OFFSET(集計!D$3,合体!$H100,0),"")
B101: =B100+1 -> 97 | C101: =薬品マスタリスト_20260130100542!A99 -> 胃散(院内製剤) | D101: =薬品マスタリスト_20260130100542!B99 -> ｲｻﾝ(院ﾅｲｾｲｻﾞｲ) | E101: =薬品マスタリスト_20260130100542!C99 -> 3 | F101: =薬品マスタリスト_20260130100542!D99 -> 散 | G101: =match_results!C98 -> モビコール配合内用剤ＬＤ | H101: =match_results!D98 -> 440 | I101: =match_results!E98 -> 20 | K101: =IF($J101="〇",OFFSET(集計!B$3,合体!$H101,0),"") | L101: =IF($J101="〇",OFFSET(集計!C$3,合体!$H101,0),"") | M101: =IF($J101="〇",OFFSET(集計!D$3,合体!$H101,0),"")
... B107: =B106+1 -> 103 | C107: =薬品マスタリスト_20260130100542!A105 -> ＥＰＬカプセル２５０ｍｇ | D107: =薬品マスタリスト_20260130100542!B105 -> EPLｶﾌﾟｾﾙ250mg | E107: =薬品マスタリスト_20260130100542!C105 -> 2 | F107: =薬品マスタリスト_20260130100542!D105 -> カプセル | G107: =match_results!C104 -> ＥＰＬカプセル２５０ｍｇ バラ ４００Ｐ | H107: =match_results!D104 -> 39 | I107: =match_results!E104 -> 75 | K107: =IF($J107="〇",OFFSET(集計!B$3,合体!$H107,0),"") | L107: =IF($J107="〇",OFFSET(集計!C$3,合体!$H107,0),"") | M107: =IF($J107="〇",OFFSET(集計!D$3,合体!$H107,0),"")
B108: =B107+1 -> 104 | C108: =薬品マスタリスト_20260130100542!A106 -> イフェクサーＳＲカプセル３７．５ｍｇ | D108: =薬品マスタリスト_20260130100542!B106 -> ｲﾌｪｸｻｰSRｶﾌﾟｾﾙ37.5mg | E108: =薬品マスタリスト_20260130100542!C106 -> 2 | F108: =薬品マスタリスト_20260130100542!D106 -> カプセル | G108: =match_results!C105 -> イフェクサーＳＲカプセル３７．５ｍｇ | H108: =match_results!D105 -> 637 | I108: =match_results!E105 -> 100 | J108: 〇 | K108: =IF($J108="〇",OFFSET(集計!B$3,合体!$H108,0),"") -> 93.22 | L108: =IF($J108="〇",OFFSET(集計!C$3,合体!$H108,0),"") -> 675 | M108: =IF($J108="〇",OFFSET(集計!D$3,合体!$H108,0),"") -> 62923.5
B109: =B108+1 -> 105 | C109: =薬品マスタリスト_20260130100542!A107 -> イフェクサーＳＲカプセル７５ｍｇ | D109: =薬品マスタリスト_20260130100542!B107 -> ｲﾌｪｸｻｰSRｶﾌﾟｾﾙ75mg | E109: =薬品マスタリスト_20260130100542!C107 -> 2 | F109: =薬品マスタリスト_20260130100542!D107 -> カプセル | G109: =match_results!C106 -> イフェクサーＳＲカプセル７５ｍｇ | H109: =match_results!D106 -> 661 | I109: =match_results!E106 -> 100 | J109: 〇 | K109: =IF($J109="〇",OFFSET(集計!B$3,合体!$H109,0),"") -> 154.03 | L109: =IF($J109="〇",OFFSET(集計!C$3,合体!$H109,0),"") -> 763.5 | M109: =IF($J109="〇",OFFSET(集計!D$3,合体!$H109,0),"") -> 117601.9
B110: =B109+1 -> 106 | C110: =薬品マスタリスト_20260130100542!A108 -> イベニティ皮下注１０５ｍｇシリンジ | D110: =薬品マスタリスト_20260130100542!B108 -> ｲﾍﾞﾆﾃｨﾋｶﾁｭｳ105mgｼﾘﾝｼﾞ | E110: =薬品マスタリスト_20260130100542!C108 -> 25 | F110: =薬品マスタリスト_20260130100542!D108 -> 注射剤 | G110: =match_results!C107 -> イベニティ皮下注１０５ｍｇシリンジ | H110: =match_results!D107 -> 5 | I110: =match_results!E107 -> 100 | J110: 〇 | K110: =IF($J110="〇",OFFSET(集計!B$3,合体!$H110,0),"") -> 43356 | L110: =IF($J110="〇",OFFSET(集計!C$3,合体!$H110,0),"") -> 0 | M110: =IF($J110="〇",OFFSET(集計!D$3,合体!$H110,0),"") -> 0
B111: =B110+1 -> 107 | C111: =薬品マスタリスト_20260130100542!A109 -> イリボー錠５μｇ | D111: =薬品マスタリスト_20260130100542!B109 -> ｲﾘﾎﾞｰｼﾞｮｳ5μg | E111: =薬品マスタリスト_20260130100542!C109 -> 1 | F111: =薬品マスタリスト_20260130100542!D109 -> 錠剤 | G111: =match_results!C108 -> マイスリー錠５ｍｇ | H111: =match_results!D108 -> 419 | I111: =match_results!E108 -> 70.588235 | K111: =IF($J111="〇",OFFSET(集計!B$3,合体!$H111,0),"") | L111: =IF($J111="〇",OFFSET(集計!C$3,合体!$H111,0),"") | M111: =IF($J111="〇",OFFSET(集計!D$3,合体!$H111,0),"")
B112: =B111+1 -> 108 | C112: =薬品マスタリスト_20260130100542!A110 -> イルベサルタン錠５０ｍｇ「ニプロ」 | D112: =薬品マスタリスト_20260130100542!B110 -> ｲﾙﾍﾞｻﾙﾀﾝｼﾞｮｳ50mg｢ﾆﾌﾟﾛ｣ | E112: =薬品マスタリスト_20260130100542!C110 -> 1 | F112: =薬品マスタリスト_20260130100542!D110 -> 錠剤 | G112: =match_results!C109 -> イルベサルタン錠５０ｍｇ「サワイ」 | H112: =match_results!D109 -> 654 | I112: =match_results!E109 -> 82.352941 | K112: =IF($J112="〇",OFFSET(集計!B$3,合体!$H112,0),"") | L112: =IF($J112="〇",OFFSET(集計!C$3,合体!$H112,0),"") | M112: =IF($J112="〇",OFFSET(集計!D$3,合体!$H112,0),"")
B113: =B112+1 -> 109 | C113: =薬品マスタリスト_20260130100542!A111 -> イルベサルタン錠５０ｍｇ「サワイ」 | D113: =薬品マスタリスト_20260130100542!B111 -> ｲﾙﾍﾞｻﾙﾀﾝｼﾞｮｳ50mg｢ｻﾜｲ｣ | E113: =薬品マスタリスト_20260130100542!C111 -> 1 | F113: =薬品マスタリスト_20260130100542!D111 -> 錠剤 | G113: =match_results!C110 -> イルベサルタン錠５０ｍｇ「サワイ」 | H113: =match_results!D110 -> 654 | I113: =match_results!E110 -> 100 | J113: 〇 | K113: =IF($J113="〇",OFFSET(集計!B$3,合体!$H113,0),"") -> 8.7 | L113: =IF($J113="〇",OFFSET(集計!C$3,合体!$H113,0),"") -> 9549 | M113: =IF($J113="〇",OFFSET(集計!D$3,合体!$H113,0),"") -> 83076.3
B114: =B113+1 -> 110 | C114: =薬品マスタリスト_20260130100542!A112 -> インヴェガ錠３ｍｇ | D114: =薬品マスタリスト_20260130100542!B112 -> ｲﾝｳﾞｪｶﾞｼﾞｮｳ3mg | E114: =薬品マスタリスト_20260130100542!C112 -> 1 | F114: =薬品マスタリスト_20260130100542!D112 -> 錠剤 | G114: =match_results!C111 -> インヴェガ錠３ｍｇ | H114: =match_results!D111 -> 646 | I114: =match_results!E111 -> 100 | J114: 〇 | K114: =IF($J114="〇",OFFSET(集計!B$3,合体!$H114,0),"") -> 201.6 | L114: =IF($J114="〇",OFFSET(集計!C$3,合体!$H114,0),"") -> 344.14286 | M114: =IF($J114="〇",OFFSET(集計!D$3,合体!$H114,0),"") -> 69379.2
B115: =B114+1 -> 111 | C115: =薬品マスタリスト_20260130100542!A113 -> インヴェガ錠６ｍｇ | D115: =薬品マスタリスト_20260130100542!B113 -> ｲﾝｳﾞｪｶﾞｼﾞｮｳ6mg | E115: =薬品マスタリスト_20260130100542!C113 -> 1 | F115: =薬品マスタリスト_20260130100542!D113 -> 錠剤 | G115: =match_results!C112 -> インヴェガ錠６ｍｇ | H115: =match_results!D112 -> 665 | I115: =match_results!E112 -> 100 | J115: 〇 | K115: =IF($J115="〇",OFFSET(集計!B$3,合体!$H115,0),"") -> 371.36 | L115: =IF($J115="〇",OFFSET(集計!C$3,合体!$H115,0),"") -> 666.66667 | M115: =IF($J115="〇",OFFSET(集計!D$3,合体!$H115,0),"") -> 247573.33
B116: =B115+1 -> 112 | C116: =薬品マスタリスト_20260130100542!A114 -> インチュニブ錠１ｍｇ | D116: =薬品マスタリスト_20260130100542!B114 -> ｲﾝﾁｭﾆﾌﾞｼﾞｮｳ1mg | E116: =薬品マスタリスト_20260130100542!C114 -> 1 | F116: =薬品マスタリスト_20260130100542!D114 -> 錠剤 | G116: =match_results!C113 -> チザニジン錠１ｍｇ | H116: =match_results!D113 -> 229 | I116: =match_results!E113 -> 63.157895 | K116: =IF($J116="〇",OFFSET(集計!B$3,合体!$H116,0),"") | L116: =IF($J116="〇",OFFSET(集計!C$3,合体!$H116,0),"") | M116: =IF($J116="〇",OFFSET(集計!D$3,合体!$H116,0),"")
B117: =B116+1 -> 113 | C117: =薬品マスタリスト_20260130100542!A115 -> インチュニブ錠３ｍｇ | D117: =薬品マスタリスト_20260130100542!B115 -> ｲﾝﾁｭﾆﾌﾞｼﾞｮｳ3mg | E117: =薬品マスタリスト_20260130100542!C115 -> 1 | F117: =薬品マスタリスト_20260130100542!D115 -> 錠剤 | G117: =match_results!C114 -> インヴェガ錠３ｍｇ | H117: =match_results!D114 -> 646 | I117: =match_results!E114 -> 63.157895 | K117: =IF($J117="〇",OFFSET(集計!B$3,合体!$H117,0),"") | L117: =IF($J117="〇",OFFSET(集計!C$3,合体!$H117,0),"") | M117: =IF($J117="〇",OFFSET(集計!D$3,合体!$H117,0),"")
...

Sheet match_results
A1: A行番号 | B1: A薬品名 | C1: B候補 | D1: B行番号 | E1: 類似度(0-100)
A2: 1 | B2: アイファガン点眼液０．１％ | C2: アイファガン点眼０．１％ | D2: 93 | E2: 96
A3: 2 | B3: アウィクリ注 フレックスタッチ 総量３００単位 | C3: トレシーバ注フレックスタッチ | D3: 127 | E3: 48.648649
A4: 3 | B4: 亜鉛華軟膏「ニッコー」 | C4: 亜鉛華軟膏 ５００ｇ | D4: 99 | E4: 47.619048
A5: 4 | B5: アキネトン細粒１％ | C5: アキネトン細粒１％ | D5: 1 | E5: 100
A6: 5 | B6: アキネトン注射液５ｍｇ | C6: アキネトン注射液５ｍｇ | D6: 208 | E6: 100
A7: 6 | B7: アクアチムクリーム１％ | C7: アクアチム クリ－ム１％ １０ｇ／本 | D7: 204 | E7: 68.965517
A8: 7 | B8: アクチット輸液 | C8: アクチット輸液 | D8: 235 | E8: 100
A9: 8 | B9: アクトシン軟膏３％ | C9: アクトシン軟膏（３０ｇ） | D9: 2 | E9: 76.190476
A10: 9 | B10: アザルフィジンＥＮ錠５００ｍｇ | C10: アザルフィジンＥＮ（５００） | D10: 230 | E10: 82.758621
A11: 10 | B11: アシクロビル点滴静注用２５０ｍｇ「サワイ」 | C11: アシクロビル点滴２５０ｍｇ | D11: 579 | E11: 76.470588
A12: 11 | B12: アジスロマイシン錠２５０ｍｇ「トーワ」 | C12: アジスロマイシン錠２５０ｍｇ | D12: 331 | E12: 84.848485
A13: 12 | B13: アジルバ錠１０ｍｇ | C13: アジルバ（１０） | D13: 231 | E13: 70.588235
... A1029: 1028 | B1029: ワンパル１号輸液 | C1029: ワンパル２号輸液８００ | D1029: 625 | E1029: 73.684211

Sheet 薬品マスタリスト_20260130100542
A1: 46052
A2: 名称 | B2: カナ名称 | C2: 剤形(区分値) | D2: 剤形
A3: アイファガン点眼液０．１％ | B3: ｱｲﾌｧｶﾞﾝﾃﾝｶﾞﾝｴｷ0.1% | C3: 21 | D3: 点眼剤
A4: アウィクリ注 フレックスタッチ 総量３００単位 | B4: ｱｳｲｸﾘﾁﾕｳﾌﾚﾂｸｽﾀﾂﾁｿｳﾘﾖｳ300ﾀﾝｲ | C4: 25 | D4: 注射剤
A5: 亜鉛華軟膏「ニッコー」 | B5: ｱｴﾝｶﾅﾝｺｳ｢ﾆｯｺｰ｣ | C5: 14 | D5: 軟膏
A6: アキネトン細粒１％ | B6: ｱｷﾈﾄﾝｻｲﾘｭｳ1% | C6: 3 | D6: 散
A7: アキネトン注射液５ｍｇ | B7: ｱｷﾈﾄﾝﾁｭｳｼｬｴｷ5mg | C7: 25 | D7: 注射剤
A8: アクアチムクリーム１％ | B8: ｱｸｱﾁﾑｸﾘｰﾑ1% | C8: 15 | D8: クリーム
A9: アクチット輸液 | B9: ｱｸﾁﾂﾄﾕｴｷ | C9: 25 | D9: 注射剤
A10: アクトシン軟膏３％ | B10: ｱｸﾄｼﾝﾅﾝｺｳ3% | C10: 14 | D10: 軟膏
A11: アザルフィジンＥＮ錠５００ｍｇ | B11: ｱｻﾞﾙﾌｨｼﾞﾝENｼﾞｮｳ500mg | C11: 1 | D11: 錠剤
A12: アシクロビル点滴静注用２５０ｍｇ「サワイ」 | B12: ｱｼｸﾛﾋﾞﾙﾃﾝﾃｷｼﾞｮｳﾁｭｳﾖｳ250mg｢ｻﾜｲ｣ | C12: 25 | D12: 注射剤
A13: アジスロマイシン錠２５０ｍｇ「トーワ」 | B13: ｱｼﾞｽﾛﾏｲｼﾝｼﾞｮｳ250mg｢ﾄｰﾜ｣ | C13: 1 | D13: 錠剤
A14: アジルバ錠１０ｍｇ | B14: ｱｼﾞﾙﾊﾞｼﾞｮｳ10mg | C14: 1 | D14: 錠剤
... A1030: ワンパル１号輸液 | B1030: ﾜﾝﾊﾟﾙ1ｺﾞｳﾕｴｷ | C1030: 25 | D1030: 注射剤

Sheet 集計
A1: 2024年度 北山病院 棚卸 | F1: 10万円以上
F2: 1000錠以上
A3: 商品名 | B3: 納入単価 | C3: 在庫総量 | D3: 在庫金額
A4: アキネトン細粒1% | B4: 20.23 | C4: 0 | D4: 0 | E4: =DBCS(A4) -> アキネトン細粒１％ | F4: =LEFT(E4,5) -> アキネトン
A5: ｱｸﾄｼﾝ軟膏（30ｇ） | B5: 1362 | C5: 0 | D5: 0 | E5: =DBCS(A5) -> アクトシン軟膏（３０ｇ） | F5: =LEFT(E5,5) -> アクトシン
A6: アナフラニール錠10ｍｇ | B6: 8.5 | C6: 0 | D6: 0 | E6: =DBCS(A6) -> アナフラニール錠１０ｍｇ | F6: =LEFT(E6,5) -> アナフラニ
A7: イバンドロン酸1㎖シリンジ | B7: 1368 | C7: 0 | D7: 0 | E7: =DBCS(A7) -> イバンドロン酸１㎖シリンジ | F7: =LEFT(E7,5) -> イバンドロ
A8: イベニティ皮下注105mgシリンジ | B8: 43356 | C8: 0 | D8: 0 | E8: =DBCS(A8) -> イベニティ皮下注１０５ｍｇシリンジ | F8: =LEFT(E8,5) -> イベニティ
A9: ｲﾝﾄﾗﾘﾎﾟｽ輸液20%100ｍｌ | B9: 727 | C9: 0 | D9: 0 | E9: =DBCS(A9) -> イントラリポス輸液２０％１００ｍｌ | F9: =LEFT(E9,5) -> イントラリ
A10: ｷｼﾛｶｲﾝ ﾋﾞｽｶｽ2% | B10: 530 | C10: 0 | D10: 0 | E10: =DBCS(A10) -> キシロカイン ビスカス２％ | F10: =LEFT(E10,5) -> キシロカイ
A11: ｷｼﾛｶｲﾝ ﾎﾟﾝﾌﾟｽﾌﾟﾚ-8% | B11: 19.2 | C11: 0 | D11: 0 | E11: =DBCS(A11) -> キシロカイン ポンプスプレ－８％ | F11: =LEFT(E11,5) -> キシロカイ
A12: ｷｼﾛｶｲﾝ注ﾎﾟﾘｱﾝﾌﾟ0.5% | B12: 52.1 | C12: 0 | D12: 0 | E12: =DBCS(A12) -> キシロカイン注ポリアンプ０．５％ | F12: =LEFT(E12,5) -> キシロカイ
A13: セフタジジム静注用１ｇ １０Ｖ | B13: 405.4 | C13: 0 | D13: 0 | E13: =DBCS(A13) -> セフタジジム静注用１ｇ １０Ｖ | F13: =LEFT(E13,5) -> セフタジジ
A14: ﾃﾞﾙﾓｿﾞ-ﾙG ｸﾘ-ﾑ 5g/本 | B14: 123.38 | C14: 0 | D14: 0 | E14: =DBCS(A14) -> デルモゾ－ルＧ クリ－ム ５ｇ／本 | F14: =LEFT(E14,5) -> デルモゾ－
A15: ドグマチール細粒 | B15: 22.3 | C15: 0 | D15: 0 | E15: =DBCS(A15) -> ドグマチール細粒 | F15: =LEFT(E15,5) -> ドグマチー
... A672: ラツーダ錠40ｍｇ | B672: 265.98 | C672: 2171.4706 | D672: 577567.75 | E672: =DBCS(A672) -> ラツーダ錠４０ｍｇ | F672: =LEFT(E672,5) -> ラツーダ錠
D673: =SUM(D4:D672) -> 10421362

Sheet Sheet1
A1: 2024年度 北山病院薬剤部 棚卸し | J1: 回転台 | M1: 分包機・散薬 | O1: 在庫棚 | P1: ヒート棚
A2: 商品名 | B2: 分類 | C2: 納入単価 | J2: 測定量（ｇ） | K2: 風袋 | L2: g/10T | M2: 測定量（ｇ） | N2: 風袋 | O2: 数量(錠） | P2: ﾋｰﾄ数 | Q2: 在庫総量 | R2: 単位 | S2: 在庫金額
A3: アキネトン細粒1% | B3: 11 | C3: 21.4 | J3: 100 | M3: 52 | N3: 47 | R3: g
A4: アスパラカリウム散50％ | B4: 11 | C4: 5.8 | J4: 221 | M4: 204 | N4: 115
A5: アドナ散 | B5: 11 | C5: 32.6 | M5: 256 | N5: 149 | R5: ｇ
A6: ｱﾘﾋﾟﾌﾟﾗｿﾞｰﾙ散1％「ﾆﾌﾟﾛ」 | B6: 11 | C6: 17.9 | J6: 100 | M6: 56 | N6: 40 | R6: ｇ
A7: アレビアチン散１０％ | B7: 11 | C7: 10.8 | J7: 493 | N7: 237 | R7: ｇ
A8: ウインタミン細粒（１０％） | B8: 11 | C8: 5.8 | J8: 434 | M8: 72 | N8: 42 | R8: ｇ
A9: オランザピン細粒1％「ヨシトミ」 | B9: 11 | C9: 62.4 | J9: 200 | M9: 96 | N9: 43 | R9: ｇ
A10: カルバマゼピン細粒５０％「アメル」 | B10: 11 | C10: 17.1 | J10: 680 | M10: 257 | N10: 229 | R10: ｇ
A11: クエチアピン細粒50％ | B11: 11 | C11: 136.4 | J11: 100 | M11: 111 | N11: 50 | R11: ｇ
A12: グラマリール細粒10％ | B12: 11 | C12: 21.4 | J12: 100 | M12: 121 | N12: 64
A13: コデインリン酸塩酸1％ | B13: 11 | C13: 6.7 | M13: 106 | N13: 103
A14: スルピリド細粒５０％「アメル」 ５００ｇ | B14: 11 | C14: 12.7 | J14: 950 | N14: 76 | R14: ｇ
A15: センノサイド顆粒 ８％ | B15: 11 | C15: 9.9 | M15: 165 | N15: 70 | R15: ｇ
A16: ｾﾝﾌﾞﾘ・重曹散｢ﾖｼﾀﾞ｣ | B16: 11 | C16: 6.5 | J16: 500 | M16: 184 | N16: 97 | R16: ｇ
A17: タンニン酸アルブミン「VTRS] | B17: 11 | C17: 6.2 | J17: 500 | M17: 227 | N17: 116 | R17: ｇ
A18: デパス細粒1％ | B18: 11 | C18: 36.7 | J18: 100 | M18: 182 | N18: 175
A19: テプレノン細粒１０％ | B19: 11 | C19: 9.1 | J19: 200 | M19: 345 | N19: 285 | R19: ｇ
A20: ドグマチール細粒 | B20: 11 | C20: 22.3
A21: トロペロン細粒1％ | B21: 11 | C21: 75.2 | J21: 400 | M21: 171 | N21: 98
A22: トーワチーム配合顆粒 | B22: 11 | J22: 118 | M22: 164 | N22: 118
A23: ﾆｺﾁﾝ酸ｱﾐﾄﾞ散10％「ｿﾞﾝﾈ」 | B23: 11 | J23: 641
A24: バルプロ酸Na徐放顆粒４０％ | B24: 11 | C24: 25.9 | J24: 500 | M24: 388 | N24: 108 | R24: ｇ
A25: ハロペリドール細粒１％ ｢ﾖｼﾄﾐ｣ | B25: 11 | C25: 10.5 | J25: 300 | M25: 105 | N25: 99 | R25: ｇ
A26: パントシン散（２０％） | B26: 11 | C26: 11.4 | J26: 1000 | M26: 589 | N26: 257 | R26: ｇ
A27: ﾋﾞｵﾌｪﾙﾐﾝ配合散 | B27: 11 | C27: 5.3 | M27: 496 | N27: 284 | R27: ｇ
A28: ヒベルナ散 １０％ １００ｇ | B28: 11 | N28: 75 | R28: ｇ
A29: ファモチジン散１０％ | B29: 11 | C29: 43 | J29: 100 | M29: 129 | N29: 39 | R29: ｇ
A30: フェノバルビタール散１０％「ホエイ」 | B30: 11 | C30: 6.5 | J30: 500 | M30: 367 | N30: 58 | R30: ｇ
A31: フェロミア顆粒８．３％ | B31: 11 | C31: 10 | J31: 500 | M31: 140 | N31: 74 | R31: ｇ
A32: ブドウ糖 | B32: 11 | C32: 7.4 | J32: 2303 | M32: 219 | N32: 73 | R32: ｇ
A33: フロセミド細粒 ４％ 「ＥＭＥＣ」 | B33: 11 | C33: 8.3 | J33: 300 | M33: 162 | N33: 149 | R33: ｇ
A34: ブロナンセリン散2％「DSPB] | B34: 11 | C34: 101.4 | J34: 200 | M34: 143 | N34: 49
A35: ブロムペリドール細粒1％ | B35: 11 | J35: 26 | M35: 174 | N35: 75 | R35: ｇ
A36: ﾍﾞｻｺﾘﾝ散5％ | B36: 11 | C36: 8.9 | J36: 100 | M36: 57 | N36: 40 | R36: ｇ
A37: ベンザリン細粒 | B37: 11 | C37: 13.4 | J37: 100 | M37: 139 | N37: 60
A38: マーズレンS配合顆粒 | B38: 11 | C38: 10.2 | J38: 1000 | M38: 392 | N38: 113
A39: モサプリドクエン酸塩散1％「日医工」 | B39: 11 | C39: 9.4 | J39: 200 | M39: 154 | N39: 75
A40: リスパダール細粒１％ | B40: 11 | C40: 104.4 | M40: 150 | N40: 68 | R40: ｇ
A41: ﾚﾍﾞﾁﾗｾﾀﾑﾄﾞﾗｲｼﾛｯﾌﾟ50％「明治」 | B41: 11 | C41: 65.2 | J41: 100 | M41: 68 | N41: 27
A42: レボトミン顆粒 １０％ | B42: 11 | C42: 9.2 | M42: 170 | N42: 99 | R42: ｇ
A43: レボフロキサシン細粒10%「DSEP] | B43: 11 | C43: 28.4 | D43: 10600 | E43: 100 | F43: 10600 | G43: 100 | J43: 100 | M43: 53 | N43: 40 | R43: ｇ
A44: ロキソニン細粒１０％ | B44: 11 | C44: 15.2 | J44: 100 | M44: 262 | N44: 244 | R44: ｇ
A45: ロドピン細粒５０％ | B45: 11 | C45: 173.1 | J45: 100 | M45: 154 | N45: 154 | R45: ｇ
A46: ﾛ-ﾄｴｷｽ散 | B46: 11 | C46: 6.2 | D46: 3169 | E46: 500 | F46: 3169 | G46: 500 | M46: 85 | N46: 79 | R46: ｇ
A47: 塩化ｶﾘｳﾑ | B47: 11 | C47: 26.7 | D47: 380 | E47: 50 | F47: 380 | G47: 50 | M47: 368 | N47: 243 | R47: ｇ
A48: 塩化ﾅﾄﾘｳﾑ | B48: 11 | C48: 6.9 | J48: 500 | M48: 132 | N48: 68 | R48: ｇ
A49: 重ｶﾏ｢ﾖｼﾀﾞ｣(細粒状) | B49: 11 | C49: 13.8 | D49: 5255 | E49: 500 | F49: 5255 | G49: 500 | J49: 1500 | M49: 311 | N49: 78 | R49: ｇ
A50: 炭酸水素ﾅﾄﾘｳﾑ | B50: 11 | C50: 6.6 | D50: 340 | E50: 50 | F50: 340 | G50: 50 | J50: 225 | M50: 132 | N50: 100 | R50: ｇ
A51: 乳糖水和物｢ﾖｼﾀﾞ｣ | B51: 11 | C51: 14.6 | D51: 942 | E51: 50 | F51: 942 | G51: 50 | J51: 500 | M51: 362 | N51: 98 | R51: ｇ
A52: ｱﾐﾉﾚﾊﾞﾝEN配合散 50g/包 | B52: 12 | C52: 79 | D52: 29152 | E52: 315 | F52: 29152 | G52: 315 | J52: （10ｇ） | O52: 18 | R52: 包
A53: カリメートドライシロップ | B53: 12 | C53: 10 | P53: 70 | R53: 錠
A54: シーピー配合顆粒 １ｇＸ１００８包 | B54: 12 | C54: 5.2 | J54: （1ｇ） | P54: 280 | R54: 包
A55: クレメジン細粒2ｇ | B55: 12 | C55: 52 | P55: 84
A56: トーワチーム配合顆粒(分包品1ｇ） | B56: 12 | C56: 5 | N56: 197 | R56: 包
A57: モビコール配合内用剤LD | B57: 12 | C57: 60.3 | J57: （包） | P57: 27
A58: SPトローチ | B58: 12 | C58: 5.1 | D58: 9301 | E58: 105 | F58: 9301 | G58: 105 | P58: 596 | R58: 錠
A59: ｱﾘﾋﾟﾌﾟﾗｿﾞｰﾙ内用液分包3ｍｇ「ﾆﾌﾟﾛ」 | B59: 12 | C59: 31.6 | P59: 6
A60: ｱﾘﾋﾟﾌﾟﾗｿﾞｰﾙ内用液分包6ｍｇ「ﾆﾌﾟﾛ」 | B60: 12 | C60: 61.7 | P60: 91
A61: ポリスチレンゼリー | B61: 12 | C61: 64.1 | J61: （個） | O61: 127 | R61: 個
A62: リスパダール内用液 １ｍｇ／ｍＬ0.5ｍｌ | B62: 12 | C62: 37.4 | J62: （包） | R62: 包
A63: リスパダール内用液 １ｍｇ／ｍＬ1ｍｌ | B63: 12 | C63: 37.4 | J63: （包） | R63: 包
A64: リスパダール内用液 １ｍｇ／ｍＬ30ｍｌ | B64: 12 | C64: 37.5 | J64: （ｍｌ） | R64: 本
A65: リスペリドン内用液分包0.5ｍｇ/0.5ｍｌ | B65: 12 | C65: 13.2 | J65: （包） | R65: 包
A66: リスペリドン内用液分包1ｍｇ/1ｍｌ | B66: 12 | C66: 27.4 | J66: （包） | R66: 包
A67: 016ﾂﾑﾗ ﾊﾝｹﾞｺｳﾎﾞｸﾄｳ2.5ｇ/包 | B67: 13 | C67: 9.4 | O67: 480 | R67: 包
A68: 017 ﾂﾑﾗ ｺﾞﾚｲｻﾝ 2.5g/包 | B68: 13 | C68: 12.2 | O68: 301 | R68: 包
A69: 020 ﾂﾑﾗ ﾎﾞｳｲｵｳｷﾞﾄｳ 2.5g/包 | B69: 13 | O69: 30 | R69: 包
A70: 043ﾂﾑﾗﾘｯｸﾝｼﾄｳ 2.5g/包 | B70: 13 | C70: 16.3 | O70: 254 | R70: 包
A71: 048 ﾂﾑﾗ ｼﾞｭｳｾﾞﾝﾀｲﾎﾄｳ 2.5g/包 | B71: 13 | C71: 16.6 | O71: 332 | R71: 包
A72: 054 ﾂﾑﾗ ﾖｸｶﾝｻﾝ 2.5g/包 | B72: 13 | C72: 9.5 | O72: 1285 | R72: 包
A73: 062 ﾂﾑﾗ ﾎﾞｳﾌｳﾂｳｼｮｳｻﾝ 2.5g/包 | B73: 13 | C73: 8.2 | O73: 252 | R73: 包
A74: 068ﾂﾑﾗｼｬｸﾔｸｶﾝｿﾞｳﾄｳ 2.5g/包 | B74: 13 | C74: 6.2 | O74: 225 | R74: 包
A75: 083ﾂﾑﾗﾖｸｶﾝｻｶﾁﾝﾋﾟﾊﾝｹﾞ 2.5g/包 | B75: 13 | C75: 13 | O75: 237 | R75: 包
A76: 100 ﾂﾑﾗ ﾀﾞｲｹﾝﾁｭｳﾄｳ 2.5g/包 | B76: 13 | C76: 8.1 | O76: 978 | R76: 包
A77: 112ﾂﾑﾗﾁｮﾚｲﾄｳｺﾝｺﾞｳｼﾓﾂﾄｳ 2.5ｇ/包 | B77: 13 | C77: 20.9 | O77: 18 | R77: 包
A78: ｸﾗｼｴ葛根湯 ＥＫ－１ 2.5g/包 | B78: 13 | C78: 6 | O78: 494 | R78: 包
A79: ｸﾗｼｴ黄連解毒湯 KB-15 3.0g/包 | B79: 13 | C79: 11.9 | O79: 17 | R79: 包
A80: ｸﾗｼｴ柴苓湯 ＥＫ－１１４ 2.7g/包 | B80: 13 | C80: 42 | O80: 236 | R80: 包
A81: ｸﾗｼｴ補中益気湯 ＫＢ－４１ 3.75g/包 | B81: 13 | C81: 18.3 | O81: 255 | R81: 包
... A83: ｸﾗｼｴ小青龍湯EK-19 2.0g/包 | B83: 13 | C83: 16 | O83: 55 | R83: 包
A84: ｸﾗｼｴ猪苓湯EK-40 2.0g/包 | B84: 13 | O84: 116 | R84: 包
A85: 25MG ｱﾘﾅﾐﾝ F糖衣錠 | B85: 22 | C85: 4.9 | K85: 124 | L85: 2.5 | M85: 271 | N85: 250 | P85: 486
A86: ＥＰＬカプセル２５０ｍｇ バラ ４００Ｐ | B86: 21 | C86: 5.9 | L86: 7.9 | M86: 320 | N86: 250 | P86: 532
A87: アジスロマイシン錠250ｍｇ | B87: 22 | N87: 250 | P87: 91
A88: アジルサルタンOD20ｍｇ | B88: 22 | J88: 41 | K88: 22 | L88: 1.5 | M88: 255 | N88: 250 | P88: 481
A89: アスパラカリウム錠300ｍｇ | B89: 22 | C89: 5.3 | L89: 0 | M89: 253 | N89: 250 | P89: 962
A90: アスパラCA錠200ｍｇ | B90: 22 | C90: 5.1 | K90: 53 | L90: 2.8 | N90: 250
A91: アゾセミド錠30ｍｇ「DSEP] | B91: 22 | C91: 9 | L91: 0 | N91: 250 | P91: 104
A92: ｱﾀﾗｯｸｽ錠25MG | B92: 22 | C92: 6 | J92: 37 | K92: 20 | L92: 1.9 | M92: 252 | N92: 250 | O92: 400 | P92: 280
A93: ｱ-ﾁｽﾄ錠1.25mg | B93: 22 | C93: 8.8 | D93: 1520 | E93: 100 | F93: 1520 | G93: 100 | J93: 33 | K93: 20 | L93: 1.3 | M93: 253 | N93: 250 | P93: 100
A94: アドナ錠30ｍｇ | B94: 21 | C94: 7.6 | K94: 153.4 | L94: 2 | M94: 324 | N94: 250 | P94: 500
A95: アトモキセチンカプセル10ｍｇ｢ｻﾜｲ｣ | B95: 22 | C95: 52.4 | J95: 58 | K95: 27 | L95: 1 | M95: 288 | N95: 250 | P95: 863
A96: アトモキセチンカプセル40ｍｇ｢ｻﾜｲ｣ | B96: 22 | C96: 69.9 | J96: 40 | K96: 26 | L96: 1 | M96: 272 | N96: 250 | P96: 604
A97: アトルバスタチン錠10ｍｇ | B97: 22 | C97: 15.7 | J97: 38 | K97: 19 | L97: 0.9 | M97: 256 | N97: 250 | O97: 600 | P97: 420
A98: アナフラニール錠２５ｍｇ | B98: 22 | C98: 12.8 | K98: 0 | L98: 5 | P98: 200
A99: ｱﾏﾝﾀｼﾞﾝ塩酸塩錠 ５０ | B99: 21 | C99: 4.7 | J99: 159 | K99: 150 | L99: 1.2 | M99: 276 | N99: 250 | O99: 1200
A100: アミオダロン塩酸塩速崩錠50ｍｇ | B100: 22 | C100: 44.5 | K100: 0 | L100: 0 | P100: 44
A101: ｱﾐﾃｨｰｻﾞｶﾌﾟｾﾙ | B101: 22 | C101: 91.2 | J101: 153 | K101: 132 | L101: 2.1 | M101: 278 | N101: 250 | P101: 614
...

Sheet 注射（集計）
A1: 2024年度 北山病院薬剤部 棚卸し | K1: ヒート棚
A2: 商品名 | B2: 分類 | D2: 納入単価 | K2: ﾋｰﾄ数 | L2: 単位 | M2: 在庫金額
A3: ベクルリー点滴静注用100mg | B3: 8 | C3: 1 | D3: 41108 | K3: 4 | L3: 本 | M3: =SUM(D3*K3) -> 164432
A4: アキネトン注射液５ｍｇ | B4: 40 | C4: 1 | D4: 52.6 | K4: 57 | L4: 本 | M4: =SUM(D4*K4) -> 2998.2
A5: アクチット輸液 | B5: 40 | C5: 1 | D5: 303.75 | K5: 11 | L5: 袋 | M5: =SUM(D5*K5) -> 3341.25
A6: アシクロビル点滴250ｍｇ | B6: 40 | C6: 1 | D6: 341.2 | K6: 80 | L6: 本 | M6: =SUM(D6*K6) -> 27296
A7: ｱｽﾊﾟﾗｷﾞﾝｻﾝｶﾘｳﾑ注10MEQｷｯﾄ｢ﾃﾙ | B7: 40 | C7: 1 | D7: 163.7 | K7: 19 | L7: 本 | M7: =SUM(D7*K7) -> 3110.3
A8: アセリオ靜注液1000mgバッグ | B8: 40 | C8: 1 | D8: 274 | K8: 19 | L8: 袋 | M8: =SUM(D8*K8) -> 5206
A9: アセレンド注 | B9: 40 | C9: 1 | D9: 1483 | K9: 3 | L9: 本 | M9: =SUM(D9*K9) -> 4449
A10: アドナ注（静脈用）５０ｍｇ | B10: 40 | C10: 1 | D10: 80 | K10: 42 | L10: 本 | M10: =SUM(D10*K10) -> 3360
A11: ｱﾄﾛﾋﾟﾝ硫酸塩注0.5ｍｇ | B11: 40 | C11: 1 | D11: 83.7 | K11: 7 | L11: 本 | M11: =SUM(D11*K11) -> 585.9
A12: アネキセート注射液0.5MG | B12: 40 | C12: 1 | D12: 1800.6 | K12: 2 | L12: 本 | M12: =SUM(D12*K12) -> 3601.2
A13: アミノレバン点滴静注 | B13: 40 | C13: 1 | D13: 637 | K13: 11 | L13: 袋 | M13: =SUM(D13*K13) -> 7007
A14: ｱﾙﾌﾞﾐﾅ- 25%静注12.5G/50ML | B14: 40 | C14: 1 | D14: 4032 | K14: 1 | L14: 本 | M14: =SUM(D14*K14) -> 4032
... A22: 塩酸メトクロプラミド注射注１０ｍｇ | B22: 40 | C22: 1 | D22: 51.8 | K22: 84 | L22: 本 | M22: =SUM(D22*K22) -> 4351.2
A23: ｷｼﾛｶｲﾝ ﾋﾞｽｶｽ2% | B23: 40 | C23: 1 | E23: 552 | F23: 100 | G23: 552 | H23: 100 | K23: 0 | L23: 本 | M23: =SUM(D23*K23) -> 0
A24: ｷｼﾛｶｲﾝ ﾎﾟﾝﾌﾟｽﾌﾟﾚ-8% | B24: 40 | C24: 1 | D24: 19.2 | E24: 1745 | F24: 80 | G24: 1745 | H24: 80 | K24: 0 | L24: 本 | M24: =SUM(D24*K24) -> 0
A25: ｷｼﾛカインｼﾘﾝｼﾞ | B25: 40 | C25: 1 | D25: 187 | K25: 9 | L25: 本 | M25: =SUM(D25*K25) -> 1683
A26: ｷｼﾛｶｲﾝ注ﾎﾟﾘｱﾝﾌﾟ0.5% | B26: 40 | C26: 1 | D26: 52.1 | E26: 552 | F26: 10 | G26: 552 | H26: 10 | K26: 0 | L26: 本 | M26: =SUM(D26*K26) -> 0
A27: グリセオール注 ２００ｍＬＸ１０袋 | B27: 40 | C27: 1 | D27: 272.6 | K27: 11 | L27: 袋 | M27: =SUM(D27*K27) -> 2998.6
A28: ｸﾘﾝﾀﾞﾏｲｼﾝﾘﾝ酸ｴｽﾃﾙ注射液300 | B28: 40 | C28: 1 | D28: 247.2 | K28: 14 | L28: 本 | M28: =SUM(D28*K28) -> 3460.8
A29: ケイツーＮ静注１０ｍｇ ２ｍＬＸ１０管 | B29: 40 | C29: 1 | D29: 55 | K29: 10 | L29: 本 | M29: =SUM(D29*K29) -> 550
A30: ジアゼパム注射液「NIG」 | B30: 40 | C30: 1 | D30: 109 | K30: 19 | M30: =SUM(D30*K30) -> 2071
A31: ｼﾞｷﾞﾗﾉｹﾞﾝ注0.4ｍｇ | B31: 40 | C31: 1 | D31: 123.8 | K31: 1 | L31: 本 | M31: =SUM(D31*K31) -> 123.8
A32: 静注用ｷｼﾛｶｲﾝ2％ | B32: 40 | C32: 1 | D32: 107.1 | K32: 4 | L32: 本 | M32: =SUM(D32*K32) -> 428.4
A33: スルバシリン注 | B33: 40 | C33: 1 | D33: 538.3 | K33: 39 | L33: 本 | M33: =SUM(D33*K33) -> 20993.7
A34: 生食10ｍｌシリンジ | B34: 40 | C34: 1 | D34: 90 | K34: 155 | L34: 本 | M34: =SUM(D34*K34) -> 13950
A35: 生食溶解ｷｯﾄH100ｍｌ | B35: 40 | C35: 1 | D35: 188.8 | K35: 130 | L35: 本 | M35: =SUM(D35*K35) -> 24544
A36: セフィピム注 | B36: 40 | C36: 1 | D36: 469.8 | K36: 46 | L36: 本 | M36: =SUM(D36*K36) -> 21610.8
A37: セフタジジム静注用１ｇ １０Ｖ | B37: 40 | C37: 1 | D37: 405.4 | K37: 0 | L37: 本 | M37: =SUM(D37*K37) -> 0
A38: セフトリアキソン静注用1G | B38: 40 | C38: 1 | D38: 383.5 | K38: 74 | L38: 本 | M38: =SUM(D38*K38) -> 28379
A39: ｾﾞﾌﾟﾘｵﾝ水懸筋注100ｍｇ | B39: 40 | C39: 1 | D39: 38961 | K39: 3 | L39: 本 | M39: =SUM(D39*K39) -> 116883
A40: ｾﾞﾌﾟﾘｵﾝ水懸筋注150ｍｇ | B40: 40 | C40: 1 | D40: 49996 | K40: 1 | L40: 本 | M40: =SUM(D40*K40) -> 49996
A41: ｾﾞﾌﾟﾘｵﾝ水懸筋注50ｍｇ | B41: 40 | C41: 1 | D41: 24411 | K41: 1 | L41: 本 | M41: =SUM(D41*K41) -> 24411
A42: ｾﾞﾌﾟﾘｵﾝ水懸筋注75ｍｇ | B42: 40 | C42: 1 | D42: 32112 | K42: 1 | L42: 本 | M42: =SUM(D42*K42) -> 32112
... A55: トランサミン注 ５％ | B55: 40 | C55: 1 | D55: 57.5 | K55: 72 | L55: 本 | M55: =SUM(D55*K55) -> 4140
A56: ﾄﾘﾌﾘ-ﾄﾞ輸液 | B56: 40 | C56: 1 | D56: 228 | E56: 3806 | F56: 20 | G56: 3806 | H56: 20 | K56: 69 | L56: 袋 | M56: =SUM(D56*K56) -> 15732
A57: ドルミカム注10ｍｇ | B57: 7 | C57: 1 | D57: 88 | K57: 6 | L57: 本 | M57: =SUM(D57*K57) -> 528
A58: トロペロン注４ｍｇ | B58: 40 | C58: 1 | D58: 171.1 | K58: 10 | L58: 本 | M58: =SUM(D58*K58) -> 1711
A59: ネオファーゲン | B59: 40 | C59: 1 | D59: 48 | K59: 14 | L59: 本 | M59: =SUM(D59*K59) -> 672
A60: ﾉﾙｱﾄﾞﾚﾅﾘﾝ注1ｍｇ | B60: 40 | C60: 1 | D60: 83.7 | K60: 8 | L60: 本 | M60: =SUM(D60*K60) -> 669.6
A61: ﾊﾍﾞｶｼﾝ注射液75MG | B61: 40 | C61: 1 | D61: 3898.5 | K61: 20 | L61: 本 | M61: =SUM(D61*K61) -> 77970
A62: パレプラス輸液 | B62: 40 | C62: 1 | D62: 493.55 | K62: 20 | L62: 袋 | M62: =SUM(D62*K62) -> 9871
A63: ハロマンス注１００ | B63: 40 | C63: 1 | D63: 2014.8 | K63: 4 | L63: 本 | M63: =SUM(D63*K63) -> 8059.2
A64: ハロマンス注50 | B64: 40 | C64: 1 | D64: 1309.6 | K64: 14 | L64: 本 | M64: =SUM(D64*K64) -> 18334.4
A65: バンコマイシン塩酸塩点滴静注0.5g | B65: 40 | C65: 1 | D65: 671 | K65: 36 | M65: =SUM(D65*K65) -> 24156
A66: ﾊﾟﾝﾄ-ﾙ注射液500MG | B66: 40 | C66: 1 | D66: 50.78 | K66: 87 | L66: 本 | M66: =SUM(D66*K66) -> 4417.86
A67: ヒベルナ注２５ｍｇ １ｍＬＸ５０管 | B67: 40 | C67: 1 | D67: 52.56 | K67: 53 | L67: 本 | M67: =SUM(D67*K67) -> 2785.68
A68: ファモチジン注射用２０㎎ １０Ａ | B68: 40 | C68: 1 | D68: 83.2 | K68: 22 | L68: 本 | M68: =SUM(D68*K68) -> 1830.4
A69: ﾌｪｼﾞﾝ静注40mg | B69: 40 | C69: 1 | D69: 115.3 | E69: 581 | F69: 10 | G69: 581 | H69: 10 | K69: 14 | L69: 本 | M69: =SUM(D69*K69) -> 1614.2
A70: フェノバール注射液１００ｍｇ １ｍＬＸ１０管 | B70: 40 | C70: 1 | D70: 62 | K70: 14 | L70: 本 | M70: =SUM(D70*K70) -> 868
A71: フサン注50 | B71: 40 | C71: 1 | D71: 552 | K71: 10 | L71: 本 | M71: =SUM(D71*K71) -> 5520
A72: ブドウ糖注５％ＰＬ「フソー」100ｍｌ | B72: 40 | C72: 1 | D72: 133.6 | K72: 27 | L72: 本 | M72: =SUM(D72*K72) -> 3607.2
A73: ブドウ糖注５％ＰＬ「フソー」20ｍｌ | B73: 40 | C73: 1 | D73: 58.7 | K73: 40 | L73: 本 | M73: =SUM(D73*K73) -> 2348
A74: ブドウ糖注５０％ＰＬ「フソー」20ｍｌ | B74: 40 | C74: 1 | D74: 88.1 | K74: 79 | L74: 本 | M74: =SUM(D74*K74) -> 6959.9
A75: フルデカシン筋注２５ｍｇ １ｍＬＸ５瓶 | B75: 40 | C75: 1 | D75: 1261.6 | K75: 2 | L75: 本 | M75: =SUM(D75*K75) -> 2523.2
A76: フロセミド注２０㎎「ﾄｰﾜ」 | B76: 40 | C76: 1 | D76: 48.14 | E76: 1464 | F76: 【処・医薬品】 | G76: テバ製薬 | H76: 39050 2ml | I76: 50 | J76: 箱 | K76: 78 | L76: 本 | M76: =SUM(D76*K76) -> 3754.92
A77: ブロムヘキシン塩酸塩注射液4mg | B77: 40 | C77: 1 | D77: 50.78 | K77: 46 | L77: 本 | M77: =SUM(D77*K77) -> 2335.88
A78: ヘパリンNa注5000単位「ﾓﾁﾀﾞ」 | B78: 40 | C78: 1 | D78: 147 | K78: 9 | L78: 本 | M78: =SUM(D78*K78) -> 1323
A79: ペルジピン注 | B79: 40 | C79: 1 | D79: 157.5 | K79: 10 | L79: 本 | M79: =SUM(D79*K79) -> 1575
A80: ヘルベッサー注 | B80: 40 | C80: 1 | D80: 523.9 | K80: 27 | L80: 本 | M80: =SUM(D80*K80) -> 14145.3
A81: ペントシリン注射用１ｇ | B81: 40 | C81: 1 | D81: 290.5 | K81: 156 | L81: 本 | M81: =SUM(D81*K81) -> 45318
A82: ホスホマイシンナトリウム静注用２ｇ | B82: 40 | C82: 1 | D82: 784 | K82: 100 | L82: 本 | M82: =SUM(D82*K82) -> 78400
A83: ボスミン注 | B83: 40 | C83: 1 | D83: 83 | K83: 54 | L83: 本 | M83: =SUM(D83*K83) -> 4482
A84: ﾎﾟﾀｺ-ﾙR輸液250ｍｌ | B84: 40 | C84: 1 | D84: 223.6 | E84: 2935 | F84: 20 | G84: 2935 | H84: 20 | K84: 64 | L84: 袋 | M84: =SUM(D84*K84) -> 14310.4
A85: ﾎﾟﾀｺ-ﾙR輸液500ｍｌ | B85: 40 | C85: 1 | D85: 248.55 | E85: 3437 | F85: 20 | G85: 3437 | H85: 20 | K85: 88 | L85: 袋 | M85: =SUM(D85*K85) -> 21872.4
A86: ポララミン注5㎎ | B86: 40 | C86: 1 | D86: 62.7 | K86: 2 | L86: 本 | M86: =SUM(D86*K86) -> 125.4
A87: ﾐﾉｻｲｸﾘﾝ塩酸塩点滴静注用100MG | B87: 40 | C87: 1 | D87: 199 | K87: 0 | L87: 本 | M87: =SUM(D87*K87) -> 0
A88: ﾒｲﾛﾝ静注7% | B88: 40 | C88: 1 | D88: 89 | E88: 860 | F88: 10 | G88: 860 | H88: 10 | K88: 11 | L88: 本 | M88: =SUM(D88*K88) -> 979
A89: メロペネム点滴0.5ｇ | B89: 40 | C89: 1 | D89: 584.5 | K89: 0 | L89: 本 | M89: =SUM(D89*K89) -> 0
A90: ラスビック点滴静注ｷｯﾄ150mg | B90: 40 | C90: 1 | D90: 3531 | K90: 6 | L90: 本 | M90: =SUM(D90*K90) -> 21186
A91: ラピアクタ | B91: 40 | C91: 1 | D91: 5639 | K91: 1 | L91: 袋 | M91: =SUM(D91*K91) -> 5639
A92: レベチラセタム点滴静注 | B92: 40 | C92: 1 | D92: 612 | K92: 7 | L92: 本 | M92: =SUM(D92*K92) -> 4284
A93: レボフロキサシン点滴静注バッグ | B93: 40 | C93: 1 | D93: 943.8 | K93: 13 | L93: 袋 | M93: =SUM(D93*K93) -> 12269.4
A94: ロイコボリン注3mg | B94: 40 | C94: 1 | D94: 261 | K94: 10 | L94: 本 | M94: =SUM(D94*K94) -> 2610
A95: ﾜｿﾗﾝ静注5mg | B95: 40 | C95: 1 | D95: 189.8 | E95: 2634 | F95: 10 | G95: 2634 | H95: 10 | K95: 12 | L95: 本 | M95: =SUM(D95*K95) -> 2277.6
A96: ワンパル2号輸液1200 | B96: 40 | C96: 1 | D96: 1161.2 | K96: 28 | L96: 袋 | M96: =SUM(D96*K96) -> 32513.6
A97: ワンパル2号輸液800 | B97: 40 | C97: 1 | D97: 1271.7 | K97: 39 | L97: 袋 | M97: =SUM(D97*K97) -> 49596.3
A98: 水溶性ハイドロコートン注射１００ｍｇ ２ｍＬＸ１０瓶 | B98: 40 | C98: 1 | D98: 454.4 | K98: 16 | L98: 本 | M98: =SUM(D98*K98) -> 7270.4
A99: 生食VTRS100ｍｌ | B99: 40 | C99: 1 | D99: 130 | K99: 420 | L99: 本 | M99: =SUM(D99*K99) -> 54600
A100: 生食VTRS20ｍｌ | B100: 40 | C100: 1 | D100: 55.2 | K100: 125 | L100: 本 | M100: =SUM(D100*K100) -> 6900
A101: 大塚食塩注１０％20ｍｌ | B101: 40 | C101: 1 | D101: 86.4 | K101: 0 | L101: 本 | M101: =SUM(D101*K101) -> 0
A102: 大塚生食注 細口開栓 | B102: 40 | C102: 1 | D102: 210 | K102: 15 | L102: 本 | M102: =SUM(D102*K102) -> 3150
A103: 大塚生食注500ｍｌ | B103: 40 | C103: 1 | D103: 210 | K103: 60 | L103: 袋 | M103: =SUM(D103*K103) -> 12600
A104: 大塚糖液 ５％500ｍｌ | B104: 40 | C104: 1 | D104: 295 | K104: 33 | L104: 袋 | M104: =SUM(D104*K104) -> 9735
A105: 注射用水ＰＬ「フソー」100ｍｌ | B105: 40 | C105: 1 | D105: 381.6 | K105: 20 | L105: 本 | M105: =SUM(D105*K105) -> 7632
A106: 注射用水ＰＬ「フソー」20ｍｌ | B106: 40 | C106: 1 | D106: 55.2 | K106: 65 | L106: 本 | M106: =SUM(D106*K106) -> 3588
A107: ｱｸﾄｼﾝ軟膏（30ｇ） | B107: 50 | C107: 1 | D107: 1362 | K107: 0 | L107: 本 | M107: =SUM(D107*K107) -> 0
... A132: バルプロ酸ナトリウムシロップ５％ １２０ｍＬ | B132: 51 | C132: 1 | D132: 710 | K132: 0 | L132: 本 | M132: =SUM(D132*K132) -> 0
A133: ﾌｧﾝｷﾞｿﾞﾝ ｼﾛｯﾌﾟ100mg/ML | B133: 51 | C133: 1 | D133: 48.8 | E133: 1245 | F133: 24 | G133: 1245 | H133: 24 | K133: 0 | L133: 本 | M133: =SUM(D133*K133) -> 0
A134: フルルバンパップ４０ｍｇ ６００枚 | B134: 51 | C134: 1 | D134: 91.2 | K134: 49 | L134: 袋 | M134: =SUM(D134*K134) -> 4468.8
A135: ラクツロースシロップ | B135: 51 | C135: 1 | D135: 2227 | K135: 1 | L135: 本 | M135: =SUM(D135*K135) -> 2227
A136: ラコール コーヒー ２0０ｍＬＸ２8 | B136: 51 | C136: 1 | D136: 192 | K136: 120 | L136: 袋 | M136: =SUM(D136*K136) -> 23040
A137: ラコール ミルク ２0０ｍＬＸ２8 | B137: 51 | C137: 1 | D137: 192 | K137: 68 | L137: 袋 | M137: =SUM(D137*K137) -> 13056
A138: ラコールNF配合経腸用半固形剤 | B138: 51 | C138: 1 | D138: 288 | K138: 9 | L138: 袋 | M138: =SUM(D138*K138) -> 2592
A139: ロキソプロフェンNa ﾃ-ﾌﾟ100ｍｇ | B139: 51 | C139: 1 | D139: 105 | K139: 76 | L139: 袋 | M139: =SUM(D139*K139) -> 7980
A140: ｲｿﾌﾟﾛﾊﾟﾉ-ﾙ消毒液70%ﾖｼﾀ 500ｍｌﾞ | B140: 60 | C140: 1 | D140: 220 | E140: 194 | F140: 50 | G140: 194 | H140: 50 | K140: 29 | L140: 本 | M140: =SUM(D140*K140) -> 6380
A141: オリーブ油 | B141: 60 | C141: 1 | D141: 2598 | K141: 1 | L141: 本 | M141: =SUM(D141*K141) -> 2598
A142: ｽﾜﾌﾞｽﾃｨｯｸﾍｷｼｼﾞﾝM60包入 | B142: 60 | C142: 1 | D142: 2930 | K142: 2 | L142: 箱 | M142: =SUM(D142*K142) -> 5860
A143: ｽﾜﾌﾞｽﾃｨｯｸﾎﾟﾋﾟﾄﾞﾝﾖｰﾄﾞM60包入 | B143: 60 | C143: 1 | D143: 2930 | K143: 2 | L143: 箱 | M143: =SUM(D143*K143) -> 5860
...

Sheet 錠剤(集計）
A1: 2024年度 北山病院薬剤部 棚卸し | J1: 回転台 | M1: 分包機・散薬 | O1: 在庫棚 | P1: ヒート棚
A2: 商品名 | B2: 分類 | C2: 納入単価 | J2: 測定量（ｇ） | K2: 風袋 | L2: g/10T | M2: 測定量（ｇ） | N2: 風袋 | O2: 数量(錠） | P2: ﾋｰﾄ数 | Q2: 在庫総量 | R2: 単位 | S2: 在庫金額
A3: ｱｻﾞﾙﾌｨｼﾞﾝEN（500） | B3: 6 | C3: 26.46 | O3: 24 | P3: 100 | Q3: =SUM(O3:P3) -> 124 | R3: 錠 | S3: =SUM(C:C*Q:Q) -> 3281.04
A4: アゾセミド錠60mg | B4: 6 | C4: 10.95 | O4: 49 | P4: 46 | Q4: =SUM(O4:P4) -> 95 | S4: =SUM(C:C*Q:Q) -> 1040.25
A5: アナストロゾール（1） | B5: 6 | C5: 57.33 | O5: 27 | P5: 53 | Q5: =SUM(O5:P5) -> 80 | R5: 錠 | S5: =SUM(C:C*Q:Q) -> 4586.4
A6: イリボー（5） | B6: 6 | C6: 59.77 | O6: 58 | P6: 111 | Q6: =SUM(O6:P6) -> 169 | R6: 錠 | S6: =SUM(C:C*Q:Q) -> 10101.13
A7: エゼチミブOD10mg｢ﾄｰﾜ｣ | B7: 6 | C7: 27.2 | O7: 46 | P7: 27 | Q7: =SUM(O7:P7) -> 73 | S7: =SUM(C:C*Q:Q) -> 1985.6
A8: エリキュース錠2.5ｍｇ | B8: 6 | C8: 103.5 | L8: 0.9 | M8: 256 | N8: 250 | O8: 100 | P8: 1.5 | Q8: =SUM((J8-K8))+(M8-N8)*10/L8+O8+P8 -> 168.16667 | S8: =SUM(C:C*Q:Q) -> 17405.25
A9: エリスロシン錠200mg | B9: 6 | C9: 8.73 | O9: 0 | P9: 106 | Q9: =SUM(O9:P9) -> 106 | S9: =SUM(C:C*Q:Q) -> 925.38
A10: エンレスト錠100mg | B10: 6 | C10: 85.83 | O10: 0 | P10: 103 | Q10: =SUM(O10:P10) -> 103 | S10: =SUM(C:C*Q:Q) -> 8840.49
A11: オーグメンチン配合錠250ｍｇ | B11: 6 | C11: 40.7 | O11: 0 | P11: 63 | Q11: =SUM(O11:P11) -> 63 | S11: =SUM(C:C*Q:Q) -> 2564.1
A12: オルメテックOD錠10ｍｇ | B12: 6 | C12: 17.89 | L12: 0.8 | M12: 258 | N12: 250 | O12: 70 | P12: 100 | Q12: =SUM((J12-K12))+(M12-N12)*10/L12+O12+P12 -> 270 | S12: =SUM(C:C*Q:Q) -> 4830.3
A13: ク―ビビック錠50mg | B13: 6 | C13: 80.88 | O13: 0 | P13: 89 | Q13: =SUM(O13:P13) -> 89 | S13: =SUM(C:C*Q:Q) -> 7198.32
A14: クロピトグレル錠25ｍｇ | B14: 6 | C14: 11.38 | O14: 100 | P14: 88 | Q14: =SUM(O14:P14) -> 188 | S14: =SUM(C:C*Q:Q) -> 2139.44
A15: クロフェクトン錠２５ｍｇ | B15: 6 | C15: 15.77 | O15: 130 | P15: 36 | Q15: 166 | S15: =SUM(C:C*Q:Q) -> 2617.82
A16: シロドシンOD錠4mg | B16: 6 | C16: 12.04 | O16: 83 | P16: 93 | Q16: =SUM(O16:P16) -> 176 | S16: =SUM(C:C*Q:Q) -> 2119.04
A17: ストロメクトール | B17: 6 | C17: 522 | O17: 0 | P17: 74 | Q17: =SUM(O17:P17) -> 74 | S17: =SUM(C:C*Q:Q) -> 38628
A18: ｾﾗﾗ（50） | B18: 6 | C18: 39.2 | O18: 115 | P18: 100 | Q18: =SUM(O18:P18) -> 215 | R18: 錠 | S18: =SUM(C:C*Q:Q) -> 8428
A19: ダーブロック錠2mg | B19: 6 | C19: 143.55 | O19: 27 | P19: 39 | Q19: =SUM(O19:P19) -> 66 | S19: =SUM(C:C*Q:Q) -> 9474.3
A20: ﾀﾞｲﾌｪﾝ配合錠 | B20: 6 | C20: 14.61 | O20: 36 | P20: 62.5 | Q20: =SUM(O20:P20) -> 98.5 | R20: 錠 | S20: =SUM(C:C*Q:Q) -> 1439.085
A21: タクロリムスカプセル（1） | B21: 6 | C21: 136.75 | O21: 17 | P21: 102 | Q21: =SUM(O21:P21) -> 119 | S21: =SUM(C:C*Q:Q) -> 16273.25
A22: ﾀﾁｵﾝ（50） | B22: 6 | C22: 8.29 | O22: 0 | P22: 57 | Q22: =SUM(O22:P22) -> 57 | R22: 錠 | S22: =SUM(C:C*Q:Q) -> 472.53
A23: タリージェ錠5㎎ | B23: 6 | C23: 80.57 | O23: 130 | P23: 100 | Q23: =SUM(O23:P23) -> 230 | S23: =SUM(C:C*Q:Q) -> 18531.1
A24: タンボコール錠50ｍｇ | B24: 6 | C24: 41.39 | O24: 16 | P24: 120 | Q24: =SUM(O24:P24) -> 136 | S24: =SUM(C:C*Q:Q) -> 5629.04
A25: デノタスチュアブル配合 | B25: 6 | C25: 10.83 | O25: 0 | P25: 22 | Q25: =SUM(O25:P25) -> 22 | S25: =SUM(C:C*Q:Q) -> 238.26
A26: デュタステリドカプセル（0.5） | B26: 6 | C26: 26.53 | O26: 0 | P26: 35 | Q26: =SUM(O26:P26) -> 35 | S26: =SUM(C:C*Q:Q) -> 928.55
A27: トラゼンタ錠5ｍｇ | B27: 6 | C27: 108.68 | O27: 41 | P27: 155 | Q27: =SUM(O27:P27) -> 196 | S27: =SUM(C:C*Q:Q) -> 21301.28
A28: トラマールOD錠25 | B28: 6 | C28: 16.3 | O28: 0 | P28: 184 | Q28: =SUM(O28:P28) -> 184 | S28: =SUM(C:C*Q:Q) -> 2999.2
A29: ノベルジン錠25ｍｇ | B29: 6 | C29: 182.79 | O29: 100 | P29: 33 | Q29: =SUM(O29:P29) -> 133 | S29: =SUM(C:C*Q:Q) -> 24311.07
A30: ビ・シフロール錠0.125mg | B30: 6 | C30: 16.5 | O30: 0 | P30: 184 | Q30: =SUM(O30:P30) -> 184 | S30: =SUM(C:C*Q:Q) -> 3036
A31: ピーゼットシー錠 | B31: 6 | C31: 8.27 | O31: 100 | P31: 8 | Q31: =SUM(O31:P31) -> 108 | S31: =SUM(C:C*Q:Q) -> 893.16
A32: ピオグリタゾンOD錠15mg | B32: 6 | C32: 9.8 | O32: 54 | P32: 47 | Q32: =SUM(O32:P32) -> 101 | S32: =SUM(C:C*Q:Q) -> 989.8
A33: ビカルタミド | B33: 6 | C33: 109.47 | O33: 15 | P33: 60 | Q33: =SUM(O33:P33) -> 75 | R33: 錠 | S33: =SUM(C:C*Q:Q) -> 8210.25
A34: ﾋﾞｿﾌﾟﾛﾛｰﾙﾌﾏﾙ酸（0.625）「トーワ」 | B34: 6 | C34: 8.4 | O34: 162 | P34: 73 | Q34: =SUM(O34:P34) -> 235 | S34: =SUM(C:C*Q:Q) -> 1974
A35: ﾋﾞｿﾌﾟﾛﾛｰﾙﾌﾏﾙ酸（2.5）「トーワ」 | B35: 6 | C35: 8.4 | O35: 196 | P35: 100 | Q35: =SUM(O35:P35) -> 296 | S35: =SUM(C:C*Q:Q) -> 2486.4
A36: ビプレッソ徐放150ｍｇ | B36: 6 | C36: 126.33 | O36: 120 | P36: 100 | Q36: =SUM(O36:P36) -> 220 | S36: =SUM(C:C*Q:Q) -> 27792.6
A37: ビプレッソ徐放50ｍｇ | B37: 6 | C37: 47.72 | O37: 60 | P37: 0 | Q37: =SUM(O37:P37) -> 60 | S37: =SUM(C:C*Q:Q) -> 2863.2
A38: ビムパット100ｍｇ | B38: 6 | C38: 308.93 | O38: 30 | P38: 99 | Q38: =SUM(O38:P38) -> 129 | S38: =SUM(C:C*Q:Q) -> 39851.97
A39: ビムパット錠50ｍｇ | B39: 6 | C39: 189.27 | O39: 120 | P39: 100 | Q39: =SUM(O39:P39) -> 220 | S39: =SUM(C:C*Q:Q) -> 41639.4
A40: ピモペンダン錠 | B40: 6 | C40: 31.72 | O40: 0 | P40: 161 | Q40: =SUM(O40:P40) -> 161 | S40: =SUM(C:C*Q:Q) -> 5106.92
A41: ビラノアOD錠 | B41: 6 | C41: 45.75 | O41: 83 | P41: 309 | Q41: =SUM(O41:P41) -> 392 | S41: =SUM(C:C*Q:Q) -> 17934
A42: フェノーバール錠 | B42: 6 | C42: 6.26 | L42: 1.2 | M42: 250 | N42: 250 | O42: 100 | P42: 300 | Q42: =SUM(O42:P42) -> 400 | S42: =SUM(C:C*Q:Q) -> 2504
A43: フラジール錠250ｍｇ | B43: 6 | C43: 32.25 | O43: 0 | P43: 36 | Q43: =SUM(O43:P43) -> 36 | S43: =SUM(C:C*Q:Q) -> 1161
A44: ﾌﾙｲﾄﾗﾝ（2） | B44: 6 | C44: 8.73 | O44: 11 | P44: 0 | Q44: =SUM(O44:P44) -> 11 | R44: 錠 | S44: =SUM(C:C*Q:Q) -> 96.03
A45: プレガバリンOD（25） | B45: 6 | C45: 10.32 | O45: 124 | P45: 100 | Q45: =SUM(O45:P45) -> 224 | S45: =SUM(C:C*Q:Q) -> 2311.68
A46: プレガバリンOD（75） | B46: 6 | C46: 16.72 | O46: 134 | P46: 29 | Q46: =SUM(O46:P46) -> 163 | S46: =SUM(C:C*Q:Q) -> 2725.36
A47: プレドニゾロン錠1 | B47: 6 | C47: 7.4 | O47: 79 | P47: 105 | Q47: =SUM(O47:P47) -> 184 | R47: 錠 | S47: =SUM(C:C*Q:Q) -> 1361.6
A48: ベタナミン（10） | B48: 6 | C48: 6.87 | O48: 0 | P48: 76 | Q48: =SUM(O48:P48) -> 76 | S48: =SUM(C:C*Q:Q) -> 522.12
A49: ベプリコール錠 | B49: 6 | C49: 33.5 | O49: 0 | P49: 93 | Q49: =SUM(O49:P49) -> 93 | S49: =SUM(C:C*Q:Q) -> 3115.5
A50: ホーリンV膣用錠1mg | B50: 6 | C50: 21.72 | O50: 0 | P50: 153 | Q50: =SUM(O50:P50) -> 153 | S50: =SUM(C:C*Q:Q) -> 3323.16
A51: ボルタレン錠２５ｍｇ | B51: 6 | C51: 6.54 | O51: 0 | P51: 107 | Q51: =SUM(O51:P51) -> 107 | S51: =SUM(C:C*Q:Q) -> 699.78
A52: ﾒﾄﾄﾚｷｻｰﾄ（２） | B52: 6 | C52: 77.6 | O52: 0 | P52: 31 | Q52: =SUM(O52:P52) -> 31 | R52: 錠 | S52: =SUM(C:C*Q:Q) -> 2405.6
A53: メリスロン錠6mg | B53: 6 | C53: 7.63 | O53: 0 | P53: 194 | Q53: =SUM(O53:P53) -> 194 | S53: =SUM(C:C*Q:Q) -> 1480.22
A54: ﾒﾙｶｿﾞｰﾙ（5） | B54: 6 | C54: 8.9 | O54: 58 | P54: 86 | Q54: =SUM(O54:P54) -> 144 | R54: 錠 | S54: =SUM(C:C*Q:Q) -> 1281.6
A55: ﾘｵﾚｻｰﾙ（5） | B55: 6 | C55: 9.8 | O55: 267 | P55: 100 | Q55: =SUM(O55:P55) -> 367 | R55: 錠 | S55: =SUM(C:C*Q:Q) -> 3596.6
A56: リマチル錠100mg | B56: 6 | C56: 29.26 | O56: 104 | P56: 100 | Q56: =SUM(O56:P56) -> 204 | S56: =SUM(C:C*Q:Q) -> 5969.04
A57: リルゾール錠50mg | B57: 6 | C57: 352.89 | O57: 24 | P57: 0 | Q57: =SUM(O57:P57) -> 24 | S57: =SUM(C:C*Q:Q) -> 8469.36
A58: ルプラック錠 | B58: 6 | C58: 13.89 | O58: 51 | P58: 118 | Q58: =SUM(O58:P58) -> 169 | S58: =SUM(C:C*Q:Q) -> 2347.41
A59: レトロゾール錠2.5mg | B59: 6 | C59: 51.73 | O59: 25 | P59: 30 | Q59: =SUM(O59:P59) -> 55 | S59: =SUM(C:C*Q:Q) -> 2845.15
A60: ﾚﾙﾊﾟｯｸｽ | B60: 6 | C60: 362.2 | O60: 0 | P60: 20 | Q60: =SUM(O60:P60) -> 20 | R60: 錠 | S60: =SUM(C:C*Q:Q) -> 7244
A61: ロゼレム錠8ｍｇ | B61: 6 | C61: 38.44 | O61: 58 | P61: 141 | Q61: =SUM(O61:P61) -> 199 | S61: =SUM(C:C*Q:Q) -> 7649.56
A62: アイファガン点眼0.1％ | B62: 7 | C62: 1319 | D62: 1319 | P62: 1 | Q62: =SUM(O62:P62) -> 1 | S62: =SUM(C:C*Q:Q) -> 1319
A63: ｱｼﾞﾙﾊﾞ（10） | B63: 7 | C63: 49.09 | P63: 67 | Q63: =SUM(O63:P63) -> 67 | R63: 錠 | S63: =SUM(C:C*Q:Q) -> 3289.03
A64: エフィエント錠2.5ｍｇ | B64: 7 | C64: 159.6 | P64: 30 | Q64: =SUM(O64:P64) -> 30 | S64: =SUM(C:C*Q:Q) -> 4788
A65: オテズラ錠30ｍｇ | B65: 7 | C65: 881.64 | P65: 59 | Q65: =SUM(O65:P65) -> 59 | S65: =SUM(C:C*Q:Q) -> 52016.76
A66: カリメートドライシロップ | B66: 7 | C66: 50.03 | P66: 70 | Q66: =SUM(O66:P66) -> 70 | R66: 包 | S66: =SUM(C:C*Q:Q) -> 3502.1
A67: サンリズム（25） | B67: 7 | C67: 20 | P67: 71 | Q67: =SUM(O67:P67) -> 71 | R67: 錠 | S67: =SUM(C:C*Q:Q) -> 1420
A68: シクロスポリンカプセル50ｍｇ | B68: 7 | C68: 69.07 | P68: 50 | Q68: =SUM(O68:P68) -> 50 | S68: =SUM(C:C*Q:Q) -> 3453.5
A69: ｿﾀﾛｰﾙ（80） | B69: 7 | C69: 62.98 | P69: 102 | Q69: =SUM(O69:P69) -> 102 | R69: 錠 | S69: =SUM(C:C*Q:Q) -> 6423.96
A70: ノウリアスト錠20mg | B70: 7 | C70: 703.65 | P70: 63 | Q70: =SUM(O70:P70) -> 63 | S70: =SUM(C:C*Q:Q) -> 44329.95
A71: ﾊｰﾌｼﾞｺﾞｷｼﾝKY（0.125） | B71: 7 | C71: 8.47 | P71: 189.5 | Q71: =SUM(O71:P71) -> 189.5 | R71: 錠 | S71: =SUM(C:C*Q:Q) -> 1605.065
A72: ﾌﾟﾘﾓﾎﾞﾗﾝ錠5㎎ | B72: 7 | C72: 10.77 | P72: 32 | Q72: =SUM(O72:P72) -> 32 | S72: =SUM(C:C*Q:Q) -> 344.64
A73: フルコナゾール（100） | B73: 7 | C73: 142.88 | P73: 50 | Q73: =SUM(O73:P73) -> 50 | S73: =SUM(C:C*Q:Q) -> 7144
A74: リアルダ錠1200ｍｇ | B74: 7 | C74: 146.6 | P74: 40 | Q74: =SUM(O74:P74) -> 40 | S74: =SUM(C:C*Q:Q) -> 5864
A75: リフキシマ200ｍｇ | B75: 7 | C75: 182.1 | P75: 1 | Q75: =SUM(O75:P75) -> 1 | S75: =SUM(C:C*Q:Q) -> 182.1
A76: レクチゾール（25） | B76: 7 | C76: 76.3 | P76: 30 | Q76: =SUM(O76:P76) -> 30 | S76: =SUM(C:C*Q:Q) -> 2289
A77: レペタン坐0.2mg | B77: 7 | C77: 111.8 | P77: 28 | Q77: =SUM(O77:P77) -> 28 | S77: =SUM(C:C*Q:Q) -> 3130.4
A78: レボカルニチンFF錠250mg | B78: 7 | C78: 70.96 | L78: 0 | P78: 60 | Q78: =SUM(O78:P78) -> 60 | S78: =SUM(C:C*Q:Q) -> 4257.6
A79: レボレード錠 | B79: 7 | C79: 1969.26 | P79: 47 | Q79: =SUM(O79:P79) -> 47 | S79: =SUM(C:C*Q:Q) -> 92555.22
A80: パキロビットパック300 | B80: 8 | C80: 55850 | L80: 0 | P80: 1 | Q80: =SUM(O80:P80) -> 1 | S80: =SUM(C:C*Q:Q) -> 55850
A81: パキロビットパック600 | B81: 8 | C81: 88220 | L81: 0 | P81: 1 | Q81: =SUM(O81:P81) -> 1 | S81: =SUM(C:C*Q:Q) -> 88220
A82: ラゲブリオカプセル200ｍｇ | B82: 8 | C82: 77149 | L82: 0 | P82: 1 | Q82: 1 | S82: =SUM(C:C*Q:Q) -> 77149
A83: ＥＰＬカプセル２５０ｍｇ バラ ４００Ｐ | B83: 21 | C83: 5.58 | L83: 7.9 | M83: 311 | N83: 250 | Q83: =SUM(M83-N83)*10/L83+O83+P83 -> 77.21519 | S83: =SUM(C:C*Q:Q) -> 430.86076
A84: アダラートCR錠20ｍｇ | B84: 21 | C84: 13.28 | L84: 1.5 | M84: 253 | N84: 250 | O84: 100 | P84: 0 | Q84: =SUM(M84-N84)*10/L84+O84+P84 -> 120 | S84: =SUM(C:C*Q:Q) -> 1593.6
A85: アドナ錠30ｍｇ | B85: 21 | C85: 7.28 | L85: 2 | M85: 344 | N85: 250 | O85: 500 | P85: 0 | Q85: =SUM(M85-N85)*10/L85+O85+P85 -> 970 | S85: =SUM(C:C*Q:Q) -> 7061.6
A86: ｱﾏﾝﾀｼﾞﾝ塩酸塩錠 ５０ | B86: 21 | C86: 4.96 | L86: 1.2 | M86: 318 | N86: 250 | P86: 324 | Q86: =SUM(M86-N86)*10/L86+O86+P86 -> 890.66667 | S86: =SUM(C:C*Q:Q) -> 4417.7067
A87: アルダクトンA錠25mg | B87: 21 | C87: 12.59 | L87: 1 | N87: 250 | P87: 270 | Q87: =SUM(O87:P87) -> 270 | S87: =SUM(C:C*Q:Q) -> 3399.3
A88: ウルソデオキシコール酸錠１００ｍｇ | B88: 21 | C88: 7.9 | L88: 1.5 | M88: 324 | N88: 250 | P88: 50 | Q88: =SUM((J88-K88))+(M88-N88)*10/L88+O88+P88 -> 543.33333 | S88: =SUM(C:C*Q:Q) -> 4292.3333
A89: ｴﾅﾗﾌﾟﾘﾙﾏﾚｲﾝ酸塩酸錠５ | B89: 21 | C89: 8.99 | D89: 6100 | E89: 【処・医薬品】 | F89: 日新製薬 | G89: 50206 5mg ﾊﾞﾗ | H89: 1000 | I89: 箱 | L89: 1.1 | M89: 376 | N89: 250 | Q89: =SUM((J89-K89))+(M89-N89)*10/L89+O89+P89 -> 1145.4545 | S89: =SUM(C:C*Q:Q) -> 10297.636
A90: ｴﾌﾞﾗﾝﾁﾙｶﾌﾟｾﾙ15ｍｇ | B90: 21 | C90: 14.7 | L90: 1.2 | M90: 308 | N90: 250 | P90: 0 | Q90: =SUM((J90-K90))+(M90-N90)*10/L90+O90+P90 -> 483.33333 | S90: =SUM(C:C*Q:Q) -> 7105
A91: エペリゾン錠５０ｍｇ バラ １０００錠 | B91: 21 | C91: 5.36 | L91: 1.7 | P91: 229 | Q91: =SUM((J91-K91))+(M91-N91)*10/L91+O91+P91 -> 229 | S91: =SUM(C:C*Q:Q) -> 1227.44
A92: カルバマゼピン錠 ２００ｍｇ「アメル」 | B92: 21 | C92: 9.09 | L92: 2.8 | M92: 388 | N92: 250 | O92: 500 | Q92: =SUM((J92-K92))+(M92-N92)*10/L92+O92+P92 -> 992.85714 | S92: =SUM(C:C*Q:Q) -> 9025.0714
A93: ｸﾞﾗｸﾃｨﾌﾞ錠50mg | B93: 21 | C93: 97.24 | D93: 14640 | E93: 100 | F93: 14640 | G93: 100 | L93: 2.1 | M93: 376 | N93: 250 | Q93: =SUM(M93-N93)*10/L93+O93+P93 -> 600 | S93: =SUM(C:C*Q:Q) -> 58344
A94: グラマリール錠25ｍｇ | B94: 21 | C94: 12.1 | L94: 0.9 | M94: 372 | N94: 250 | O94: 1000 | Q94: =SUM((J94-K94))+(M94-N94)*10/L94+O94+P94 -> 2355.5556 | S94: =SUM(C:C*Q:Q) -> 28502.222
A95: グラマリール錠50ｍｇ | B95: 21 | C95: 15.59 | L95: 1.4 | M95: 264 | N95: 250 | Q95: =SUM((J95-K95))+(M95-N95)*10/L95+O95+P95 -> 100 | S95: =SUM(C:C*Q:Q) -> 1559
A96: ｸﾞﾘﾁﾛﾝ配合錠 | B96: 21 | C96: 5.08 | L96: 2.5 | M96: 327 | N96: 250 | O96: 1000 | Q96: =SUM((J96-K96))+(M96-N96)*10/L96+O96+P96 -> 1308 | S96: =SUM(C:C*Q:Q) -> 6644.64
A97: コントミン糖衣錠１００ｍｇ | B97: 21 | C97: 7.99 | L97: 4 | M97: 315 | N97: 250 | O97: 500 | P97: 696 | Q97: =SUM((J97-K97))+(M97-N97)*10/L97+O97+P97 -> 1358.5 | S97: =SUM(C:C*Q:Q) -> 10854.415
A98: コントミン糖衣錠５０ｍｇ | B98: 21 | C98: 7.99 | L98: 3 | M98: 485 | Q98: =SUM((J98-K98))+(M98-N98)*10/L98+O98+P98 -> 1616.6667 | S98: =SUM(C:C*Q:Q) -> 12917.167
A99: 硝酸イソソルビド徐放ｶﾌﾟｾﾙ | B99: 21 | C99: 5.36 | L99: 1.8 | M99: 362 | N99: 250 | Q99: =SUM((J99-K99))+(M99-N99)*10/L99+O99+P99 -> 622.22222 | S99: =SUM(C:C*Q:Q) -> 3335.1111
A100: ｾﾚｽﾀﾐﾝ配合錠 | B100: 21 | C100: 7.27 | D100: 973 | E100: 100 | F100: 973 | G100: 100 | L100: 1.9 | P100: 40 | Q100: =SUM((J100-K100))+(M100-N100)*10/L100+O100+P100 -> 40 | S100: =SUM(C:C*Q:Q) -> 290.8
...

Sheet 散剤（集計）
A1: 2024年度 北山病院薬剤部 棚卸し | J1: 在庫 | K1: 分包機・散薬
A2: 商品名 | B2: 分類 | C2: 納入単価 | J2: 測定量（ｇ） | K2: 測定量（ｇ） | L2: 風袋 | M2: 在庫総量 | N2: 単位 | O2: 在庫金額
A3: アキネトン細粒1% | B3: 11 | C3: 20.23 | J3: 0 | K3: 0 | L3: 0 | M3: =SUM(K:K-L:L+J:J) -> 0 | N3: g | O3: =SUM(C:C*M:M) -> 0
A4: アスパラカリウム散50％ | B4: 11 | C4: 5.79 | J4: 500 | K4: 172 | L4: 115 | M4: =SUM(K:K-L:L+J:J) -> 557 | N4: g | O4: =SUM(C:C*M:M) -> 3225.03
A5: アドナ散 | B5: 11 | C5: 30.2 | J5: 100 | K5: 0 | L5: 0 | M5: =SUM(K:K-L:L+J:J) -> 100 | N5: ｇ | O5: =SUM(C:C*M:M) -> 3020
A6: ｱﾘﾋﾟﾌﾟﾗｿﾞｰﾙ散1％「ﾆﾌﾟﾛ」 | B6: 11 | C6: 17.2 | J6: 0 | K6: 142 | L6: 40 | M6: =SUM(K:K-L:L+J:J) -> 102 | N6: ｇ | O6: =SUM(C:C*M:M) -> 1754.4
A7: アレビアチン散１０％ | B7: 11 | C7: 10.79 | J7: 300 | K7: 276 | L7: 237 | M7: =SUM(K:K-L:L+J:J) -> 339 | N7: ｇ | O7: =SUM(C:C*M:M) -> 3657.81
A8: ウインタミン細粒（１０％） | B8: 11 | C8: 8.91 | J8: 0 | K8: 66 | L8: 42 | M8: =SUM(K:K-L:L+J:J) -> 24 | N8: ｇ | O8: =SUM(C:C*M:M) -> 213.84
A9: オランザピン細粒1％「ヨシトミ」 | B9: 11 | C9: 59.7 | J9: 100 | K9: 134 | L9: 43 | M9: =SUM(K:K-L:L+J:J) -> 191 | N9: ｇ | O9: =SUM(C:C*M:M) -> 11402.7
A10: カルバマゼピン細粒50％ | B10: 11 | C10: 20.18 | J10: 600 | K10: 236 | L10: 232 | M10: =SUM(K:K-L:L+J:J) -> 604 | N10: ｇ | O10: =SUM(C:C*M:M) -> 12188.72
A11: クエチアピン細粒50％ | B11: 11 | C11: 121.5 | J11: 100 | K11: 119 | L11: 50 | M11: =SUM(K:K-L:L+J:J) -> 169 | N11: ｇ | O11: =SUM(C:C*M:M) -> 20533.5
A12: グラマリール細粒10％ | B12: 11 | C12: 18.97 | J12: 0 | K12: 101 | L12: 64 | M12: =SUM(K:K-L:L+J:J) -> 37 | N12: ｇ | O12: =SUM(C:C*M:M) -> 701.89
A13: ｾﾝﾌﾞﾘ・重曹散｢ﾖｼﾀﾞ｣ | B13: 11 | C13: 6.5 | J13: 500 | K13: 249 | L13: 97 | M13: =SUM(K:K-L:L+J:J) -> 652 | N13: ｇ | O13: =SUM(C:C*M:M) -> 4238
A14: タンニン酸アルブミン「VTRS] | B14: 11 | C14: 6.36 | J14: 500 | K14: 346 | L14: 116 | M14: =SUM(K:K-L:L+J:J) -> 730 | N14: ｇ | O14: =SUM(C:C*M:M) -> 4642.8
... A16: テプレノン細粒１０％ | B16: 11 | C16: 8.73 | J16: 300 | K16: 298 | L16: 285 | M16: =SUM(K:K-L:L+J:J) -> 313 | N16: ｇ | O16: =SUM(C:C*M:M) -> 2732.49
A17: ドグマチール細粒 | B17: 11 | C17: 22.3 | J17: 0 | K17: 0 | M17: =SUM(K:K-L:L+J:J) -> 0 | N17: ｇ | O17: =SUM(C:C*M:M) -> 0
A18: トロペロン細粒1％ | B18: 11 | C18: 68.24 | J18: 100 | K18: 151 | L18: 98 | M18: =SUM(K:K-L:L+J:J) -> 153 | N18: ｇ | O18: =SUM(C:C*M:M) -> 10440.72
A19: ﾆｺﾁﾝ酸ｱﾐﾄﾞ散10％「ｿﾞﾝﾈ」 | B19: 11 | C19: 10.7 | J19: 426 | K19: 0 | M19: =SUM(K:K-L:L+J:J) -> 426 | N19: ｇ | O19: =SUM(C:C*M:M) -> 4558.2
A20: バルプロ酸Na徐放顆粒４０％ | B20: 11 | C20: 25.38 | J20: 1000 | K20: 472 | L20: 108 | M20: =SUM(K:K-L:L+J:J) -> 1364 | N20: ｇ | O20: =SUM(C:C*M:M) -> 34618.32
A21: ハロペリドール細粒１％ ｢ﾖｼﾄﾐ｣ | B21: 11 | C21: 9.99 | J21: 200 | K21: 149 | L21: 99 | M21: =SUM(K:K-L:L+J:J) -> 250 | N21: ｇ | O21: =SUM(C:C*M:M) -> 2497.5
A22: パントシン散（２０％） | B22: 11 | C22: 10.75 | J22: 200 | K22: 1223 | L22: 257 | M22: =SUM(K:K-L:L+J:J) -> 1166 | N22: ｇ | O22: =SUM(C:C*M:M) -> 12534.5
A23: ﾋﾞｵﾌｪﾙﾐﾝ配合散 | B23: 11 | C23: 5.26 | J23: 1200 | K23: 370 | L23: 284 | M23: =SUM(K:K-L:L+J:J) -> 1286 | N23: ｇ | O23: =SUM(C:C*M:M) -> 6764.36
A24: ファモチジン散１０％ | B24: 11 | C24: 39.5 | J24: 100 | K24: 78 | L24: 39 | M24: =SUM(K:K-L:L+J:J) -> 139 | N24: ｇ | O24: =SUM(C:C*M:M) -> 5490.5
A25: フェノバルビタール散１０％「ホエイ」 | B25: 11 | C25: 6.5 | J25: 265 | K25: 193 | L25: 58 | M25: =SUM(K:K-L:L+J:J) -> 400 | N25: ｇ | O25: =SUM(C:C*M:M) -> 2600
A26: フェロミア顆粒８．３％ | B26: 11 | C26: 9.02 | J26: 500 | K26: 97 | L26: 74 | M26: =SUM(K:K-L:L+J:J) -> 523 | N26: ｇ | O26: =SUM(C:C*M:M) -> 4717.46
A27: ブドウ糖 | B27: 11 | C27: 0.72 | J27: 750 | K27: 230 | L27: 73 | M27: =SUM(K:K-L:L+J:J) -> 907 | N27: ｇ | O27: =SUM(C:C*M:M) -> 653.04
A28: フロセミド細粒 ４％ 「ＥＭＥＣ」 | B28: 11 | C28: 12.45 | J28: 0 | K28: 250 | L28: 149 | M28: =SUM(K:K-L:L+J:J) -> 101 | N28: ｇ | O28: =SUM(C:C*M:M) -> 1257.45
A29: ブロナンセリン散2％「DSPB] | B29: 11 | C29: 86.38 | J29: 200 | K29: 67 | L29: 49 | M29: =SUM(K:K-L:L+J:J) -> 218 | N29: ｇ | O29: =SUM(C:C*M:M) -> 18830.84
A30: ブロムペリドール細粒1％ | B30: 11 | C30: 25.1 | J30: 0 | K30: 174 | L30: 75 | M30: =SUM(K:K-L:L+J:J) -> 99 | N30: ｇ | O30: =SUM(C:C*M:M) -> 2484.9
A31: ﾍﾞｻｺﾘﾝ散5％ | B31: 11 | C31: 8.1 | J31: 100 | K31: 110 | L31: 40 | M31: =SUM(K:K-L:L+J:J) -> 170 | N31: ｇ | O31: =SUM(C:C*M:M) -> 1377
... A37: レボトミン顆粒 １０％ | B37: 11 | C37: 12.73 | J37: 300 | K37: 118 | L37: 99 | M37: =SUM(K:K-L:L+J:J) -> 319 | N37: ｇ | O37: =SUM(C:C*M:M) -> 4060.87
A38: レボフロキサシン細粒10%「DSEP] | B38: 11 | C38: 26.63 | D38: 10600 | E38: 100 | F38: 10600 | G38: 100 | J38: 100 | K38: 79 | L38: 40 | M38: =SUM(K:K-L:L+J:J) -> 139 | N38: ｇ | O38: =SUM(C:C*M:M) -> 3701.57
A39: ロキソニン細粒１０％ | B39: 11 | C39: 13.21 | J39: 500 | K39: 263 | L39: 244 | M39: =SUM(K:K-L:L+J:J) -> 519 | N39: ｇ | O39: =SUM(C:C*M:M) -> 6855.99
A40: ロドピン細粒５０％ | B40: 11 | C40: 173.1 | J40: 100 | K40: 179 | L40: 154 | M40: =SUM(K:K-L:L+J:J) -> 125 | N40: ｇ | O40: =SUM(C:C*M:M) -> 21637.5
A41: 塩化ｶﾘｳﾑ | B41: 11 | C41: 2.67 | D41: 380 | E41: 50 | F41: 380 | G41: 50 | J41: 325 | K41: 292 | L41: 243 | M41: =SUM(K:K-L:L+J:J) -> 374 | N41: ｇ | O41: =SUM(C:C*M:M) -> 998.58
A42: 塩化ﾅﾄﾘｳﾑ | B42: 11 | C42: 0.81 | J42: 500 | K42: 58 | L42: 68 | M42: =SUM(K:K-L:L+J:J) -> 490 | N42: ｇ | O42: =SUM(C:C*M:M) -> 396.9
A43: 重ｶﾏ｢ﾖｼﾀﾞ｣(細粒状) | B43: 11 | C43: 1.49 | D43: 5255 | E43: 500 | F43: 5255 | G43: 500 | J43: 9000 | K43: 668 | L43: 78 | M43: =SUM(K:K-L:L+J:J) -> 9590 | N43: ｇ | O43: =SUM(C:C*M:M) -> 14289.1
A44: 炭酸水素ﾅﾄﾘｳﾑ | B44: 11 | C44: 0.66 | D44: 340 | E44: 50 | F44: 340 | G44: 50 | J44: 500 | K44: 131 | L44: 100 | M44: =SUM(K:K-L:L+J:J) -> 531 | N44: ｇ | O44: =SUM(C:C*M:M) -> 350.46
A45: 乳糖水和物｢ﾖｼﾀﾞ｣ | B45: 11 | C45: 1.39 | D45: 942 | E45: 50 | F45: 942 | G45: 50 | J45: 200 | K45: 210 | L45: 98 | M45: =SUM(K:K-L:L+J:J) -> 312 | N45: ｇ | O45: =SUM(C:C*M:M) -> 433.68
O46: =SUM(O3:O45) -> 260351.06

Sheet 漢方 (集計)
A1: 2024年度 北山病院薬剤部 棚卸し | K1: 在庫棚
A2: 商品名 | B2: 分類 | D2: 納入単価 | K2: 数量(錠） | L2: 単位 | M2: 在庫金額
A3: ｱﾐﾉﾚﾊﾞﾝEN配合散 50g/包 | B3: 12 | C3: 5 | D3: 395.23 | E3: 29152 | F3: 315 | G3: 29152 | H3: 315 | K3: 28 | L3: 包 | M3: =SUM(D:D*K:K) -> 11066.44
A4: シーピー配合顆粒 １ｇＸ１００８包 | B4: 12 | C4: 1 | D4: 5.62 | K4: 767 | L4: 包 | M4: =SUM(D:D*K:K) -> 4310.54
A5: クレメジン細粒2ｇ | B5: 12 | C5: 2 | D5: 93.26 | K5: 84 | L5: 包 | M5: =SUM(D:D*K:K) -> 7833.84
A6: トーワチーム配合顆粒(分包品1ｇ） | B6: 12 | C6: 1 | D6: 5.6 | K6: 654 | L6: 包 | M6: =SUM(D:D*K:K) -> 3662.4
A7: モビコール配合内用剤LD | B7: 12 | C7: 1 | D7: 56.17 | K7: 172 | L7: 包 | M7: =SUM(D:D*K:K) -> 9661.24
A8: SPトローチ | B8: 12 | C8: 1 | D8: 5.14 | E8: 9301 | F8: 105 | G8: 9301 | H8: 105 | K8: 1056 | L8: 錠 | M8: =SUM(D:D*K:K) -> 5427.84
A9: エビリファイ内用液分包3ｍｇ | B9: 12 | C9: 1 | D9: 93.14 | K9: 62 | L9: 包 | M9: =SUM(D:D*K:K) -> 5774.68
A10: エビリファイ内用液分包6ｍｇ | B10: 12 | C10: 1 | D10: 186.25 | K10: 58 | L10: 包 | M10: =SUM(D:D*K:K) -> 10802.5
A11: ポリスチレンスルホン酸ゼリー | B11: 12 | C11: 1 | D11: 64.1 | K11: 63 | L11: 個 | M11: =SUM(D:D*K:K) -> 4038.3
A12: リスパダール内用液 １ｍｇ／ｍＬ30ｍｌ | B12: 12 | C12: 1 | D12: 980 | K12: 0 | L12: 本 | M12: =SUM(D:D*K:K) -> 0
A13: リスパダール内用液分包0.5ｍｇ/0.5ｍｌ | B13: 12 | C13: 1 | D13: 16.68 | K13: 221 | L13: 包 | M13: =SUM(D:D*K:K) -> 3686.28
A14: リスパダール内用液分包1ｍｇ/1ｍｌ | B14: 12 | C14: 1 | D14: 32.68 | K14: 259 | L14: 包 | M14: =SUM(D:D*K:K) -> 8464.12
A15: リスペリドン内用液1ｍｇ/100ｍｌ | B15: 12 | C15: 1 | D15: 1634 | K15: 0 | L15: 本 | M15: =SUM(D:D*K:K) -> 0
A16: リスペリドン内用液分包0.5ｍｇ/0.5ｍｌ | B16: 12 | C16: 1 | D16: 13.18 | K16: 271 | L16: 包 | M16: =SUM(D:D*K:K) -> 3571.78
A17: リスペリドン内用液分包1ｍｇ/1ｍｌ | B17: 12 | C17: 1 | D17: 27.04 | K17: 165 | L17: 包 | M17: =SUM(D:D*K:K) -> 4461.6
A18: 007ﾂﾑﾗﾊﾁﾐｼﾞｵｳｶﾞﾝ2.5g/包 | B18: 13 | C18: 2.5 | D18: 22.26 | K18: 69 | L18: 包 | M18: =SUM(D:D*K:K) -> 1535.94
A19: 012ﾂﾑﾗｻｲｺｶﾘｭｳｺﾂﾎﾞﾚｲﾄｳ2.5g/包 | B19: 13 | C19: 2.5 | D19: 45.2 | K19: 145 | L19: 包 | M19: =SUM(D:D*K:K) -> 6554
A20: 016ﾂﾑﾗ ﾊﾝｹﾞｺｳﾎﾞｸﾄｳ2.5ｇ/包 | B20: 13 | C20: 2.5 | D20: 32.86 | K20: 103 | L20: 包 | M20: =SUM(D:D*K:K) -> 3384.58
... A37: ｸﾗｼｴ猪苓湯EK-40 2.0g/包 | B37: 13 | C37: 2 | D37: 26.9 | K37: 120 | L37: 包 | M37: =SUM(D:D*K:K) -> 3228
M38: =SUM(M3:M37) -> 276253.41

Sheet 外用 (集計)
A1: 2024年度 北山病院薬剤部 棚卸し | M1: =SUM(D:D*K:K) -> 0
A2: 商品名 | B2: 分類 | D2: 納入単価 | K2: 在庫総量 | L2: 単位 | M2: 在庫金額
A3: ｱｸｱﾁﾑ ｸﾘ-ﾑ1% 10ｇ/本 | B3: 30 | C3: 10 | D3: 196.5 | E3: 3870 | F3: 100 | G3: 3870 | H3: 100 | K3: 15 | L3: 本 | M3: =SUM(D:D*K:K) -> 2947.5
A4: ｱｽﾞﾉｰﾙ軟膏 20ｇ/本 | B4: 30 | C4: 2 | D4: 94.4 | K4: 57 | L4: 本 | M4: =SUM(D:D*K:K) -> 5380.8
A5: アフタッチ口腔用貼付剤２５μｇ ＰＴＰ １００錠 | B5: 30 | C5: 1 | D5: 22.7 | K5: 85 | L5: 錠 | M5: =SUM(D:D*K:K) -> 1929.5
A6: ウレパールクリーム10％ | B6: 30 | D6: 73 | K6: 5 | L6: 本 | M6: =SUM(D:D*K:K) -> 365
A7: オイラックスクリーム１０％ １０ｇＸ１０ | B7: 30 | C7: 1 | D7: 73.7 | K7: 38 | L7: 本 | M7: =SUM(D:D*K:K) -> 2800.6
A8: ｵｷｻﾛｰﾙ軟膏 10g/本 | B8: 30 | C8: 10 | D8: 488.7 | K8: 2 | L8: 本 | M8: =SUM(D:D*K:K) -> 977.4
A9: クレナフィン爪液 | B9: 30 | D9: 4497.2 | K9: 3 | L9: 本 | M9: =SUM(D:D*K:K) -> 13491.6
A10: ケトチフェン点鼻液 | B10: 30 | D10: 208.8 | K10: 7 | L10: 本 | M10: =SUM(D:D*K:K) -> 1461.6
A11: ゲンタマイシン軟膏0.1% 10g/本 | B11: 30 | C11: 10 | D11: 77.5 | K11: 36 | L11: 本 | M11: =SUM(D:D*K:K) -> 2790
A12: コールタイジン点鼻液 １５ｍＬＸ１０ | B12: 30 | C12: 15 | D12: 107.7 | K12: 14 | L12: 本 | M12: =SUM(D:D*K:K) -> 1507.8
A13: スピール膏Ｍ ＳＰＭ１６ ６枚 | B13: 30 | C13: 1 | D13: 66 | K13: 7 | L13: 枚 | M13: =SUM(D:D*K:K) -> 462
A14: スミスリンローション | B14: 30 | D14: 1975 | K14: 9 | L14: 本 | M14: =SUM(D:D*K:K) -> 17775
A15: ｿﾌﾗﾁｭｰﾙ貼付剤 | B15: 30 | C15: 1 | D15: 48.6 | K15: 7 | L15: 枚 | M15: =SUM(D:D*K:K) -> 340.2
A16: ﾀﾞｲｱｯﾌﾟ坐薬4 | B16: 30 | C16: 1 | D16: 49.18 | K16: 43 | L16: 個 | M16: =SUM(D:D*K:K) -> 2114.74
A17: タリビッド眼軟膏０．３％ 3.5g/本 | B17: 30 | C17: 3.5 | D17: 345 | E17: 894 | F17: 10 | G17: 894 | H17: 10 | K17: 15 | L17: 本 | M17: =SUM(D:D*K:K) -> 5175
A18: タリビッド耳科用液０．３％ ５ｍＬＸ５ | B18: 30 | C18: 5 | D18: 495.4 | E18: 718 | F18: 100 | G18: 718 | H18: 100 | K18: 3 | L18: 本 | M18: =SUM(D:D*K:K) -> 1486.2
A19: デキサメタゾン口腔用軟膏 | B19: 30 | D19: 195 | K19: 20 | L19: 本 | M19: =SUM(D:D*K:K) -> 3900
A20: テクスメテンユニバーサルクリーム0.1％ | B20: 30 | D20: 172.8 | K20: 7 | L20: 本 | M20: =SUM(D:D*K:K) -> 1209.6
A21: ﾃﾙﾋﾞﾅﾌｨﾝｸﾘ-ﾑ1% 10g/本 | B21: 30 | C21: 10 | D21: 89.9 | K21: 34 | L21: 本 | M21: =SUM(D:D*K:K) -> 3056.6
A22: ﾃﾙﾋﾞﾅﾌｨﾝﾞ液1% 10g/本 | B22: 30 | C22: 10 | D22: 90 | E22: 1000 | F22: 100 | G22: 1000 | H22: 100 | K22: 17 | L22: 本 | M22: =SUM(D:D*K:K) -> 1530
A23: ﾃﾞﾙﾓｿﾞ-ﾙG ｸﾘ-ﾑ 5g/本 | B23: 30 | C23: 5 | D23: 123.38 | K23: 0 | L23: 本 | M23: =SUM(D:D*K:K) -> 0
A24: ﾃﾞﾙﾓｿﾞ-ﾙG軟膏 5g/本 | B24: 30 | C24: 5 | D24: 123.38 | K24: 351 | L24: 本 | M24: =SUM(D:D*K:K) -> 43306.38
A25: ﾃﾞﾙﾓﾍﾞ-ﾄ軟膏0.05% 5g/本 | B25: 30 | C25: 5 | D25: 71 | K25: 34 | L25: 本 | M25: =SUM(D:D*K:K) -> 2414
A26: ニゾラールクリーム２％ 10g/本 | B26: 30 | C26: 10 | D26: 154.55 | K26: 31 | L26: 本 | M26: =SUM(D:D*K:K) -> 4791.05
A27: ニゾラールローション２％ 10g/本 | B27: 30 | C27: 10 | D27: 200.9 | K27: 3 | L27: 本 | M27: =SUM(D:D*K:K) -> 602.7
A28: 尿素クリーム | B28: 30 | C28: 20 | D28: 58 | K28: 10 | L28: 本 | M28: =SUM(D:D*K:K) -> 580
A29: ネオメドロールEE軟膏 | B29: 30 | D29: 121.6 | K29: 9 | L29: 本 | M29: =SUM(D:D*K:K) -> 1094.4
A30: ﾋﾞﾀﾞﾗﾋﾞﾝ軟膏3%｢MEEK｣ 5g/本 | B30: 30 | C30: 5 | D30: 348 | E30: 168 | F30: 50 | G30: 168 | H30: 50 | K30: 7 | L30: 本 | M30: =SUM(D:D*K:K) -> 2436
A31: ﾋﾙﾄﾞｲﾄﾞ ｿﾌﾄ軟膏0.3% 25g/本 | B31: 30 | C31: 25 | D31: 412 | E31: 701 | F31: 100 | G31: 701 | H31: 100 | K31: 21 | L31: 本 | M31: =SUM(D:D*K:K) -> 8652
A32: プロスタンディン軟膏 30g/本 | B32: 30 | C32: 30 | D32: 1002 | E32: 1998 | F32: 250 | G32: 1998 | H32: 250 | K32: 1 | L32: 本 | M32: =SUM(D:D*K:K) -> 1002
A33: ベタメタゾン吉草酸ローション | B33: 30 | C33: 10 | D33: 77.2 | K33: 10 | L33: 本 | M33: =SUM(D:D*K:K) -> 772
A34: ﾍﾓﾚｯｸｽ軟膏 2g/本 | B34: 30 | C34: 2 | D34: 37.94 | K34: 151 | L34: 本 | M34: =SUM(D:D*K:K) -> 5728.94
A35: マイザー軟膏 | B35: 30 | C35: 5 | D35: 53.4 | K35: 44 | L35: 本 | M35: =SUM(D:D*K:K) -> 2349.6
A36: リドメックスコーワ軟膏0.3％ | B36: 30 | D36: 147 | K36: 7 | L36: 本 | M36: =SUM(D:D*K:K) -> 1029
A37: ﾘﾝﾃﾞﾛﾝ-V ｸﾘ-ﾑ0.12% 5g/本 | B37: 30 | C37: 5 | D37: 82.3 | K37: 36 | L37: 本 | M37: =SUM(D:D*K:K) -> 2962.8
A38: ロコイド軟膏0.1％ | B38: 30 | D38: 66.3 | K38: 37 | L38: 本 | M38: =SUM(D:D*K:K) -> 2453.1
A39: ５％ サリチル酸ワセリン 軟膏 ５００ｇ | B39: 31 | C39: 50 | D39: 36.6 | K39: 290 | L39: ｇ | M39: =SUM(D:D*K:K) -> 10614
A40: アドエア５００ディスカス６０吸入用 ６０ブリスターＸ１ | B40: 31 | C40: 1 | D40: 3641 | E40: 10857 | F40: 500 | G40: 10857 | H40: 500 | K40: 2 | L40: 個 | M40: =SUM(D:D*K:K) -> 7282
A41: アドフィードパップ(7枚/袋） | B41: 31 | D41: 106.66 | K41: 50 | L41: 袋 | M41: =SUM(D:D*K:K) -> 5333
A42: アリドネパッチ（27.5） | B42: 31 | D42: 249.96 | K42: 133 | L42: 枚 | M42: =SUM(D:D*K:K) -> 33244.68
A43: インテバン外用液１％ 50g/本 | B43: 31 | C43: 50 | D43: 164.8 | K43: 33 | L43: 本 | M43: =SUM(D:D*K:K) -> 5438.4
A44: インテバン軟膏１％ 25g/本 | B44: 31 | C44: 25 | D44: 82.4 | K44: 13 | L44: 本 | M44: =SUM(D:D*K:K) -> 1071.2
A45: キュバール１００エアゾール（大日本） ８．７ｇ | B45: 31 | C45: 1 | D45: 1702 | K45: 1 | L45: 個 | M45: =SUM(D:D*K:K) -> 1702
A46: グリセリン浣腸液50％「ムネ」60ｍｌ | B46: 31 | C46: 1 | D46: 100.7 | K46: 228 | L46: 本 | M46: =SUM(D:D*K:K) -> 22959.6
A47: クロマイ膣錠１００ｍｇ ＳＰ １００錠 | B47: 31 | C47: 1 | D47: 63.88 | K47: 53 | L47: 錠 | M47: =SUM(D:D*K:K) -> 3385.64
A48: ゲーベンクリーム１％ 100ｇ/個 | B48: 31 | C48: 100 | D48: 1140 | K48: 220 | L48: 個 | M48: =SUM(D:D*K:K) -> 250800
A49: ｽｸﾛ-ﾄﾞﾊﾟｽﾀ 100ｇ/個 | B49: 31 | C49: 100 | D49: 864 | K49: 330 | L49: ｇ | M49: =SUM(D:D*K:K) -> 285120
A50: ツロブテロールテープ１ｍｇ「サワイ」 ７０枚 | B50: 31 | C50: 1 | D50: 20.6 | K50: 258 | L50: 枚 | M50: =SUM(D:D*K:K) -> 5314.8
A51: ニュープロパッチ（4.５） | B51: 31 | C51: 1 | D51: 285.36 | K51: 6 | L51: 枚 | M51: =SUM(D:D*K:K) -> 1712.16
A52: 白色ワセリン | B52: 31 | C52: 0.1 | D52: 2.18 | K52: 1210 | L52: ｇ | M52: =SUM(D:D*K:K) -> 2637.8
A53: ビソノテープ4ｍｇ | B53: 31 | C53: 1 | D53: 53.54 | K53: 56 | L53: 枚 | M53: =SUM(D:D*K:K) -> 2998.24
A54: ﾌﾗﾝﾄﾞﾙ ﾃ-ﾌﾟ 40MG | B54: 31 | C54: 1 | D54: 38.2 | E54: 8685 | F54: 10 | G54: 8685 | H54: 10 | K54: 83 | L54: 枚 | M54: =SUM(D:D*K:K) -> 3170.6
A55: ブロムヘキシン吸入液0.2％ | B55: 31 | C55: 1 | D55: 235 | K55: 1 | L55: 本 | M55: =SUM(D:D*K:K) -> 235
A56: ﾍﾊﾟﾘﾝ類似外用泡スプレー | B56: 31 | C56: 100 | D56: 730.5 | K56: 9 | L56: 本 | M56: =SUM(D:D*K:K) -> 6574.5
A57: ﾍﾊﾟﾘﾝ類似外用スプレー | B57: 31 | C57: 100 | D57: 730.5 | K57: 93 | L57: 本 | M57: =SUM(D:D*K:K) -> 67936.5
A58: ﾍﾊﾟﾘﾝ類似油性クリーム0.3％ | B58: 31 | C58: 100 | D58: 357 | K58: 3.5 | L58: 個 | M58: =SUM(D:D*K:K) -> 1249.5
A59: ボアラ軟膏 | B59: 31 | C59: 100 | D59: 1098 | K59: 3.5 | L59: 個 | M59: =SUM(D:D*K:K) -> 3843
A60: ポピドンヨードガーグル７％ 30ｍｌ | B60: 31 | C60: 30 | D60: 84.66 | K60: 31 | L60: 本 | M60: =SUM(D:D*K:K) -> 2624.46
A61: ﾒﾌﾟﾁﾝｴｱ-10μg吸入100回 | B61: 31 | C61: 1 | D61: 797.3 | K61: 3 | L61: 個 | M61: =SUM(D:D*K:K) -> 2391.9
A62: リバスタッチテープ９ｍｇ ２８枚 | B62: 31 | C62: 1 | D62: 77.1 | K62: 118 | L62: 枚 | M62: =SUM(D:D*K:K) -> 9097.8
A63: リバスチグミンテープ１３．５ｍｇ ２８枚 | B63: 31 | C63: 1 | D63: 82.61 | K63: 98 | L63: 枚 | M63: =SUM(D:D*K:K) -> 8095.78
A64: リバスチグミンテープ１８ｍｇ ２８枚 | B64: 31 | C64: 1 | D64: 86.71 | E64: 1362 | F64: 50 | G64: 1362 | H64: 50 | K64: 117 | L64: 枚 | M64: =SUM(D:D*K:K) -> 10145.07
A65: リバスチグミンテープ４．５ｍｇ ２８枚 | B65: 31 | C65: 1 | D65: 68.53 | K65: 108 | L65: 枚 | M65: =SUM(D:D*K:K) -> 7401.24
A66: レスタミンコーワクリーム | B66: 31 | C66: 10 | D66: 1034 | K66: 1130 | L66: 個 | M66: =SUM(D:D*K:K) -> 1168420
A67: レルベア100エリプタ | B67: 31 | C67: 1 | D67: 4226 | K67: 1 | L67: 個 | M67: =SUM(D:D*K:K) -> 4226
A68: レルベア200エリプタ | B68: 31 | C68: 1 | D68: 4700 | K68: 2 | L68: 個 | M68: =SUM(D:D*K:K) -> 9400
A69: ロナセンテープ20mg | B69: 31 | C69: 1 | D69: 207.14 | K69: 119 | L69: 枚 | M69: =SUM(D:D*K:K) -> 24649.66
A70: ロナセンテープ40mg | B70: 31 | C70: 1 | D70: 385.71 | K70: 98 | L70: 枚 | M70: =SUM(D:D*K:K) -> 37799.58
A71: 亜鉛華軟膏 500ｇ | B71: 31 | C71: 50 | D71: 2.94 | K71: 490 | L71: ｇ | M71: =SUM(D:D*K:K) -> 1440.6
A72: アズレン点眼液 | B72: 32 | C72: 1 | D72: 80 | K72: 19 | L72: 本 | M72: =SUM(D:D*K:K) -> 1520
A73: アレギサール点眼液０．１％ 5ml/本 | B73: 32 | C73: 1 | D73: 454 | K73: 24 | L73: 本 | M73: =SUM(D:D*K:K) -> 10896
A74: エイゾプト懸濁性点眼液１％ ５ｍＬＸ１０ | B74: 32 | C74: 5 | D74: 834.4 | K74: 12 | L74: 本 | M74: =SUM(D:D*K:K) -> 10012.8
A75: オフロキサシン点眼液０．３％「タナベ」 5ml/本 | B75: 32 | C75: 5 | D75: 483.1 | K75: 24 | L75: 本 | M75: =SUM(D:D*K:K) -> 11594.4
A76: グラナテック点眼0.4％ | B76: 32 | C76: 5 | D76: 2001.8 | K76: 7 | L76: 本 | M76: =SUM(D:D*K:K) -> 14012.6
... A80: ジクアス点眼液3％ 5ml/本 | B80: 32 | C80: 1 | D80: 319.3 | K80: 1 | L80: 本 | M80: =SUM(D:D*K:K) -> 319.3
A81: ﾁﾓﾛｰﾙ点眼液0.5% 5ml/本 | B81: 32 | C81: 5 | D81: 251.3 | E81: 5193 | F81: 50 | G81: 5193 | H81: 50 | K81: 12 | L81: 本 | M81: =SUM(D:D*K:K) -> 3015.6
A82: デタントール点眼0.01％ | B82: 32 | C82: 5 | D82: 848.3 | K82: 8 | L82: 本 | M82: =SUM(D:D*K:K) -> 6786.4
A83: トルソプト点眼1％ | B83: 32 | C83: 5 | D83: 163.2 | K83: 6 | L83: 本 | M83: =SUM(D:D*K:K) -> 979.2
A84: ハイパジール点眼0.25％ | B84: 32 | C84: 5 | D84: 208.1 | K84: 8 | L84: 本 | M84: =SUM(D:D*K:K) -> 1664.8
A85: ヒアルロン酸Na点眼液０.１％ 5ml/本 | B85: 32 | C85: 1 | D85: 140.2 | E85: 1754 | F85: 【医薬品】 | G85: キョーリンリメディオ | H85: 30351 0.1% 5ml | I85: 10 | J85: 箱 | K85: 7 | L85: 本 | M85: =SUM(D:D*K:K) -> 981.4
A86: ﾋﾟﾚﾉｷｼﾝ懸濁点滴0.005％ | B86: 32 | C86: 1 | D86: 57.8 | K86: 10 | L86: 本 | M86: =SUM(D:D*K:K) -> 578
A87: フルオロメトロン０．１％点眼液Ｔ ５ｍＬＸ５ | B87: 32 | C87: 5 | D87: 81.3 | K87: 44 | L87: 本 | M87: =SUM(D:D*K:K) -> 3577.2
A88: ブロナック点眼0.1％ | B88: 32 | C88: 5 | D88: 310 | K88: 11 | L88: 本 | M88: =SUM(D:D*K:K) -> 3410
A89: ムコスタ点眼液 | B89: 32 | C89: 1 | D89: 15.39 | K89: 264 | L89: 本 | M89: =SUM(D:D*K:K) -> 4062.96
A90: ラタノプロスト点眼液0.005％「ニットー」2.5ｍｌ/本 | B90: 32 | C90: 2.5 | D90: 379.5 | K90: 8 | L90: 本 | M90: =SUM(D:D*K:K) -> 3036
A91: リンデロン点眼点鼻液 5ml/本 | B91: 32 | C91: 5 | D91: 234.3 | K91: 13 | L91: 本 | M91: =SUM(D:D*K:K) -> 3045.9
A92: ｸﾞﾗｱﾙﾌｧ配合点眼液 5ml/本 | B92: 32 | D92: 2527 | K92: 1 | L92: 本 | M92: =SUM(D:D*K:K) -> 2527
M93: =SUM(M3:M92) -> 2259684.4

Sheet 残量上位
A1: 2024年度 北山病院 棚卸
A3: 商品名 | B3: 納入単価 | C3: 在庫総量 | D3: 在庫金額 | F3: 年間購入量 | G3: F-C
A4: 重ｶﾏ｢ﾖｼﾀﾞ｣(細粒状) | B4: 1.49 | C4: 9590 | D4: 14289.1 | F4: 20000 | G4: =C4-F4 -> -10410
A5: イルベサルタン錠50ｍｇ｢ｻﾜｲ｣ | B5: 8.7 | C5: 9549 | D5: 83076.3 | F5: 12700 | G5: =C5-F5 -> -3151
A6: メコバラミン錠５００「トーワ」 | B6: 4.96 | C6: 4336.8571 | D6: 21510.811 | F6: 15400 | G6: =C6-F6 -> -11063.143
A7: ビペリデン錠1MG | B7: 5.08 | C7: 4128 | D7: 20970.24 | F7: 43000 | G7: =C7-F7 -> -38872
A8: マグミット錠330mg | B8: 3.42 | C8: 4082.8947 | D8: 13963.5 | F8: 77000 | G8: =C8-F8 -> -72917.105
A9: ミルタザピン錠15ｍｇ｢ｻﾜｲ｣ | B9: 15.94 | C9: 3725.6667 | D9: 59387.127 | F9: 21100 | G9: =C9-F9 -> -17374.333
A10: ロキソプロフェン錠６０ｍｇ | B10: 8.7 | C10: 3468.4211 | D10: 30175.263 | F10: 37000 | G10: =C10-F10 -> -33531.579
A11: アトルバスタチンOD錠10ｍｇ | B11: 12.64 | C11: 3349.4444 | D11: 42336.978 | F11: 6600 | G11: =C11-F11 -> -3250.5556
A12: ミドドリン塩酸塩錠2ｍｇ | B12: 7.39 | C12: 3296 | D12: 24357.44 | F12: 6500 | G12: =C12-F12 -> -3204
A13: モサプリドクエン酸塩錠 | B13: 8.3 | C13: 3117 | D13: 25871.1 | F13: 52500 | G13: =C13-F13 -> -49383
A14: 炭酸リチウム錠100 | B14: 7.92 | C14: 3060 | D14: 24235.2 | F14: 3500 | G14: =C14-F14 -> -440
A15: エチゾラム錠1mg｢ｱﾒﾙ｣ | B15: 8.3 | C15: 3032.9231 | D15: 25173.262 | F15: 7000 | G15: =C15-F15 -> -3967.0769
... A43: ソラナックス０．４ｍｇ錠 | B43: 5.22 | C43: 2066.3333 | D43: 10786.26 | F43: 37500 | G43: =C43-F43 -> -35433.667
A44: オランザピンOD錠5ｍｇ | B44: 16.71 | C44: 1996 | D44: 33353.16
A45: ヒルナミン錠5mg | B45: 5.08 | C45: 1970.0909 | D45: 10008.062
A46: デエビゴ錠5ｍｇ | B46: 71.12 | C46: 1937.3333 | D46: 137783.15
A47: ベンザリン錠 | B47: 7.49 | C47: 1931.2857 | D47: 14465.33
A48: ｱﾘﾋﾟﾌﾟﾗｿﾞｰﾙOD錠12ｍｇ「ﾆﾌﾟﾛ」 | B48: 21.12 | C48: 1904 | D48: 40212.48
A49: ﾊﾛﾍﾟﾘﾄﾞｰﾙ錠 ０．７５ｍｇ | B49: 5.1 | C49: 1854.5 | D49: 9457.95
A50: トリアゾラム錠０．２５ｍｇ | B50: 5.36 | C50: 1846.1111 | D50: 9895.1556
A51: ジメチコン錠40ｍｇ | B51: 4.77 | C51: 1826.4286 | D51: 8712.0643
A52: ﾘﾎﾞﾄﾘ-ﾙ錠0.5ｍｇ | B52: 8.25 | C52: 1826 | D52: 15064.5
A53: エソメプラゾールカプセル（20） | B53: 37.24 | C53: 1818 | D53: 67702.32
A54: メマンチン塩酸塩OD２０ｍｇ | B54: 63.33 | C54: 1805 | D54: 114310.65
A55: ソラナックス０．８ｍｇ錠 | B55: 7.62 | C55: 1792.8462 | D55: 13661.488
... A672: 大塚食塩注１０％20ｍｌ | B672: 86.4 | C672: 0 | D672: 0
D673: =SUM(D4:D672) -> 10421362

Sheet sheet2
B1: 商品名 | C1: 納入単価 | D1: 在庫総量 | E1: 在庫金額 | G1: *在庫
A2: * | B2: 007ﾂﾑﾗﾊﾁﾐｼﾞｵｳｶﾞﾝ2.5g/包 | C2: 22.26 | D2: 69 | E2: 1535.94 | F2: =E2-E3 -> -19969.06
B3: 007 ﾂﾑﾗ ハチミジオウガン | C3: 935 | D3: 23 | E3: 21505 | F3: =E3-E3 -> 0
A4: * | B4: 012ﾂﾑﾗｻｲｺｶﾘｭｳｺﾂﾎﾞﾚｲﾄｳ2.5g/包 | C4: 45.2 | D4: 145 | E4: 6554 | F4: =E4-E5 -> -61798
B5: 012 ｻｲｺｶﾘｭｳｺﾂﾎﾞﾚｲﾄｳ | C5: 8544 | D5: 8 | E5: 68352 | F5: =E5-E5 -> 0
A6: * | B6: 016ﾂﾑﾗ ﾊﾝｹﾞｺｳﾎﾞｸﾄｳ2.5ｇ/包 | C6: 32.86 | D6: 103 | E6: 3384.58 | F6: =E6-E7 -> 3384.58
F7: =E7-E7 -> 0
A8: * | B8: 017 ﾂﾑﾗ ｺﾞﾚｲｻﾝ 2.5g/包 | C8: 30.3 | D8: 272 | E8: 8241.6 | F8: =E8-E9 -> -123502.4
B9: 017 ﾂﾑﾗ ｺﾞﾚｲｻﾝ | C9: 5728 | D9: 23 | E9: 131744 | F9: =E9-E9 -> 0
A10: * | B10: 020 ﾂﾑﾗ ﾎﾞｳｲｵｳｷﾞﾄｳ 2.5g/包 | C10: 21.39 | D10: 61 | E10: 1304.79 | F10: =E10-E11 -> -6781.21
B11: 020 ﾂﾑﾗ ボウイオウギトウ | C11: 4043 | D11: 2 | E11: 8086 | F11: =E11-E11 -> 0
A12: * | B12: 043ﾂﾑﾗﾘｯｸﾝｼﾄｳ 2.5g/包 | C12: 40.08 | D12: 258 | E12: 10340.64 | F12: =E12-E13 -> -35115.36
B13: 043 ツムラ リツクンシトウ | C13: 7576 | D13: 6 | E13: 45456 | F13: =E13-E13 -> 0
A14: * | B14: 048 ﾂﾑﾗ ｼﾞｭｳｾﾞﾝﾀｲﾎﾄｳ 2.5g/包 | C14: 41 | D14: 341 | E14: 13981 | F14: =E14-E15 -> 6231
B15: 048 ﾂﾑﾗ ｼﾞｭｳｾﾞﾝﾀｲﾎﾄｳ | C15: 7750 | D15: 1 | E15: 7750 | F15: =E15-E15 -> 0
A16: * | B16: 054 ﾂﾑﾗ ﾖｸｶﾝｻﾝ 2.5g/包 | C16: 36.24 | D16: 756 | E16: 27397.44 | F16: =E16-E17 -> -1158160.6
B17: 054 ﾂﾑﾗ ﾖｸｶﾝｻﾝ | C17: 8385 | D17: 253 | E17: 1185558 | F17: =E17-E17 -> 0
A18: * | B18: 062 ﾂﾑﾗ ﾎﾞｳﾌｳﾂｳｼｮｳｻﾝ 2.5g/包 | C18: 31.06 | D18: 510 | E18: 15840.6 | F18: =E18-E19 -> -72224.4
B19: 062 ﾂﾑﾗ ﾎﾞｳﾌｳﾂｳｼﾖｳｻﾝ | C19: 5871 | D19: 15 | E19: 88065 | F19: =E19-E19 -> 0
A20: * | B20: 068ﾂﾑﾗｼｬｸﾔｸｶﾝｿﾞｳﾄｳ 2.5g/包 | C20: 23.62 | D20: 64 | E20: 1511.68 | F20: =E20-E21 -> -16344.32
B21: 068 ｼｬｸﾔｸｶﾝｿﾞｳﾄｳ | C21: 992 | D21: 18 | E21: 17856 | F21: =E21-E21 -> 0
A22: * | B22: 083ﾂﾑﾗﾖｸｶﾝｻｶﾁﾝﾋﾟﾊﾝｹﾞ 2.5g/包 | C22: 32.09 | D22: 273 | E22: 8760.57 | F22: =E22-E23 -> -161059.43
B23: 083 ﾂﾑﾗ ﾖｸｶﾝｻﾝｶﾁﾝﾋﾟﾊﾝｹﾞ | C23: 6065 | D23: 28 | E23: 169820 | F23: =E23-E23 -> 0
A24: * | B24: 100 ﾂﾑﾗ ﾀﾞｲｹﾝﾁｭｳﾄｳ 2.5g/包 | C24: 30.84 | D24: 636 | E24: 19614.24 | F24: =E24-E25 -> -784649.76
B25: 100 ﾂﾑﾗ ﾀﾞｲｹﾝﾁﾕｳﾄｳ | C25: 5828 | D25: 138 | E25: 804264 | F25: =E25-E25 -> 0
A26: * | B26: 112ﾂﾑﾗﾁｮﾚｲﾄｳｺﾝｺﾞｳｼﾓﾂﾄｳ 2.5ｇ/包 | C26: 52.02 | D26: 46 | E26: 2392.92 | F26: =E26-E27 -> -36937.08
B27: 112 チョレイトウゴウシモットウ | C27: 2185 | D27: 18 | E27: 39330 | F27: =E27-E27 -> 0
A28: * | B28: 25MG ｱﾘﾅﾐﾝ F糖衣錠 | C28: 5.26 | D28: 959 | E28: 5044.34 | F28: =E28-E29 -> -60674.66
B29: 25MG ｱﾘﾅﾐﾝ F糖衣錠 | C29: 8412 | D29: 31 | E29: 65719 | F29: =E29-E29 -> 0
A30: * | B30: ５％ サリチル酸ワセリン 軟膏 ５００ｇ | C30: 36.6 | D30: 290 | E30: 10614 | F30: =E30-E31 -> 10614
F31: =E31-E31 -> 0
A32: * | B32: 葛根湯 ＥＫ－１ 2.5g/包 | C32: 22.72 | D32: 454 | E32: 10314.88 | F32: =E32-E33 -> -49796.12
B33: ＥＫ１ 葛根湯エキス細粒 | C33: 6679 | D33: 9 | E33: 60111 | F33: =E33-E33 -> 0
A34: * | F34: =E34-E35 -> -10640
B35: EK108 人参養栄湯エキス細粒 | C35: 2128 | D35: 5 | E35: 10640 | F35: =E35-E35 -> 0
A36: * | B36: 柴苓湯 ＥＫ－１１４ 2.7g/包 | C36: 111.83 | D36: 267 | E36: 29858.61 | F36: =E36-E37 -> -68775.39
B37: EK114 柴苓湯 | C37: 32878 | D37: 3 | E37: 98634 | F37: =E37-E37 -> 0
A38: * | B38: 黄連解毒湯 KB-15 3.0g/包 | C38: 24.17 | D38: 129 | E38: 3117.93 | F38: =E38-E39 -> -26317.07
B39: EK15 黄連解毒湯エキス細粒 | C39: 1015 | D39: 29 | E39: 29435 | F39: =E39-E39 -> 0
A40: * | B40: 加味逍遥散KB-24 3.0g/包 | C40: 33.26 | D40: 152 | E40: 5055.52 | F40: =E40-E41 -> -63397.48
B41: ＥＫ24 加味逍遥散料エキス細粒 | C41: 1397 | D41: 49 | E41: 68453 | F41: =E41-E41 -> 0
A42: * | B42: 猪苓湯EK-40 2.0g/包 | C42: 26.9 | D42: 120 | E42: 3228 | F42: =E42-E43 -> -18242
B43: ＥＫ40 猪苓湯エキス細粒 | C43: 1130 | D43: 19 | E43: 21470 | F43: =E43-E43 -> 0
A44: * | B44: 補中益気湯 ＫＢ－４１ 3.75g/包 | C44: 45.43 | D44: 423 | E44: 19216.89 | F44: =E44-E45 -> -101005.11
B45: EK41 補中益気湯エキス細粒 | C45: 13358 | D45: 9 | E45: 120222 | F45: =E45-E45 -> 0
A46: * | B46: 小青龍湯EK-19 2.0g/包 | C46: 43.81 | D46: 42 | E46: 1840.02 | F46: =E46-E47 -> 1840.02
F47: =E47-E47 -> 0
A48: * | B48: ＥＰＬカプセル２５０ｍｇ バラ ４００Ｐ | C48: 5.58 | D48: 77.21519 | E48: 430.86076 | F48: =E48-E49 -> -17425.139
B49: EPLカプセル250ｍｇ | C49: 2232 | D49: 8 | E49: 17856 | F49: =E49-E49 -> 0
A50: * | B50: SPトローチ | C50: 5.14 | D50: 1056 | E50: 5427.84 | F50: =E50-E51 -> -25422.16
B51: SPトローチ0.25ｍｇ「明治」 | C51: 6170 | D51: 5 | E51: 30850 | F51: =E51-E51 -> 0
A52: * | F52: =E52-E53 -> -41354
B53: アーチスト錠1.25ｍｇ | C53: 899 | D53: 46 | E53: 41354 | F53: =E53-E53 -> 0
A54: * | B54: アイファガン点眼0.1％ | C54: 1319 | D54: 1 | E54: 1319 | F54: =E54-E55 -> 1319
F55: =E55-E55 -> 0
A56: * | B56: アキネトン細粒1% | C56: 20.23 | D56: 0 | E56: 0 | F56: =E56-E57 -> -10115
B57: アキネトン細粒1％ | C57: 2023 | D57: 5 | E57: 10115 | F57: =E57-E57 -> 0
A58: * | B58: アキネトン注射液５ｍｇ | C58: 52.6 | D58: 57 | E58: 2998.2 | F58: =E58-E59 -> -2261.8
B59: アキネトン注射液５ｍｇ | C59: 2630 | D59: 2 | E59: 5260 | F59: =E59-E59 -> 0
A60: * | B60: ｱｸｱﾁﾑ ｸﾘ-ﾑ1% 10ｇ/本 | C60: 196.5 | D60: 15 | E60: 2947.5 | F60: =E60-E61 -> -6877.5
B61: アクアチムクリーム1% | C61: 1965 | D61: 5 | E61: 9825 | F61: =E61-E61 -> 0
A62: * | B62: アクチット輸液 | C62: 303.75 | D62: 11 | E62: 3341.25 | F62: =E62-E63 -> -112083.75
B63: アクチット輸液 | C63: 6075 | D63: 19 | E63: 115425 | F63: =E63-E63 -> 0
A64: * | B64: ｱｸﾄｼﾝ軟膏（30ｇ） | C64: 1362 | D64: 0 | E64: 0 | F64: =E64-E65 -> 0
F65: =E65-E65 -> 0
A66: * | B66: ｱｻﾞﾙﾌｨｼﾞﾝEN（500） | C66: 26.46 | D66: 124 | E66: 3281.04 | F66: =E66-E67 -> -17886.96
B67: アザルフィジンＥＮ錠500ｍｇ | C67: 2646 | D67: 8 | E67: 21168 | F67: =E67-E67 -> 0
A68: * | B68: アシクロビル点滴250ｍｇ | C68: 341.2 | D68: 80 | E68: 27296 | F68: =E68-E69 -> -17060
B69: アシクロビル点滴静注用250ｍｇ「サワイ」 | C69: 3412 | D69: 13 | E69: 44356 | F69: =E69-E69 -> 0
A70: * | B70: アジスロマイシン錠250ｍｇ | C70: 51.25 | D70: 105 | E70: 5381.25 | F70: =E70-E71 -> -768.75
B71: アジスロマイシン錠250ｍｇ「ﾄｰﾜ」 | C71: 3075 | D71: 2 | E71: 6150 | F71: =E71-E71 -> 0
A72: * | B72: アジルサルタンOD20ｍｇ | C72: 27 | D72: 1272.3333 | E72: 34353 | F72: =E72-E73 -> -203315
B73: アジルサルタンOD錠20ｍｇ「サワイ」 | C73: 8102 | D73: 54 | E73: 237668 | F73: =E73-E73 -> 0
A74: * | B74: ｱｼﾞﾙﾊﾞ（10） | C74: 49.09 | D74: 67 | E74: 3289.03 | F74: =E74-E75 -> -1619.97
B75: アジルバ錠10ｍｇ | C75: 4909 | D75: 1 | E75: 4909 | F75: =E75-E75 -> 0
A76: * | B76: アスコルビン酸注射液500mg「トーワ」 | C76: 72.2 | D76: 93 | E76: 6714.6 | F76: =E76-E77 -> -7725.4
B77: アスコルビン酸注射液500ｍｇ「トーワ」 | C77: 7220 | D77: 2 | E77: 14440 | F77: =E77-E77 -> 0
A78: * | B78: ｱｽﾞﾉｰﾙ軟膏 20ｇ/本 | C78: 94.4 | D78: 57 | E78: 5380.8 | F78: =E78-E79 -> -32379.2
B79: アズノール軟膏0.033% | C79: 944 | D79: 40 | E79: 37760 | F79: =E79-E79 -> 0
A80: * | B80: アスパラCA錠200ｍｇ | C80: 5.07 | D80: 1256.4286 | E80: 6370.0929 | F80: =E80-E81 -> -171850.91
B81: アスパラ-CA錠200 | C81: 3046 | D81: 87 | E81: 178221 | F81: =E81-E81 -> 0
A82: * | B82: アスパラカリウム散50％ | C82: 5.79 | D82: 557 | E82: 3225.03 | F82: =E82-E83 -> -11249.97
B83: アスパラカリウム散50％ | C83: 2895 | D83: 5 | E83: 14475 | F83: =E83-E83 -> 0
A84: * | B84: アスパラカリウム錠300ｍｇ | C84: 5.26 | D84: 920 | E84: 4839.2 | F84: =E84-E85 -> -89768.8
B85: アスパラカリウム錠300ｍｇ | C85: 5256 | D85: 18 | E85: 94608 | F85: =E85-E85 -> 0
A86: * | B86: ｱｽﾊﾟﾗｷﾞﾝｻﾝｶﾘｳﾑ注10MEQｷｯﾄ｢ﾃﾙ | C86: 163.7 | D86: 19 | E86: 3110.3 | F86: =E86-E87 -> -104931.7
B87: アスパラギン酸カリウム注 10MEQｷｯﾄ「テルモ」 | C87: 1637 | D87: 66 | E87: 108042 | F87: =E87-E87 -> 0
A88: * | B88: アズレン点眼液 | C88: 80 | D88: 19 | E88: 1520 | F88: =E88-E89 -> -80
B89: アズレン点眼液0.02％「ﾆｯﾄｰ」 | C89: 800 | D89: 2 | E89: 1600 | F89: =E89-E89 -> 0
A90: * | F90: =E90-E91 -> -68824
B91: アセサイド消毒液6％ 800ｍｌｘ2 | C91: 68824 | D91: 1 | E91: 68824 | F91: =E91-E91 -> 0
A92: * | B92: アセリオ靜注液1000mgバッグ | C92: 274 | D92: 19 | E92: 5206 | F92: =E92-E93 -> -5754
B93: アセリオ静注液1000ｍｇバッグ | C93: 5480 | D93: 2 | E93: 10960 | F93: =E93-E93 -> 0
A94: * | B94: アセレンド注 | C94: 1483 | D94: 3 | E94: 4449 | F94: =E94-E95 -> -99361
B95: アセレンド注100μｇ | C95: 14830 | D95: 7 | E95: 103810 | F95: =E95-E95 -> 0
A96: * | B96: アゾセミド錠60mg | C96: 10.95 | D96: 95 | E96: 1040.25 | F96: =E96-E97 -> -1149.75
B97: アゾセミド錠60ｍｇ「ＤＳＥＰ」 | C97: 1095 | D97: 2 | E97: 2190 | F97: =E97-E97 -> 0
A98: * | F98: =E98-E99 -> -899
B99: アゾセミド錠30ｍｇ「ＤＳＥＰ」 | C99: 899 | D99: 1 | E99: 899 | F99: =E99-E99 -> 0
A100: * | B100: アダラートCR錠20ｍｇ | C100: 13.28 | D100: 120 | E100: 1593.6 | F100: =E100-E101 -> -24966.4
...
