Workbook

Sheet 元データ
A1: 品名 | B1: 2025年度卸 | C1: 包装形態 | D1: 容量 | E1: メーカー | F1: 新単位薬価 | G1: 2025年度薬価 | H1: 単位数量 | I1: 薬価単位 | J1: 2025年納入価格 | K1: 単位納入価 | L1: 分類 | M1: 単位当たり利益 | N1: マスタと一致 | O1: 薬品棚
A2: 007 ﾂﾑﾗ ハチミジオウガン | B2: メディセオ | C2: 粉 | D2: 2.5ｇｘ189 | E2: ツムラ | F2: 9.8 | G2: 4630.5 | H2: =G2/F2 -> 472.5 | I2: ｇ | J2: 4093 | K2: =J2/H2 -> 8.6624339 | L2: 5.2 | M2: =F2-K2 -> 1.1375661 | N2: =IF(match_results!C2="完全一致","〇","×") -> ×
A3: 007 ﾂﾑﾗ ハチミジオウガン | C3: 粉 | D3: 2.5ｇｘ42 | E3: ツムラ | F3: 9.8 | G3: 1029 | H3: =G3/F3 -> 105 | I3: ｇ | J3: 935 | K3: =J3/H3 -> 8.9047619 | L3: 5.2 | M3: =F3-K3 -> 0.8952381 | N3: =IF(match_results!C3="完全一致","〇","×") -> ×
A4: 012 ﾂﾑﾗ ｻｲｺｶﾘｭｳｺﾂﾎﾞﾚｲﾄｳ | B4: メディセオ | C4: 粉 | D4: 2.5ｇｘ189 | E4: ツムラ | F4: 20.3 | G4: 9591.75 | H4: =G4/F4 -> 472.5 | I4: g | J4: 8544 | K4: =J4/H4 -> 18.08254 | L4: 5.2 | M4: =F4-K4 -> 2.2174603 | N4: =IF(match_results!C4="完全一致","〇","×") -> ×
A5: 016 ﾂﾑﾗ ハンゲコウボクトウ | B5: メディセオ | C5: 粉 | D5: 2.5ｇｘ189 | E5: ツムラ | F5: 14.6 | G5: 6898.5 | H5: =G5/F5 -> 472.5 | I5: ｇ | J5: 6211 | K5: =J5/H5 -> 13.144974 | L5: 5.2 | M5: =F5-K5 -> 1.4550265 | N5: =IF(match_results!C5="完全一致","〇","×") -> × | O5: 4
A6: 017 ﾂﾑﾗ ｺﾞﾚｲｻﾝ | B6: メディセオ | C6: 粉 | D6: 2.5ｇｘ189 | E6: ツムラ | F6: 13.6 | G6: 6426 | H6: =G6/F6 -> 472.5 | I6: g | J6: 5728 | K6: =J6/H6 -> 12.122751 | L6: 5.2 | M6: =F6-K6 -> 1.4772487 | N6: =IF(match_results!C6="完全一致","〇","×") -> × | O6: 4
A7: 019 ツムラ ショウセイリュウトウ | B7: メディセオ | C7: 粉 | D7: 3ｇX42 | E7: ツムラ | F7: 12.8 | G7: 1612.8 | H7: =G7/F7 -> 126 | I7: g | J7: 1465 | K7: =J7/H7 -> 11.626984 | L7: 5.2 | M7: =F7-K7 -> 1.1730159 | N7: =IF(match_results!C7="完全一致","〇","×") -> × | O7: 4
A8: 043 ツムラ リツクンシトウ | B8: メディセオ | C8: 粉 | D8: 2.5ｇｘ189 | E8: ツムラ | F8: 18 | G8: 8505 | H8: =G8/F8 -> 472.5 | I8: g | J8: 7576 | K8: =J8/H8 -> 16.033862 | L8: 5.2 | M8: =F8-K8 -> 1.9661376 | N8: =IF(match_results!C8="完全一致","〇","×") -> × | O8: 4
A9: 048 ﾂﾑﾗ ｼﾞｭｳｾﾞﾝﾀｲﾎﾄｳ | C9: 粉 | D9: 2.5ｇｘ189包 | E9: ツムラ | F9: 18.4 | G9: 8694 | H9: =G9/F9 -> 472.5 | I9: g | J9: 7750 | K9: =J9/H9 -> 16.402116 | L9: 5.2 | M9: =F9-K9 -> 1.9978836 | N9: =IF(match_results!C9="完全一致","〇","×") -> × | O9: 4
A10: 054 ﾂﾑﾗ ﾖｸｶﾝｻﾝ | B10: メディセオ | C10: 粉 | D10: 2.5ｇX189 | E10: ツムラ | F10: 16.1 | G10: 7607.25 | H10: =G10/F10 -> 472.5 | I10: g | J10: 6849 | K10: =J10/H10 -> 14.495238 | L10: 5.2 | M10: =F10-K10 -> 1.6047619 | N10: =IF(match_results!C10="完全一致","〇","×") -> × | O10: 4
A11: 062 ﾂﾑﾗ ﾎﾞｳﾌｳﾂｳｼﾖｳｻﾝ | B11: メディセオ | C11: 粉 | D11: 2.5ｇｘ189 | E11: ツムラ | F11: 13.8 | G11: 6520.5 | H11: =G11/F11 -> 472.5 | I11: g | J11: 5871 | K11: =J11/H11 -> 12.425397 | L11: 5.2 | M11: =F11-K11 -> 1.3746032 | N11: =IF(match_results!C11="完全一致","〇","×") -> × | O11: 4
A12: 068 ﾂﾑﾗ ｼｬｸﾔｸｶﾝｿﾞｳﾄｳ | B12: メディセオ | C12: 粉 | D12: 2.5ｇｘ42 | E12: ツムラ | F12: 10.4 | G12: 1092 | H12: =G12/F12 -> 105 | I12: g | J12: 992 | K12: =J12/H12 -> 9.447619 | L12: 5.2 | M12: =F12-K12 -> 0.95238095 | N12: =IF(match_results!C12="完全一致","〇","×") -> × | O12: 4
A13: 083 ﾂﾑﾗ ﾖｸｶﾝｻﾝｶﾁﾝﾋﾟﾊﾝｹﾞ | B13: メディセオ | C13: 粉 | D13: 2.5ｇｘ189 | E13: ツムラ | F13: 14.4 | G13: 6804 | H13: =G13/F13 -> 472.5 | I13: g | J13: 6065 | K13: =J13/H13 -> 12.835979 | L13: 5.2 | M13: =F13-K13 -> 1.5640212 | N13: =IF(match_results!C13="完全一致","〇","×") -> × | O13: 4
A14: 100 ﾂﾑﾗ ﾀﾞｲｹﾝﾁﾕｳﾄｳ | B14: メディセオ | C14: 粉 | D14: 2.5ｇX189 | E14: ツムラ | F14: 13.7 | G14: 6473.25 | H14: =G14/F14 -> 472.5 | I14: g | J14: 5828 | K14: =J14/H14 -> 12.334392 | L14: 5.2 | M14: =F14-K14 -> 1.3656085 | N14: =IF(match_results!C14="完全一致","〇","×") -> × | O14: 4
A15: 108 ツムラ ニンジンヨウエイトウ | B15: メディセオ | C15: 粉 | D15: 3ｇｘ42包 | E15: ツムラ | F15: 20.1 | G15: 2532.6 | H15: =G15/F15 -> 126 | I15: ｇ | J15: 2301 | K15: =J15/H15 -> 18.261905 | L15: 5.2 | M15: =F15-K15 -> 1.8380952 | N15: =IF(match_results!C15="完全一致","〇","×") -> × | O15: 4
A16: 112 ツムラ チョレイトウゴウシモットウ | C16: 粉 | D16: 2.5ｇｘ42 | E16: ツムラ | F16: 22.9 | G16: 2404.5 | H16: =G16/F16 -> 105 | I16: g | J16: 2185 | K16: =J16/H16 -> 20.809524 | L16: 5.2 | M16: =F16-K16 -> 2.0904762 | N16: =IF(match_results!C16="完全一致","〇","×") -> × | O16: 4
A17: 25ｍｇｱﾘﾅﾐﾝ F糖衣錠 | B17: メディセオ | C17: PTP | D17: 100Ｔ | E17: 武田薬品工業 | F17: 6.1 | G17: 610 | H17: =G17/F17 -> 100 | I17: 錠 | J17: 544 | K17: =J17/H17 -> 5.44 | L17: 3.1.2 | M17: =F17-K17 -> 0.66 | N17: =IF(match_results!C17="完全一致","〇","×") -> × | O17: 5
A18: ＥＫ１ 葛根湯エキス細粒 | B18: メディセオ | C18: 粉 | D18: 2.5ｇ×294 | E18: クラシエ | F18: 10.2 | G18: 7497 | H18: =G18/F18 -> 735 | I18: g | J18: 6679 | K18: =J18/H18 -> 9.0870748 | L18: 5.2 | M18: =F18-K18 -> 1.1129252 | N18: =IF(match_results!C18="完全一致","〇","×") -> × | O18: 4
A19: EK114 柴苓湯 | B19: メディセオ | C19: 粉 | D19: 2.7ｇ×２９４ | E19: クラシエ | F19: 46.8 | G19: 37149.84 | H19: =G19/F19 -> 793.8 | I19: g | J19: 33097 | K19: =J19/H19 -> 41.694381 | L19: 5.2 | M19: =F19-K19 -> 5.1056185 | N19: =IF(match_results!C19="完全一致","〇","×") -> × | O19: 4
A20: EK15 黄連解毒湯エキス細粒 | B20: メディセオ | C20: 粉 | D20: 2ｇｘ42包 | E20: クラシエ | F20: 13.3 | G20: 1117.2 | H20: =G20/F20 -> 84 | I20: g | J20: 1015 | K20: =J20/H20 -> 12.083333 | L20: 5.2 | M20: =F20-K20 -> 1.2166667 | N20: =IF(match_results!C20="完全一致","〇","×") -> × | O20: 4
A21: EK19 小青竜湯エキス細粒 | B21: アルフレッサ | D21: 2ｇｘ42包 | E21: クラシエ | F21: 24.1 | G21: 2024.4 | H21: =G21/F21 -> 84 | I21: g | J21: 1840 | K21: =J21/H21 -> 21.904762 | L21: 5.2 | M21: =F21-K21 -> 2.1952381 | N21: =IF(match_results!C21="完全一致","〇","×") -> × | O21: 4
A22: ＥＫ24 加味逍遥散料エキス細粒 | B22: メディセオ | C22: 粉 | D22: 2ｇｘ42包 | E22: クラシエ | F22: 18.3 | G22: 1537.2 | H22: =G22/F22 -> 84 | I22: g | J22: 1397 | K22: =J22/H22 -> 16.630952 | L22: 5.2 | M22: =F22-K22 -> 1.6690476 | N22: =IF(match_results!C22="完全一致","〇","×") -> × | O22: 4
A23: ＥＫ40 猪苓湯エキス細粒 | B23: メディセオ | C23: 粉 | D23: 2ｇｘ42包 | E23: クラシエ | F23: 14.8 | G23: 1243.2 | H23: =G23/F23 -> 84 | I23: g | J23: 1130 | K23: =J23/H23 -> 13.452381 | L23: 5.2 | M23: =F23-K23 -> 1.347619 | N23: =IF(match_results!C23="完全一致","〇","×") -> × | O23: 4
A24: EK41 補中益気湯エキス細粒 | B24: メディセオ | C24: 粉 | D24: 2.5ｇｘ294 | E24: クラシエ | F24: 20.4 | G24: 14994 | H24: =G24/F24 -> 735 | I24: g | J24: 13358 | K24: =J24/H24 -> 18.17415 | L24: 5.2 | M24: =F24-K24 -> 2.2258503 | N24: =IF(match_results!C24="完全一致","〇","×") -> × | O24: 4
A25: EPLカプセル250ｍｇ 販売中止 | B25: アルフレッサ | C25: ＰＴＰ | D25: ４００Ｐ | E25: アルフレッサファーマ | F25: 6.1 | G25: 2440 | H25: =G25/F25 -> 400 | I25: cap | J25: 2218 | K25: =J25/H25 -> 5.545 | L25: 2.1.8 | M25: =F25-K25 -> 0.555 | N25: =IF(match_results!C25="完全一致","〇","×") -> × | O25: 5
A26: SPトローチ0.25ｍｇ「明治」 | B26: メディセオ | C26: PTP | D26: 1200T | E26: meijiseika | F26: 5.9 | G26: 7080 | H26: =G26/F26 -> 1200 | I26: 錠 | J26: 6435 | K26: =J26/H26 -> 5.3625 | L26: 2.3.9 | M26: =F26-K26 -> 0.5375 | N26: =IF(match_results!C26="完全一致","〇","×") -> 〇 | O26: 3
A27: T72 ヨクイニンエキス錠「コタロー」 | B27: メディセオ | C27: バラ | D27: 126Tx10 | E27: 小太郎漢方 | F27: 6.5 | G27: 8190 | H27: =G27/F27 -> 1260 | I27: 錠 | J27: 7445 | K27: =J27/H27 -> 5.9087302 | L27: 5.2 | M27: =F27-K27 -> 0.59126984 | N27: =IF(match_results!C27="完全一致","〇","×") -> × | O27: 15
A28: アーチスト錠1.25ｍｇ | B28: メディセオ | C28: PTP | D28: 100T | E28: 第一三共 | F28: 10.4 | G28: 1040 | H28: =G28/F28 -> 100 | I28: 錠 | J28: 926 | K28: =J28/H28 -> 9.26 | L28: 2.1.4 | M28: =F28-K28 -> 1.14 | N28: =IF(match_results!C28="完全一致","〇","×") -> 〇 | O28: 5
A29: アイファガン点眼液0.1％ | D29: 5ｍｌｘ5 | E29: 武田薬品工業 | F29: 268.9 | G29: 6722.5 | H29: =G29/F29 -> 25 | I29: ｍｌ | J29: 5858 | K29: =J29/H29 -> 234.32 | L29: 1.3.1 | M29: =F29-K29 -> 34.58 | N29: =IF(match_results!C29="完全一致","〇","×") -> × | O29: 3
A30: アウィクリ注 フレックスタッチ 総量300単位 | B30: アルフレッサ | D30: 0.43ｍｌｘ2kit | E30: ノボノルディスク | F30: 2081 | G30: 4162 | H30: =G30/F30 -> 2 | I30: kit | J30: 3689 | K30: =J30/H30 -> 1844.5 | L30: 2.4.9 | M30: =F30-K30 -> 236.5 | N30: =IF(match_results!C30="完全一致","〇","×") -> × | O30: 15
A31: アキネトン細粒1％ | C31: 粉 | D31: 100ｇ | E31: 住友ファーマ | F31: 21.4 | G31: 2140 | H31: =G31/F31 -> 100 | I31: ｇ | J31: 1907 | K31: =J31/H31 -> 19.07 | L31: 1.1.6 | M31: =F31-K31 -> 2.33 | N31: =IF(match_results!C31="完全一致","〇","×") -> × | O31: 2
A32: アキネトン注射液５ｍｇ | D32: １ｍＬ×5０Ａ | E32: 住友ファーマ | F32: 61 | G32: 3050 | H32: =G32/F32 -> 50 | I32: A | J32: 2718 | K32: =J32/H32 -> 54.36 | L32: 1.1.6 | M32: =F32-K32 -> 6.64 | N32: =IF(match_results!C32="完全一致","〇","×") -> × | O32: 9
A33: アクアチムクリーム1% | B33: スズケン | D33: 10ｇX10 | E33: 大塚製薬 | F33: 20.7 | G33: 2070 | H33: =G33/F33 -> 100 | I33: ｇ | J33: 1841 | K33: =J33/H33 -> 18.41 | L33: 2.6.3 | M33: =F33-K33 -> 2.29 | N33: =IF(match_results!C33="完全一致","〇","×") -> 〇 | O33: 3
A34: アクチット輸液 | B34: メディセオ | D34: 500ｍｌｘ20袋 | E34: 扶桑薬品 | F34: 341 | G34: 6820 | H34: =G34/F34 -> 20 | I34: 袋 | J34: 6075 | K34: =J34/H34 -> 303.75 | L34: 3.3.1 | M34: =F34-K34 -> 37.25 | N34: =IF(match_results!C34="完全一致","〇","×") -> × | O34: 10
A35: アクトシン軟膏３％ | B35: アルフレッサ | D35: 30ｇ | E35: マルホ | F35: 50 | G35: 1500 | H35: =G35/F35 -> 30 | I35: g | J35: 1251 | K35: =J35/H35 -> 41.7 | L35: 2.6.9 | M35: =F35-K35 -> 8.3 | N35: =IF(match_results!C35="完全一致","〇","×") -> 〇 | O35: 3
A36: アザルフィジンＥＮ錠500ｍｇ | B36: KSK | C36: PTP | D36: 100Ｔ | E36: ファイザー | F36: 25.9 | G36: 2590 | H36: =G36/F36 -> 100 | I36: 錠 | J36: 2308 | K36: =J36/H36 -> 23.08 | L36: 6.2.1 | M36: =F36-K36 -> 2.82 | N36: =IF(match_results!C36="完全一致","〇","×") -> 〇 | O36: 3
A37: アシクロビル点滴静注用250ｍｇ「サワイ」 | D37: 10V | E37: 沢井製薬 | F37: 368 | G37: 3680 | H37: =G37/F37 -> 10 | I37: V | J37: 3238 | K37: =J37/H37 -> 323.8 | L37: 6.2.5 | M37: =F37-K37 -> 44.2 | N37: =IF(match_results!C37="完全一致","〇","×") -> 〇 | O37: 9
A38: アジスロマイシン錠250ｍｇ「ﾄｰﾜ」 | C38: ＰＴＰ | D38: 60T | E38: 東和薬品 | F38: 60.7 | G38: 3642 | H38: =G38/F38 -> 60 | I38: 錠 | J38: 2952 | K38: =J38/H38 -> 49.2 | L38: 6.1.4 | M38: =F38-K38 -> 11.5 | N38: =IF(match_results!C38="完全一致","〇","×") -> 〇 | O38: 1
A39: アジルサルタンOD錠20ｍｇ「サワイ」 | B39: アルフレッサ | C39: PTP | D39: 100T | E39: 沢井製薬 | F39: 27.4 | G39: 2740 | H39: =G39/F39 -> 100 | I39: 錠 | J39: 2082 | K39: =J39/H39 -> 20.82 | L39: 2.1.4 | M39: =F39-K39 -> 6.58 | N39: =IF(match_results!C39="完全一致","〇","×") -> 〇 | O39: 1
A40: アジルサルタンOD錠20ｍｇ「サワイ」 | B40: アルフレッサ | C40: バラ | D40: 200T | E40: 沢井製薬 | F40: 27.4 | G40: 5480 | H40: =G40/F40 -> 200 | I40: 錠 | J40: 4165 | K40: =J40/H40 -> 20.825 | L40: 2.1.4 | M40: =F40-K40 -> 6.575 | N40: =IF(match_results!C40="完全一致","〇","×") -> 〇 | O40: 5
A41: アスコルビン酸注500ｍｇ「イセイ」 | B41: アルフレッサ | D41: 2ｍｌｘ50Ａ | E41: 愛知イセイ | F41: 100 | G41: 5000 | H41: =G41/F41 -> 50 | I41: A | J41: 4545 | K41: =J41/H41 -> 90.9 | L41: 3.1.4 | M41: =F41-K41 -> 9.1 | N41: =IF(match_results!C41="完全一致","〇","×") -> × | O41: 11
A42: アスコルビン酸注射液500ｍｇ「トーワ」 | B42: 東和薬品 | D42: 2ｍｌｘ1００Ａ | E42: 東和薬品 | F42: 100 | G42: 10000 | H42: =G42/F42 -> 100 | I42: A | J42: 7220 | K42: =J42/H42 -> 72.2 | L42: 3.1.4 | M42: =F42-K42 -> 27.8 | N42: =IF(match_results!C42="完全一致","〇","×") -> ×
A43: アズノール軟膏0.033% | B43: メディセオ | D43: 20ｇｘ10 | E43: 日本新薬 | F43: 80.3 | G43: 1606 | H43: =G43/F43 -> 20 | I43: 10ｇ | J43: 1431 | K43: =J43/H43 -> 71.55 | L43: 2.6.4 | M43: =F43-K43 -> 8.75 | N43: =IF(match_results!C43="完全一致","〇","×") -> ×
A44: アスパラ-CA錠200 | B44: KSK | C44: PTP | D44: 100T | E44: ニプロES | F44: 5.9 | G44: 590 | H44: =G44/F44 -> 100 | I44: 錠 | J44: 525 | K44: =J44/H44 -> 5.25 | L44: 3.2.1 | M44: =F44-K44 -> 0.65 | N44: =IF(match_results!C44="完全一致","〇","×") -> 〇
A45: アスパラ-CA錠200 | B45: KSK | C45: バラ | D45: 500Ｔ | E45: ニプロＥＳ | F45: 5.9 | G45: 2950 | H45: =G45/F45 -> 500 | I45: 錠 | J45: 2629 | K45: =J45/H45 -> 5.258 | L45: 3.2.1 | M45: =F45-K45 -> 0.642 | N45: =IF(match_results!C45="完全一致","〇","×") -> 〇
A46: アスパラカリウム散50％ | B46: KSK | C46: 粉 | D46: 500ｇ | E46: ニプロES | F46: 6.7 | G46: 3350 | H46: =G46/F46 -> 500 | I46: ｇ | J46: 2985 | K46: =J46/H46 -> 5.97 | L46: 3.2.2 | M46: =F46-K46 -> 0.73 | N46: =IF(match_results!C46="完全一致","〇","×") -> 〇
A47: アスパラカリウム錠300ｍｇ | B47: KSK | C47: ＰＴＰ | D47: 1000T | E47: ニプロES | F47: 6.1 | G47: 6100 | H47: =G47/F47 -> 1000 | I47: 錠 | J47: 5435 | K47: =J47/H47 -> 5.435 | L47: 3.2.2 | M47: =F47-K47 -> 0.665 | N47: =IF(match_results!C47="完全一致","〇","×") -> 〇
A48: アスパラカリウム錠300ｍｇ | B48: KSK | C48: ＰＴＰ | D48: 100T | E48: ニプロ | F48: 6.1 | G48: 610 | H48: =G48/F48 -> 100 | I48: 錠 | J48: 544 | K48: =J48/H48 -> 5.44 | L48: 3.2.2 | M48: =F48-K48 -> 0.66 | N48: =IF(match_results!C48="完全一致","〇","×") -> 〇
A49: アスパラギン酸カリウム注 10MEQｷｯﾄ「テルモ」 | B49: アルフレッサ | D49: 10ｍｌｘ10 | E49: テルモ | F49: 181 | G49: 1810 | H49: =G49/F49 -> 10 | I49: 10ｍｌ | J49: 1637 | K49: =J49/H49 -> 163.7 | L49: 3.2.2 | M49: =F49-K49 -> 17.3 | N49: =IF(match_results!C49="完全一致","〇","×") -> ×
A50: アズレン点眼液0.02％「ﾆｯﾄｰ」 | D50: 5ｍｌｘ10 | E50: 日東メディック | F50: 91.6 | G50: 916 | H50: =G50/F50 -> 10 | I50: 瓶 | J50: 832 | K50: =J50/H50 -> 83.2 | L50: 1.3.1 | M50: =F50-K50 -> 8.4 | N50: =IF(match_results!C50="完全一致","〇","×") -> 〇
A51: アセサイド消毒液6％ 800ｍｌｘ2 | D51: 6本セット | E51: オリンパス | H51: =G51/F51 -> #DIV/0! | J51: 68824 | K51: =J51/H51 -> #DIV/0! | L51: 8 | M51: =F51-K51 -> #DIV/0! | N51: =IF(match_results!C51="完全一致","〇","×") -> ×
A52: アセリオ静注液1000ｍｇバッグ | B52: アルフレッサ | D52: 100ｍｌｘ20 | E52: テルモ | F52: 298 | G52: 5960 | H52: =G52/F52 -> 20 | I52: 袋 | J52: 5360 | K52: =J52/H52 -> 268 | L52: 1.1.4 | M52: =F52-K52 -> 30 | N52: =IF(match_results!C52="完全一致","〇","×") -> 〇
A53: アセレンド注100μｇ | D53: 2ｍｌｘ10A | E53: 藤本製薬 | F53: 1646 | G53: 16460 | H53: =G53/F53 -> 10 | I53: 瓶 | J53: 14830 | K53: =J53/H53 -> 1483 | L53: 3.2.2 | M53: =F53-K53 -> 163 | N53: =IF(match_results!C53="完全一致","〇","×") -> 〇
A54: アゾセミド錠30ｍｇ「ＤＳＥＰ」 | B54: メディセオ | C54: PTP | D54: 100T | E54: 第一三共 | F54: 10.4 | G54: 1040 | H54: =G54/F54 -> 100 | I54: 錠 | J54: 926 | K54: =J54/H54 -> 9.26 | L54: 2.1.3 | M54: =F54-K54 -> 1.14 | N54: =IF(match_results!C54="完全一致","〇","×") -> 〇
A55: アゾセミド錠60ｍｇ「ＤＳＥＰ」 | C55: PTP | D55: 100T | E55: 第一三共 | F55: 11.3 | G55: 1130 | H55: =G55/F55 -> 100 | I55: 錠 | J55: 1006 | K55: =J55/H55 -> 10.06 | L55: 2.1.3 | M55: =F55-K55 -> 1.24 | N55: =IF(match_results!C55="完全一致","〇","×") -> ×
A56: アダラートCR錠20ｍｇ | B56: メディセオ | C56: PTP | D56: 100Ｔ | E56: バイエル | F56: 13.2 | G56: 1320 | H56: =G56/F56 -> 100 | I56: 錠 | J56: 1176 | K56: =J56/H56 -> 11.76 | L56: 2.1.7 | M56: =F56-K56 -> 1.44 | N56: =IF(match_results!C56="完全一致","〇","×") -> 〇
A57: アタラックス錠25ｍｇ | B57: KSK | C57: PTP | D57: 100Ｔ | E57: ファイザー | F57: 6.1 | G57: 610 | H57: =G57/F57 -> 100 | I57: 錠 | J57: 536 | K57: =J57/H57 -> 5.36 | L57: 1.1.7.1 | M57: =F57-K57 -> 0.74 | N57: =IF(match_results!C57="完全一致","〇","×") -> 〇
A58: アドエア500ディスカス 60吸入用 | B58: 東邦 | D58: 60ﾌﾞﾘｽﾀｰｘ１ | E58: GSK | F58: 3952.1 | G58: 3952.1 | H58: =G58/F58 -> 1 | I58: 個 | J58: 3430 | K58: =J58/H58 -> 3430 | L58: 2.2.9 | M58: =F58-K58 -> 522.1 | N58: =IF(match_results!C58="完全一致","〇","×") -> ×
A59: アドナ散10％ | B59: アルフレッサ | C59: 粉 | D59: 100ｇ | E59: ニプロES | F59: 32.5 | G59: 3250 | H59: =G59/F59 -> 100 | I59: ｇ | J59: 2860 | K59: =J59/H59 -> 28.6 | L59: 3.3.2 | M59: =F59-K59 -> 3.9 | N59: =IF(match_results!C59="完全一致","〇","×") -> 〇
A60: アドナ錠30ｍｇ | B60: アルフレッサ | C60: バラ | D60: 500T | E60: ニプロES | F60: 7.7 | G60: 3850 | H60: =G60/F60 -> 500 | I60: 錠 | J60: 3388 | K60: =J60/H60 -> 6.776 | L60: 3.3.2 | M60: =F60-K60 -> 0.924 | N60: =IF(match_results!C60="完全一致","〇","×") -> 〇
A61: アドナ注（静脈用）５０ｍｇ | B61: アルフレッサ | D61: 10ml×10A | E61: ニプロ | F61: 89 | G61: 890 | H61: =G61/F61 -> 10 | I61: A | J61: 792 | K61: =J61/H61 -> 79.2 | L61: 3.3.2 | M61: =F61-K61 -> 9.8 | N61: =IF(match_results!C61="完全一致","〇","×") -> ×
A62: アドナ注（静脈用）５０ｍｇ | D62: 10ml×50A | E62: ニプロ | F62: 89 | G62: 4450 | H62: =G62/F62 -> 50 | I62: A | J62: 3961 | K62: =J62/H62 -> 79.22 | L62: 3.3.2 | M62: =F62-K62 -> 9.78 | N62: =IF(match_results!C62="完全一致","〇","×") -> ×
A63: アドフィードパップ40ｍｇ | D63: ７枚ｘ50 | E63: 科研製薬 | F63: 17.6 | G63: 6160 | H63: =G63/F63 -> 350 | I63: 枚 | J63: 5489 | K63: =J63/H63 -> 15.682857 | L63: 2.6.4 | M63: =F63-K63 -> 1.9171429 | N63: =IF(match_results!C63="完全一致","〇","×") -> 〇
A64: アトモキセチンカプセル10ｍｇ 「VTRS」 | B64: メディセオ | C64: PTP | D64: 140P | E64: ヴィアトリス製薬 | F64: 50.3 | G64: 7042 | H64: =G64/F64 -> 140 | I64: cap | J64: 6273 | K64: =J64/H64 -> 44.807143 | L64: 1.1.7.3 | M64: =F64-K64 -> 5.4928571 | N64: =IF(match_results!C64="完全一致","〇","×") -> ×
A65: アトモキセチンカプセル10ｍｇ 「サワイ」 | B65: アルフレッサ | C65: PTP | D65: 140P | E65: 沢井製薬 | F65: 50.3 | G65: 7042 | H65: =G65/F65 -> 140 | I65: cap | J65: 5563 | K65: =J65/H65 -> 39.735714 | L65: 1.1.7.3 | M65: =F65-K65 -> 10.564286 | N65: =IF(match_results!C65="完全一致","〇","×") -> ×
A66: アトモキセチンカプセル40ｍｇ 「VTRS」 | B66: メディセオ | C66: PTP | D66: 140P | E66: ヴィアトリス製薬 | F66: 64.7 | G66: 9058 | H66: =G66/F66 -> 140 | I66: cap | J66: 8069 | K66: =J66/H66 -> 57.635714 | L66: 1.1.7.3 | M66: =F66-K66 -> 7.0642857 | N66: =IF(match_results!C66="完全一致","〇","×") -> ×
A67: アトモキセチンカプセル40ｍｇ 「サワイ」 | B67: アルフレッサ | C67: PTP | D67: 140P | E67: 沢井製薬 | F67: 64.7 | G67: 9058 | H67: =G67/F67 -> 140 | I67: cap | J67: 7156 | K67: =J67/H67 -> 51.114286 | L67: 1.1.7.3 | M67: =F67-K67 -> 13.585714 | N67: =IF(match_results!C67="完全一致","〇","×") -> ×
A68: アトルバスタチンOD錠10ｍｇ「ﾄｰﾜ」 | B68: 東和薬品 | C68: ＰＴＰ | D68: 100T | E68: 東和薬品 | F68: 13.9 | G68: 1390 | H68: =G68/F68 -> 100 | I68: 錠 | J68: 1210 | K68: =J68/H68 -> 12.1 | L68: 2.1.8 | M68: =F68-K68 -> 1.8 | N68: =IF(match_results!C68="完全一致","〇","×") -> 〇
A69: アトルバスタチンOD錠10ｍｇ「ﾄｰﾜ」 | B69: 東和薬品 | C69: バラ | D69: 300T | E69: 東和薬品 | F69: 13.9 | G69: 4170 | H69: =G69/F69 -> 300 | I69: 錠 | J69: 3630 | K69: =J69/H69 -> 12.1 | L69: 2.1.8 | M69: =F69-K69 -> 1.8 | N69: =IF(match_results!C69="完全一致","〇","×") -> 〇
A70: アトロピン硫酸塩注0.5ｍｇ「ニプロ」 | D70: 1ｍｌｘ10A | E70: ニプロ | F70: 100 | G70: 1000 | H70: =G70/F70 -> 10 | I70: A | J70: 891 | K70: =J70/H70 -> 89.1 | L70: 1.2.4 | M70: =F70-K70 -> 10.9 | N70: =IF(match_results!C70="完全一致","〇","×") -> 〇
A71: アナストロゾール錠1ｍｇ「サワイ」 | B71: メディセオ | C71: PTP | D71: 30Ｔ | E71: 沢井製薬 | F71: 58.5 | G71: 1755 | H71: =G71/F71 -> 30 | I71: 錠 | J71: 1458 | K71: =J71/H71 -> 48.6 | L71: 4.2.9 | M71: =F71-K71 -> 9.9 | N71: =IF(match_results!C71="完全一致","〇","×") -> 〇
A72: アナフラニール錠１０ｍｇ | C72: PTP | D72: 300錠 | E72: アルフレッサファーマ | F72: 9.9 | G72: 2970 | H72: =G72/F72 -> 300 | I72: 錠 | J72: 2700 | K72: =J72/H72 -> 9 | L72: 1.1.7.3 | M72: =F72-K72 -> 0.9 | N72: =IF(match_results!C72="完全一致","〇","×") -> ×
A73: アネキセート注射液0.5MG | B73: KSK | D73: 5MLX5A | E73: アステラス製薬 | F73: 2001 | G73: 10005 | H73: =G73/F73 -> 5 | I73: A | J73: 9005 | K73: =J73/H73 -> 1801 | L73: 2.2.1 | M73: =F73-K73 -> 200 | N73: =IF(match_results!C73="完全一致","〇","×") -> ×
A74: アノーロエリプタ30吸入用 | D74: 1個 | E74: GSK | F74: 5445.1 | G74: 5445.1 | H74: =G74/F74 -> 1 | I74: キット | J74: 4726 | K74: =J74/H74 -> 4726 | L74: 2.2.5 | M74: =F74-K74 -> 719.1 | N74: =IF(match_results!C74="完全一致","〇","×") -> ×
A75: アマンタジン塩酸塩錠50ｍｇ「杏林」 | B75: メディセオ | C75: PTP | D75: 100T | E75: キョーリンリメディオ | F75: 6.1 | G75: 610 | H75: =G75/F75 -> 100 | I75: 錠 | J75: 510 | K75: =J75/H75 -> 5.1 | L75: 1.1.6 | M75: =F75-K75 -> 1 | N75: =IF(match_results!C75="完全一致","〇","×") -> 〇
A76: アミティーザカプセル24μｇ | B76: アルフレッサ | C76: PTP | D76: 500P | E76: ヴィアトリス | F76: 96.9 | G76: 48450 | H76: =G76/F76 -> 500 | I76: cap | J76: 41183 | K76: =J76/H76 -> 82.366 | L76: 2.3.5 | M76: =F76-K76 -> 14.534 | N76: =IF(match_results!C76="完全一致","〇","×") -> 〇
A77: アミノレバンEN配合散 コーヒー味 | C77: 粉 | D77: 50ｇX21包 | E77: 大塚製薬 | F77: 88.8 | G77: 9324 | H77: =G77/F77 -> 105 | I77: 10ｇ | J77: 8295 | K77: =J77/H77 -> 79 | L77: 3.2.5 | M77: =F77-K77 -> 9.8 | N77: =IF(match_results!C77="完全一致","〇","×") -> ×
A78: アミノレバン点滴静注 | D78: 500ｍｌｘ20 | E78: 大塚製薬 | F78: 715 | G78: 14300 | H78: =G78/F78 -> 20 | I78: 袋 | J78: 12720 | K78: =J78/H78 -> 636 | L78: 3.2.5 | M78: =F78-K78 -> 79 | N78: =IF(match_results!C78="完全一致","〇","×") -> ×
A79: アムロジピンOD錠2.5ｍｇ「明治」 | B79: メディセオ | C79: PTP | D79: 500T | E79: Ｍｅファルマ | F79: 10.4 | G79: 5200 | H79: =G79/F79 -> 500 | I79: 錠 | J79: 4180 | K79: =J79/H79 -> 8.36 | L79: 2.1.7 | M79: =F79-K79 -> 2.04 | N79: =IF(match_results!C79="完全一致","〇","×") -> 〇
A80: アムロジピンOD錠2.5ｍｇ「明治」 | B80: メディセオ | C80: バラ | D80: 500T | E80: Ｍｅファルマ | F80: 10.4 | G80: 5200 | H80: =G80/F80 -> 500 | I80: 錠 | J80: 4180 | K80: =J80/H80 -> 8.36 | L80: 2.1.7 | M80: =F80-K80 -> 2.04 | N80: =IF(match_results!C80="完全一致","〇","×") -> 〇
A81: アリドネパッチ27.5ｍｇ | B81: スズケン | D81: 28枚 | E81: 興和 | F81: 286.4 | G81: 8019.2 | H81: =G81/F81 -> 28 | I81: 枚 | J81: 6943 | K81: =J81/H81 -> 247.96429 | L81: 1.1.9 | M81: =F81-K81 -> 38.435714 | N81: =IF(match_results!C81="完全一致","〇","×") -> 〇
A82: アリドネパッチ55ｍｇ | B82: スズケン | D82: 28枚 | E82: 興和 | F82: 437.6 | G82: 12252.8 | H82: =G82/F82 -> 28 | I82: 枚 | J82: 10608 | K82: =J82/H82 -> 378.85714 | L82: 1.1.9 | M82: =F82-K82 -> 58.742857 | N82: =IF(match_results!C82="完全一致","〇","×") -> 〇
A83: アリピプラゾールＯＤ錠12ｍｇ「ニプロ」 | B83: アルフレッサ | C83: ＰＴＰ | D83: 100Ｔ | E83: ニプロES | F83: 22.7 | G83: 2270 | H83: =G83/F83 -> 100 | I83: 錠 | J83: 1975 | K83: =J83/H83 -> 19.75 | L83: 1.1.7.2 | M83: =F83-K83 -> 2.95 | N83: =IF(match_results!C83="完全一致","〇","×") -> 〇
A84: アリピプラゾールＯＤ錠12ｍｇ「ニプロ」 | B84: アルフレッサ | C84: バラ | D84: 500Ｔ | E84: ニプロＥＳ | F84: 22.7 | G84: 11350 | H84: =G84/F84 -> 500 | I84: 錠 | J84: 9875 | K84: =J84/H84 -> 19.75 | L84: 1.1.7.2 | M84: =F84-K84 -> 2.95 | N84: =IF(match_results!C84="完全一致","〇","×") -> 〇
A85: アリピプラゾールＯＤ錠3ｍｇ「ニプロ」 | B85: アルフレッサ | C85: ＰＴＰ | D85: 100Ｔ | E85: ニプロＥＳ | F85: 6.4 | G85: 640 | H85: =G85/F85 -> 100 | I85: 錠 | J85: 557 | K85: =J85/H85 -> 5.57 | L85: 1.1.7.2 | M85: =F85-K85 -> 0.83 | N85: =IF(match_results!C85="完全一致","〇","×") -> 〇
A86: アリピプラゾールＯＤ錠3ｍｇ「ニプロ」 | B86: アルフレッサ | C86: バラ | D86: 100Ｔ | E86: ニプロES | F86: 6.4 | G86: 640 | H86: =G86/F86 -> 100 | I86: 錠 | J86: 557 | K86: =J86/H86 -> 5.57 | L86: 1.1.7.2 | M86: =F86-K86 -> 0.83 | N86: =IF(match_results!C86="完全一致","〇","×") -> 〇
A87: アリピプラゾールＯＤ錠6ｍｇ「ニプロ」 | B87: アルフレッサ | C87: ＰＴＰ | D87: 100Ｔ | E87: ニプロＥＳ | F87: 11.8 | G87: 1180 | H87: =G87/F87 -> 100 | I87: 錠 | J87: 1027 | K87: =J87/H87 -> 10.27 | L87: 1.1.7.2 | M87: =F87-K87 -> 1.53 | N87: =IF(match_results!C87="完全一致","〇","×") -> 〇
A88: アリピプラゾールＯＤ錠6ｍｇ「ニプロ」 | B88: アルフレッサ | C88: バラ | D88: 100Ｔ | E88: ニプロＥＳ | F88: 11.8 | G88: 1180 | H88: =G88/F88 -> 100 | I88: 錠 | J88: 1027 | K88: =J88/H88 -> 10.27 | L88: 1.1.7.2 | M88: =F88-K88 -> 1.53 | N88: =IF(match_results!C88="完全一致","〇","×") -> 〇
A89: アリピプラゾール散1％「ニプロ」 | B89: メディセオ | C89: 粉 | D89: 100ｇ | E89: ニプロES | F89: 18.6 | G89: 1860 | H89: =G89/F89 -> 100 | I89: ｇ | J89: 1657 | K89: =J89/H89 -> 16.57 | L89: 1.1.7.2 | M89: =F89-K89 -> 2.03 | N89: =IF(match_results!C89="完全一致","〇","×") -> 〇
A90: アリピプラゾール錠1ｍｇ「サワイ」 | B90: メディセオ | C90: PTP | D90: 100T | E90: 沢井製薬 | F90: 6.1 | G90: 610 | H90: =G90/F90 -> 100 | I90: 錠 | J90: 545 | K90: =J90/H90 -> 5.45 | L90: 1.1.7.2 | M90: =F90-K90 -> 0.65 | N90: =IF(match_results!C90="完全一致","〇","×") -> 〇
A91: アルダクトンＡ錠25ｍｇ | B91: アルフレッサ | C91: バラ | D91: 100Ｔ | E91: ファイザー | F91: 13.1 | G91: 1310 | H91: =G91/F91 -> 100 | I91: 錠 | J91: 1137 | K91: =J91/H91 -> 11.37 | L91: 2.1.3 | M91: =F91-K91 -> 1.73 | N91: =IF(match_results!C91="完全一致","〇","×") -> 〇
A92: アルファカルシドールカプセル0.5μｇ「フソー」 | B92: アルフレッサ | C92: PTP | D92: 500P | E92: 沢井製薬 | F92: 6.1 | G92: 3050 | H92: =G92/F92 -> 500 | I92: cap | J92: 2684 | K92: =J92/H92 -> 5.368 | L92: 3.1.1 | M92: =F92-K92 -> 0.732 | N92: =IF(match_results!C92="完全一致","〇","×") -> 〇
A93: アルブミナー25％静注12.5ｇ/50ｍｌ | B93: アルフレッサ | D93: 50ｍｌｘ1V | E93: CSLベーリング | F93: 4436 | G93: 4436 | H93: =G93/F93 -> 1 | I93: V | J93: 3960 | K93: =J93/H93 -> 3960 | L93: 6.3.4 | M93: =F93-K93 -> 476 | N93: =IF(match_results!C93="完全一致","〇","×") -> ×
A94: アルメタ軟膏 | D94: 5ｇｘ10 | E94: 塩野義製薬 | F94: 20.6 | G94: 1030 | H94: =G94/F94 -> 50 | I94: ｇ | J94: 917 | K94: =J94/H94 -> 18.34 | L94: 2.6.4 | M94: =F94-K94 -> 2.26 | N94: =IF(match_results!C94="完全一致","〇","×") -> ×
A95: アレギサール点眼液0.1％ 販売中止 | D95: 5ｍｌｘ10 | E95: 参天製薬 | F95: 421.8 | G95: 4218 | H95: =G95/F95 -> 10 | I95: 本 | J95: 3750 | K95: =J95/H95 -> 375 | L95: 1.3.1 | M95: =F95-K95 -> 46.8 | N95: =IF(match_results!C95="完全一致","〇","×") -> ×
A96: アレビアチン散１０％ | C96: 粉 | D96: 500ｇ | E96: 住友ファーマ | F96: 12.1 | G96: 6050 | H96: =G96/F96 -> 500 | I96: ｇ | J96: 5389 | K96: =J96/H96 -> 10.778 | L96: 1.1.3 | M96: =F96-K96 -> 1.322 | N96: =IF(match_results!C96="完全一致","〇","×") -> 〇
A97: アレビアチン錠100ｍｇ | C97: バラ | D97: 100T | E97: 住友ファーマ | F97: 12.9 | G97: 1290 | H97: =G97/F97 -> 100 | I97: 錠 | J97: 1149 | K97: =J97/H97 -> 11.49 | L97: 1.1.3 | M97: =F97-K97 -> 1.41 | N97: =IF(match_results!C97="完全一致","〇","×") -> ×
A98: アレビアチン注２５０ｍｇ | D98: ５ｍＬＸ１０管 | E98: 住友ファーマ | F98: 123 | G98: 1230 | H98: =G98/F98 -> 10 | I98: A | J98: 1095 | K98: =J98/H98 -> 109.5 | L98: 1.1.3 | M98: =F98-K98 -> 13.5 | N98: =IF(match_results!C98="完全一致","〇","×") -> 〇
A99: アロプリノール錠100mg｢ｻﾜｲ」 | C99: PTP | D99: 100T | E99: 沢井製薬 | F99: 8 | G99: 800 | H99: =G99/F99 -> 100 | I99: 錠 | J99: 712 | K99: =J99/H99 -> 7.12 | L99: 3.9.4 | M99: =F99-K99 -> 0.88 | N99: =IF(match_results!C99="完全一致","〇","×") -> 〇
A100: アロプリノール錠100mg｢ｻﾜｲ」 | B100: アルフレッサ | C100: バラ | D100: 1000T | E100: 沢井製薬 | F100: 8 | G100: 8000 | H100: =G100/F100 -> 1000 | I100: 錠 | J100: 7120 | K100: =J100/H100 -> 7.12 | L100: 3.9.4 | M100: =F100-K100 -> 0.88 | N100: =IF(match_results!C100="完全一致","〇","×") -> 〇
...

Sheet マスタ非採用削除
A1: 薬品マスタ | B1: 46085
A2: PK | C2: TZMYAKUHINMEISHO | D2: TZMYAKUHIN | E2: TZMYAKUHINBETSUKIHONJOHOKUBUN | G2: TZMYAKUKA | H2: TZMYAKUHINMEISHO | I2: TZMYAKUHIN | K2: TZMYAKUHINBETSUKIHONJOHOKUBUN
A3: YAKUHIN_CODE | C3: YAKUHIN_NM | D3: HOST_CODE | E3: SAIYO_DIV | G3: YAKKA | H3: YAKUHIN_NM_KANA | I3: ZAIKEI_CODE | K3: DOKUGEKIYAKU_DIV
A4: コード(区分値) | B4: コード | C4: 名称 | D4: ホストコード | E4: 採用区分（区分値）(区分値) | F4: 採用区分（区分値） | G4: 薬価 | H4: カナ名称 | I4: 剤形(区分値) | J4: 剤形 | K4: 毒劇薬（区分値）(区分値) | L4: 毒劇薬（区分値） | M4: 棚
A5: ｱｴﾝ001 | B5: ｱｴﾝ001 | C5: 亜鉛華軟膏「ニッコー」 | D5: ｱｴﾝｶﾅﾝ | E5: 1 | G5: 3.3 | H5: ｱｴﾝｶﾅﾝｺｳ｢ﾆｯｺｰ｣ | I5: 14 | J5: 軟膏 | K5: 0 | M5: 7
A6: ｱｷﾈ002 | B6: ｱｷﾈ002 | C6: アキネトン注射液５ｍｇ | D6: ｱｷﾈﾄﾝﾁ | E6: 1 | G6: 61 | H6: ｱｷﾈﾄﾝﾁｭｳｼｬｴｷ5mg | I6: 25 | J6: 注射剤 | K6: 2 | M6: 9
A7: ｱｸｱ001 | B7: ｱｸｱ001 | C7: アクアチムクリーム１％ | D7: ｱｸｱﾁﾑ | E7: 1 | G7: 20.7 | H7: ｱｸｱﾁﾑｸﾘｰﾑ1% | I7: 15 | J7: クリーム | K7: 0 | M7: 3
A8: ｱｸﾁ002 | B8: ｱｸﾁ002 | C8: アクチット輸液 | E8: 1 | G8: 341 | H8: ｱｸﾁﾂﾄﾕｴｷ | I8: 25 | J8: 注射剤 | K8: 0 | M8: 10
A9: ｱｸﾄ001 | B9: ｱｸﾄ001 | C9: アクトシン軟膏３％ | D9: ｱｸﾄｼﾝ | E9: 1 | G9: 50 | H9: ｱｸﾄｼﾝﾅﾝｺｳ3% | I9: 14 | J9: 軟膏 | K9: 0 | M9: 15
A10: ｱｻﾙ001 | B10: ｱｻﾙ001 | C10: アザルフィジンＥＮ錠５００ｍｇ | D10: ｱｻﾞﾙ1 | E10: 2 | G10: 25.9 | H10: ｱｻﾞﾙﾌｨｼﾞﾝENｼﾞｮｳ500mg | I10: 1 | J10: 錠剤 | K10: 0 | M10: 3
A11: ｱｼｸ001 | B11: ｱｼｸ001 | C11: アシクロビル点滴静注用２５０ｍｇ「サワイ」 | D11: ｱｼｸﾛ | E11: 2 | G11: 368 | H11: ｱｼｸﾛﾋﾞﾙﾃﾝﾃｷｼﾞｮｳﾁｭｳﾖｳ250mg｢ｻﾜｲ｣ | I11: 25 | J11: 注射剤 | K11: 0 | M11: 9
A12: ｱｼｽ001 | B12: ｱｼｽ001 | C12: アジスロマイシン錠２５０ｍｇ「トーワ」 | D12: ｱｼﾞｽ | E12: 1 | G12: 60.7 | H12: ｱｼﾞｽﾛﾏｲｼﾝｼﾞｮｳ250mg｢ﾄｰﾜ｣ | I12: 1 | J12: 錠剤 | K12: 0 | M12: 1
A13: ｱｼﾙ003 | B13: ｱｼﾙ003 | C13: アジルサルタンＯＤ錠２０ｍｇ「サワイ」 | E13: 1 | G13: 27.4 | H13: ｱｼﾞﾙｻﾙﾀﾝODｼﾞﾖｳ20MGｻﾜｲ | I13: 1 | J13: 錠剤 | K13: 0 | M13: 5
A14: ｱｽｺ003 | B14: ｱｽｺ003 | C14: アスコルビン酸注５００ｍｇ「イセイ」 | E14: 1 | G14: 100 | H14: ｱｽｺﾙﾋﾞﾝｻﾝﾁﾕｳ500MGｲｾｲ | I14: 25 | J14: 注射剤 | K14: 0 | M14: 11
A15: ｱｽﾉ002 | B15: ｱｽﾉ002 | C15: アズノール軟膏０．０３３％ | D15: ｱｽﾞﾉ3 | E15: 1 | G15: 8.03 | H15: ｱｽﾞﾉｰﾙﾅﾝｺｳ0.033% | I15: 14 | J15: 軟膏 | K15: 0 | M15: 3
A16: ｱｽﾊ001 | B16: ｱｽﾊ001 | C16: アスパラ－ＣＡ錠２００ | D16: ｱｽﾊﾟ | E16: 1 | G16: 5.9 | H16: ｱｽﾊﾟﾗ-CAｼﾞｮｳ200 | I16: 1 | J16: 錠剤 | K16: 0 | M16: 5
A17: ｱｽﾊ002 | B17: ｱｽﾊ002 | C17: アスパラカリウム錠３００ｍｇ | D17: ｱｽﾊﾟﾗ | E17: 1 | G17: 6.1 | H17: ｱｽﾊﾟﾗｶﾘｳﾑｼﾞｮｳ300mg | I17: 1 | J17: 錠剤 | K17: 0 | M17: 1
A18: ｱｽﾊ003 | B18: ｱｽﾊ003 | C18: アスパラカリウム散５０％ | D18: ｱｽﾊﾟ1 | E18: 1 | G18: 6.7 | H18: ｱｽﾊﾟﾗｶﾘｳﾑｻﾝ50% | I18: 3 | J18: 散 | K18: 0 | M18: 2
A19: ｱｽﾊ004 | B19: ｱｽﾊ004 | C19: アスパラギン酸カリウム注１０ｍＥｑキット「テルモ」 | D19: ｱｽﾊﾟ2 | E19: 1 | G19: 181 | H19: ｱｽﾊﾟﾗｷﾞﾝｻﾝｶﾘｳﾑﾁｭｳ10mEqｷｯﾄ｢ﾃﾙﾓ｣ | I19: 25 | J19: 注射剤 | K19: 0 | M19: 9
A20: ｱｽﾚ001 | B20: ｱｽﾚ001 | C20: アズレン点眼液０．０２％「ニットー」 | D20: ｱｽﾞﾚ | E20: 1 | G20: 91.6 | H20: ｱｽﾞﾚﾝﾃﾝｶﾞﾝｴｷ0.02%｢ﾆｯﾄｰ｣ | I20: 21 | J20: 点眼剤 | K20: 0 | M20: 3
A21: ｱｾﾘ001 | B21: ｱｾﾘ001 | C21: アセリオ静注液１０００ｍｇバッグ | D21: ｱｾﾘ | E21: 2 | G21: 298 | H21: ｱｾﾘｵｼﾞｮｳﾁｭｳｴｷ1000mgﾊﾞｯｸﾞ | I21: 25 | J21: 注射剤 | K21: 2 | M21: 8
A22: ｱｾﾚ001 | B22: ｱｾﾚ001 | C22: アセレンド注１００μｇ | D22: ｱｾﾚ | E22: 2 | G22: 1646 | H22: ｱｾﾚﾝﾄﾞﾁｭｳ100μg | I22: 25 | J22: 注射剤 | K22: 2 | M22: 9
A23: ｱｿｾ002 | B23: ｱｿｾ002 | C23: アゾセミド錠３０ｍｇ「ＤＳＥＰ」 | D23: ｱｿﾞｾ2 | E23: 2 | G23: 10.4 | H23: ｱｿﾞｾﾐﾄﾞｼﾞｮｳ30mg｢DSEP｣ | I23: 1 | J23: 錠剤 | K23: 0 | M23: 3
A24: ｱﾀﾗ001 | B24: ｱﾀﾗ001 | C24: アタラックス錠２５ｍｇ | D24: ｱﾀﾗｯ2 | E24: 1 | G24: 6.1 | H24: ｱﾀﾗｯｸｽｼﾞｮｳ25mg | I24: 1 | J24: 錠剤 | K24: 0 | M24: 5
A25: ｱﾀﾗ002 | B25: ｱﾀﾗ002 | C25: アダラートＣＲ錠２０ｍｇ | D25: ｱﾀﾞﾗ | E25: 1 | G25: 13.2 | H25: ｱﾀﾞﾗｰﾄCRｼﾞｮｳ20mg | I25: 1 | J25: 錠剤 | K25: 2 | M25: 6
A26: ｱﾁｽ001 | B26: ｱﾁｽ001 | C26: アーチスト錠１．２５ｍｇ | D26: ｱｰﾁ | E26: 1 | G26: 10.4 | H26: ｱｰﾁｽﾄｼﾞｮｳ1.25mg | I26: 1 | J26: 錠剤 | K26: 0 | M26: 5
... A30: ｱﾄﾅ003 | B30: ｱﾄﾅ003 | C30: アドナ散１０％ | D30: ｱﾄﾞﾅ2* | E30: 1 | G30: 32.5 | H30: ｱﾄﾞﾅｻﾝ10% | I30: 3 | J30: 散 | K30: 0 | M30: 2
A31: ｱﾄﾌ001 | B31: ｱﾄﾌ001 | C31: アドフィードパップ４０ｍｇ | E31: 1 | G31: 17.6 | H31: ｱﾄﾞﾌｲ-ﾄﾞﾊﾟﾂﾌﾟ40MG | I31: 19 | J31: 貼付剤 | K31: 0 | M31: 12
A32: ｱﾄﾓ001 | B32: ｱﾄﾓ001 | C32: アトモキセチンカプセル１０ｍｇ「サワイ」 | D32: ｱﾄ10 | E32: 1 | G32: 50.3 | H32: ｱﾄﾓｷｾﾁﾝｶﾌﾟｾﾙ10mg｢ｻﾜｲ｣ | I32: 2 | J32: カプセル | K32: 2 | M32: 6
A33: ｱﾄﾓ005 | B33: ｱﾄﾓ005 | C33: アトモキセチンカプセル４０ｍｇ「ＶＴＲＳ」 | E33: 1 | G33: 64.7 | H33: ｱﾄﾓｷｾﾁﾝｶﾌﾟｾﾙ40MGVTRS | I33: 2 | J33: カプセル | K33: 2 | M33: 6
A34: ｱﾄﾙ002 | B34: ｱﾄﾙ002 | C34: アトルバスタチンＯＤ錠１０ｍｇ「トーワ」 | E34: 1 | G34: 13.9 | H34: ｱﾄﾙﾊﾞｽﾀﾁﾝODｼﾞﾖｳ10MGﾄ-ﾜ | I34: 1 | J34: 錠剤 | K34: 0 | M34: 5
A35: ｱﾄﾛ001 | B35: ｱﾄﾛ001 | C35: アトロピン硫酸塩注０．５ｍｇ「ニプロ」 | D35: ｱﾄﾛ | E35: 1 | G35: 100 | H35: ｱﾄﾛﾋﾟﾝﾘﾕｳｻﾝｴﾝﾁﾕｳ0.5MGﾆﾌﾟﾛ | I35: 25 | J35: 注射剤 | K35: 2 | M35: 9
A36: ｱﾅｽ002 | B36: ｱﾅｽ002 | C36: アナストロゾール錠１ｍｇ「サワイ」 | E36: 2 | G36: 58.5 | H36: ｱﾅｽﾄﾛｿﾞ-ﾙｼﾞﾖｳ1MGｻﾜｲ | I36: 1 | J36: 錠剤 | K36: 2 | M36: 3
A37: ｱﾅﾌ002 | B37: ｱﾅﾌ002 | C37: アナフラニール点滴静注液２５ｍｇ | D37: ｱﾅﾌﾗﾆｰ | E37: 2 | G37: 225 | H37: ｱﾅﾌﾗﾆｰﾙﾃﾝﾃｷｼﾞｮｳﾁｭｳｴｷ25mg | I37: 25 | J37: 注射剤 | K37: 2 | M37: 15
A38: ｱﾈｷ001 | B38: ｱﾈｷ001 | C38: アネキセート注射液０．５ｍｇ | D38: ｱﾈｷｾ | E38: 1 | G38: 2001 | H38: ｱﾈｷｾｰﾄﾁｭｳｼｬｴｷ0.5mg | I38: 25 | J38: 注射剤 | K38: 2 | M38: 9
A39: ｱﾏﾝ001 | B39: ｱﾏﾝ001 | C39: アマンタジン塩酸塩錠５０ｍｇ「杏林」 | D39: ｱﾏﾝﾀ | E39: 1 | G39: 6.1 | H39: ｱﾏﾝﾀｼﾞﾝｴﾝｻﾝｴﾝｼﾞｮｳ50mg｢ｷｮｳﾘﾝ｣ | I39: 1 | J39: 錠剤 | K39: 0 | M39: 5
A40: ｱﾐｵ001 | B40: ｱﾐｵ001 | C40: アミオダロン塩酸塩速崩錠５０ｍｇ「ＴＥ」 | D40: ｱﾐｵ | E40: 2 | G40: 44.1 | H40: ｱﾐｵﾀﾞﾛﾝｴﾝｻﾝｴﾝｿｸﾎｳｼﾞｮｳ50mg｢TE｣ | I40: 1 | J40: 錠剤 | K40: 1 | M40: 3
A41: ｱﾐﾃ001 | B41: ｱﾐﾃ001 | C41: アミティーザカプセル２４μｇ | D41: ｱﾐﾃ | E41: 1 | G41: 96.9 | H41: ｱﾐﾃｨｰｻﾞｶﾌﾟｾﾙ24μg | I41: 2 | J41: カプセル | K41: 0 | M41: 5
A42: ｱﾐﾉ001 | B42: ｱﾐﾉ001 | C42: アミノレバンＥＮ配合散 | D42: ｱﾐﾉﾚ1* | E42: 1 | G42: 8.88 | H42: ｱﾐﾉﾚﾊﾞﾝENﾊｲｺﾞｳｻﾝ | I42: 3 | J42: 散 | K42: 0 | M42: 15
A43: ｱﾐﾉ002 | B43: ｱﾐﾉ002 | C43: アミノレバン点滴静注（用時購入） | E43: 2 | G43: 715 | H43: ｱﾐﾉﾚﾊﾞﾝﾃﾝﾃｷｼﾞﾖｳﾁﾕｳ | I43: 25 | J43: 注射剤 | K43: 0 | M43: 15
A44: ｱﾑﾛ002 | B44: ｱﾑﾛ002 | C44: アムロジピンＯＤ錠２．５ｍｇ「明治」 | E44: 1 | G44: 10.4 | H44: ｱﾑﾛｼﾞﾋﾟﾝODｼﾞﾖｳ2.5MGﾒｲｼﾞ | I44: 1 | J44: 錠剤 | K44: 2 | M44: 5
A45: ｱﾘﾄ001 | B45: ｱﾘﾄ001 | C45: アリドネパッチ２７．５ｍｇ | E45: 1 | G45: 286.4 | H45: ｱﾘﾄﾞﾈﾊﾟﾂﾁ27.5MG | I45: 19 | J45: 貼付剤 | K45: 2 | M45: 3
A46: ｱﾘﾄ002 | B46: ｱﾘﾄ002 | C46: アリドネパッチ５５ｍｇ | E46: 1 | G46: 437.6 | H46: ｱﾘﾄﾞﾈﾊﾟﾂﾁ55MG | I46: 19 | J46: 貼付剤 | K46: 2 | M46: 3
A47: ｱﾘﾅ001 | B47: ｱﾘﾅ001 | C47: ２５ｍｇアリナミンＦ糖衣錠 | D47: ｱﾘF** | E47: 1 | G47: 6.1 | H47: 25mgｱﾘﾅﾐﾝFﾄｳｲｼﾞｮｳ | I47: 1 | J47: 錠剤 | K47: 0 | M47: 5
A48: ｱﾘﾋ007 | B48: ｱﾘﾋ007 | C48: アリピプラゾールＯＤ錠３ｍｇ「ニプロ」 | E48: 1 | G48: 6.4 | H48: ｱﾘﾋﾟﾌﾟﾗｿﾞ-ﾙODｼﾞﾖｳ3MGﾆﾌﾟﾛ | I48: 1 | J48: 錠剤 | K48: 2 | M48: 6
A49: ｱﾘﾋ008 | B49: ｱﾘﾋ008 | C49: アリピプラゾールＯＤ錠１２ｍｇ「ニプロ」 | E49: 1 | G49: 22.7 | H49: ｱﾘﾋﾟﾌﾟﾗｿﾞ-ﾙODｼﾞﾖｳ12MGﾆﾌﾟﾛ | I49: 1 | J49: 錠剤 | K49: 2 | M49: 6
A50: ｱﾘﾋ009 | B50: ｱﾘﾋ009 | C50: アリピプラゾールＯＤ錠６ｍｇ「ニプロ」 | E50: 1 | G50: 11.8 | H50: ｱﾘﾋﾟﾌﾟﾗｿﾞ-ﾙODｼﾞﾖｳ6MGﾆﾌﾟﾛ | I50: 1 | J50: 錠剤 | K50: 2 | M50: 6
A51: ｱﾘﾋ010 | B51: ｱﾘﾋ010 | C51: アリピプラゾール散１％「ニプロ」 | E51: 1 | G51: 18.6 | H51: ｱﾘﾋﾟﾌﾟﾗｿﾞ-ﾙｻﾝ1%ﾆﾌﾟﾛ | I51: 3 | J51: 散 | K51: 2 | M51: 2
A52: ｱﾘﾋ011 | B52: ｱﾘﾋ011 | C52: アリピプラゾール錠１ｍｇ「サワイ」 | E52: 1 | G52: 6.1 | H52: ｱﾘﾋﾟﾌﾟﾗｿﾞ-ﾙｼﾞﾖｳ1MGｻﾜｲ | I52: 1 | J52: 錠剤 | K52: 2 | M52: 6
A53: ｱﾙﾀ001 | B53: ｱﾙﾀ001 | C53: アルダクトンＡ錠２５ｍｇ | D53: ｱﾙﾀﾞ | E53: 1 | G53: 13.1 | H53: ｱﾙﾀﾞｸﾄﾝAｼﾞｮｳ25mg | I53: 1 | J53: 錠剤 | K53: 0 | M53: 5
A54: ｱﾙﾌ002 | B54: ｱﾙﾌ002 | C54: アルブミナー２５％静注１２．５ｇ／５０ｍＬ | D54: ｱﾙﾌﾞ | E54: 1 | G54: 4436 | H54: ｱﾙﾌﾞﾐﾅｰ25%ｼﾞｮｳﾁｭｳ12.5g/50mL | I54: 25 | J54: 注射剤 | K54: 0 | M54: 6
A55: ｱﾙﾌ003 | B55: ｱﾙﾌ003 | C55: アルファカルシドールカプセル０．５μｇ「フソー」 | E55: 1 | G55: 6.1 | H55: ｱﾙﾌｱｶﾙｼﾄﾞ-ﾙｶﾌﾟｾﾙ0.5ﾏｲｸﾛGﾌｿ- | I55: 2 | J55: カプセル | K55: 2 | M55: 2
A56: ｱﾚﾋ001 | B56: ｱﾚﾋ001 | C56: アレビアチン散１０％ | D56: ｱﾚﾋﾞｱﾁ | E56: 1 | G56: 12.1 | H56: ｱﾚﾋﾞｱﾁﾝｻﾝ10% | I56: 3 | J56: 散 | K56: 2 | M56: 2
A57: ｱﾚﾋ002 | B57: ｱﾚﾋ002 | C57: アレビアチン注２５０ｍｇ | D57: ｱﾚﾋﾞｱ | E57: 1 | G57: 123 | H57: ｱﾚﾋﾞｱﾁﾝﾁﾕｳ250MG | I57: 25 | J57: 注射剤 | K57: 2 | M57: 9
A58: ｱﾛﾌ001 | B58: ｱﾛﾌ001 | C58: アロプリノール錠１００ｍｇ「サワイ」 | D58: ｱﾛﾌﾟ | E58: 1 | G58: 8 | H58: ｱﾛﾌﾟﾘﾉｰﾙｼﾞｮｳ100mg｢ｻﾜｲ｣ | I58: 1 | J58: 錠剤 | K58: 0 | M58: 5
A59: ｲｺｻ001 | B59: ｲｺｻ001 | C59: イコサペント酸エチルカプセル３００ｍｇ「日医工」 | D59: ｲｺｻ | E59: 1 | G59: 12.5 | H59: ｲｺｻﾍﾟﾝﾄｻﾝｴﾁﾙｶﾌﾟｾﾙ300mg｢ﾆﾁｲｺｳ｣ | I59: 2 | J59: カプセル | K59: 0 | M59: 5
A60: ｲｻﾝ001 | B60: ｲｻﾝ001 | C60: 胃散(院内製剤) | D60: ｲｻﾝ | E60: 1 | G60: 0 | H60: ｲｻﾝ(院ﾅｲｾｲｻﾞｲ) | I60: 3 | J60: 散 | K60: 0 | M60: 3
A61: ｲﾉｿ001 | B61: ｲﾉｿ001 | C61: イノソリッド配合経腸用半固形剤 | E61: 2 | G61: 1.44 | H61: ｲﾉｿﾘﾂﾄﾞﾊｲｺﾞｳｹｲﾁﾖｳﾖｳﾊﾝｺｹｲｻﾞｲ | I61: 24 | J61: その他 | K61: 0 | M61: 7
A62: ｲﾊﾝ001 | B62: ｲﾊﾝ001 | C62: イバンドロン酸静注１ｍｇシリンジ「トーワ」 | D62: ｲﾊﾞﾝ | E62: 1 | G62: 1588 | H62: ｲﾊﾞﾝﾄﾞﾛﾝｻﾝｼﾞｮｳﾁｭｳ1mgｼﾘﾝｼﾞ｢ﾄｰﾜ｣ | I62: 25 | J62: 注射剤 | K62: 2 | M62: 9
A63: ｲﾋｴ001 | B63: ｲﾋｴ001 | C63: ＥＰＬカプセル２５０ｍｇ | D63: EPL** | E63: 1 | G63: 6.1 | H63: EPLｶﾌﾟｾﾙ250mg | I63: 2 | J63: カプセル | K63: 0 | M63: 5
A64: ｲﾌｴ001 | B64: ｲﾌｴ001 | C64: イフェクサーＳＲカプセル３７．５ｍｇ | D64: ｲﾌｪｸ | E64: 1 | G64: 101.9 | H64: ｲﾌｪｸｻｰSRｶﾌﾟｾﾙ37.5mg | I64: 2 | J64: カプセル | K64: 2 | M64: 6
A65: ｲﾌｴ002 | B65: ｲﾌｴ002 | C65: イフェクサーＳＲカプセル７５ｍｇ | D65: ｲﾌｪｸ1 | E65: 1 | G65: 167.6 | H65: ｲﾌｪｸｻｰSRｶﾌﾟｾﾙ75mg | I65: 2 | J65: カプセル | K65: 2 | M65: 6
A66: ｲﾍﾆ001 | B66: ｲﾍﾆ001 | C66: イベニティ皮下注１０５ｍｇシリンジ | D66: ｲﾍﾞﾆ | E66: 1 | G66: 25061 | H66: ｲﾍﾞﾆﾃｨﾋｶﾁｭｳ105mgｼﾘﾝｼﾞ | I66: 25 | J66: 注射剤 | K66: 0 | M66: 11
A67: ｲﾘﾎ001 | B67: ｲﾘﾎ001 | C67: イリボー錠５μｇ | D67: ｲﾘﾎﾞ | E67: 2 | G67: 61 | H67: ｲﾘﾎﾞｰｼﾞｮｳ5μg | I67: 1 | J67: 錠剤 | K67: 2 | M67: 15
A68: ｲﾙﾍ002 | B68: ｲﾙﾍ002 | C68: イルベサルタン錠５０ｍｇ「サワイ」 | D68: ｲﾙﾍﾞ2 | E68: 1 | G68: 10.4 | H68: ｲﾙﾍﾞｻﾙﾀﾝｼﾞｮｳ50mg｢ｻﾜｲ｣ | I68: 1 | J68: 錠剤 | K68: 0 | M68: 5
A69: ｲﾝｳ001 | B69: ｲﾝｳ001 | C69: インヴェガ錠３ｍｇ | D69: ｲﾝｳﾞｪ3 | E69: 1 | G69: 227.8 | H69: ｲﾝｳﾞｪｶﾞｼﾞｮｳ3mg | I69: 1 | J69: 錠剤 | K69: 2 | M69: 6
A70: ｲﾝｳ002 | B70: ｲﾝｳ002 | C70: インヴェガ錠６ｍｇ | D70: ｲﾝｳﾞｪ6 | E70: 1 | G70: 419.7 | H70: ｲﾝｳﾞｪｶﾞｼﾞｮｳ6mg | I70: 1 | J70: 錠剤 | K70: 2 | M70: 6
A71: ｲﾝﾁ001 | B71: ｲﾝﾁ001 | C71: インチュニブ錠１ｍｇ | D71: ｲﾝﾁｭ | E71: 2 | G71: 398.8 | H71: ｲﾝﾁｭﾆﾌﾞｼﾞｮｳ1mg | I71: 1 | J71: 錠剤 | K71: 2 | M71: 3
A72: ｲﾝﾃ002 | B72: ｲﾝﾃ002 | C72: インテバン外用液１％ | D72: ｲﾝﾃﾊﾞﾝ | E72: 1 | G72: 3.3 | H72: ｲﾝﾃﾊﾞﾝｶﾞｲﾖｳｴｷ1% | I72: 17 | J72: 外用液剤 | K72: 0 | M72: 3
A73: ｲﾝﾃ003 | B73: ｲﾝﾃ003 | C73: インデラル錠１０ｍｇ | E73: 1 | G73: 10.4 | H73: ｲﾝﾃﾞﾗﾙｼﾞﾖｳ10MG | I73: 1 | J73: 錠剤 | K73: 2 | M73: 3
A74: ｲﾝﾃ004 | B74: ｲﾝﾃ004 | C74: インテバンクリーム１％ | E74: 1 | G74: 3.3 | H74: ｲﾝﾃﾊﾞﾝｸﾘ-ﾑ1% | I74: 15 | J74: クリーム | K74: 0 | M74: 1
A75: ｲﾝﾄ001 | B75: ｲﾝﾄ001 | C75: イントラリポス輸液２０％ | D75: ｲﾝﾄ | E75: 2 | G75: 1182 | H75: ｲﾝﾄﾗﾘﾎﾟｽﾕｴｷ20% | I75: 25 | J75: 注射剤 | K75: 0 | M75: 8
A76: ｳﾙｿ001 | B76: ｳﾙｿ001 | C76: ウルソデオキシコール酸錠１００ｍｇ「サワイ」 | D76: ｳﾙｿ | E76: 1 | G76: 10.4 | H76: ｳﾙｿﾃﾞｵｷｼｺｰﾙｻﾝｼﾞｮｳ100mg｢ｻﾜｲ｣ | I76: 1 | J76: 錠剤 | K76: 0 | M76: 5
A77: ｴｲｿ001 | B77: ｴｲｿ001 | C77: エイゾプト懸濁性点眼液１％ | D77: ｴｲｿﾞ | E77: 2 | G77: 170.3 | H77: ｴｲｿﾞﾌﾟﾄｹﾝﾀﾞｸｾｲﾃﾝｶﾞﾝｴｷ1% | I77: 21 | J77: 点眼剤 | K77: 0 | M77: 15
A78: ｴｽｼ001 | B78: ｴｽｼ001 | C78: エスシタロプラムＯＤ錠１０ｍｇ「トーワ」 | D78: ｴｽｼ | E78: 1 | G78: 51.9 | H78: ｴｽｼﾀﾛﾌﾟﾗﾑODｼﾞｮｳ10mg｢ﾄｰﾜ｣ | I78: 1 | J78: 錠剤 | K78: 2 | M78: 6
A79: ｴｽｿ001 | B79: ｴｽｿ001 | C79: エスゾピクロン錠１ｍｇ「トーワ」 | D79: ｴｽｿﾞ | E79: 1 | G79: 7.7 | H79: ｴｽｿﾞﾋﾟｸﾛﾝｼﾞｮｳ1mg｢ﾄｰﾜ｣ | I79: 1 | J79: 錠剤 | K79: 0 | M79: 5
A80: ｴｽﾋ001 | B80: ｴｽﾋ001 | C80: ＳＰトローチ０．２５ｍｇ「明治」 | D80: SPﾄ | E80: 1 | G80: 5.9 | H80: SPﾄﾛｰﾁ0.25mg｢ﾒｲｼﾞ｣ | I80: 8 | J80: トローチ | K80: 0 | M80: 3
A81: ｴｾﾁ001 | B81: ｴｾﾁ001 | C81: エゼチミブＯＤ錠１０ｍｇ「トーワ」 | E81: 2 | G81: 30.7 | H81: ｴｾﾞﾁﾐﾌﾞODｼﾞﾖｳ10MGﾄ-ﾜ | I81: 1 | J81: 錠剤 | K81: 0 | M81: 3
A82: ｴｿﾒ001 | B82: ｴｿﾒ001 | C82: エソメプラゾールカプセル２０ｍｇ「ニプロ」 | E82: 1 | G82: 37.8 | H82: ｴｿﾒﾌﾟﾗｿﾞ-ﾙｶﾌﾟｾﾙ20MGﾆﾌﾟﾛ | I82: 2 | J82: カプセル | K82: 0 | M82: 5
A83: ｴﾁｿ001 | B83: ｴﾁｿ001 | C83: エチゾラム錠０．５ｍｇ「アメル」 | D83: ｴﾁｿﾞ5 | E83: 1 | G83: 6.6 | H83: ｴﾁｿﾞﾗﾑｼﾞｮｳ0.5mg｢ｱﾒﾙ｣ | I83: 1 | J83: 錠剤 | K83: 0 | M83: 5
A84: ｴﾁｿ002 | B84: ｴﾁｿ002 | C84: エチゾラム錠１ｍｇ「アメル」 | D84: ｴﾁｿﾞ4 | E84: 1 | G84: 10.1 | H84: ｴﾁｿﾞﾗﾑｼﾞｮｳ1mg｢ｱﾒﾙ｣ | I84: 1 | J84: 錠剤 | K84: 0 | M84: 5
A85: ｴﾅﾗ002 | B85: ｴﾅﾗ002 | C85: エナラプリルマレイン酸塩錠５ｍｇ「サワイ」 | E85: 1 | G85: 10.4 | H85: ｴﾅﾗﾌﾟﾘﾙﾏﾚｲﾝｻﾝｴﾝｼﾞﾖｳ5MGｻﾜｲ | I85: 1 | J85: 錠剤 | K85: 0 | M85: 5
A86: ｴﾊｽ003 | B86: ｴﾊｽ003 | C86: エバスチンＯＤ錠５ｍｇ「サワイ」 | E86: 1 | G86: 17.4 | H86: ｴﾊﾞｽﾁﾝODｼﾞﾖｳ5MGｻﾜｲ | I86: 1 | J86: 錠剤 | K86: 0 | M86: 1
A87: ｴﾋｽ001 | B87: ｴﾋｽ001 | C87: エビスタ錠６０ｍｇ | D87: ｴﾋﾞｽ | E87: 1 | G87: 51.4 | H87: ｴﾋﾞｽﾀｼﾞｮｳ60mg | I87: 1 | J87: 錠剤 | K87: 0 | M87: 5
A88: ｴﾋﾅ002 | B88: ｴﾋﾅ002 | C88: エピナスチン塩酸塩錠２０ｍｇ「トーワ」 | D88: ｴﾋﾟﾅｽ | E88: 1 | G88: 18.2 | H88: ｴﾋﾟﾅｽﾁﾝｴﾝｻﾝｴﾝｼﾞｮｳ20mg｢ﾄｰﾜ｣ | I88: 1 | J88: 錠剤 | K88: 0 | M88: 5
A89: ｴﾋﾘ006 | B89: ｴﾋﾘ006 | C89: エビリファイ持続性水懸筋注用３００ｍｇシリンジ | D89: ｴﾋﾞﾘ11 | E89: 1 | G89: 34376 | H89: ｴﾋﾞﾘﾌｧｲ持続ｾｲｽｲ懸ｷﾝﾁｭｳﾖｳ300mgｼﾘﾝｼﾞ | I89: 25 | J89: 注射剤 | K89: 2 | M89: 9
A90: ｴﾋﾘ007 | B90: ｴﾋﾘ007 | C90: エビリファイ持続性水懸筋注用４００ｍｇシリンジ外来用 | D90: ｴﾋﾞﾘ10 | E90: 1 | G90: 41300 | H90: ｴﾋﾞﾘﾌｧｲ持続ｾｲｽｲ懸ｷﾝﾁｭｳﾖｳ400mgｼﾘﾝｼﾞ | I90: 25 | J90: 注射剤 | K90: 2 | M90: 9
A91: ｴﾋﾘ009 | B91: ｴﾋﾘ009 | C91: エビリファイ内用液0.1％ 3ml | E91: 1 | G91: 33 | H91: ｴﾋﾞﾘﾌｱｲﾅｲﾖｳｴｷ0.1% | I91: 7 | J91: 液（内用） | K91: 2 | M91: 1
A92: ｴﾋﾘ010 | B92: ｴﾋﾘ010 | C92: エビリファイ内用液0.1％ 6ml | E92: 1 | G92: 0 | H92: エビリファイ内用液0.1％ 6ml | I92: 7 | J92: 液（内用） | K92: 2 | M92: 1
A93: ｴﾌｲ001 | B93: ｴﾌｲ001 | C93: エフィエント錠２．５ｍｇ | D93: ｴﾌｨ | E93: 2 | G93: 178 | H93: ｴﾌｨｴﾝﾄｼﾞｮｳ2.5mg | I93: 1 | J93: 錠剤 | K93: 0 | M93: 15
A94: ｴﾌｲ002 | B94: ｴﾌｲ002 | C94: エフィナコナゾール爪外用液１０％「サワイ」 | E94: 2 | G94: 676.3 | H94: ｴﾌｲﾅｺﾅｿﾞ-ﾙﾂﾒｶﾞｲﾖｳｴｷ10%ｻﾜｲ | I94: 17 | J94: 外用液剤 | K94: 0 | M94: 3
A95: ｴﾌﾗ001 | B95: ｴﾌﾗ001 | C95: エブランチルカプセル１５ｍｇ | D95: ｴﾌﾞﾗ | E95: 1 | G95: 15.8 | H95: ｴﾌﾞﾗﾝﾁﾙｶﾌﾟｾﾙ15mg | I95: 2 | J95: カプセル | K95: 0 | M95: 5
A96: ｴﾎﾁ001 | B96: ｴﾎﾁ001 | C96: エホチール注１０ｍｇ | D96: ｴﾎﾁ1 | E96: 1 | G96: 61 | H96: ｴﾎﾁｰﾙﾁｭｳ10mg | I96: 25 | J96: 注射剤 | K96: 2 | M96: 9
A97: ｴﾘｷ001 | B97: ｴﾘｷ001 | C97: エリキュース錠２．５ｍｇ | D97: ｴﾘｽ | E97: 2 | G97: 114.7 | H97: ｴﾘｷｭｰｽｼﾞｮｳ2.5mg | I97: 1 | J97: 錠剤 | K97: 0 | M97: 3
A98: ｴﾘｽ003 | B98: ｴﾘｽ003 | C98: エリスロシン錠２００ｍｇ | E98: 2 | G98: 8.7 | H98: ｴﾘｽﾛｼﾝｼﾞﾖｳ200MG | I98: 1 | J98: 錠剤 | K98: 0 | M98: 15
A99: ｴﾙｶ001 | B99: ｴﾙｶ001 | C99: エルカルチンＦＦ錠２５０ｍｇ | D99: ｴﾙｶﾙ2 | E99: 2 | G99: 160.3 | H99: ｴﾙｶﾙﾁﾝFFｼﾞｮｳ250mg | I99: 1 | J99: 錠剤 | K99: 0 | M99: 15
A100: ｴﾝｶ001 | B100: ｴﾝｶ001 | C100: 塩化カリウム | D100: ｴﾝｶｶ2* | E100: 1 | G100: 0.78 | H100: ｴﾝｶｶﾘｳﾑ | I100: 3 | J100: 散 | K100: 0 | M100: 2
A101: ｴﾝｶ002 | B101: ｴﾝｶ002 | C101: 塩化ナトリウム | D101: ｴﾝｶﾅﾄ | E101: 1 | G101: 0.77 | H101: ｴﾝｶﾅﾄﾘｳﾑ | I101: 3 | J101: 散 | K101: 0 | M101: 2
A102: ｴﾝｶ003 | B102: ｴﾝｶ003 | C102: １０％塩化ナトリウム注射液 | D102: ｴﾝｶ1 | E102: 1 | G102: 100 | H102: 10%ｴﾝｶﾅﾄﾘｳﾑﾁﾕｳｼﾔｴｷ | I102: 25 | J102: 注射剤 | K102: 0 | M102: 15
A103: ｴﾝﾚ001 | B103: ｴﾝﾚ001 | C103: エンレスト錠１００ｍｇ | D103: ｴﾝﾚ | E103: 2 | G103: 106.9 | H103: ｴﾝﾚｽﾄｼﾞｮｳ100mg | I103: 1 | J103: 錠剤 | K103: 0 | M103: 3
...

Sheet match_results
A1: A行番号 | B1: A薬品名 | C1: 判定 | D1: 候補1_薬品名 | E1: 候補1_行番号 | F1: 候補2_薬品名 | G1: 候補2_行番号 | H1: 候補3_薬品名 | I1: 候補3_行番号 | J1: 候補4_薬品名 | K1: 候補4_行番号 | L1: 候補5_薬品名 | M1: 候補5_行番号 | N1: 候補6_薬品名 | O1: 候補6_行番号 | P1: 候補7_薬品名 | Q1: 候補7_行番号 | R1: 候補8_薬品名 | S1: 候補8_行番号 | T1: 候補9_薬品名 | U1: 候補9_行番号 | V1: 候補10_薬品名 | W1: 候補10_行番号 | X1: 候補11_薬品名 | Y1: 候補11_行番号 | Z1: 候補12_薬品名 | AA1: 候補12_行番号 | AB1: 候補13_薬品名 | AC1: 候補13_行番号 | AD1: 候補14_薬品名 | AE1: 候補14_行番号 | AF1: 候補15_薬品名 | AG1: 候補15_行番号 | AH1: 候補16_薬品名 | AI1: 候補16_行番号 | AJ1: 候補17_薬品名 | AK1: 候補17_行番号 | AL1: 候補18_薬品名 | AM1: 候補18_行番号 | AN1: 候補19_薬品名 | AO1: 候補19_行番号 | AP1: 候補20_薬品名 | AQ1: 候補20_行番号 | AR1: 候補21_薬品名 | AS1: 候補21_行番号 | AT1: 候補22_薬品名 | AU1: 候補22_行番号 | AV1: 候補23_薬品名 | AW1: 候補23_行番号 | AX1: 候補24_薬品名 | AY1: 候補24_行番号 | AZ1: 候補25_薬品名 | BA1: 候補25_行番号 | BB1: 候補26_薬品名 | BC1: 候補26_行番号 | BD1: 候補27_薬品名 | BE1: 候補27_行番号 | BF1: 候補28_薬品名 | BG1: 候補28_行番号 | BH1: 候補29_薬品名 | BI1: 候補29_行番号 | BJ1: 候補30_薬品名 | BK1: 候補30_行番号 | BL1: 候補31_薬品名 | BM1: 候補31_行番号 | BN1: 候補32_薬品名 | BO1: 候補32_行番号 | BP1: 候補33_薬品名 | BQ1: 候補33_行番号 | BR1: 候補34_薬品名 | BS1: 候補34_行番号 | BT1: 候補35_薬品名 | BU1: 候補35_行番号 | BV1: 候補36_薬品名 | BW1: 候補36_行番号 | BX1: 候補37_薬品名 | BY1: 候補37_行番号 | BZ1: 候補38_薬品名 | CA1: 候補38_行番号 | CB1: 候補39_薬品名 | CC1: 候補39_行番号 | CD1: 候補40_薬品名 | CE1: 候補40_行番号
A2: 1 | B2: ００７ ツムラ ハチミジオウガン | C2: 薬価一致候補 | D2: ツムラ八味地黄丸エキス顆粒（医療用） | E2: 295 | F2: ロペミンカプセル１ｍｇ | G2: 675
A3: 2 | B3: ００７ ツムラ ハチミジオウガン | C3: 薬価一致候補 | D3: ツムラ八味地黄丸エキス顆粒（医療用） | E3: 295 | F3: ロペミンカプセル１ｍｇ | G3: 675
A4: 3 | B4: ０１２ ツムラ サイコカリュウコツボレイトウ | C4: 薬価一致候補 | D4: ツムラ柴胡加竜骨牡蛎湯エキス顆粒（医療用） | E4: 296
A5: 4 | B5: ０１６ ツムラ ハンゲコウボクトウ | C5: 薬価一致候補 | D5: ツムラ半夏厚朴湯エキス顆粒（医療用） | E5: 297 | F5: パロキセチンＯＤ錠１０ｍｇ「トーワ」 | G5: 405
A6: 5 | B6: ０１７ ツムラ ゴレイサン | C6: 薬価一致候補 | D6: ツムラ五苓散エキス顆粒（医療用） | E6: 298
A7: 6 | B7: ０１９ ツムラ ショウセイリュウトウ | C7: 薬価一致候補 | D7: ゲーベンクリーム１％ | E7: 167 | F7: ツムラ小青竜湯エキス顆粒（医療用） | G7: 299 | H7: トレドミン錠２５ｍｇ | I7: 363
A8: 7 | B8: ０４３ ツムラ リツクンシトウ | C8: 薬価一致候補 | D8: ツムラ六君子湯エキス顆粒（医療用） | E8: 301 | F8: ブロナンセリン錠４ｍｇ「ＤＳＰＢ」 | G8: 493
A9: 8 | B9: ０４８ ツムラ ジュウゼンタイホトウ | C9: 薬価一致候補 | D9: ガランタミンＯＤ錠４ｍｇ「日医工」 | E9: 115
A10: 9 | B10: ０５４ ツムラ ヨクカンサン | C10: 薬価一致候補 | D10: グラマリール錠５０ｍｇ | E10: 146 | F10: クロフェクトン錠２５ｍｇ | G10: 159 | H10: ツムラ抑肝散エキス顆粒（医療用） | I10: 302
A11: 10 | B11: ０６２ ツムラ ボウフウツウシヨウサン | C11: 薬価一致候補 | D11: ツムラ防風通聖散エキス顆粒（医療用） | E11: 303 | F11: ロキソニン細粒１０％ | G11: 664 | H11: ロラメット錠１．０ | I11: 677
A12: 11 | B12: ０６８ ツムラ シャクヤクカンゾウトウ | C12: 薬価一致候補 | D12: アゾセミド錠３０ｍｇ「ＤＳＥＰ」 | E12: 19 | F12: アーチスト錠１．２５ｍｇ | G12: 22 | H12: アムロジピンＯＤ錠２．５ｍｇ「明治」 | I12: 40 | J12: イルベサルタン錠５０ｍｇ「サワイ」 | K12: 64 | L12: インデラル錠１０ｍｇ | M12: 69 | N12: ウルソデオキシコール酸錠１００ｍｇ「サワイ」 | O12: 72 | P12: エナラプリルマレイン酸塩錠５ｍｇ「サワイ」 | Q12: 81 | R12: オロパタジン塩酸塩ＯＤ錠５ｍｇ「トーワ」 | S12: 111 | T12: カルベジロール錠１０ｍｇ「ＤＳＥＰ」 | U12: 121 | V12: カルボシステイン錠２５０ｍｇ「トーワ」 | W12: 122 | X12: クエチアピン錠１２．５ｍｇ「アメル」 | Y12: 130 | Z12: クエチアピン錠２５ｍｇ「アメル」 | AA12: 131 | AB12: グリメピリドＯＤ錠１ｍｇ「トーワ」 | AC12: 154 | AD12: ジスチグミン臭化物錠５ｍｇ「ＮＩＧ」 | AE12: 194 | AF12: チラーヂンＳ錠２５μｇ | AG12: 291 | AH12: チラーヂンＳ錠５０μｇ | AI12: 292 | AJ12: ツムラ芍薬甘草湯エキス顆粒（医療用） | AK12: 304 | AL12: テルミサルタンＯＤ錠２０ｍｇ「トーワ」 | AM12: 332 | AN12: トランサミンカプセル２５０ｍｇ | AO12: 349 | AP12: ナトリックス錠１ | AQ12: 368 | AR12: ニルバジピン錠４ｍｇ「サワイ」 | AS12: 382 | AT12: ビソプロロールフマル酸塩錠２．５ｍｇ「トーワ」 | AU12: 427 | AV12: ビソプロロールフマル酸塩錠０．６２５ｍｇ「トーワ」 | AW12: 428 | AX12: ファモチジンＤ錠２０ｍｇ「サワイ」 | AY12: 447 | AZ12: フェノバール錠３０ｍｇ | BA12: 454 | BB12: プラバスタチンＮａ錠５ｍｇ「サワイ」 | BC12: 471 | BD12: ブロチゾラム錠０．２５ｍｇ「ヨシトミ」 | BE12: 491 | BF12: ベザフィブラートＳＲ錠２００ｍｇ「日医工」 | BG12: 508 | BH12: ボグリボースＯＤ錠０．２ｍｇ「トーワ」 | BI12: 530 | BJ12: メイラックス錠１ｍｇ | BK12: 560 | BL12: メトホルミン塩酸塩錠２５０ｍｇＭＴ「ＤＳＰＢ」 | BM12: 565 | BN12: モサプリドクエン酸塩錠５ｍｇ「日医工」 | BO12: 573 | BP12: リオレサール錠５ｍｇ | BQ12: 598 | BR12: リスペリドンＯＤ錠０．５ｍｇ「アメル」 | BS12: 614 | BT12: リスペリドンＯＤ錠１ｍｇ「アメル」 | BU12: 615 | BV12: リスペリドンＯＤ錠２ｍｇ「アメル」 | BW12: 616 | BX12: リボトリール錠１ｍｇ | BY12: 627 | BZ12: レバミピド錠１００ｍｇ「オーツカ」 | CA12: 649 | CB12: ロスバスタチン錠２．５ｍｇ「トーワ」 | CC12: 668 | CD12: ワーファリン錠１ｍｇ | CE12: 681
A13: 12 | B13: ０８３ ツムラ ヨクカンサンカチンピハンゲ | C13: 薬価一致候補 | D13: セルトラリン錠２５ｍｇ「明治」 | E13: 239 | F13: ツムラ抑肝散加陳皮半夏エキス顆粒（医療用） | G13: 305
A14: 13 | B14: １００ ツムラ ダイケンチユウトウ | C14: 薬価一致候補 | D14: ツムラ大建中湯エキス顆粒（医療用） | E14: 306
A15: 14 | B15: １０８ ツムラ ニンジンヨウエイトウ | C15: 薬価一致候補 | D15: ツムラ人参養栄湯エキス顆粒（医療用） | E15: 307
A16: 15 | B16: １１２ ツムラ チョレイトウゴウシモットウ | C16: 薬価一致候補 | D16: ツムラ猪苓湯合四物湯エキス顆粒（医療用） | E16: 308 | F16: ホーリンＶ腟用錠１ｍｇ | G16: 540
A17: 16 | B17: ２５ｍｇアリナミン Ｆ糖衣錠 | C17: 薬価一致候補 | D17: アスパラカリウム錠３００ｍｇ | E17: 13 | F17: アタラックス錠２５ｍｇ | G17: 20 | H17: アマンタジン塩酸塩錠５０ｍｇ「杏林」 | I17: 35 | J17: ２５ｍｇアリナミンＦ糖衣錠 | K17: 43 | L17: アリピプラゾール錠１ｍｇ「サワイ」 | M17: 48 | N17: アルファカルシドールカプセル０．５μｇ「フソー」 | O17: 51 | P17: ＥＰＬカプセル２５０ｍｇ | Q17: 59 | R17: 硝酸イソソルビド徐放カプセル２０ｍｇ「Ｓｔ」 | S17: 203 | T17: セレコキシブ錠１００ｍｇ「ＤＳＥＰ」 | U17: 240 | V17: ソラナックス０．４ｍｇ錠 | W17: 253 | X17: チザニジン錠１ｍｇ「トーワ」 | Y17: 286 | Z17: テオフィリン徐放Ｕ錠２００ｍｇ「トーワ」 | AA17: 313 | AB17: トラセミド錠４ｍｇ「ＫＯ」 | AC17: 346 | AD17: トラゾドン塩酸塩錠２５ｍｇ「アメル」 | AE17: 347 | AF17: トリアゾラム錠０．２５ｍｇ「日医工」 | AG17: 351 | AH17: トリメブチンマレイン酸塩錠１００ｍｇ「トーワ」 | AI17: 355 | AJ17: ドンペリドン錠１０ｍｇ「ＪＧ」 | AK17: 366 | AL17: ニコランジル錠５ｍｇ「トーワ」 | AM17: 370 | AN17: ニューレプチル錠５ｍｇ | AO17: 379 | AP17: ピコスルファートナトリウム錠２．５ｍｇ「イワキ」 | AQ17: 421 | AR17: フェブキソスタットＯＤ錠１０ｍｇ「サワイ」 | AS17: 456 | AT17: フェロミア錠５０ｍｇ | AU17: 457 | AV17: フルニトラゼパム錠２ｍｇ「アメル」 | AW17: 481 | AX17: マプロチリン塩酸塩錠１０ｍｇ「アメル」 | AY17: 549 | AZ17: レキソタン錠２ | BA17: 642
A18: 17 | B18: ＥＫ１ 葛根湯エキス細粒 | C18: 薬価一致候補 | D18: クラシエ葛根湯エキス細粒 | E18: 139 | F18: ロドピン錠２５ｍｇ | G18: 670
A19: 18 | B19: ＥＫ１１４ 柴苓湯 | C19: 薬価一致候補 | D19: クラシエ柴苓湯エキス細粒 | E19: 144
A20: 19 | B20: ＥＫ１５ 黄連解毒湯エキス細粒 | C20: 薬価一致候補 | D20: クラシエ黄連解毒湯エキス細粒 | E20: 140
A21: 20 | B21: ＥＫ１９ 小青竜湯エキス細粒 | C21: 不一致
A22: 21 | B22: ＥＫ２４ 加味逍遥散料エキス細粒 | C22: 薬価一致候補 | D22: クラシエ加味逍遙散料エキス細粒 | E22: 141 | F22: デプロメール錠２５ | G22: 326 | H22: プレガバリンＯＤ錠７５ｍｇ「サワイ」 | I22: 483
A23: 22 | B23: ＥＫ４０ 猪苓湯エキス細粒 | C23: 薬価一致候補 | D23: クラシエ猪苓湯エキス細粒 | E23: 142
A24: 23 | B24: ＥＫ４１ 補中益気湯エキス細粒 | C24: 薬価一致候補 | D24: クラシエ補中益気湯エキス細粒 | E24: 143
A25: 24 | B25: ＥＰＬカプセル２５０ｍｇ 販売中止 | C25: 薬価一致候補 | D25: アスパラカリウム錠３００ｍｇ | E25: 13 | F25: アタラックス錠２５ｍｇ | G25: 20 | H25: アマンタジン塩酸塩錠５０ｍｇ「杏林」 | I25: 35 | J25: ２５ｍｇアリナミンＦ糖衣錠 | K25: 43 | L25: アリピプラゾール錠１ｍｇ「サワイ」 | M25: 48 | N25: アルファカルシドールカプセル０．５μｇ「フソー」 | O25: 51 | P25: ＥＰＬカプセル２５０ｍｇ | Q25: 59 | R25: 硝酸イソソルビド徐放カプセル２０ｍｇ「Ｓｔ」 | S25: 203 | T25: セレコキシブ錠１００ｍｇ「ＤＳＥＰ」 | U25: 240 | V25: ソラナックス０．４ｍｇ錠 | W25: 253 | X25: チザニジン錠１ｍｇ「トーワ」 | Y25: 286 | Z25: テオフィリン徐放Ｕ錠２００ｍｇ「トーワ」 | AA25: 313 | AB25: トラセミド錠４ｍｇ「ＫＯ」 | AC25: 346 | AD25: トラゾドン塩酸塩錠２５ｍｇ「アメル」 | AE25: 347 | AF25: トリアゾラム錠０．２５ｍｇ「日医工」 | AG25: 351 | AH25: トリメブチンマレイン酸塩錠１００ｍｇ「トーワ」 | AI25: 355 | AJ25: ドンペリドン錠１０ｍｇ「ＪＧ」 | AK25: 366 | AL25: ニコランジル錠５ｍｇ「トーワ」 | AM25: 370 | AN25: ニューレプチル錠５ｍｇ | AO25: 379 | AP25: ピコスルファートナトリウム錠２．５ｍｇ「イワキ」 | AQ25: 421 | AR25: フェブキソスタットＯＤ錠１０ｍｇ「サワイ」 | AS25: 456 | AT25: フェロミア錠５０ｍｇ | AU25: 457 | AV25: フルニトラゼパム錠２ｍｇ「アメル」 | AW25: 481 | AX25: マプロチリン塩酸塩錠１０ｍｇ「アメル」 | AY25: 549 | AZ25: レキソタン錠２ | BA25: 642
A26: 25 | B26: ＳＰトローチ０．２５ｍｇ「明治」 | C26: 完全一致 | D26: ＳＰトローチ０．２５ｍｇ「明治」 | E26: 76
A27: 26 | B27: Ｔ７２ ヨクイニンエキス錠「コタロー」 | C27: 薬価一致候補 | D27: シーピー配合顆粒 | E27: 195 | F27: テプレノンカプセル５０ｍｇ「ＹＤ」 | G27: 325 | H27: トーワチーム配合顆粒 | I27: 365 | J27: ビオフェルミン配合散 | K27: 418 | L27: ヨクイニンエキス錠「コタロー」 | M27: 581
A28: 27 | B28: アーチスト錠１．２５ｍｇ | C28: 完全一致 | D28: アーチスト錠１．２５ｍｇ | E28: 22
A29: 28 | B29: アイファガン点眼液０．１％ | C29: 不一致
A30: 29 | B30: アウィクリ注 フレックスタッチ 総量３００単位 | C30: 不一致
A31: 30 | B31: アキネトン細粒１％ | C31: 不一致
A32: 31 | B32: アキネトン注射液５ｍｇ | C32: 薬価一致候補 | D32: アキネトン注射液５ｍｇ | E32: 2 | F32: イリボー錠５μｇ | G32: 63 | H32: エホチール注１０ｍｇ | I32: 92 | J32: ケイツーＮ静注１０ｍｇ | K32: 163 | L32: ダイビタミックス注 | M32: 260 | N32: ネオファーゲン静注２０ｍＬ | O32: 386 | P32: パントール注射液５００ｍｇ | Q32: 416 | R32: ブスコパン注２０ｍｇ | S32: 462 | T32: プリンペラン注射液１０ｍｇ | U32: 475
A33: 32 | B33: アクアチムクリーム１％ | C33: 完全一致 | D33: アクアチムクリーム１％ | E33: 3
A34: 33 | B34: アクチット輸液 | C34: 薬価一致候補 | D34: アクチット輸液 | E34: 4
A35: 34 | B35: アクトシン軟膏３％ | C35: 完全一致 | D35: アクトシン軟膏３％ | E35: 5
A36: 35 | B36: アザルフィジンＥＮ錠５００ｍｇ | C36: 完全一致 | D36: アザルフィジンＥＮ錠５００ｍｇ | E36: 6
A37: 36 | B37: アシクロビル点滴静注用２５０ｍｇ「サワイ」 | C37: 完全一致 | D37: アシクロビル点滴静注用２５０ｍｇ「サワイ」 | E37: 7
A38: 37 | B38: アジスロマイシン錠２５０ｍｇ「トーワ」 | C38: 完全一致 | D38: アジスロマイシン錠２５０ｍｇ「トーワ」 | E38: 8
A39: 38 | B39: アジルサルタンＯＤ錠２０ｍｇ「サワイ」 | C39: 完全一致 | D39: アジルサルタンＯＤ錠２０ｍｇ「サワイ」 | E39: 9
A40: 39 | B40: アジルサルタンＯＤ錠２０ｍｇ「サワイ」 | C40: 完全一致 | D40: アジルサルタンＯＤ錠２０ｍｇ「サワイ」 | E40: 9
A41: 40 | B41: アスコルビン酸注５００ｍｇ「イセイ」 | C41: 薬価一致候補 | D41: アスコルビン酸注５００ｍｇ「イセイ」 | E41: 10 | F41: アトロピン硫酸塩注０．５ｍｇ「ニプロ」 | G41: 31 | H41: １０％塩化ナトリウム注射液 | I41: 98 | J41: 生食注シリンジ「ＮＰ」 | K41: 223 | L41: 生理食塩液「ＶＴＲＳ」 | M41: 225 | N41: セレネース注５ｍｇ | O41: 243 | P41: 注射用水ＰＬ「フソー」 | Q41: 289 | R41: トランサミン注５％ | S41: 350 | T41: ネオフィリン注２５０ｍｇ | U41: 385 | V41: ノルアドレナリン注射液 | W41: 391 | X41: ファモチジン静注液２０ｍｇ「サワイ」 | Y41: 448 | Z41: ブドウ糖注５％ＰＬ「フソー」 | AA41: 464 | AB41: ブドウ糖注５０％ＰＬ「フソー」 | AC41: 465 | AD41: メイロン静注７％ | AE41: 561 | AF41: ワゴスチグミン注０．５ｍｇ | AG41: 678
A42: 41 | B42: アスコルビン酸注射液５００ｍｇ「トーワ」 | C42: 薬価一致候補 | D42: アスコルビン酸注５００ｍｇ「イセイ」 | E42: 10 | F42: アトロピン硫酸塩注０．５ｍｇ「ニプロ」 | G42: 31 | H42: １０％塩化ナトリウム注射液 | I42: 98 | J42: 生食注シリンジ「ＮＰ」 | K42: 223 | L42: 生理食塩液「ＶＴＲＳ」 | M42: 225 | N42: セレネース注５ｍｇ | O42: 243 | P42: 注射用水ＰＬ「フソー」 | Q42: 289 | R42: トランサミン注５％ | S42: 350 | T42: ネオフィリン注２５０ｍｇ | U42: 385 | V42: ノルアドレナリン注射液 | W42: 391 | X42: ファモチジン静注液２０ｍｇ「サワイ」 | Y42: 448 | Z42: ブドウ糖注５％ＰＬ「フソー」 | AA42: 464 | AB42: ブドウ糖注５０％ＰＬ「フソー」 | AC42: 465 | AD42: メイロン静注７％ | AE42: 561 | AF42: ワゴスチグミン注０．５ｍｇ | AG42: 678
A43: 42 | B43: アズノール軟膏０．０３３％ | C43: 不一致
A44: 43 | B44: アスパラ－ＣＡ錠２００ | C44: 完全一致 | D44: アスパラ－ＣＡ錠２００ | E44: 12
A45: 44 | B45: アスパラ－ＣＡ錠２００ | C45: 完全一致 | D45: アスパラ－ＣＡ錠２００ | E45: 12
A46: 45 | B46: アスパラカリウム散５０％ | C46: 完全一致 | D46: アスパラカリウム散５０％ | E46: 14
A47: 46 | B47: アスパラカリウム錠３００ｍｇ | C47: 完全一致 | D47: アスパラカリウム錠３００ｍｇ | E47: 13
A48: 47 | B48: アスパラカリウム錠３００ｍｇ | C48: 完全一致 | D48: アスパラカリウム錠３００ｍｇ | E48: 13
A49: 48 | B49: アスパラギン酸カリウム注 １０ＭＥＱキット「テルモ」 | C49: 薬価一致候補 | D49: アスパラギン酸カリウム注１０ｍＥｑキット「テルモ」 | E49: 15
A50: 49 | B50: アズレン点眼液０．０２％「ニットー」 | C50: 完全一致 | D50: アズレン点眼液０．０２％「ニットー」 | E50: 16
A51: 50 | B51: アセサイド消毒液６％ ８００ｍｌｘ２ | C51: 薬価一致候補 | D51: 胃散(院内製剤) | E51: 56 | F51: エビリファイ内用液0.1％ 6ml | G51: 88 | H51: 風邪Ⅲ(院内製剤) | I51: 112 | J51: 風邪Ⅱ(院内製剤) | K51: 113 | L51: 塩化リゾチーム１０ｍｇ錠 | M51: 171 | N51: 腸散Ⅱ(院内製剤) | O51: 290 | P51: ﾃｽﾄﾔｸﾋﾝ9999999999999999999 | Q51: 318 | R51: プラセボカプセル | S51: 469 | T51: プラセボ散 | U51: 470 | V51: ﾎﾟﾋﾞﾄﾞﾝﾖｰﾄﾞｹﾞﾙ10% | W51: 537
A52: 51 | B52: アセリオ静注液１０００ｍｇバッグ | C52: 完全一致 | D52: アセリオ静注液１０００ｍｇバッグ | E52: 17
A53: 52 | B53: アセレンド注１００μｇ | C53: 完全一致 | D53: アセレンド注１００μｇ | E53: 18
A54: 53 | B54: アゾセミド錠３０ｍｇ「ＤＳＥＰ」 | C54: 完全一致 | D54: アゾセミド錠３０ｍｇ「ＤＳＥＰ」 | E54: 19
A55: 54 | B55: アゾセミド錠６０ｍｇ「ＤＳＥＰ」 | C55: 薬価一致候補 | D55: デパケンＲ錠２００ｍｇ | E55: 322 | F55: フェロジピン錠５ｍｇ「ＮＩＧ」 | G55: 458 | H55: ボアラ軟膏０．１２％ | I55: 529 | J55: ランソプラゾールＯＤ錠１５ｍｇ「トーワ」 | K55: 596
A56: 55 | B56: アダラートＣＲ錠２０ｍｇ | C56: 完全一致 | D56: アダラートＣＲ錠２０ｍｇ | E56: 21
A57: 56 | B57: アタラックス錠２５ｍｇ | C57: 完全一致 | D57: アタラックス錠２５ｍｇ | E57: 20
A58: 57 | B58: アドエア５００ディスカス ６０吸入用 | C58: 薬価一致候補 | D58: アドエア５００ディスカス６０吸入用 | E58: 23
A59: 58 | B59: アドナ散１０％ | C59: 完全一致 | D59: アドナ散１０％ | E59: 26
A60: 59 | B60: アドナ錠３０ｍｇ | C60: 完全一致 | D60: アドナ錠３０ｍｇ | E60: 24
A61: 60 | B61: アドナ注（静脈用）５０ｍｇ | C61: 薬価一致候補 | D61: アドナ注（静脈用）５０ｍｇ | E61: 25
A62: 61 | B62: アドナ注（静脈用）５０ｍｇ | C62: 薬価一致候補 | D62: アドナ注（静脈用）５０ｍｇ | E62: 25
A63: 62 | B63: アドフィードパップ４０ｍｇ | C63: 完全一致 | D63: アドフィードパップ４０ｍｇ | E63: 27
A64: 63 | B64: アトモキセチンカプセル１０ｍｇ 「ＶＴＲＳ」 | C64: 薬価一致候補 | D64: アトモキセチンカプセル１０ｍｇ「サワイ」 | E64: 28
A65: 64 | B65: アトモキセチンカプセル１０ｍｇ 「サワイ」 | C65: 薬価一致候補 | D65: アトモキセチンカプセル１０ｍｇ「サワイ」 | E65: 28
A66: 65 | B66: アトモキセチンカプセル４０ｍｇ 「ＶＴＲＳ」 | C66: 薬価一致候補 | D66: アトモキセチンカプセル４０ｍｇ「ＶＴＲＳ」 | E66: 29
A67: 66 | B67: アトモキセチンカプセル４０ｍｇ 「サワイ」 | C67: 薬価一致候補 | D67: アトモキセチンカプセル４０ｍｇ「ＶＴＲＳ」 | E67: 29
... A73: 72 | B73: アネキセート注射液０．５ＭＧ | C73: 薬価一致候補 | D73: アネキセート注射液０．５ｍｇ | E73: 34
A74: 73 | B74: アノーロエリプタ３０吸入用 | C74: 不一致
A75: 74 | B75: アマンタジン塩酸塩錠５０ｍｇ「杏林」 | C75: 完全一致 | D75: アマンタジン塩酸塩錠５０ｍｇ「杏林」 | E75: 35
A76: 75 | B76: アミティーザカプセル２４μｇ | C76: 完全一致 | D76: アミティーザカプセル２４μｇ | E76: 37
A77: 76 | B77: アミノレバンＥＮ配合散 コーヒー味 | C77: 不一致
A78: 77 | B78: アミノレバン点滴静注 | C78: 薬価一致候補 | D78: アミノレバン点滴静注（用時購入） | E78: 39 | F78: 注射用フサン５０ | G78: 461
A79: 78 | B79: アムロジピンＯＤ錠２．５ｍｇ「明治」 | C79: 完全一致 | D79: アムロジピンＯＤ錠２．５ｍｇ「明治」 | E79: 40
A80: 79 | B80: アムロジピンＯＤ錠２．５ｍｇ「明治」 | C80: 完全一致 | D80: アムロジピンＯＤ錠２．５ｍｇ「明治」 | E80: 40
A81: 80 | B81: アリドネパッチ２７．５ｍｇ | C81: 完全一致 | D81: アリドネパッチ２７．５ｍｇ | E81: 41
A82: 81 | B82: アリドネパッチ５５ｍｇ | C82: 完全一致 | D82: アリドネパッチ５５ｍｇ | E82: 42
A83: 82 | B83: アリピプラゾールＯＤ錠１２ｍｇ「ニプロ」 | C83: 完全一致 | D83: アリピプラゾールＯＤ錠１２ｍｇ「ニプロ」 | E83: 45
A84: 83 | B84: アリピプラゾールＯＤ錠１２ｍｇ「ニプロ」 | C84: 完全一致 | D84: アリピプラゾールＯＤ錠１２ｍｇ「ニプロ」 | E84: 45
A85: 84 | B85: アリピプラゾールＯＤ錠３ｍｇ「ニプロ」 | C85: 完全一致 | D85: アリピプラゾールＯＤ錠３ｍｇ「ニプロ」 | E85: 44
A86: 85 | B86: アリピプラゾールＯＤ錠３ｍｇ「ニプロ」 | C86: 完全一致 | D86: アリピプラゾールＯＤ錠３ｍｇ「ニプロ」 | E86: 44
A87: 86 | B87: アリピプラゾールＯＤ錠６ｍｇ「ニプロ」 | C87: 完全一致 | D87: アリピプラゾールＯＤ錠６ｍｇ「ニプロ」 | E87: 46
A88: 87 | B88: アリピプラゾールＯＤ錠６ｍｇ「ニプロ」 | C88: 完全一致 | D88: アリピプラゾールＯＤ錠６ｍｇ「ニプロ」 | E88: 46
A89: 88 | B89: アリピプラゾール散１％「ニプロ」 | C89: 完全一致 | D89: アリピプラゾール散１％「ニプロ」 | E89: 47
A90: 89 | B90: アリピプラゾール錠１ｍｇ「サワイ」 | C90: 完全一致 | D90: アリピプラゾール錠１ｍｇ「サワイ」 | E90: 48
... A93: 92 | B93: アルブミナー２５％静注１２．５ｇ／５０ｍｌ | C93: 薬価一致候補 | D93: アルブミナー２５％静注１２．５ｇ／５０ｍＬ | E93: 50
A94: 93 | B94: アルメタ軟膏 | C94: 不一致
A95: 94 | B95: アレギサール点眼液０．１％ 販売中止 | C95: 不一致
A96: 95 | B96: アレビアチン散１０％ | C96: 完全一致 | D96: アレビアチン散１０％ | E96: 52
A97: 96 | B97: アレビアチン錠１００ｍｇ | C97: 不一致
A98: 97 | B98: アレビアチン注２５０ｍｇ | C98: 完全一致 | D98: アレビアチン注２５０ｍｇ | E98: 53
A99: 98 | B99: アロプリノール錠１００ｍｇ「サワイ」 | C99: 完全一致 | D99: アロプリノール錠１００ｍｇ「サワイ」 | E99: 54
A100: 99 | B100: アロプリノール錠１００ｍｇ「サワイ」 | C100: 完全一致 | D100: アロプリノール錠１００ｍｇ「サワイ」 | E100: 54
A101: 100 | B101: アンテベート軟膏０．０５％ | C101: 薬価一致候補 | D101: ラメルテオン錠８ｍｇ「トーワ」 | E101: 593 | F101: ロドピン錠５０ｍｇ | G101: 671
A102: 101 | B102: イコサペント酸エチルカプセル ３００ｍｇ「日医工」 | C102: 薬価一致候補 | D102: イコサペント酸エチルカプセル３００ｍｇ「日医工」 | E102: 55 | F102: グラマリール錠２５ｍｇ | G102: 145 | H102: ビブラマイシン錠５０ｍｇ | I102: 430
A103: 102 | B103: イソプロパノール消毒液７０％ 「ヨシダ」 | C103: 薬価一致候補 | D103: ベタナミン錠１０ｍｇ | E103: 509 | F103: ユベラＮソフトカプセル２００ｍｇ | G103: 577
A104: 103 | B104: イノソリッド配合経腸用半固形剤 | C104: 薬価一致候補 | D104: セルトラリン錠２５ｍｇ「明治」 | E104: 239 | F104: ツムラ抑肝散加陳皮半夏エキス顆粒（医療用） | G104: 305
A105: 104 | B105: イノラス配合経腸用液（コーヒー） | C105: 不一致
A106: 105 | B106: イバンドロン酸静注１ｍｇシリンジ「トーワ」 | C106: 完全一致 | D106: イバンドロン酸静注１ｍｇシリンジ「トーワ」 | E106: 58
A107: 106 | B107: イバンドロン酸静注１ｍｇシリンジ「トーワ」 | C107: 完全一致 | D107: イバンドロン酸静注１ｍｇシリンジ「トーワ」 | E107: 58
...

Sheet Sheet2

Sheet A_1
A1: 007 ﾂﾑﾗ ハチミジオウガン | B1: 9.8 | C1: =DBCS(A1) -> ００７ ツムラ ハチミジオウガン | D1: =B1 -> 9.8
A2: 007 ﾂﾑﾗ ハチミジオウガン | B2: 9.8 | C2: =DBCS(A2) -> ００７ ツムラ ハチミジオウガン | D2: =B2 -> 9.8
A3: 012 ﾂﾑﾗ ｻｲｺｶﾘｭｳｺﾂﾎﾞﾚｲﾄｳ | B3: 20.3 | C3: =DBCS(A3) -> ０１２ ツムラ サイコカリュウコツボレイトウ | D3: =B3 -> 20.3
A4: 016 ﾂﾑﾗ ハンゲコウボクトウ | B4: 14.6 | C4: =DBCS(A4) -> ０１６ ツムラ ハンゲコウボクトウ | D4: =B4 -> 14.6
A5: 017 ﾂﾑﾗ ｺﾞﾚｲｻﾝ | B5: 13.6 | C5: =DBCS(A5) -> ０１７ ツムラ ゴレイサン | D5: =B5 -> 13.6
A6: 019 ツムラ ショウセイリュウトウ | B6: 12.8 | C6: =DBCS(A6) -> ０１９ ツムラ ショウセイリュウトウ | D6: =B6 -> 12.8
A7: 043 ツムラ リツクンシトウ | B7: 18 | C7: =DBCS(A7) -> ０４３ ツムラ リツクンシトウ | D7: =B7 -> 18
A8: 048 ﾂﾑﾗ ｼﾞｭｳｾﾞﾝﾀｲﾎﾄｳ | B8: 18.4 | C8: =DBCS(A8) -> ０４８ ツムラ ジュウゼンタイホトウ | D8: =B8 -> 18.4
A9: 054 ﾂﾑﾗ ﾖｸｶﾝｻﾝ | B9: 16.1 | C9: =DBCS(A9) -> ０５４ ツムラ ヨクカンサン | D9: =B9 -> 16.1
A10: 062 ﾂﾑﾗ ﾎﾞｳﾌｳﾂｳｼﾖｳｻﾝ | B10: 13.8 | C10: =DBCS(A10) -> ０６２ ツムラ ボウフウツウシヨウサン | D10: =B10 -> 13.8
A11: 068 ﾂﾑﾗ ｼｬｸﾔｸｶﾝｿﾞｳﾄｳ | B11: 10.4 | C11: =DBCS(A11) -> ０６８ ツムラ シャクヤクカンゾウトウ | D11: =B11 -> 10.4
A12: 083 ﾂﾑﾗ ﾖｸｶﾝｻﾝｶﾁﾝﾋﾟﾊﾝｹﾞ | B12: 14.4 | C12: =DBCS(A12) -> ０８３ ツムラ ヨクカンサンカチンピハンゲ | D12: =B12 -> 14.4
... A49: アズレン点眼液0.02％「ﾆｯﾄｰ」 | B49: 91.6 | C49: =DBCS(A49) -> アズレン点眼液０．０２％「ニットー」 | D49: =B49 -> 91.6
A50: アセサイド消毒液6％ 800ｍｌｘ2 | C50: =DBCS(A50) -> アセサイド消毒液６％ ８００ｍｌｘ２ | D50: =B50 -> 0
A51: アセリオ静注液1000ｍｇバッグ | B51: 298 | C51: =DBCS(A51) -> アセリオ静注液１０００ｍｇバッグ | D51: =B51 -> 298
A52: アセレンド注100μｇ | B52: 1646 | C52: =DBCS(A52) -> アセレンド注１００μｇ | D52: =B52 -> 1646
A53: アゾセミド錠30ｍｇ「ＤＳＥＰ」 | B53: 10.4 | C53: =DBCS(A53) -> アゾセミド錠３０ｍｇ「ＤＳＥＰ」 | D53: =B53 -> 10.4
A54: アゾセミド錠60ｍｇ「ＤＳＥＰ」 | B54: 11.3 | C54: =DBCS(A54) -> アゾセミド錠６０ｍｇ「ＤＳＥＰ」 | D54: =B54 -> 11.3
A55: アダラートCR錠20ｍｇ | B55: 13.2 | C55: =DBCS(A55) -> アダラートＣＲ錠２０ｍｇ | D55: =B55 -> 13.2
A56: アタラックス錠25ｍｇ | B56: 6.1 | C56: =DBCS(A56) -> アタラックス錠２５ｍｇ | D56: =B56 -> 6.1
A57: アドエア500ディスカス 60吸入用 | B57: 3952.1 | C57: =DBCS(A57) -> アドエア５００ディスカス ６０吸入用 | D57: =B57 -> 3952.1
A58: アドナ散10％ | B58: 32.5 | C58: =DBCS(A58) -> アドナ散１０％ | D58: =B58 -> 32.5
A59: アドナ錠30ｍｇ | B59: 7.7 | C59: =DBCS(A59) -> アドナ錠３０ｍｇ | D59: =B59 -> 7.7
A60: アドナ注（静脈用）５０ｍｇ | B60: 89 | C60: =DBCS(A60) -> アドナ注（静脈用）５０ｍｇ | D60: =B60 -> 89
A61: アドナ注（静脈用）５０ｍｇ | B61: 89 | C61: =DBCS(A61) -> アドナ注（静脈用）５０ｍｇ | D61: =B61 -> 89
A62: アドフィードパップ40ｍｇ | B62: 17.6 | C62: =DBCS(A62) -> アドフィードパップ４０ｍｇ | D62: =B62 -> 17.6
... A232: コデインリン酸塩散1％「ホエイ」 | B232: 8.5 | C232: =DBCS(A232) -> コデインリン酸塩散１％「ホエイ」 | D232: =B232 -> 8.5
A233: コミナティ筋注シリンジ | C233: =DBCS(A233) -> コミナティ筋注シリンジ | D233: =B233 -> 0
A234: コンサータ錠18ｍｇ | B234: 235.8 | C234: =DBCS(A234) -> コンサータ錠１８ｍｇ | D234: =B234 -> 235.8
A235: コントミン糖衣錠１００ｍｇ | B235: 9.7 | C235: =DBCS(A235) -> コントミン糖衣錠１００ｍｇ | D235: =B235 -> 9.7
A236: コントミン糖衣錠２５ｍｇ | B236: 9.7 | C236: =DBCS(A236) -> コントミン糖衣錠２５ｍｇ | D236: =B236 -> 9.7
A237: コントミン糖衣錠２５ｍｇ | B237: 9.7 | C237: =DBCS(A237) -> コントミン糖衣錠２５ｍｇ | D237: =B237 -> 9.7
A238: コントミン糖衣錠２５ｍｇ | B238: 9.7 | C238: =DBCS(A238) -> コントミン糖衣錠２５ｍｇ | D238: =B238 -> 9.7
A239: コントミン糖衣錠５０ｍｇ | B239: 9.7 | C239: =DBCS(A239) -> コントミン糖衣錠５０ｍｇ | D239: =B239 -> 9.7
A240: コントミン糖衣錠５０ｍｇ | B240: 9.7 | C240: =DBCS(A240) -> コントミン糖衣錠５０ｍｇ | D240: =B240 -> 9.7
A241: サリベートエアゾール | B241: 369.1 | C241: =DBCS(A241) -> サリベートエアゾール | D241: =B241 -> 369.1
A242: サワシリン錠２５０ | B242: 15.3 | C242: =DBCS(A242) -> サワシリン錠２５０ | D242: =B242 -> 15.3
A243: サンリズムカプセル25ｍｇ | B243: 21.2 | C243: =DBCS(A243) -> サンリズムカプセル２５ｍｇ | D243: =B243 -> 21.2
A244: ジアゼパム錠２ｍｇ「アメル」 | B244: 5.9 | C244: =DBCS(A244) -> ジアゼパム錠２ｍｇ「アメル」 | D244: =B244 -> 5.9
A245: ジアゼパム錠５ｍｇ「アメル」 | B245: 6 | C245: =DBCS(A245) -> ジアゼパム錠５ｍｇ「アメル」 | D245: =B245 -> 6
... A281: スルピリド錠５０mg「アメル」 | B281: 6.6 | C281: =DBCS(A281) -> スルピリド錠５０ｍｇ「アメル」 | D281: =B281 -> 6.6
A282: スワブスティック （ﾍｷｼｼﾞﾝ) | C282: =DBCS(A282) -> スワブスティック （ヘキシジン） | D282: =B282 -> 0
A283: スワブスティック（ﾎﾟﾋﾞﾄﾞﾝﾖｰﾄﾞ） Ｍサイズ | C283: =DBCS(A283) -> スワブスティック（ポビドンヨード） Ｍサイズ | D283: =B283 -> 0
A284: セディール錠１０ｍｇ | B284: 15.5 | C284: =DBCS(A284) -> セディール錠１０ｍｇ | D284: =B284 -> 15.5
A285: セディール錠１０ｍｇ | B285: 15.5 | C285: =DBCS(A285) -> セディール錠１０ｍｇ | D285: =B285 -> 15.5
A286: セパゾン錠１ | B286: 5.9 | C286: =DBCS(A286) -> セパゾン錠１ | D286: =B286 -> 5.9
A287: セパゾン錠１ | B287: 5.9 | C287: =DBCS(A287) -> セパゾン錠１ | D287: =B287 -> 5.9
A288: セパゾン錠２ | B288: 6 | C288: =DBCS(A288) -> セパゾン錠２ | D288: =B288 -> 6
A289: セパミット細粒1％ | B289: 13.4 | C289: =DBCS(A289) -> セパミット細粒１％ | D289: =B289 -> 13.4
A290: セフェピム塩酸塩静注用1ｇ「サンド」 | B290: 522 | C290: =DBCS(A290) -> セフェピム塩酸塩静注用１ｇ「サンド」 | D290: =B290 -> 522
A291: セフタジジム静注用1ｇ「ＶＴＲＳ」 | B291: 686 | C291: =DBCS(A291) -> セフタジジム静注用１ｇ「ＶＴＲＳ」 | D291: =B291 -> 686
A292: セフトリアキソンNa静注1G「ﾆﾁｲｺｳ」 | B292: 422 | C292: =DBCS(A292) -> セフトリアキソンＮａ静注１Ｇ「ニチイコウ」 | D292: =B292 -> 422
A293: ゼプリオン水懸筋注100ｍｇ ｼﾘﾝｼﾞ | B293: 44680 | C293: =DBCS(A293) -> ゼプリオン水懸筋注１００ｍｇ シリンジ | D293: =B293 -> 44680
A294: ゼプリオン水懸筋注150ｍｇ ｼﾘﾝｼﾞ | B294: 57335 | C294: =DBCS(A294) -> ゼプリオン水懸筋注１５０ｍｇ シリンジ | D294: =B294 -> 57335
A295: ゼプリオン水懸筋注50ｍｇｼﾘﾝｼﾞ | B295: 27994 | C295: =DBCS(A295) -> ゼプリオン水懸筋注５０ｍｇシリンジ | D295: =B295 -> 27994
... A618: ポビドンヨードガーグル７％「ケンエー」 | B618: 3.2 | C618: =DBCS(A618) -> ポビドンヨードガーグル７％「ケンエー」 | D618: =B618 -> 3.2
A619: ポビドンヨード液10％ 綿球20ケンエー | C619: =DBCS(A619) -> ポビドンヨード液１０％ 綿球２０ケンエー | D619: =B619 -> 0
A620: ポララミン注5ｍｇ | B620: 69 | C620: =DBCS(A620) -> ポララミン注５ｍｇ | D620: =B620 -> 69
A621: ポリスチレンスルホン酸Ca経口ゼリー20%分包25g「三和」 | B621: 77.8 | C621: =DBCS(A621) -> ポリスチレンスルホン酸Ｃａ経口ゼリー２０％分包２５ｇ「三和」 | D621: =B621 -> 77.8
A622: ボルズｲ錠5ｍｇ | B622: 71.3 | C622: =DBCS(A622) -> ボルズイ錠５ｍｇ | D622: =B622 -> 71.3
A623: ボルタレン錠25ｍｇ | B623: 7.3 | C623: =DBCS(A623) -> ボルタレン錠２５ｍｇ | D623: =B623 -> 7.3
A624: マーズレンＳ配合顆粒 | B624: 9.6 | C624: =DBCS(A624) -> マーズレンＳ配合顆粒 | D624: =B624 -> 9.6
A625: マーズレンＳ配合顆粒 | B625: 9.6 | C625: =DBCS(A625) -> マーズレンＳ配合顆粒 | D625: =B625 -> 9.6
A626: マイザー軟膏0.05％ | B626: 11.1 | C626: =DBCS(A626) -> マイザー軟膏０．０５％ | D626: =B626 -> 11.1
A627: マイスタン錠５ｍｇ | B627: 14 | C627: =DBCS(A627) -> マイスタン錠５ｍｇ | D627: =B627 -> 14
A628: マイスリー錠５ｍｇ | B628: 17.5 | C628: =DBCS(A628) -> マイスリー錠５ｍｇ | D628: =B628 -> 17.5
A629: マイスリー錠５ｍｇ | B629: 17.5 | C629: =DBCS(A629) -> マイスリー錠５ｍｇ | D629: =B629 -> 17.5
A630: マグミット錠330ｍｇ | B630: 5.9 | C630: =DBCS(A630) -> マグミット錠３３０ｍｇ | D630: =B630 -> 5.9
A631: マグミット錠330ｍｇ | B631: 5.9 | C631: =DBCS(A631) -> マグミット錠３３０ｍｇ | D631: =B631 -> 5.9
... A833: 白色ワセリン「ケンエー」 | B833: 24.3 | C833: =DBCS(A833) -> 白色ワセリン「ケンエー」 | D833: =B833 -> 24.3

Sheet B_1
A1: 亜鉛華軟膏「ニッコー」 | B1: 3.3 | C1: =DBCS(A1) -> 亜鉛華軟膏「ニッコー」 | D1: =B1 -> 3.3
A2: アキネトン注射液５ｍｇ | B2: 61 | C2: =DBCS(A2) -> アキネトン注射液５ｍｇ | D2: =B2 -> 61
A3: アクアチムクリーム１％ | B3: 20.7 | C3: =DBCS(A3) -> アクアチムクリーム１％ | D3: =B3 -> 20.7
A4: アクチット輸液 | B4: 341 | C4: =DBCS(A4) -> アクチット輸液 | D4: =B4 -> 341
A5: アクトシン軟膏３％ | B5: 50 | C5: =DBCS(A5) -> アクトシン軟膏３％ | D5: =B5 -> 50
A6: アザルフィジンＥＮ錠５００ｍｇ | B6: 25.9 | C6: =DBCS(A6) -> アザルフィジンＥＮ錠５００ｍｇ | D6: =B6 -> 25.9
A7: アシクロビル点滴静注用２５０ｍｇ「サワイ」 | B7: 368 | C7: =DBCS(A7) -> アシクロビル点滴静注用２５０ｍｇ「サワイ」 | D7: =B7 -> 368
A8: アジスロマイシン錠２５０ｍｇ「トーワ」 | B8: 60.7 | C8: =DBCS(A8) -> アジスロマイシン錠２５０ｍｇ「トーワ」 | D8: =B8 -> 60.7
A9: アジルサルタンＯＤ錠２０ｍｇ「サワイ」 | B9: 27.4 | C9: =DBCS(A9) -> アジルサルタンＯＤ錠２０ｍｇ「サワイ」 | D9: =B9 -> 27.4
A10: アスコルビン酸注５００ｍｇ「イセイ」 | B10: 100 | C10: =DBCS(A10) -> アスコルビン酸注５００ｍｇ「イセイ」 | D10: =B10 -> 100
A11: アズノール軟膏０．０３３％ | B11: 8.03 | C11: =DBCS(A11) -> アズノール軟膏０．０３３％ | D11: =B11 -> 8.03
A12: アスパラ－ＣＡ錠２００ | B12: 5.9 | C12: =DBCS(A12) -> アスパラ－ＣＡ錠２００ | D12: =B12 -> 5.9
... A683: ワンパル２号輸液 | B683: 1399 | C683: =DBCS(A683) -> ワンパル２号輸液 | D683: =B683 -> 1399

Sheet match_results_不採用
A1: A行番号 | B1: A薬品名 | C1: 判定 | D1: 候補1_薬品名 | E1: 候補1_行番号
A2: 8 | B2: アルメタ軟膏 | C2: 完全一致 | D2: アルメタ軟膏 | E2: 32
A3: 18 | B3: サリベートエアゾール | C3: 完全一致 | D3: サリベートエアゾール | E3: 122
A4: 38 | B4: 静注用キシロカイン２％ | C4: 完全一致 | D4: 静注用キシロカイン２％ | E4: 94
A5: 5 | B5: アズノール軟膏0.033% | C5: 不一致
A6: 7 | B6: アミノレバンEN配合散 コーヒー味 | C6: 不一致
A7: 10 | B7: アレビアチン錠100ｍｇ | C7: 不一致
A8: 12 | B8: エピペン注射液0.3ｍｇ | C8: 不一致
A9: 14 | B9: オイラックスクリーム10% | C9: 不一致
A10: 15 | B10: オリブ油 | C10: 不一致
A11: 19 | B11: ジクアス点眼液3％ | C11: 不一致
A12: 22 | B12: デカドロン注射液6.6ｍｇ | C12: 不一致
A13: 24 | B13: ネオメドロールEE軟膏 | C13: 不一致
A14: 26 | B14: ヒアルロン酸Na点眼液0.1％「ニットー」 | C14: 不一致
A15: 35 | B15: ロイコボリン注3ｍｇ | C15: 不一致
A16: 36 | B16: 重カマ「ヨシダ」（細粒状） | C16: 不一致
... A18: 39 | B18: 白色ワセリン「ケンエー」 | C18: 不一致
A19: 1 | B19: EK19 小青竜湯エキス細粒 | C19: 薬価一致候補 | D19: クラシエ小青竜湯エキス細粒 | E19: 98
A20: 2 | B20: アイファガン点眼液0.1％ | C20: 薬価一致候補 | D20: アイファガン点眼液０．１％ | E20: 1
A21: 3 | B21: アウィクリ注 フレックスタッチ 総量300単位 | C21: 薬価一致候補 | D21: アウィクリ注 フレックスタッチ 総量３００単位 | E21: 2
A22: 4 | B22: アキネトン細粒1％ | C22: 薬価一致候補 | D22: アキネトン細粒１％ | E22: 3
A23: 6 | B23: アノーロエリプタ30吸入用 | C23: 薬価一致候補 | D23: アノーロエリプタ３０吸入用 | E23: 19
A24: 9 | B24: アレギサール点眼液0.1％ 販売中止 | C24: 薬価一致候補 | D24: アレギサール点眼液０．１％ | E24: 33
A25: 11 | B25: イノラス配合経腸用液（コーヒー） | C25: 薬価一致候補 | D25: ルボックス錠２５ | E25: 335
A26: 13 | B26: エンテカビルOD錠0.5ｍｇ「サワイ」 | C26: 薬価一致候補 | D26: エンテカビルＯＤ錠０．５ｍｇ「サワイ」 | E26: 68
A27: 16 | B27: グラナテック点眼液0.4％ | C27: 薬価一致候補 | D27: グラナテック点眼液０．４％ | E27: 101
A28: 17 | B28: クレナフィン爪外用液10％3.56ｇ | C28: 薬価一致候補 | D28: クレナフィン爪外用液１０％ | E28: 106
A29: 20 | B29: ジスバルカプセル40ｍｇ | C29: 薬価一致候補 | D29: ジスバルカプセル４０ｍｇ | E29: 124
A30: 21 | B30: スピリーバ2.5μｇレスピマット60吸入 | C30: 薬価一致候補 | D30: スピリーバ２．５μｇレスピマット６０吸入 | E30: 131
... A40: 34 | B40: リフキシマ錠200ｍｇ | C40: 薬価一致候補 | D40: リフキシマ錠２００ｍｇ | E40: 329
A41: 40
A42: 41
A43: 42
A44: 43
A45: 44
A46: 45
A47: 46
A48: 47
A49: 48
A50: 49
A51: 50
A52: 51
... A533: 532
